id,author_id,created_at,event_type,username,action_content,content_option,action_object_answer,action_content_answer,action_type_answer
t3204,u2581,2022-02-20 14:30:59+00:00,BlackLivesMatter,d***g,Meet the High School Students Who Organized Thousands to Walk Out for Amir Locke @i***g https://***pI #AmirLocke #BlackLivesMatter,"['@M***s @S***r 🚀foguete do tipo nasa — uma fancam do #W13 🏎 ▪🏁 #FIA #F1 #FaustaoNaBand #JN #SirPATRON44 #TEAMLH #WeStandWithLewisHamilton #WSL #mercedesf1 #TotoWolff #MercedesW13 #MercedesAMGF1 #OpatrãoTáON #F1naBand #BlackLivesMatter #NFL #wslnosportv #WSLBrasil https://***os', 'Meet the High School Students Who Organized Thousands to Walk Out for Amir Locke @i***g https://***pI #AmirLocke #BlackLivesMatter', '@W***p @T***e @M***D Nobody cheated more than us! 🤣 Me: “Hey Warren, what are you doing here in the D-Line meeting, you’re on offense!?” Sapp: “I’ve come to take your job” Me: “Shiiit, you ain’t taking my job!” * cut to * me watching every game from the sidelines 😂😂😂 #HackAndGash4LIFE💪🏾', '-']",-,content_B,post
t0629,u0998,2020-06-22 21:45:05+00:00,BlackLivesMatter,S***i,"Farah said it, you can quote her ;) “It’s because of civic engagement that love is love, #metoo has become a movement, women’s marches are known, black lives matter, we continue to listen and support those who have something to say, and dreamers are here to stay.” #letsdothis https://***1K","['Farah said it, you can quote her ;) “It’s because of civic engagement that love is love, #metoo has become a movement, women’s marches are known, black lives matter, we continue to listen and support those who have something to say, and dreamers are here to stay.” #letsdothis https://***1K', 'If you’re in STEM and you support #BlackLivesMatter, please retweet and like this! I’m trying to see something 🚀👩🏾🚀🛰', ""Send an email to your mayor asking them to implement policies to reduce killings by police. Where I live, we have 3 of 8. Let's do better! https://***t4 #blacklivesmatter #peace #justice #lifelonglearning #getwoke #dothework #getuncomfortable #blackhistory #blm #love https://***05"", '-']",-,content_A,post
t1675,u0328,2021-03-13 17:32:12+00:00,BlackLivesMatter,D***a,This. Is. Racism. “Sen. Ron Johnson: Capitol rioters 'love this country' but I would've been concerned if they'd been Black Lives Matter” #BLM https://***Zo,"['The legislation passed by the Republican-led House comes after Black Lives Matter protests last summer against racist police violence. https://***Eq # via @H***l', ""This. Is. Racism. “Sen. Ron Johnson: Capitol rioters 'love this country' but I would've been concerned if they'd been Black Lives Matter” #BLM https://***Zo"", '#BlackLivesMatter: @A***a, @R***y, @K***g, @P***k, @J***l, @M***i and myself discuss Breonna Taylor and the #SayHerName Movement. Full Video: https://***d8 https://***Y4', '-']",-,content_B,post
t1626,u1965,2021-02-03 18:53:26+00:00,BlackLivesMatter,C***n,Proud Boys and Black Lives Matter activists clashed in a Florida suburb. Only one side was charged. https://***sC #LeastShockingHeadlines,"['Each @O***l hoodie has a meaningful message about what’s going on in the world around us, from the Black Lives Matter movement to COVID-19 relief. We talked to founder Stephen Smith about building a purposeful brand and driving positive change: https://***6L', 'Proud Boys and Black Lives Matter activists clashed in a Florida suburb. Only one side was charged. https://***Wu', 'Proud Boys and Black Lives Matter activists clashed in a Florida suburb. Only one side was charged. https://***sC #LeastShockingHeadlines', '-']",-,content_C,post
t3199,u2779,2022-02-20 13:05:49+00:00,BlackLivesMatter,r***k,-,"['Check out the February Issue of Power Conversations Magazine!! This Coaches Edition hit in a major way!! Subscribe Now at https://***vK #media #blackmedia #authors #coaches #wysptv #powerconvomag #blacklifecoaches #lifecoaches #blacklivesmatter #matte... https://***NI', '.. nation shall not lift up sword against nation, neither shall they learn war any more. Isaiah 2:4 #HolocaustMemorialDay #MLK #GrenfellTower #BlackLivesMatter #BidenHarris #oprahmeghanharry #ReparationsNow https://***yD', ""@B***n I'm going with the Confederate belt buckle, hat, jacket, and, finally, the Black Lives Matter poster. What do you think? #Confederate #Confederacy #Fashion #Trends #BlackLivesMatter #Anchorage #Alaska https://***Ds"", '-']",tweet_A,-,retweet
t2597,u2303,2022-02-10 17:21:31+00:00,BlackLivesMatter,T***s,-,"['Check out my Literary Website https://***7s Literary Clothing. #supportreading #hbcu #hbcupride #blackexcellence #hbcugrad #blackgirlmagic #famu #explorepage #blacklivesmatter #aka #hbculove #blackhistory #hbcualumni #explore #atlanta #melanin', 'Black Lives Matter Memphis co-founder Pamela Moses was sentenced to six years in prison last week for trying to register to vote, not knowing she was ineligible due to a felony conviction. Her lawyer is appealing the case. https://***qj', '#BlackLivesMatter', '-']",tweet_B,-,retweet
t0508,u2689,2020-06-03 23:55:56+00:00,BlackLivesMatter,M***k,"Financially unaffected by the pandemic but still got a stimulus check? Let it match your donations to charities that need it more than you. I'm splitting mine between @A***U, @N***P, @s***r, and @J***5. #BlackLivesMatter","['I love my students! Anti-Racism Resources front page of https://***ZP #blacklivesmatter #blackouttuesday @ Hillsboro Comp High School https://***AL', 'We stand with you. Black lives matter. In solidarity, The Graduate and Professional Student Senate https://***nP', ""Financially unaffected by the pandemic but still got a stimulus check? Let it match your donations to charities that need it more than you. I'm splitting mine between @A***U, @N***P, @s***r, and @J***5. #BlackLivesMatter"", '-']",-,content_C,post
t0605,u0802,2020-06-14 02:16:08+00:00,BlackLivesMatter,C***s,My heart breaks for my people and my city. #Atlanta #RayshardBrooks #BlackLivesMatter https://***pL,"['#Eastbourne #BlackLivesMatterUK Eastbourne is the worst place in terms of #racism Even an adult calls me ""chon"" and they are telling their children ""She is Chon""', '@T***E When we imprison a large &amp; disproportionate number of a specific group of people and take away their right to vote in so doing, how do THEY elect a voice to represent them? Exactly. #BlackLivesMatter', 'My heart breaks for my people and my city. #Atlanta #RayshardBrooks #BlackLivesMatter https://***pL', '-']",-,content_C,post
t0428,u0296,2020-05-31 17:41:56+00:00,BlackLivesMatter,T***t,"This podcast is generally not political. But what is happening now is not about shades of opinion. It is about respect for life, and basic human rights. Black Lives Matter. Now and forever.","['This podcast is generally not political. But what is happening now is not about shades of opinion. It is about respect for life, and basic human rights. Black Lives Matter. Now and forever.', 'Compiled some #protest tips for the (#Chicago) homies going to demonstrate this weekend. And check out https://***57 @N***o @B***t #BlackLivesMatter #JusticeForGeorge https://***MD', 'BRILLIANT #BlackLivesMatter #GeorgeFloydMurder https://***RC', '-']",-,content_A,post
t2309,u3277,2022-02-01 10:11:00+00:00,BlackLivesMatter,r***h,"This guy is an absolute lunatic. “I’ve chosen to not go anywhere near protests that spew hateful rhetoric.” In the same clip he admits he supports Black Lives Matter, but refuses to go to a trucker protest about forced-medical injections. Trudeau is a dictator. https://***Xa","['This guy is an absolute lunatic. “I’ve chosen to not go anywhere near protests that spew hateful rhetoric.” In the same clip he admits he supports Black Lives Matter, but refuses to go to a trucker protest about forced-medical injections. Trudeau is a dictator. https://***Xa', 'The linked investigations found ""toxic masculinity, misogyny and sexual harassment"", ""\'banter\' used to excuse oppressive and offensive behaviours"", and ""bullying and aggressive behaviour.""', 'Officers mocked Black Lives Matter, people with disabilities and non-Christian religions.', '-']",-,content_A,post
t0465,u2764,2020-06-02 04:42:21+00:00,BlackLivesMatter,c***n,Chicago Shakedown condemns White Supremacy and racism. We believe Black Lives Matter.,"['Anti Racism Resources for white people and honestly for other non-black people of color who want to learn as well: https://***jS BLACK LIVES MATTER. #BlackOutTuesday (3/3)', 'Chicago Shakedown condemns White Supremacy and racism. We believe Black Lives Matter.', 'Tonight @B***l will be joining Council’s around the UK in lighting up our Buildings in Purple in solidarity calling for #JusticeForGeorgeFloyd and sharing our heartfelt condolences and 🙏🏾 with his family and the @C***s #BlackLivesMatter @C***y https://***LP', '-']",-,content_B,post
t3427,u1779,2022-02-24 02:21:29+00:00,BlackLivesMatter,m***y,-,"['Today, I pray for ...love in the face of hate. ...protection over the Black community. ...peace that passes all understanding. Rest in power, Ahmaud Arbery. The fight continues. ✊🏾💞 #SayHisName #BlackLivesMatter https://***VV', 'Support #indieauthor #bookstore #indiebooks #BookBangs #readerscommunity #booklove #BookBoost #Books #twt #WritingCommunity #BlackLivesMatter #WednesdayMotivation #Wednesdaythought @M***r @L***1 @B***m @M***s... https://***1Z', 'And let’s not forget that the justice department tried to shut down the hate crime trial with a plea deal against the wishes of the family. At every level black folk have to fight for the legal recognition that #BlackLivesMatter.', '-']",tweet_B,-,retweet
t2548,u0946,2022-02-10 00:23:49+00:00,BlackLivesMatter,r***v,The Black swimmer was briefly barred because she refused to change her Black Lives Matter swimsuit. https://***za,"['Companies like Starbucks claim to believe Black Lives Matter -- until black workers start organizing unions. https://***WG', 'Beautiful moment Rochas Okorocha and Gov Uzodinma hug and shake hands at a function in Abuja Read more: https://***v9 #imostate #imostategovernment #nigeriagovernment #nigerianews #ibadan #realhotgirlverified #ASUUstrike #dukeoil #cuppy #mrbayo #blacklivesmatter https://***ca', 'The Black swimmer was briefly barred because she refused to change her Black Lives Matter swimsuit. https://***za', '-']",-,content_C,post
t0624,u0194,2020-06-19 21:23:12+00:00,BlackLivesMatter,O***7,Juneteenth is the oldest nationally celebrated commemoration of the ending of slavery in the United States. ✊🏾✊🏿✊🏼#blacklivesmatter #Juneteenth https://***x4,"['Today! #DefundThePolice #AbolishThePolice #BlackLivesMatter #JuneteenthDay', 'Juneteenth is the oldest nationally celebrated commemoration of the ending of slavery in the United States. ✊🏾✊🏿✊🏼#blacklivesmatter #Juneteenth https://***x4', 'Reading #animalfarm got me thinking ""All lives matter But some matter than others"" The rules of the system #BlackLivesMatter @J***a', '-']",-,content_B,post
t2110,u0554,2022-01-08 10:24:28+00:00,BlackLivesMatter,D***1,Some minimal justice for an atrocious murder. #BlackLivesMatter https://***2h,"['The Black Lives Matter movement caused many to question their privilege. @c***t reports that some white congregations are now paying ""royalties"" to a non-profit, to sing Negro spirituals. https://***h1', 'Some minimal justice for an atrocious murder. #BlackLivesMatter https://***2h', 'Justice for #AhmaudArbery . Praying his soul continues to rest in perfect peace and that his family find a little console in this sad victory.I also hope that this reminds all that #BlackLivesMatter', '-']",-,content_B,post
t0421,u2981,2020-05-31 12:00:23+00:00,BlackLivesMatter,a***u,"Drawing the line between your voice being relevant, virtue signalling, and being complicit is tricky from the bizarre place of white-adjacent privilege I occupy. But this time I care too much to get hung up on it, solidarity is power. #BlackLivesMatter","['Drawing the line between your voice being relevant, virtue signalling, and being complicit is tricky from the bizarre place of white-adjacent privilege I occupy. But this time I care too much to get hung up on it, solidarity is power. #BlackLivesMatter', 'We stand on the side of justice. Black Lives Matter. Take action now in the links below. #BlackLivesMatter https://***BF', '#BlackLivesMatter https://***FN', '-']",-,content_A,post
t0648,u0017,2020-07-01 17:01:26+00:00,BlackLivesMatter,i***h,raise your hand if you'd like to see the town of Palm Beach put up a huge BLACK LIVES MATTER sign right across the street from Mar-a-Lago,"['In addition to painting ""Black Lives Matter"" on the street in front of Trump Tower, they should also change the name of 5th Avenue to ""President Barack Obama Boulevard."" Raise your hand if you agree.🖐️', ""raise your hand if you'd like to see the town of Palm Beach put up a huge BLACK LIVES MATTER sign right across the street from Mar-a-Lago"", '*NEW EVENT* For Black LSE staff and students, this workshop will be a safe space to process recent events such as COVID-19, the murder of George Floyd, Black Lives Matter, and ongoing racism and microaggressions. https://***Zk', '-']",-,content_B,post
t3542,u1070,2022-02-26 16:30:06+00:00,BlackLivesMatter,N***W,"NOW is committed to diversity, inclusion, and intersectionality. Black lives matter! https://***Ea","['Let us Pray #JudgeKetanjiBrownJackson #VotingRightAct #JohnLewisVotingRightsAct #JusticeReform #BlackLivesMatter #BlackHistoryMonth https://***AI', '19 Austin police officers were indicted for using deadly weapons to injure nearly a dozen Black Lives Matter demonstrators. @G***t just said, ""Those officers should be praised for their efforts, not prosecuted."" https://***9L', 'NOW is committed to diversity, inclusion, and intersectionality. Black lives matter! https://***Ea', '-']",-,content_C,post
t2255,u1069,2022-01-27 00:43:37+00:00,BlackLivesMatter,M***r,At @C***r DMV and thinking customer representatives wearing #BlueLivesMatter hat isn’t approved.,"[""@g***i C'est vraiment un livre extraordinaire 🙏🌞💙 Vive #LeThinnai #TheThinnai #DalitLivesMatter #BlackLivesMatter"", 'At @C***r DMV and thinking customer representatives wearing #BlueLivesMatter hat isn’t approved.', 'Banning nuclear weapons IS a Black Lives Matter issue! Join @M***n, @O***n, @p***s, @B***n, @D***_ and others and me to discuss how the two intersect TODAY at 12 p.m. ET. https://***UP', '-']",-,content_B,post
t0558,u3203,2020-06-07 02:31:22+00:00,BlackLivesMatter,A***e,#DemonSlayer fans! There won't be an aftershow tomorrow. The studio closed this week with respect to current events and to help maintain focus on #BlackLivesMatter. We should be back next weekend. Thank you for being awesome fans! #anime #Toonami #AnimeTwitter @D***A https://***s9,"['Came back to Twitter to say: Black lives matter.', 'Black Lives Matter. https://***2J', ""#DemonSlayer fans! There won't be an aftershow tomorrow. The studio closed this week with respect to current events and to help maintain focus on #BlackLivesMatter. We should be back next weekend. Thank you for being awesome fans! #anime #Toonami #AnimeTwitter @D***A https://***s9"", '-']",-,content_C,post
t0533,u2310,2020-06-05 07:38:18+00:00,BlackLivesMatter,s***p,"#BlackLivesMatter, unequivocally and absolutely. All of them. That's Elderly Black Lives, Queer Black Lives, Muslim Black Lives, Trans Black Lives, Incarcerated Black Lives, Black Lives with Disabilities &amp; the 1000s of Young Black Lives awaiting adoption Each. Equally. Matter.","['We stand with our students, faculty, staff and community. #ODU #BlackLivesMatter https://***A7', '#BlackLivesMatter! We believe change is necessary to ensure greater equity &amp; justice. Affordable housing, especially homeownership, is key to changing the lives &amp; financial trajectory of black households. We will continue to partner w/ stakeholders to create change &amp; opportunity.', ""#BlackLivesMatter, unequivocally and absolutely. All of them. That's Elderly Black Lives, Queer Black Lives, Muslim Black Lives, Trans Black Lives, Incarcerated Black Lives, Black Lives with Disabilities &amp; the 1000s of Young Black Lives awaiting adoption Each. Equally. Matter."", '-']",-,content_C,post
t2336,u0873,2022-02-02 13:29:53+00:00,BlackLivesMatter,M***i,"I woke up super disturbed by the NY Mag piece on the Black Lives Matter org. Under capitalism, everything get mutated over time, even the “movement.” Original objectives erode. Profit becomes a driving motive. This is a real, sad mess.","['Thank you for everyone who has reached out, tweeted, liked and shared beautiful Christopher’s story. With your support will can continue to rise up and fight for justice. #justiceforchristopherkapessa #BlackLivesMatter #blackchildrenslivesmatter #nojusticenopeace', '@b***g @c***3 @C***6 @K***d Tonight 9pm EST #HipHopEd What will our schools look like when #BlackLivesMatter at them? Check us on @T***s w/ @c***n at 8:15 pm EST https://***vP', 'I woke up super disturbed by the NY Mag piece on the Black Lives Matter org. Under capitalism, everything get mutated over time, even the “movement.” Original objectives erode. Profit becomes a driving motive. This is a real, sad mess.', '-']",-,content_C,post
t0478,u0172,2020-06-02 16:52:34+00:00,BlackLivesMatter,j***s,-,"['these might be 3 of the heaviest photos i have ever taken. #BlackLivesMatter #RanchoCucamonga https://***zX', ""my baby is out! please, please read. also, now that i'm here: black lives matter, acab, abolish the police and down with gringo imperialism EVERYWHERE https://***7q"", 'Black lives matter. We stand with those using their voices and peacefully calling for justice, fairness and racial equality.', '-']",tweet_A,-,retweet
t0662,u2986,2020-07-09 15:12:10+00:00,BlackLivesMatter,G***9,The comment made on the @3***t kit did not mean that our players will not be showing their support for the #BlackLivesMatter movement. We are working on creative ideas to incorporate BLM into the kit &amp; our will to add our voice to this very important &amp; necessary conversation. https://***oU,"['https://***m7 #BlackLivesMatter', 'I usually do not post my personal or political views on Twitter. But this needs to change. First, I am an ally of #BlackLivesMatter and I promise to fight against systemic racism in academia and every part of life.', 'The comment made on the @3***t kit did not mean that our players will not be showing their support for the #BlackLivesMatter movement. We are working on creative ideas to incorporate BLM into the kit &amp; our will to add our voice to this very important &amp; necessary conversation. https://***oU', '-']",-,content_C,post
t3920,u0842,2022-03-07 17:29:54+00:00,BlackLivesMatter,a***t,"Arcybiskup, który uznał protesty Black Lives Matter za spisek deep state, mający dać prezydenturę Bidenowi (marionetce sterowanej przez złowrogie elity) teraz „leci pełnym Putinem” w kwestii wydarzeń na Ukrainie? No co za przypadek. https://***X5","['Same. Glory to Ukraine. Black lives matter. Get vaccinated. 👍🏼 🇺🇸🇺🇦', 'BTS fans, known as Army, that could not get tickets for the @b***t tour are now donating their money to the Ukrainian crisis instead. https://***HK', 'Arcybiskup, który uznał protesty Black Lives Matter za spisek deep state, mający dać prezydenturę Bidenowi (marionetce sterowanej przez złowrogie elity) teraz „leci pełnym Putinem” w kwestii wydarzeń na Ukrainie? No co za przypadek. https://***X5', '-']",-,content_C,post
t2020,u0846,2021-12-15 17:40:33+00:00,BlackLivesMatter,S***n,"NEW: LAPD partnered with a ""strategic communications"" firm to track Black Lives Matter + ""defund the police"" online. With @J***h, based on internal records obtained by @B***r: https://***yO","['BLACK LIVES MATTER. JUSTICE NOW. PROTEST &amp; SHAPE OUR DEMOCRACY. #sparkprogress #BlackLivesMatter #BLM Follow us at @s***s to stay informed and up-to-date! Read our article on ending racial hatred and police brutality: https://***Ct https://***OQ', 'NEW: LAPD partnered with a ""strategic communications"" firm to track Black Lives Matter + ""defund the police"" online. With @J***h, based on internal records obtained by @B***r: https://***yO', '@H***N Also drawing attention to the hypocrisy of political leaders who claimed that #BlackLivesMatter for the cameras, yet continue to block change every step of the way, criminalizing movements who are doing the work of addressing systemic racial and economic injustice', '-']",-,content_B,post
t3423,u1847,2022-02-24 02:05:07+00:00,BlackLivesMatter,b***r,Child Molester Bragged About Getting Away With Sex Assault Of 10 Year Old After DA Refused To Charge Him As Adult - The Police Tribune https://***mI Follow @b***r #BlueLivesMatter #BackTheBlue #lawenforcement #PoliceTribune,"['We’re teaming up with orgs across LI and Queens for the Justice for Matthew Felix Rally This Friday at 6pm #BlackLivesMatter https://***Gf', 'Child Molester Bragged About Getting Away With Sex Assault Of 10 Year Old After DA Refused To Charge Him As Adult - The Police Tribune https://***mI Follow @b***r #BlueLivesMatter #BackTheBlue #lawenforcement #PoliceTribune', 'WILLIAM J. ROBINSON In 1970 Robinson was hired as the head coach at Illinois State University, making him the first black head coach in NCAA Division I basketball. He compiled a record of 78-51 from 1970–75 #blackhistory #blackexcellence #blackfamily #blacklivesmatter e https://***ed', '-']",-,content_B,post
t2297,u1219,2022-01-31 14:52:58+00:00,BlackLivesMatter,l***r,Not to worry. She’ll probably be offered a hosting job on @M***C. Actress fired over viral video ranting about street closures for slain NYPD officer: 'This is f***ing ridiculous' https://***tu #BlueLivesMatter,"['Untitled (Muhammad Ali), Miami Beach, Florida, 1970 . . . #blackculture #blacklove #blackisbeautiful #socialjustice #freedom #endinjustice #speakup #speakout #blacklivesmatter #blm https://***97', ""Not to worry. She’ll probably be offered a hosting job on @M***C. Actress fired over viral video ranting about street closures for slain NYPD officer: 'This is f***ing ridiculous' https://***tu #BlueLivesMatter"", ""Who controls Black Lives Matter's $60M war chest? Conservative watchdog demands audit https://***VZ"", '-']",-,content_B,post
t2947,u1847,2022-02-17 04:05:06+00:00,BlackLivesMatter,b***r,Robbery Victim Fatally Shoots 9-Year-Old Girl While Trying To Shoot Fleeing Armed Robber - The Police Tribune https://***tQ Follow @b***r #BlueLivesMatter #BackTheBlue #lawenforcement #PoliceTribune,"['Robbery Victim Fatally Shoots 9-Year-Old Girl While Trying To Shoot Fleeing Armed Robber - The Police Tribune https://***tQ Follow @b***r #BlueLivesMatter #BackTheBlue #lawenforcement #PoliceTribune', ""Vocal and consistent opposition to Black Lives Matter has become the prominent position among Congressional Republicans and will likely be a core feature of their argument in the midterms. Here is McConnell's full floor speech: https://***hy https://***pK"", 'You can unfollow me now if any of the below bothers you: Black Lives Matter, trans women are women, trans men are men, love is love, support unions, expand abortion access, get vaccinated if you can and wear a mask for the sake of others. ✌️', '-']",-,content_A,post
t3837,u1431,2022-03-04 15:20:02+00:00,BlackLivesMatter,r***1,"In A Diverse Society, How Do You Enact #Politics That May Advance Racial Equality Without Reinforcing Racial Divisions https://***cS #blacklivesmatter #diversity #freedom #inequality #meritocracy #omarwasow #princetonuniversity","['Woman wants fellow Walmart patrons to know that not only do Black Lives Matter, but her ‘p*ssy matters,’ too [video] https://***ez', 'Like American neo-nazi groups that have ties to the European far-right, #antifa maintain ties with cells in other parts of the world. London Antifa staged a propaganda photoshoot for Portland Antifa in east London, &amp; are trying to help them raise money on GFM over the shooting. https://***nT', 'In A Diverse Society, How Do You Enact #Politics That May Advance Racial Equality Without Reinforcing Racial Divisions https://***cS #blacklivesmatter #diversity #freedom #inequality #meritocracy #omarwasow #princetonuniversity', '-']",-,content_C,post
t3384,u1457,2022-02-23 15:07:15+00:00,BlackLivesMatter,J***l,Mitch McConnell (R-KY) said that it’s “jaw-dropping” that the Black Lives Matter Louisville chapter posted bond for the suspect in the attempted shooting of a Jewish Louisville mayoral candidate. @b***r reports: https://***7L,"['Mitch McConnell (R-KY) said that it’s “jaw-dropping” that the Black Lives Matter Louisville chapter posted bond for the suspect in the attempted shooting of a Jewish Louisville mayoral candidate. @b***r reports: https://***7L', 'Le journal ""The #Emancipator"" s\'engage dans la lutte contre le #racisme #BlackLivesMatter #BLM @t***r @A***r @G***n #Boston https://***lC', '#Trudeau: Only Black Lives Matter. #OttawaPolice https://***W1', '-']",-,content_A,post
t0599,u3039,2020-06-12 03:08:13+00:00,BlackLivesMatter,f***a,"This beautiful Black girl was walking through a park with her mom when a patrol car pulled up. Fearful, she immediately put her hands up and cried. Turns out the officer just wanted to greet her. It’s so heartbreaking how traumatized our babies are 😢💔 #BlackLivesMatter https://***3X","['This beautiful Black girl was walking through a park with her mom when a patrol car pulled up. Fearful, she immediately put her hands up and cried. Turns out the officer just wanted to greet her. It’s so heartbreaking how traumatized our babies are 😢💔 #BlackLivesMatter https://***3X', 'We have created a free digital ebook of resources to inform, educate, and encourage people to participate in the Black Lives Matter Movement. For additional information and resources click “act now” under the “support Anti-Racism” tab on our linktree. https://***nU https://***Ko', 'Protesting During A Pandemic - a #BeatTheVirus Q&amp;A session with @d***g PhD and @t***n - check it out on Instagram! #COVID19 #coronavirus #blacklivesmatter #Masks4All https://***Jw', '-']",-,content_A,post
t2557,u0191,2022-02-10 04:17:14+00:00,BlackLivesMatter,s***i,Warrants issued for 2 #Dallas police officers accused of assault during 2020 #BlackLivesMatter protests https://***eL,"['Warrants issued for 2 #Dallas police officers accused of assault during 2020 #BlackLivesMatter protests https://***eL', '“Black Conservatism is the new punk rock” #TruthMatters #BlackLivesMatter', 'Companies like Starbucks claim to believe Black Lives Matter -- until black workers start organizing unions. https://***WG', '-']",-,content_A,post
t2691,u2497,2022-02-13 07:23:35+00:00,BlackLivesMatter,i***K,saw another angel ascending from the east having the seal of the living God he cried with a loud voice to the four angels to whom it was given to hurt the earth and the sea #HolocaustMemorialDay #MLK #GrenfellTower #BlackLivesMatter #BidenHarris #oprahmeghanharry #ReparationsNow https://***4B,"['Seeking an outlet for support is second. #TheWoundedBlue #BlueLivesMatter #BackTheBlue #BackTheBadge #Sheriff #PoliceOfficer #EOW #PTSDAwareness #PTSD #peersupport https://***T1', '.@t***u #BHM #BlackHistoryMonth #BlackLivesMatter #BLM #Racists #Racism #IllegalDeportations #InstitutionalRacism #ICEdeportations #Tesla #ElonMusk This is why rich black people HAVE to STOP supporting non-black owned brands #Segregation #BlackWorkers #Slaves #SlaveTrade https://***dC https://***Ph', 'saw another angel ascending from the east having the seal of the living God he cried with a loud voice to the four angels to whom it was given to hurt the earth and the sea #HolocaustMemorialDay #MLK #GrenfellTower #BlackLivesMatter #BidenHarris #oprahmeghanharry #ReparationsNow https://***4B', '-']",-,content_C,post
t2553,u1161,2022-02-10 02:32:40+00:00,BlackLivesMatter,W***E,BLACK HISTORY MONTH destroying Black People by any means necessary https://***2S #blackhistorymonth #blacklivesmatter #blackfamilies,"['Twelve-year-old Leidy Lyons was disqualified from several swim races after refusing to change out of her Black Lives Matter swimsuit. The decision to disqualify her was later overruled, and she was allowed to swim. She joins @b***n to discuss her experience. https://***j2', 'Do you have any such #inspirational story? #BlackLivesMatter #BlackHistoryMonth #BlackTwitter #BlackHistory #BlackWomen', 'BLACK HISTORY MONTH destroying Black People by any means necessary https://***2S #blackhistorymonth #blacklivesmatter #blackfamilies', '-']",-,content_C,post
t3682,u0108,2022-03-02 04:23:43+00:00,BlackLivesMatter,L***y,"@M***o Antifa didn’t do that. “Channon’s conduct had done “tremendous damage to Black Lives Matter in Seattle.” “The right to protest, gather, and call out injustices is one of the dearest and most important rights we enjoy in the United States,” said U.S. Attorney Nick Brown.”","['@M***o Antifa didn’t do that. “Channon’s conduct had done “tremendous damage to Black Lives Matter in Seattle.” “The right to protest, gather, and call out injustices is one of the dearest and most important rights we enjoy in the United States,” said U.S. Attorney Nick Brown.”', '⚡️#BreakingNews @B***a @M***a @V***P @M***b @C***d @O***C @O***D @_***C @N***r @T***s @O***d @U***M @B***6 #BlackLivesMatter #AFRICA🌍 #AfricansInUkraine🌍 https://***JT', 'Heute vor 4 Jahren starb in Lausanne Mike Ben Peter, nachdem sich bei seiner Verhaftung sechs Polizisten auf ihn gestürzt hatten. Bis heute ist der Fall ungeklärt, kein Polizist angeklagt. #BlackLivesMatter https://***e1', '-']",tweet_A,content_A,reply
t0449,u0307,2020-06-01 18:58:48+00:00,BlackLivesMatter,S***5,Just one of the examples of how pro-#CCP individuals manipulated #georgefloydprotest to shape #china’s image as the world’s saviour #BlackLivesMatter #GeorgeFloyd https://***sN,"['Just one of the examples of how pro-#CCP individuals manipulated #georgefloydprotest to shape #china’s image as the world’s saviour #BlackLivesMatter #GeorgeFloyd https://***sN', 'I am still learning to do this better, but I stand in support of students and colleagues, friends and strangers who are shaken by what has been happening not only with George Floyd, but the long history of people being targeted or oppressed for the color of their skin. 6/', 'That helpless feeling when you want to stop the horrors, yell #BlackLivesMatter from the rooftops, join the protests- but also worry the protests will endanger black lives that are already disproportionately affected by COVID due to the same structural racism you want to condemn', '-']",tweet_A,content_A,reply
t3400,u0855,2022-02-23 17:47:11+00:00,BlackLivesMatter,S***s,"Patrisse Cullors, along with two other queer Black women, Opal Tometi and Alicia Garza, co-founded the Black Lives Matter movement in 2013 after George Zimmerman was acquitted of killing 17-year-old Trayvon Martin. Read more at https://***3. #TrayvonMartin https://***cQ","['Dall’arrivo del World Wide Web nel 1991 alla caduta di Kabul nel 2021, passando per la clonazione della pecora Dolly nel 1996 e la nascita del movimento Black Lives Matter nel 2013, #RadioGAMeC30 presenta un calendario di 30 appuntamenti, uno per ogni anno, [...] https://***xL', '@m***i I love that you thought to look it up and share the data! 🤓📚🚀 I followed your lead and dug into CD 19. Looks like #DyingOfWhiteness to me too. cc @c***a #TankExpertise #StatisticsTwitter https://***j0', 'Patrisse Cullors, along with two other queer Black women, Opal Tometi and Alicia Garza, co-founded the Black Lives Matter movement in 2013 after George Zimmerman was acquitted of killing 17-year-old Trayvon Martin. Read more at https://***3. #TrayvonMartin https://***cQ', '-']",-,content_C,post
t1589,u1137,2020-12-27 10:52:21+00:00,BlackLivesMatter,B***n,-,"['@e***4 Cual sobrino? Soy tu tío baboso, compórtese, black lives matter', '“If a physician can’t be heard by her own peers to save her life, then who will listen?” My sisters &amp; colleagues Drs. @D***k @C***s @u***k &amp; @d***y wrote this piece for ALL of us. 🙏🏽 WE MUST LISTEN! #BlackLivesMatter https://***qd', '#BlackLivesMatter https://***8J', '-']",tweet_C,-,retweet
t2601,u0523,2022-02-10 17:56:47+00:00,BlackLivesMatter,d***l,"#400Souls - “on stage”—Black Lives Matter: 1619 to Now. It runs February 24-27, 2022 at the Guignol Theatre, 465 Rose Street, Lexington, Ky. @u***y @u***s Contact the box office at 859-257-4929. #BHM #BLM #BlackLivesMatter #1619 #Now https://***td","[""If Zouma’s incident shows us anything, it's that society can do more than just post hashtags &amp; take a knee. They just don’t want to do anything that changes the status quo! #BlackLivesMatter"", 'Act of racism #BlackLivesMatter Racism https://***81', '#400Souls - “on stage”—Black Lives Matter: 1619 to Now. It runs February 24-27, 2022 at the Guignol Theatre, 465 Rose Street, Lexington, Ky. @u***y @u***s Contact the box office at 859-257-4929. #BHM #BLM #BlackLivesMatter #1619 #Now https://***td', '-']",-,content_C,post
t3551,u3195,2022-02-26 19:32:09+00:00,BlackLivesMatter,t***s,"Mon Aug 24 2020 Madison, Wisconsin - Homeless bystander caught in tear gas WATCH: https://***nP #MadisonWisconsin #MPD #blacklivesmatter #blm #defundthepolice #abolishthepolice","['@M***a @C***i @B***a @y***l @M***e @7***o @F***h @A***3 @S***3 @E***a @U***s @z***n @M***8 @P***1 @C***X @a***2 @a***a @J***1 @M***4 #conversation #GENERATIONALPOVERTY ❤️ @R***1 #realitybites #followus #Changingthenarrative #blackbusiness #SupportBlackBusiness #BlackLivesMatter #blackexcellence #BlackHistoryMonth #FreedomOfSpeech #BlackTwitter #1DDrive #IFBAP #FBRParty https://***sm', 'Mon Aug 24 2020 Madison, Wisconsin - Homeless bystander caught in tear gas WATCH: https://***nP #MadisonWisconsin #MPD #blacklivesmatter #blm #defundthepolice #abolishthepolice', ""@Z***t And it goes like this... Sweet honey in the rock - Ella's Song @Z***t #BlackHistoryMonth #BlackLivesMatter #Blackhistorymonth2022 #TrayvonMartin https://***gX"", '-']",-,content_B,post
t3182,u3195,2022-02-20 08:32:09+00:00,BlackLivesMatter,t***s,"Sat Jun 13 2020 Portland, Oregon - Protester shoved to ground and beaten WATCH: https://***Qn #PortlandOregon #PPD #blacklivesmatter #blm #defundthepolice #abolishthepolice","['@H***k #ClintonPedoRing #clintonISrape #HitleryForPrison #HitleryClitery #Hitlerybyebye #HeilHitlery #HitleryPedoRing #NoVax #UnVaxxed #AntiVax #NoVaxDjoCovid #UnVaxxed #VaxFraud #VaxOff #imprisonBLMterroristsNOW #BLMracistTHIEVES #BLMisMURDER #BLMsorosFUNDED #AllLivesMatter', 'Sat Jun 13 2020 Portland, Oregon - Protester shoved to ground and beaten WATCH: https://***Qn #PortlandOregon #PPD #blacklivesmatter #blm #defundthepolice #abolishthepolice', 'COMMIT THE CRIME....DO THE TIME! 20yr old #DaunteWright killed + his son will now grow up without a father! #AccountabilityNow #KimPotter #JusticeForDaunteWright #BlackLivesMatter https://***5g', '-']",-,content_B,post
t3080,u2367,2022-02-18 22:26:27+00:00,BlackLivesMatter,d***n,"This is why I say Black, not POC. To be specific and clear, some People of Color covet Whiteness and identify with Whiteness so much that they also harbor Anti-Blackness. Maybe that’s why #JudgeChu sympathized with Kim Potter more than she believes that #BlackLivesMatter https://***ym","['This is why I say Black, not POC. To be specific and clear, some People of Color covet Whiteness and identify with Whiteness so much that they also harbor Anti-Blackness. Maybe that’s why #JudgeChu sympathized with Kim Potter more than she believes that #BlackLivesMatter https://***ym', '#blackhistorymonth #blackhistory #blacklivesmatter #blackexcellence #blackgirlmagic #blackpower #melanin #black #blackwomen #blacklove #blackisbeautiful #blackculture #blackpride #love #blm #bhm #blackgirlsrock #blackpeople #blackhistoryfacts #blackandproud #blackmen https://***kc', ""Its February so you know what that means right? It's Black History Month. Equal Rights are Human Rights! Support LGBTQ+, POC because Black Lives Matter! LOVE is LOVE because LOVE WINS @s***1@B***D https://***KW https://***5v https://***7B https://***4t"", '-']",-,content_A,post
t0731,u3053,2020-08-24 18:52:10+00:00,BlackLivesMatter,M***6,-,"['🎉All I want for my Birthday is universal drug decriminalisation🎉 “the decision to prohibit certain drugs is bound up with racist ideas and ideals about consumption, sex and racial purity” #BlackLivesMatter Grateful for changemakers like @K***r ⬇️ https://***4z', '#JakeBlake #Kenosha #BlackLivesMatter https://***lO', ""These are the words of a leader. Let's pressure the rest -- at all levels -- to exert energy on progress instead of punishing protesters. Thank you, @S***l #BlackLivesMatter https://***hE"", '-']",tweet_A,-,retweet
t0460,u0968,2020-06-02 00:49:33+00:00,BlackLivesMatter,b***s,PS if you’d like to help …. text FLOYD to 55156 and donate to organizations like #BlackLivesMatter if you are able to. God Bless You ALL !!!! #TheShowMustBePaused,"['#blacklivesmatter #solidarity #danceindustryblackout #musicindustryblackouttuesday https://***om', 'Just come back from photographing the #London #BlackLivesMatter demo and one of the placards read: “Silence IS Complicity” I thought that spoke so eloquently to the structural #racism that is a daily part of #UKUniversities. @S***d @t***r #Sociology https://***kj', 'PS if you’d like to help .... text FLOYD to 55156 and donate to organizations like #BlackLivesMatter if you are able to. God Bless You ALL !!!! #TheShowMustBePaused', '-']",tweet_B,content_C,reply
t1964,u0245,2021-11-25 00:35:11+00:00,BlackLivesMatter,m***m,"Holding space for #ahmaudarbery, his loved ones, and both the joy and pain of a moment like this. #blacklivesmatter Photo Credit: Sean Rayford/Getty Images https://***UM","['Amen 🙌🙌🙌 #JohnLewis #tuesdayvibe #Thanksgiving #bealight #BlackLivesMatter https://***sw', 'Join Margaret Busby and @A***7 tonight as they discuss #Publishing in the wake of Black Lives Matter. Register here &gt;&gt; https://***z2 https://***BL', 'Holding space for #ahmaudarbery, his loved ones, and both the joy and pain of a moment like this. #blacklivesmatter Photo Credit: Sean Rayford/Getty Images https://***UM', '-']",-,content_C,post
t2747,u3121,2022-02-14 13:20:16+00:00,BlackLivesMatter,D***e,-,"['#BlackLivesMatter #BlackOwned #justiceforjuliusjones #BreonnaTaylor #sandrabland #tamirrice #TrayvonMartin #JusticeForAmirLocke #AhmaudArbery #Blackhistorymonth2022 #BlackTwitter #NFL #nba #mlb #hbcu #HappyValentinesDay2022 #HappyValentinesDay #KodakBlack #ripyoungdolph https://***AM', 'UFC Fighter Israel Adesanya Defends Joe Rogan At Press Conference VIDEO:https://***...... #UFC #JoeRoganExperience #JoeRogan #AdesanyaWhittaker2 #UFC271 #Martinez #blm #blacklivesmatter #viral #viralvideo #trending #trendingnow #COVID19 https://***R4', ""Saw nightmare sized military plane fly low over Mother's house days ago so I complained we've not watched the news this reminds me of a terrible dream I had few weeks ago? #HolocaustMemorialDay #MLK #GrenfellTower #BlackLivesMatter #BidenHarris #oprahmeghanharry #ReparationsNow"", '-']",tweet_B,-,retweet
t0485,u2966,2020-06-02 20:04:23+00:00,BlackLivesMatter,S***h,"Die Ereignisse in den USA machen mich fassungslos. Auch Rassismus ist ein Virus, der unsere Gesellschaft bedroht und schon zu viele Menschenleben gekostet hat. Lassen Sie uns gemeinsam dieser Bedrohung entgegentreten! Ebenso verurteile ich jede Form von Gewalt. #BlackLivesMatter","['Today seemed like a good day to donate to the @A***U. #BlackLivesMatter', 'Black Lives Matter. It sucks that it even needs to be said. https://***Ej', 'Die Ereignisse in den USA machen mich fassungslos. Auch Rassismus ist ein Virus, der unsere Gesellschaft bedroht und schon zu viele Menschenleben gekostet hat. Lassen Sie uns gemeinsam dieser Bedrohung entgegentreten! Ebenso verurteile ich jede Form von Gewalt. #BlackLivesMatter', '-']",-,content_C,post
t1645,u0854,2021-02-22 13:22:26+00:00,BlackLivesMatter,S***9,Tie dye shirt https://***Ei via @E***y #tiedye #uniquegifts #ValentinesDay #giftideas #giftforhim #thursdayvibes @S***s #handmade #fashionblog #menfashion #Trending #lockdown #mondaythoughts #giftideas #BlackLivesMatter #psychedelic #tuesdayvibe #SpringFestival,"['African American culture does NOT revolve around protest! Even #BlackLivesMatter isnt just about protest. #BlackHistoryMonth is a great time to watch &amp; share “Not about Protest"" https://***UW', 'Tie dye shirt https://***Ei via @E***y #tiedye #uniquegifts #ValentinesDay #giftideas #giftforhim #thursdayvibes @S***s #handmade #fashionblog #menfashion #Trending #lockdown #mondaythoughts #giftideas #BlackLivesMatter #psychedelic #tuesdayvibe #SpringFestival', 'Y’all know what happens when we show our power. Do not get complacent! @m***e @f***n #Blacklivesmatter', '-']",-,content_B,post
t1679,u0533,2021-03-16 19:07:52+00:00,BlackLivesMatter,A***n,Was excited to review this fantastic collection edited by @a***a for @N***l #BlackLivesMatter 💚 https://***9G,"['@b***9 @D***K Apparently yeah anything to please the entitled black lives matter cult nowadays.', 'Was excited to review this fantastic collection edited by @a***a for @N***l #BlackLivesMatter 💚 https://***9G', 'Do Black Lives Matter to Pharma? https://***O9', '-']",-,content_B,post
t2652,u2080,2022-02-11 18:50:28+00:00,BlackLivesMatter,P***n,-,"['These pups are available for sale BREED: Chow chow SEX: M &amp; F AGE: 7wks PRICE:370k Adidas Zouma #BlackLivesMatter #oxlaid #olosho Coutinho Leak Ighalo Herpes https://***EJ', 'I love my country, wait for it 🤣🤣 #oxlaid ojuju #Papaya Fireboy #BlackLivesMatter #racism https://***Sx', ""The treatment Zouma is being subjected to defies logic. Considering that some players have been accused of almost the same crimes yet received minor punishment. I don't condone what he did, I simply wish that fairness reigns in such cases #BlackLivesMatter"", '-']",tweet_A,-,retweet
t0462,u0976,2020-06-02 02:47:51+00:00,BlackLivesMatter,v***s,"Tomorrow, for #BlackOutTuesday, @V***S will be on pause as we reflect on recent events. Our focus will shift from building business to building community, moving from conversation to action, and sparking real change in the fight against racial injustice. #BlackLivesMatter https://***ZE","['#blackouttuesday #blacklivesmatter @ U.S. Embassy in Sweden https://***RK', 'NYPD officer in Union Square throws down a “White Power” sign and his fellow officer cheers him on. #NYCPROTEST https://***EM', 'Tomorrow, for #BlackOutTuesday, @V***S will be on pause as we reflect on recent events. Our focus will shift from building business to building community, moving from conversation to action, and sparking real change in the fight against racial injustice. #BlackLivesMatter https://***ZE', '-']",-,content_C,post
t2234,u0633,2022-01-25 01:02:44+00:00,BlackLivesMatter,t***w,-,"[""Welcome to @S***s - stella @s***d #Blacklivesmatter 50 Shades of Design Professional Graphics/Web Designer/Web Developer/Emotes Artist/Logo Designer/Digital Artist/GFX Designer paid commission's United States #art #arts #artist"", 'We are all going to pay for these crimes of these Biden employees subsidized by his government, run by the two biggest criminal Democrat corporations, Black Lives Matter &amp; Antifa,our insurance premium will skyrocket due to legitimate department stores claims Biden economic plan⬇️ https://***Hn', '#OTD in 1976 Paul Robeson - inspirational singer, actor, antiracist and anti fascist died. Here’s an amazing picture of Robeson performing in the Spanish Republic in 1938 to support the fight against fascism. #nopasaran #NeverAgain #BlackLivesMatter https://***nq', '-']",tweet_A,-,retweet
t3570,u3191,2022-02-27 15:47:07+00:00,BlackLivesMatter,e***v,"Here’s so much to unpack! Racism in Eastern Europe is very much alive and well, dangerously so. When I lived in Moscow I have heard so many reports of very brutal attacks on Black people and other non-white immigrants. This is messed up! It needs to stop! #BlackLivesMatter https://***G4","['#Maddow #Bitcoin #CNN #GreenNewDeal #ElizabethWarren #Manchin #Covid_19 #Pelosi #TheSquad #NYC #AOC #FoxNews #MSNBC #BernieSanders #BlackLivesMatter #Democrats Why is #Biden buying Russian oil that FINANCES WAR IN #Ukraine? Why kill US JOBS in ENERGY that hurts Americans?', 'Here’s so much to unpack! Racism in Eastern Europe is very much alive and well, dangerously so. When I lived in Moscow I have heard so many reports of very brutal attacks on Black people and other non-white immigrants. This is messed up! It needs to stop! #BlackLivesMatter https://***G4', ""Being #Black / #AfricanAmerican is not a #color - It's a #culture Our differences should not define us NOR should they divide us . #BlackHistoryMonth #BlackLivesMatter #Blackculture #cultureunitestheworld https://***A7"", '-']",-,content_B,post
t3115,u0793,2022-02-19 15:56:21+00:00,BlackLivesMatter,N***h,Amazon suspends Black Lives Matter from charity platform in controversy around missing $60 million https://***SJ,"['Just finished reading this *stunning* book by @K***e... Everyone should read it, whether you experience racism or simply benefit from #WhiteSupremacy... This is the “Black Skin, White Masks” for the C21, but with some practical solutions! 🤓✊ #Fanon #Kinouani #BlackLivesMatter https://***Z5', 'Good Morning America... #Enough #EndPoliceBrutality #StandUpAgainstRacism #BlackLivesMatter #BLM #SilenceIsNotAnOption #SpeakUp #EndRacismNow #EndSystemicRacism #BreonnaTaylor #ElijahMcclain #GeorgeFloyd #StopVoterSuppression #BlackVotersMatter #AhmaudArbery #DaunteWright https://***7m', 'Amazon suspends Black Lives Matter from charity platform in controversy around missing $60 million https://***SJ', '-']",tweet_B,content_C,reply
t0413,u2989,2020-05-30 21:41:14+00:00,BlackLivesMatter,o***l,Like Kirk franklin said... “get ready for a revolution” #BlackLivesMatter,"['“I can’t breathe” #georgefloyd #blacklivesmatter #icantbreathe https://***Dn', '#BlackLivesMatters https://***es', 'Like Kirk franklin said... “get ready for a revolution” #BlackLivesMatter', '-']",-,content_C,post
t3748,u0163,2022-03-03 01:41:57+00:00,BlackLivesMatter,t***y,#PresidentBiden abandoned political Progressives in his #SOTU speech on police funding and accountability. Is he right that “defund the police” is the wrong battle cry? @D***l @B***A #blacklivesmatter https://***76,"['#PresidentBiden abandoned political Progressives in his #SOTU speech on police funding and accountability. Is he right that “defund the police” is the wrong battle cry? @D***l @B***A #blacklivesmatter https://***76', '@W***0 Reminder that DeSantis doesn’t support #BlueLivesMatter #FloridaMan', ""@Z***a @P***S #WeSupportUkraine but ask your officials on the border not to be #racist. Don't discriminate against #Asians #Blacks #AllLivesMatter"", '-']",-,content_A,post
t2709,u1001,2022-02-13 20:00:23+00:00,BlackLivesMatter,a***w,The Tole cartoon pub date: Dec 2019! #GOPHypocrisy #GOPDeathCult #DemocracyMatters #TrumpCoupAttempt #BigLie #January6th #TrumpIsaCriminal #FoxNewsKnew #VaccineMandates #ProChoice #VotingRights #ClimateAction #BlackLivesMatter #BlueWave2022 #PresidentBiden #politicalcartoons https://***La,"['Here we go Kick off with Ruach City Church KILBURN! LIVE Where Is Your Zeal? Sunday Service 13.02.22 https://***hW #HolocaustMemorialDay #MLK #GrenfellTower #BlackLivesMatter #BidenHarris #oprahmeghanharry #ReparationsNow', 'The Tole cartoon pub date: Dec 2019! #GOPHypocrisy #GOPDeathCult #DemocracyMatters #TrumpCoupAttempt #BigLie #January6th #TrumpIsaCriminal #FoxNewsKnew #VaccineMandates #ProChoice #VotingRights #ClimateAction #BlackLivesMatter #BlueWave2022 #PresidentBiden #politicalcartoons https://***La', 'Untitled, Alabama, 1956 . . . #blackculture #blacklove #blackisbeautiful #socialjustice #freedom #endinjustice #speakup #speakout #blacklivesmatter #blm https://***pl', '-']",-,content_B,post
t0590,u0956,2020-06-11 03:58:27+00:00,BlackLivesMatter,J***s,So proud to work in partnership with my friend @N***e CEO @M***L . Thanks for your tireless leadership and advocacy in fight for justice and equality. Need your voice now more than ever. Great to hang out at #BlackLivesMatter Plaza today! 🤜🏽🤛🏾 @W***S https://***gS,"['Racism and violence damage children, leaving deep and lasting scars. Please join me in condemning police brutality, racial profiling and the excessive use of force. Urge your Congressmember to support H.Res.988: https://***P. #BlackLivesMatter #UNITE4Children', 'So proud to work in partnership with my friend @N***e CEO @M***L . Thanks for your tireless leadership and advocacy in fight for justice and equality. Need your voice now more than ever. Great to hang out at #BlackLivesMatter Plaza today! 🤜🏽🤛🏾 @W***S https://***gS', 'I pledge to oppose racism, hate &amp; discrimination. I will learn, be aware of my own biases &amp; try to rectify unfairness when I see it. Join me by nominating 5 others to do the same #BlackLivesMatter I nominate @L***8 @D***3 @M***t @w***x @C***9', '-']",-,content_B,post
t2870,u1038,2022-02-16 02:01:50+00:00,BlackLivesMatter,J***6,-,"['#GOPHypocrisy #GOPDeathCult #DemocracyMatters #TrumpCoupAttempt #BigLie #January6th #TrumpIsaCriminal #ExpandTheCourt #FoxNewsKnew #VaccineMandates #ProChoice #VotingRights #ClimateAction #BlackLivesMatter #GunControl #BlueWave2022 #PresidentBiden #politicalcartoons https://***fj', '@r***i https://***5A https://***pn https://***5t https://***aY Caged and Locked #BlackLivesMatter #blackbooksmatter #blackauthors #shopblack #BuyBlack #blackownedbusiness #blackbusinessesmatter #buyblackowned https://***1m', '!!️CALL TO ACTION!!️ Send an email right now to the LA police commission demanding an end to racist pretextual stops. Pretextual stops have resulted in the continued oppression and murder of Black and Brown people. Use the online toolkit✊🏾 #BlackLivesMatter https://***gl', '-']",tweet_C,-,retweet
t0386,u0091,2020-05-08 02:19:40+00:00,BlackLivesMatter,T***e,"“The added stress and anxiety of worrying about our black men is just too much.” #justiceforahmaud #blacklivesmatter @ Los Angeles, California https://***TI","[""If this video didn't exist, Ahmaud Arbey's murder would have never been looked at. #MakeAmericaGreatAgain https://***oS #BlackLivesMatter"", '“The added stress and anxiety of worrying about our black men is just too much.” #justiceforahmaud #blacklivesmatter @ Los Angeles, California https://***TI', ""📢Non-Black educators!!! 📢 Pause and talk to your students about #AhmaudArbery They seen the video. Some are confused. Some are scared. Even if you're afraid to talk about it, make space and just do it! #BlackLivesMatter"", '-']",-,content_B,post
t1721,u2945,2021-04-21 02:50:05+00:00,BlackLivesMatter,T***n,A victory in our long national journey to a more perfect union. And we will fight on. And we must fight on. https://***vl #BlackLivesMatter #JusticeForGeorgeFloyd https://***bC,"['#GeorgeFloyd #DaunteWright #AdamToledo... only a few of the many lives taken by the racist violence of U.S. police. If you’re taking to the streets to demand that #BlackLivesMatter, be sure you know how to use your camera to document evidence: https://***2L https://***8L', 'A victory in our long national journey to a more perfect union. And we will fight on. And we must fight on. https://***vl #BlackLivesMatter #JusticeForGeorgeFloyd https://***bC', 'Painfully earned justice. #BlackLivesMatter #JusticeForGeorgeFloyd', '-']",-,content_B,post
t2293,u0812,2022-01-30 22:15:32+00:00,BlackLivesMatter,C***4,"""BLUE MAN"" ICE PEACE AND LOVE #NFTs #NFTartists #nftart #BlueLivesMatter https://***p3","['""BLUE MAN"" ICE PEACE AND LOVE #NFTs #NFTartists #nftart #BlueLivesMatter https://***p3', '@A***n He’s gonna pardon Antifa and Black Lives Matters agitators!? 🧐', 'Councilman calls for more security after incidents at Perry Hall High School https://***ip ~~~~ #LifeInBmore #Baltimore #BaltimoreCity #CharmCity #BMore #blacklivesmatter #BmoreMusicCompany #SarahSargent #CraigPhillips #BmoreProductions #Northwood #EastBaltimore https://***pA', '-']",-,content_A,post
t2041,u0731,2021-12-22 10:00:36+00:00,BlackLivesMatter,S***l,-,"['THURSDAY, 12/23/2021 4PM – #BlackXmas Action at Beverly Gardens Park in Beverly Hills – It’s a different kind of “smash and grab”! SMASH white capitalism; GRAB justice! Meet us in Beverly Hills for sign-making, justice carolling, dancing, and beloved community. #BlackLivesMatter https://***qB', '🏃🏾♂️🏊🏾🏋🏾🧘🏾♂️🎾The Color of LOVE💪🏾#coachreemy #ntc #nrc #tennis #stayfit #staystrong #running #music #swimming #yoga #manchinandsinemaaretraitors #blacklivesmatter #votingrights #blackvotersmatter #JustDoIt #getvaccinated #StarvingForVotingRights #fuckjoemanchin #buildbackbetter https://***Qm', ""An estimated 6.2 million Americans age 65 and older are living with Alzheimer's dementia in 2021 #alzheimer #dementia #healthcare #HealthTech #twitme #flutter #medhat #100daysofCode #WomenWhoCode #women #LifeSciences #MedTwitter #STEM #BlackLivesMatter https://***vy"", '-']",tweet_A,-,retweet
t1557,u0365,2020-12-14 20:45:00+00:00,BlackLivesMatter,A***e,"""I have three greeting types."" Read our new blog, ""The code Switch"" by Camille Gaynus. Click on https://***9b #AmplifyWOC #bipoc #blackgirlmagic #melanin #WomenInSTEM #AWOCSpace #phdlife #BlackLivesMatter #RepresentationMatters #blogger #ShareYourStory #AcademicChatter https://***av","['""I have three greeting types."" Read our new blog, ""The code Switch"" by Camille Gaynus. Click on https://***9b #AmplifyWOC #bipoc #blackgirlmagic #melanin #WomenInSTEM #AWOCSpace #phdlife #BlackLivesMatter #RepresentationMatters #blogger #ShareYourStory #AcademicChatter https://***av', 'The pastor of Asbury United Methodist Church in DC responds to the burning of the church’s Black Lives Matter sign last night by people who appeared to be affiliated with Proud Boys. “For me it was reminiscent of cross burnings.” https://***TJ', 'Year-end recap of some things I wrote - First up, I covered the wave of brands finally voicing their support for Black Lives Matter, after many considered the topic ""taboo"" for years: https://***LA', '-']",-,content_A,post
t2407,u0805,2022-02-06 00:10:58+00:00,BlackLivesMatter,J***1,This Is Your Black History ✊🏿 #BHM #BlackLivesMatter #blackexcellence #JRealTheBeast91 https://***k5,"['This Is Your Black History ✊🏿 #BHM #BlackLivesMatter #blackexcellence #JRealTheBeast91 https://***k5', '@R***D @H***y Um - Black Lives Matter protests?', 'Black Lives Matters breaking the law in California by failing to disclose what they are doing with all the money they collected. I appeared on KUSI to demand full public transparency on their finances. https://***jM', '-']",-,content_A,post
t2257,u0429,2022-01-27 02:40:49+00:00,BlackLivesMatter,A***3,"BLACK LIVES MATTER AT SCHOOL!! Join our AiRs and educators of the Black Educators Caucus MKE as they share lessons that can be used to center the history, lives, and experiences of Black students. RSVP: https://***qc #ATN1863 #BLMAS #Blackteachers #teachfortheculture https://***We","['BLACK LIVES MATTER AT SCHOOL!! Join our AiRs and educators of the Black Educators Caucus MKE as they share lessons that can be used to center the history, lives, and experiences of Black students. RSVP: https://***qc #ATN1863 #BLMAS #Blackteachers #teachfortheculture https://***We', 'Title: Baptism . . 🎨 @y***s #BlackLivesMatter #black #African #art #NFT #NFTCommunity #nftcollectors #painting #DigitalArtist #digitalarts @c***s @g***i @m***r @s***e @K***a @M***m @T***y @P***p @L***m https://***Dz', 'Shocking &amp; Abusive ! Chinese calling Nigger to B|ack Athletes at Winter Olympics Who does that to fellow human being ? #BlackLiveMatters Brigade, Where are you ? Not a word 👎Why ? #WinterOlympics2022 https://***ad', '-']",-,content_A,post
t3845,u3259,2022-03-04 18:31:36+00:00,BlackLivesMatter,o***y,-,"['Untitled, Chicago, Illinois, 1963 . . . #blackculture #blacklove #blackisbeautiful #socialjustice #freedom #endinjustice #speakup #speakout #blacklivesmatter #blm https://***Ea', 'The dividing forces in this nation are doing everything they can to stop this #russianinvasion. That would calling out #FauxNews and standing up to #Putin. #ThursdayThoughts #ThursdayMotivation #WritingCommunity #BlackLivesMatter #amwritingfiction #KindnessMatters #Resist https://***rO', 'PUNISH UKRAINE @t***d @A***h @B***d @n***s @S***r @s***e WHITES FIRST? NEO NAZIs? Putin is right about them @r***8 @H***k @r***9 Colour of skin matters? #BlackLivesMatter https://***R2', '-']",tweet_C,-,retweet
t0633,u1718,2020-06-23 18:33:56+00:00,BlackLivesMatter,D***t,"#Juneteenth was an important day of reflection for our U.S. business unit, as we continue listening to our Black employees to inform @M***Z's path forward. As our NA President Glen Walter says: ""We know we have more to do. And we will."" #BlackLivesMatter https://***DO","['#Juneteenth was an important day of reflection for our U.S. business unit, as we continue listening to our Black employees to inform @M***Z\'s path forward. As our NA President Glen Walter says: ""We know we have more to do. And we will."" #BlackLivesMatter https://***DO', 'Perhaps its time that @R***_ (&amp; others) became an equal opportunity firm or have things changed recently? #equality #equal #racism #racist #salary #disparity #architecture #Engineering #interiordesign #design #buildingservices #greenbuilding #BlackLivesMatter #AllLivesMatter', 'I made this free cross stitch pattern to help keep your hands busy while you educate yourself about racism &amp; the Black Lives Matter movement. Click for pattern download, a list of things to watch while you stitch, petitions to sign &amp; places to donate. https://***PC https://***tm', '-']",-,content_A,post
t3211,u1847,2022-02-20 17:05:40+00:00,BlackLivesMatter,b***r,VIDEO: Critics Demand Cops Who Broke Up Fight Be Fired For Only Handcuffing Black Teen - The Police Tribune https://***iG Follow @b***r #BlueLivesMatter #BackTheBlue #lawenforcement #PoliceTribune,"['@d***y you funded a murderer’s bail? Hollywood celebrities supported a Black Lives Matter bail fund that recently bailed out Quintez Brown, the BLM and anti-gun activist who has been charged with the attempted murder of a mayoral candidate in Louisville, Kentucky w/9mm Glock', 'VIDEO: Critics Demand Cops Who Broke Up Fight Be Fired For Only Handcuffing Black Teen - The Police Tribune https://***iG Follow @b***r #BlueLivesMatter #BackTheBlue #lawenforcement #PoliceTribune', 'The words of his mouth were smoother than butter, but war was in his heart: his words were softer than oil, yet were they drawn swords. Psalm 55:21 #HolocaustMemorialDay #MLK #GrenfellTower #BlackLivesMatter #BidenHarris #oprahmeghanharry #ReparationsNow', '-']",-,content_B,post
t2883,u2138,2022-02-16 10:15:09+00:00,BlackLivesMatter,S***l,Shot: “I’ve censored or fired or terminated numerous teachers. There was an entire classroom memorialized to Black Lives Matter and we made sure she was terminated.” - Florida Education Commissioner bragging in a speech https://***ie,"['Shot: “I’ve censored or fired or terminated numerous teachers. There was an entire classroom memorialized to Black Lives Matter and we made sure she was terminated.” - Florida Education Commissioner bragging in a speech https://***ie', 'Yes. 🙌🏽✊🏼✊🏼😪\U0001f972😪✊🏼✊🏼🙌🏽 This is not nothing . #BlackLivesMatter #SuperBowlHalftimeShow #blacklivesstillmatter #NFL #SuperBowl #NFLTwitter https://***zl', 'Imagining Abolition - Black Lives Matter: https://***iL #ACAB #Fuck12 #FuckThePolice #AbolishThePolice #DestroyThePolice #DefundThePolice #ReplaceThePolice #CopsAndKlanGoHandInHand #FightBack! https://***uW', '-']",-,content_A,post
t0494,u0295,2020-06-03 11:49:52+00:00,BlackLivesMatter,m***i,Justice for George Floyd https://***L0 via @U***e Please sign this petition #BlackLivesMatter #GeorgeFloyd,"['#blackouttuesday #blacklivesmatter https://***3Z', '#BlackOutTuesday Black Lives Matter https://***Hf', 'Justice for George Floyd https://***L0 via @U***e Please sign this petition #BlackLivesMatter #GeorgeFloyd', '-']",-,content_C,post
t1782,u1054,2021-07-08 20:06:11+00:00,BlackLivesMatter,h***e,TikTok said “the app is mistakenly flagging phrases like ‘Black Lives Matter’ because its hate speech detector is triggered by a combination of words involving the words ‘Black’ and ‘audience’ — because ‘audience’ contains the word ‘die’ in it.” 🙄 https://***ht,"['Justice for #ArthurKeith because #BlackLivesMatter - rapid response today July 7 1:30pm at CMHA Police Headquarters 5715 Woodland Ave https://***6V https://***Ng', 'It was a really deep and sincere conversation with Tim Logan. We even laughed. I hope you enjoy this. A big thank you to Tim and team! #intled #intlELOC @P***d #BlackLivesMatter https://***yN', 'TikTok said “the app is mistakenly flagging phrases like ‘Black Lives Matter’ because its hate speech detector is triggered by a combination of words involving the words ‘Black’ and ‘audience’ — because ‘audience’ contains the word ‘die’ in it.” 🙄 https://***ht', '-']",-,content_C,post
t2519,u0648,2022-02-09 13:35:28+00:00,BlackLivesMatter,N***y,"Twelve-year-old Leidy Lyons was disqualified from several swim races after refusing to change out of her Black Lives Matter swimsuit. The decision to disqualify her was later overruled, and she was allowed to swim. She joins @b***n to discuss her experience. https://***j2","['Twelve-year-old Leidy Lyons was disqualified from several swim races after refusing to change out of her Black Lives Matter swimsuit. The decision to disqualify her was later overruled, and she was allowed to swim. She joins @b***n to discuss her experience. https://***j2', 'Check out my Literary Website https://***7s Literary Clothing. #supportreading #hbcu #hbcupride #blackexcellence #hbcugrad #blackgirlmagic #famu #explorepage #blacklivesmatter #aka #hbculove #blackhistory #hbcualumni #explore #atlanta #melanin', ""People say he should come to the House and apologise. I say what's the point in making umpteen apologies when you don't believe in them yourself and are prepared to do the same or similar again and again is? #UKPolitics #Windrush #BLMUK #Blacklivesmatteruk #BlackTwitter https://***HV"", '-']",-,content_A,post
t3491,u1458,2022-02-25 17:01:56+00:00,BlackLivesMatter,K***e,"Join us on Monday as The Accomplice Project and the Black Lives Matter South Bend Chapter host a panel discussion on the case for reparations for South Bend’s Black community. The event will be virtual and in person on Feb. 28, at 6:30 PM Learn more: https://***Md https://***cg","['The Library of Congress has added posters from the Black Lives Matter memorial to its digital collection. https://***60', 'Join us on Monday as The Accomplice Project and the Black Lives Matter South Bend Chapter host a panel discussion on the case for reparations for South Bend’s Black community. The event will be virtual and in person on Feb. 28, at 6:30 PM Learn more: https://***Md https://***cg', '@G***j @A***g @w***g @w***T @E***r @E***S @E***e @T***U @a***n @E***E @A***U @h***w @S***d @N***3 @P***s @w***s @C***r @W***N @R***t @T***e @I***e @n***b @M***1 @v***n @a***k @M***n @s***s @N***U @D***W @c***e @W***K @t***n @L***s @U***t @D***k @c***k @o***y @W***K @m***p @B***r @c***4 @L***x @s***d @K***P @J***c @c***d @G***o @D***r Over the past 5 years the proportion of cases on @W***K line 02031172520 about bullying, sexual harassment and discrimination has doubled This reflects wider concerns in society raised by #MeToo &amp; #BlackLivesMatter movements ➡️https://***7t https://***eJ https://***Pa', '-']",-,content_B,post
t2939,u1304,2022-02-17 01:47:49+00:00,BlackLivesMatter,L***e,-,"['Happening Now: President Biden gives an update on Russia and Ukraine and affirms that the United States remains open to high-level diplomacy in close coordination with our Allies. https://***8T', ""❤️Love 💞Love 💕Love ❤️this sweet young lady!! She may very well be the next LEADER of our country! I want to hug her and tell her everything will be alright 😢 #BLM #BlackLivesMatter •••If the shooting starts •••Stand behind me •••We'll lean on each other 🖤❤️💚✊🏿✊🏻 https://***Jv"", 'Dirty Girl Donuts in #Sonoma (which is owned by the Mattson\'s) recently put up a ""Blue Lives Matter"" flag in their window... during Black History Month nonetheless. Reminder: #BLACKLIVESMATTER and BLACK HISTORY MATTERS https://***hx', '-']",tweet_A,-,retweet
t3495,u1180,2022-02-25 17:41:55+00:00,BlackLivesMatter,o***1,@S***r A #Florida appeals court upheld the manslaughter conviction &amp; 20 year prison sentence 4 #MichaelDrejka in the July 2018 shooting death of #MarkeisMcGlockton back in December. Reaction? #JusticeStillServed #BlackLivesMatter,"['@S***r A #Florida appeals court upheld the manslaughter conviction &amp; 20 year prison sentence 4 #MichaelDrejka in the July 2018 shooting death of #MarkeisMcGlockton back in December. Reaction? #JusticeStillServed #BlackLivesMatter', '#BlackLivesMatter https://***Rf', 'OHHH YES LAWD #targetExclusive #BlackLivesMatter #Ukraine #UkraineRussiaConflict #justiceforamirlocke #freedomtovoteact #NorthCarolina #AlyssisHammond as your 1st BLACK SENATOR 🇺🇸👸🏿 #BuildBackBetter #THANKYOUJESUS #COVID19 #crypto #mentalhealth #USArmy #gratitude #motivation https://***ne', '-']",tweet_A,content_A,reply
t2233,u1007,2022-01-24 23:28:42+00:00,BlackLivesMatter,t***d,Get the new Buck Breaking/Black Lives Matter themed NFTs at https://***Zy https://***Vd,"['Get the new Buck Breaking/Black Lives Matter themed NFTs at https://***Zy https://***Vd', '&gt; white woman assaults a black man &gt; has split-second realization that she\'s about to be BTFOd online for racism* &gt; insert women_doing_calculations.gif &gt; starts chanting ""Black Lives Matter"" as a magical incantation due to pavlovian response https://***Ld https://***BK', 'Leaked messages from the Neo-Nazi group Patriot Front included a focus on the destruction of a #BlackLivesMatter mural in Lafayette https://***yA #DDoSecrets @U***a', '-']",-,content_A,post
t0492,u1993,2020-06-03 03:45:18+00:00,BlackLivesMatter,a***p,"#BlackLivesMatterphilly We are the city of brotherly love. We can call out injustice. We can care for each other. We can remember who we can be, who we were, just 3 summers ago, in a fountain. https://***m5","['#BlackLivesMatter #RuleOfLaw https://***0O', '#BlackLivesMatterphilly We are the city of brotherly love. We can call out injustice. We can care for each other. We can remember who we can be, who we were, just 3 summers ago, in a fountain. https://***m5', 'We cannot keep allowing the police to brutalize and kill black people. Whether in the US or in France. #BlackLivesMatter', '-']",-,content_B,post
t2746,u1313,2022-02-14 13:15:25+00:00,BlackLivesMatter,t***u,.@t***u #BHM #BlackHistoryMonth #BlackLivesMatter #BLM Reminder #BlackWomen/#woc i.e #SimoneBiles #NaomiOsaka #emmaraducanu got WIDER backlash esp from @P***n for withdrawing from sports 4 their #MentalHealth than wh*te DRUG CHEATS #KamilaValieva &amp; #MariaSharapova. https://***fS,"['A photo of slaves’ scars from being whipped. #BlackLivesMatter #BLM #EndRacism https://***xW', '@E***m TAKING A MOFO KNEE EVEN WHEN THEY TOLD HIM NOT TO!!! ✊🏼✊🏽✊🏾✊🏿 #Kaepernick #SuperBowlHalftimeShow #BlackLivesMatter https://***s6', '.@t***u #BHM #BlackHistoryMonth #BlackLivesMatter #BLM Reminder #BlackWomen/#woc i.e #SimoneBiles #NaomiOsaka #emmaraducanu got WIDER backlash esp from @P***n for withdrawing from sports 4 their #MentalHealth than wh*te DRUG CHEATS #KamilaValieva &amp; #MariaSharapova. https://***fS', '-']",-,content_C,post
t0447,u2120,2020-06-01 16:30:33+00:00,BlackLivesMatter,p***n,If you're the kind of person who responds to #BLACK_LIVES_MATTER with 'all lives matter' then you need to STOP taking a long hard look at yourself in the mirror. #BlackLivesMatterUK #BlackLivesMatter,"['For anyone handwringing about ""outside agitators"", do know that history rhymes. #BlackLivesMatter https://***qU', 'We have linked some resources in our bio, and we encourage the members of our DMatUF community to perform further research on ways to become educated, take action and promote change. #BlackLivesMatter https://***77', ""If you're the kind of person who responds to #BLACK_LIVES_MATTER with 'all lives matter' then you need to STOP taking a long hard look at yourself in the mirror. #BlackLivesMatterUK #BlackLivesMatter"", '-']",-,content_C,post
t2828,u2708,2022-02-15 15:22:09+00:00,BlackLivesMatter,S***L,"In 2020, the City of St. Petersburg + @C***m came together to celebrate Juneteenth — recognizing the date in history when the last slaves were notified of their freedom — and unveiled a street mural declaring Black Lives Matter. #BlackHistoryMonth 📍2240 9th Ave S https://***PC","['In 2020, the City of St. Petersburg + @C***m came together to celebrate Juneteenth — recognizing the date in history when the last slaves were notified of their freedom — and unveiled a street mural declaring Black Lives Matter. #BlackHistoryMonth 📍2240 9th Ave S https://***PC', 'Families of Sandy Hook victims reach $73 million settlement with Remington https://***CM #alm #BlackLivesMatter', 'This is not about resolving nothing. Witness the destruction of the M.E. It’s normal for fiat to monetize first it was slavery and Natives genocide &amp; recently thru satanic racist supremacist wars vs #PoC #OWS #GiletsJaunes #BlackHistoryMonth #BlackLivesMatter https://***MZ https://***id', '-']",-,content_A,post
t2722,u0580,2022-02-14 03:57:13+00:00,BlackLivesMatter,p***a,#MSM the satanic ‘Prince of the Power of the Air’ doing its #omission of the facts | #OWS #GiletsJaunes #BlackLivesMatter #BlackHistoryMonth #BlackHistoryEveryMonth ! https://***qF,"['@j***_ We support you!! 🇨🇦🇨🇦🇨🇦 #JusticeForGeorgeFloyd #BlackLivesMatter #ARRESTtheOFFICERS', '#MSM the satanic ‘Prince of the Power of the Air’ doing its #omission of the facts | #OWS #GiletsJaunes #BlackLivesMatter #BlackHistoryMonth #BlackHistoryEveryMonth ! https://***qF', '#Antifa #BLM #BlackLivesMatter #PHP #JAVA #HTML #CODE #CODING #CODERS #INDIEDEV #SuperBowlLVI #HalfTimeShow #Coinbase #AllLivesMatter @D***r @F***s #revolt @p***l #CanadaHasFallen @C***a @C***a #cdcsays @J***u @l***y https://***lk', '-']",-,content_B,post
t0598,u2500,2020-06-12 01:50:10+00:00,BlackLivesMatter,I***e,Even ⁦@U***o⁩? Economist Urged to Step Aside from Journal After Criticizing Black Lives Matter @W***J https://***Jz,"['Even \u2066@U***o\u2069? Economist Urged to Step Aside from Journal After Criticizing Black Lives Matter @W***J https://***Jz', 'More funding into education to ensure that the needs of all students are met and they have the services they need', 'This is #Eastbourne they are pro-racists. #BlackLivesMatter https://***84', '-']",-,content_A,post
t3267,u0280,2022-02-21 16:03:21+00:00,BlackLivesMatter,e***_,-,"['This is why #BlackLivesMatter is important and why ""Blue Lives"" aren\'t a thing. This is why there are protests. This is why people #TakeAKnee.', '@c***7 @P***t @w***t AMEN! #lockdowns R Merely a variation of SOLITARY. #COVID EXCUSE HAS BEEN UTILIZED 2FORCE INMATES IN2 EXTENDED LOCKDOWNS! #CrimesAgainstHumanity #HumanRights #HumanRightsAbuses #HumanRightsViolations #aclu @K***w #BlackLivesMatter #JusticeMatters #CriminalJusticeReform', 'When we said #AllLivesMatter, the Elite laughed.', '-']",tweet_A,-,retweet
t0442,u3149,2020-06-01 13:24:55+00:00,BlackLivesMatter,d***b,"Sad that yesterday's big demonstration is reduced to that cover in the ""journal de Montreal"" : a much smaller group looting a music store. We have to triple our efforts even to be seen and heard. #racism #journalism #BlackLivesMatter https://***66","['Sad that yesterday\'s big demonstration is reduced to that cover in the ""journal de Montreal"" : a much smaller group looting a music store. We have to triple our efforts even to be seen and heard. #racism #journalism #BlackLivesMatter https://***66', ""60 years after the Civil Rights Movement. We're still talking about the same stuff. Mind-boggling that it's so hard for American society to grant all people basic human rights and equality. How many peaceful protests does it take? Voting is a good first step. #blacklivesmatter https://***Mv"", 'Poignant opening to the @S***s meeting #biofilms2020 #BlackLivesMatter https://***bG', '-']",-,content_A,post
t0600,u2919,2020-06-12 17:22:52+00:00,BlackLivesMatter,C***s,"In this lab, WE BELIEVE Science 🔬 is real Love is Love 🌈 Black Lives Matter ✊ Feminism is for everyone ✨ Mass Spectrometry is cool 🧙‍♀️ Immigrants are welcome 💟 @S***a design - repurposed by @a***u for the love of #MassSpectrometry https://***ww","['We need to be challenged and challenge each other, thanks @n***z for doing that with this thought provoking blog for the @S***l &amp; the @s***n , if the words don’t make us feel uncomfortable then they’re not making us think differently &amp; we must! #BlackLivesMatter https://***96', ""That's my PI and mentor right there 👏🏽👏🏽 https://***HV #ucdavis #BlackLivesMatter"", 'In this lab, WE BELIEVE Science 🔬 is real Love is Love 🌈 Black Lives Matter ✊ Feminism is for everyone ✨ Mass Spectrometry is cool 🧙♀️ Immigrants are welcome 💟 @S***a design - repurposed by @a***u for the love of #MassSpectrometry https://***ww', '-']",-,content_C,post
t3676,u0618,2022-03-02 00:00:01+00:00,BlackLivesMatter,O***l,Ding^ ding... Ding^ ding. ding &amp; DING! ding... #PennState #BlackLivesMatter #JusticeForAll,"['Ding^ ding... Ding^ ding. ding &amp; DING! ding... #PennState #BlackLivesMatter #JusticeForAll', 'white people who like to shoplift replaced “black lives matter” with “defund the police”...they gentrified the slogan', '#BLM #BlackLivesMatter #BlackOwned #BlackWomen @C***n @H***n @P***S @V***P &lt;------ aquí están sus racistas sistemáticos. Es hora de que se vayan. Son viejos y lavados. Harris apoya reformas sobre las minorías que las encarcelan por más tiempo que a los blancos. #hechos', '-']",-,content_A,post
t0616,u0093,2020-06-16 19:57:09+00:00,BlackLivesMatter,a***i,-,"['Being Black is having to search what the racism is like in cities and at institutions where you want to apply to for medical school and residency. #MedTwitter #BlackintheIvory #BlackLivesMatter #BLM', 'genuinely interested in learning what black software developers think of this? #BlackInSTEM #BlackLivesMatter https://***q5', 'My son and daughter got up on their first day of summer break and made this. #proudfather #blacklivesmatter https://***TU', '-']",tweet_B,-,retweet
t0542,u0119,2020-06-05 18:22:22+00:00,BlackLivesMatter,l***t,-,"['Pi is a new digital currency developed by Stanford PhDs, with over 3.5 million members worldwide. To claim your Pi, follow this link https://***2D and use my username (drkkindia) as your invitation code. #Kerala #RIP #RIPHumanity #BlueLivesMatter #Elephant #fotosepur', 'If you guys remember, last summer I promised to donate all proceeds for the upcoming Newt book to a charity chosen by my readers. I think perhaps that choice has become clearer to all of us. What do you think? #BlackLivesMatter', '“We know, and we insist, that black lives matter.” — MIT President L. Rafael Reif https://***dS https://***zv', '-']",tweet_B,-,retweet
t0619,u2429,2020-06-17 22:02:34+00:00,BlackLivesMatter,P***g,"Black Lives Matter Panel: Implications for a Connected Future. Join Monday 6/22, 12 p.m. PT for a panel discussion exploring the implications of Black Lives Matter for the environmental sustainability and spiritual fulfillment movements. Register now. https://***WE","[""Hopefully this will provide additional momentum to the social justice movement that's been gaining so much attention recently. Let's allow this news to prompt additional action for #blacklivesmatter, not detract from the drive for racial equity."", '@f***a Thank you @f***a 🙌🏾 #StopRacism #BlackLivesMatter', 'Black Lives Matter Panel: Implications for a Connected Future. Join Monday 6/22, 12 p.m. PT for a panel discussion exploring the implications of Black Lives Matter for the environmental sustainability and spiritual fulfillment movements. Register now. https://***WE', '-']",-,content_C,post
t1636,u2855,2021-02-11 20:00:51+00:00,BlackLivesMatter,t***y,-,"['#Act4BlackImms means: #AbolishICE, #FreeThemAll, and support the #BlackLivesMatter movement. Amplify your advocacy by checking out this @R***S video on how anti-Black racism is woven into the U.S. immigration system: https://***hm https://***8N', '@b***6 @V***X It’s Jaime. Spell my nick name right if you’re claiming you’re more “competent”. Have I asked for or received any money to promote the idea that Black Lives Matter? Not a single penny. So how is this a donating machine? And the USPS is an essential service.', 'Twitter surveillance company Dataminr -- which has been accused of surveilling Black Lives Matter protesters -- is now lobbying through the former Director of Legislative Affairs for Joe Biden, Sudafi Henry. https://***4P https://***GW', '-']",tweet_A,-,retweet
t1710,u0291,2021-04-15 22:22:34+00:00,BlackLivesMatter,J***h,"I don’t have words to describe these relentless murders of Black people. But I know silence can be deafening, especially from supposed allies in one’s field. I will always support #BlackLivesMatter and stand in solidarity with Black people.","['.@T***l: “And you wonder why we say we need the country to understand why Black lives matter? You can die for having expired tags or for a phony $20 bill that you may not have even known was a phony $20 bill. It wouldn’t happen in any other community.” https://***o2', 'I became a physician because I saw medicine as a tool for achieving social justice and building health equity. Testifying before the Health subcommittee for Energy and Commerce @U***s is that dream coming true. #BlackLivesMatter #BlackWomenInMedicine', 'I don’t have words to describe these relentless murders of Black people. But I know silence can be deafening, especially from supposed allies in one’s field. I will always support #BlackLivesMatter and stand in solidarity with Black people.', '-']",-,content_C,post
t0604,u3218,2020-06-13 01:45:01+00:00,BlackLivesMatter,K***D,San Francisco just got its own #BlackLivesMatter street painting — stretching tall for three city blocks in the direction of City Hall. https://***R2,"['The black British history you may not know about https://***EB #BlackLivesMatter', '#Eastbourne #BlackLivesMatterUK Eastbourne is the worst place in terms of #racism Even an adult calls me ""chon"" and they are telling their children ""She is Chon""', 'San Francisco just got its own #BlackLivesMatter street painting — stretching tall for three city blocks in the direction of City Hall. https://***R2', '-']",-,content_C,post
t0595,u3009,2020-06-11 19:42:21+00:00,BlackLivesMatter,d***b,"We recognize the failings within academia, science, and ourselves to confront racism and inequity and we stand with the #BlackLivesMatter movement.","[""All proceeds from 'Stop Resisting Change!' design on @T***c will be donated to BLM-Toronto! https://***m9 #BlackLivesMatter #BLM #Equality #PoliceBrutality https://***7I"", 'We recognize the failings within academia, science, and ourselves to confront racism and inequity and we stand with the #BlackLivesMatter movement.', 'Aerial view of the black lives matter mural painted on 15th street downtown Oakland. https://***d2', '-']",tweet_B,content_B,reply
t3375,u2421,2022-02-23 11:07:35+00:00,BlackLivesMatter,U***d,"Por ello, es todo un orgullo desplegar esta pancarta que afirma que las vidas de los afroamericanos importan. #BlackLivesMatter #BlackHistoryMonth","['Black Lives Matter They are not forgotten✊🏽✊🏾✊🏿 #ElijahMcClain #SandraBland #TrayvonMartin #BreonnaTaylor #GeorgeFloyd #AhmaudArbery #DaunteWright ..... #BLM #BlackLivesMatter #EndRacism https://***hR', 'MIC DROP: Scientist SHUTS DOWN Blacks Lives Matter with FACTS and DATA https://***XJ @k***n #BlackLivesMatter', 'Por ello, es todo un orgullo desplegar esta pancarta que afirma que las vidas de los afroamericanos importan. #BlackLivesMatter #BlackHistoryMonth', '-']",tweet_C,content_C,reply
t3625,u1637,2022-02-28 18:21:03+00:00,BlackLivesMatter,r***g,-,"['Sun Jun 28 2020 Portland, Oregon - Police shove and mace protester with hands up WATCH: https://***mm #PortlandOregon #PPD #blacklivesmatter #blm #defundthepolice #abolishthepolice', '#Maddow #Bitcoin #CNN #ElizabethWarren #Manchin #Covid_19 #Pelosi #TheSquad #NYC #AOC #FoxNews #MSNBC #BernieSanders #BlackLivesMatter #Democrats #Biden https://***6d', 'Robert Lawrence White #BlackLivesMatter', '-']",tweet_C,-,retweet
t0420,u1463,2020-05-31 02:09:03+00:00,BlackLivesMatter,L***a,-,"['#BlackLivesMatter https://***0R', ""I'm a huge space nerd, but today's launch also made me sad to see what investment, human ingenuity, and cooperation can achieve, while we fail to spend even a fraction, to listen, and to look beyond ourselves to care for people right here on Earth. #BlackLivesMatter"", 'The shameful, disgusting truth about America. #BlackLivesMatter https://***tP', '-']",tweet_A,-,retweet
t0466,u2661,2020-06-02 04:54:09+00:00,BlackLivesMatter,R***4,-,"['""Black lives matter and their human rights should be guaranteed,"" said #China\'s FM spokesperson on Monday, urging U.S. to eliminate racial discrimination, protect minorities https://***y2 https://***9I', 'No one’s asking you to condone rioting and looting. The ask is for you to condemn racism and injustice. #BlackLivesMatter', ""I stand with the Black community's fight for justice for Ahmaud Arbery, Breonna Taylor, George Floyd and many, many others before them. We cannot accept injustice at any cost. #BlackLivesMatter"", '-']",tweet_B,-,retweet
t1720,u0086,2021-04-20 22:51:37+00:00,BlackLivesMatter,E***9,"“Accountability is the first step towards justice.” - Attorney General of MN, Keith Ellison @k***n #BlackLivesMatter","['“Accountability is the first step towards justice.” - Attorney General of MN, Keith Ellison @k***n #BlackLivesMatter', ""A moment of accountability today. On each day forward, we must stand up to racism, inequality, &amp; injustice. This verdict doesn't bring back the son, brother, father the Floyd family lost. So we continue our work in his name: Not one more. #JusticeForGeorgeFloyd #BlackLivesMatter https://***rN"", 'HUGE day in America. a turn of the tide. racial justice can breathe. #BlackLivesMatter #GeorgeFloydTrial', '-']",-,content_A,post
t3085,u1327,2022-02-18 23:56:48+00:00,BlackLivesMatter,R***y,"#PBS | PBS NewsHour episode, Feb. 18, 2022 #wtpBLUE #Demvoice1 #Americans #ONEV1 #FreshResists #FreshVoicesRise #Dems4USA #Democrats #Resist #AsianLivesMatter #NativeAmericans #BlackLivesMatter #Jewish https://***Ng via @Y***e","['Total #bullshit. She has no priors and was doing her job. This should be a #suspended #sentence for #serving to ensure #public #safety. #BlueLivesMatter #America1st 🇺🇸', '@K***a #KurtZouma #BLM #BlackLivesMatter #KurtZoumaAnimalAbuser #ZoumaOut #Zouma ""Me am get what me dem deserved."" ""What do I look just like?"" ""Don\'t think too hard."" https://***eu https://***Yy', '#PBS | PBS NewsHour episode, Feb. 18, 2022 #wtpBLUE #Demvoice1 #Americans #ONEV1 #FreshResists #FreshVoicesRise #Dems4USA #Democrats #Resist #AsianLivesMatter #NativeAmericans #BlackLivesMatter #Jewish https://***Ng via @Y***e', '-']",-,content_C,post
t2425,u2200,2022-02-07 03:31:13+00:00,BlackLivesMatter,s***r,-,"[""We won't stop demanding criminal justice reform until this state-sanctioned violence ends. #AmirLocke should be alive today. #BlackLivesMatter and it's damn time America starts acting like it. https://***1P"", 'If you are proud boys with guns killing cops = ‘legitimate public discourse’. But if you are a black kid sleeping in your house you will be murdered by cops in a no-knock, no announcement entry w/o even being a suspect. Don’t tell me color has no role here. #BlackLivesMatter https://***5R', 'Amen! @R***y 👏🏼👏🏼 #BlueLivesMatter #BackTheBlue #JasonRivera #WilbertMora 💙🖤', '-']",tweet_B,-,retweet
t1740,u3098,2021-05-12 22:35:08+00:00,BlackLivesMatter,L***n,"Black Lives Matter: Intimate spaces for Black communities to share their stories, and educational spaces for allies to listen and learn https://***WI #BLM","['@N***A Black live matter when it suits them.', 'When you change your thoughts, remember to also change your world #blackinstem #blackhistory #blacklivesmatter #blacklives #blacklove #justice #blackhistory #womenintech #equalithon #webelong #community #women #girlpower #feminism #girlboss #beauty #empowerment #feminist #woman https://***Uz', 'Black Lives Matter: Intimate spaces for Black communities to share their stories, and educational spaces for allies to listen and learn https://***WI #BLM', '-']",tweet_B,content_C,reply
t0477,u1121,2020-06-02 16:18:10+00:00,BlackLivesMatter,k***r,#blacklivesmatter #policebrutality #georgefloyd @ USA.United States Of America https://***5w,"['#blacklivesmatter #policebrutality #georgefloyd @ USA.United States Of America https://***5w', 'The long history of racism and structural inequity that have a direct impact on generations of Black lives simply cannot be ignored. Black Lives Matter. SfN statement. https://***eb', '#BlackLivesMatter https://***6B', '-']",-,content_A,post
t2400,u2476,2022-02-05 14:21:06+00:00,BlackLivesMatter,t***n,CURMUDGUCATION: Parents Defending Education Targets Black Lives Matter - More like parents defending white privilege. https://***ak,"['A school in DC forced kindergarteners to march around with BLM signs and chant “Black Lives Matter” https://***Yg', 'Congratulations Caitlin! (And I love the shirt!) #BlackLivesMatter https://***fC', 'CURMUDGUCATION: Parents Defending Education Targets Black Lives Matter - More like parents defending white privilege. https://***ak', '-']",-,content_C,post
t3931,u2638,2022-03-08 05:01:00+00:00,BlackLivesMatter,m***d,"If you truly believe something, and it's incorrect, that doesn't mean you don't have integrity.--Jim Brown #TuesdayThoughts #TuesdayMotivation #WritingCommunity #BlackLivesMatter #amwritingfiction #FBR #KindnessMatters #StrongerTogether #Resist https://***kN","['#BlackLivesMatter to God. https://***24', ""The #UK media need to be featuring this. Just because they are #African doesn't mean they don't deserve our support. #BlackLivesMatter @B***s @S***s @D***K @W***O @U***s @c***e @f***v #africanInUkraine #Africa #UkraineRussiaWar https://***Y8"", ""If you truly believe something, and it's incorrect, that doesn't mean you don't have integrity.--Jim Brown #TuesdayThoughts #TuesdayMotivation #WritingCommunity #BlackLivesMatter #amwritingfiction #FBR #KindnessMatters #StrongerTogether #Resist https://***kN"", '-']",-,content_C,post
t1143,u2028,2020-09-30 05:16:33+00:00,BlackLivesMatter,i***n,-,"['What is stopping you from listing your black owned businesses in our directory @ https://***8H ? we get over 70,000 visitors a month. You are missing out #BlackLivesMatter #BlackTwitter #BlackOwnedBusiness', 'Our children go without internet during online learning &amp; lead poisons our community while our elected invite tanks into our communities during a pandemic. Nothing but abolition of the police state #CLEdemandsaction on #blacklivesmatter &amp; #climatejustice beyond the #firstdebate', '#Mondays Women’s Circle! #WOC #womenofcolor #circle is happening tomorrow! Join us from 5-630pm for in depth conversations. Email awocspace@g***l.com for zoom info! #StayHome #STEM #melanin #WOCinSTEM #ListenToBipoc #supporteachother #BlackLivesMatter #AWOCSpace #BIPOC #chat https://***g4', '-']",tweet_A,-,retweet
t1617,u1740,2021-01-23 05:54:09+00:00,BlackLivesMatter,F***r,Aid spending in Africa must be African-led – it needs a Black Lives Matter reckoning | Global development | The Guardian https://***vb,"['Amazing news from the wonderful folks at @L***Q and @b***k Huge congrats to all involved! I’m pretty sure @B***m would be keen to learn more #BLM #BlackLivesMatter #mentalhealth #MentalHealthMatters #limbic https://***gY', 'Aid spending in Africa must be African-led – it needs a Black Lives Matter reckoning | Global development | The Guardian https://***vb', '@r***r Funny. I didn’t hear @K***e ranting about how insulted he was about American carnage 4 years ago. Dude racism in this country is an ACTUAL problem that needs solving. #hypocrisy #BlackLivesMatter #BidenHarrisInauguration', '-']",-,content_B,post
t3449,u1808,2022-02-24 17:08:41+00:00,BlackLivesMatter,s***1,#policebrutality · #blacklivesmatter - · #blm - · #georgefloyd - · #police -· #racism - · #nojusticenopeace - ... https://***bw,"['Search Continues For Armed Robber Who Set Off Events Leading To Fatal Shooting Of 9-Year-Old Girl - The Police Tribune https://***Aj Follow @b***r #BlueLivesMatter #BackTheBlue #lawenforcement #PoliceTribune', '#policebrutality · #blacklivesmatter - · #blm - · #georgefloyd - · #police -· #racism - · #nojusticenopeace - ... https://***bw', '#tytlive #ProgressiveVsEverybody #KickThemOut #WhenWeVoteWeWin #OurDemocracyIsUnderFire #DrainTheTraitors #MAGAIsATerroristOrganization #BlacklivesStillMatter #BlackTransLivesMatter #BlacklivesMatter #resist #donate #join #volunteer https://***W2 https://***q9 https://***0Q', '-']",-,content_B,post
t3417,u1088,2022-02-23 23:30:02+00:00,BlackLivesMatter,a***s,"Love Jones: Esteemed local couple weds on 02.02.2022 By Micha Green, AFRO D.C. and Digital Editor https://***mN #StRegisHotel #BlackLivesMatterPlaza #KarlJones #AngelRich #weddings https://***2N","['Love Jones: Esteemed local couple weds on 02.02.2022 By Micha Green, AFRO D.C. and Digital Editor https://***mN #StRegisHotel #BlackLivesMatterPlaza #KarlJones #AngelRich #weddings https://***2N', '14 #studies on #painmanagement #analyzed found #Blackpatients 40% less likely to receive #medication for #acutepain compared to white #patients #colettelouisetidahl #cltfoundation #racism #medicalracism #healthcareinequality #implicitbias #blacklivesmatter #blackpatientsmatter', 'Black lives matter no matter where we are born. Black lives matter no matter where we are born. Black lives matter no matter where we are born. #BlackHistoryMonth https://***Cw', '-']",-,content_A,post
t0520,u1878,2020-06-04 15:35:08+00:00,BlackLivesMatter,r***d,Police violence is a public health issue. It is an extension of centuries of oppression of Black folks. Healthcare leaders and workers should be unequivocal in our words and actions. #blacklivesmatter #WhiteCoatsForBlackLives #seattleprotest,"['Police violence is a public health issue. It is an extension of centuries of oppression of Black folks. Healthcare leaders and workers should be unequivocal in our words and actions. #blacklivesmatter #WhiteCoatsForBlackLives #seattleprotest', 'Footage of regime security forces savagely beating a peaceful U.S. protestor behind a wall where nobody could see them. #GeorgeFloyd #ICantBreathe #BlackLivesMatter https://***FK', 'Part of the #BlackLivesMatter protest in NYC you won’t see on the news ❤️ https://***Md', '-']",-,content_A,post
t1766,u3011,2021-06-18 19:53:26+00:00,BlackLivesMatter,E***d,"Always have a willing hand to help someone, you might be the only one that does #blackinstem #blackhistory #blacklivesmatter #blacklives #blacklove #justice #blackhistory #womenintech #equalithon #webelong #community #womenempowerment #womensupportingwomen #women #girlpower https://***HJ","['Thirty seven years ago we made history. Asian Americans for @R***n in Portsmouth Square in Chinatown. Today at noon Rev Jackson returns #StopAAPIHate #keephopealive #Solidarity #BlackLivesMatter @R***n https://***3J', ""Unveiled earlier this morning, “Because It’s Time” public artwork affirms UNCW's commitment to its values - that we are an institution that cares about diversity, equity and inclusion - and the core belief that Black lives matter. https://***nt"", 'Always have a willing hand to help someone, you might be the only one that does #blackinstem #blackhistory #blacklivesmatter #blacklives #blacklove #justice #blackhistory #womenintech #equalithon #webelong #community #womenempowerment #womensupportingwomen #women #girlpower https://***HJ', '-']",-,content_C,post
t0491,u0176,2020-06-03 02:54:33+00:00,BlackLivesMatter,t***e,-,"['2/ We will use our DoorDash and Caviar platforms to highlight and support Black-owned businesses and Black entrepreneurs.', 'HOLY SHIT DID YOU HEAR WHAT HAPPENED IN BOSTON? #BlueLivesMatter https://***2L', 'Know your rights: https://***Hc Get involved: https://***8q Be critical of where you donate if you choose to and read up on who they are first! #nojusticenopeace #blacklivesmatter #georgefloyd #ahmaudarbery #defundthepolice', '-']",tweet_C,-,retweet
t1947,u0479,2021-11-20 00:47:01+00:00,BlackLivesMatter,T***s,-,"['Peace Science 2021 is in full effect! In Session 1, Matt Simonson is presenting a fascinating paper on participation in Black Lives Matter protests.', 'You matter! You matter! You matter! You matter! You matter! You matter! #BlackLivesMatter Don’t forget! 🙏🏼 #BLM #KyleRittenhouse #KyleRittenhouseTrial https://***7d', 'Rittenhouse killed white people, but their white lives weren’t important enough for this “justice” system to hold a white vigilante accountable for killing them because the circumstances in which their deaths occurred were protests declaring that Black lives matter.', '-']",tweet_A,-,retweet
t0496,u0991,2020-06-03 14:35:11+00:00,BlackLivesMatter,s***n,"I know I will never understand. But I'm listening, I'm reading, I'm learning, and I'm striving to be better. #BlackLivesMatter Resources on where to donate, petition and support: https://***uP And some amazing Black scientists to follow: https://***JG","[""I know I will never understand. But I'm listening, I'm reading, I'm learning, and I'm striving to be better. #BlackLivesMatter Resources on where to donate, petition and support: https://***uP And some amazing Black scientists to follow: https://***JG"", ""I'm committed to educating myself more about racial injustice in the US, donating to organizations working for change, voting, speaking up, and finding more ways to have a direct impact. #BlackLivesMatter https://***sF"", 'Enough. #blacklivesmatter #blackouttuesday https://***6h', '-']",-,content_A,post
t2692,u3195,2022-02-13 07:32:08+00:00,BlackLivesMatter,t***s,"Wed Aug 26 2020 Denver, Colorado - Denver police arrest protester outside homeless encampment, fire impact munitions at others WATCH: https://***QI #DenverColorado #DPD #blacklivesmatter #blm #defundthepolice #abolishthepolice","['@c***k Big THANKS to @C***N @M***C media with #BlackLivesMatter &amp; #Antifa 2020 protesters who created &amp; sanctioned this type of NEW #protest shutting down business &amp; free movement. At least #TruckersConvoy is not looting, burning &amp; rioting.', 'Wed Aug 26 2020 Denver, Colorado - Denver police arrest protester outside homeless encampment, fire impact munitions at others WATCH: https://***QI #DenverColorado #DPD #blacklivesmatter #blm #defundthepolice #abolishthepolice', ""'I think it's excellent, I'm elated, I was so happy when I found out the news' Black Lives Matter Organiser Imarn Ayton reacts to Dame Cressida Dick's resignation as Met Police Commissioner. 📺 Freeview 236, Sky 515, Virgin 626 https://***aV"", '-']",-,content_B,post
t2974,u3195,2022-02-17 11:32:09+00:00,BlackLivesMatter,t***s,"Sat Aug 29 2020 Austin, Texas - Officer knocks phone out of filmer's hand WATCH: https://***Vx #AustinTexas #APD #blacklivesmatter #blm #defundthepolice #abolishthepolice","['In this special issue of @N***g, read essays, reflections and reporting on the last 10 years since Trayvon Martin’s death, which ignited the #BlackLivesMatter movement. https://***Qk', ""Sat Aug 29 2020 Austin, Texas - Officer knocks phone out of filmer's hand WATCH: https://***Vx #AustinTexas #APD #blacklivesmatter #blm #defundthepolice #abolishthepolice"", '""The reason why Black and Asian British writing has been left out is because the orthodoxies of the British canon have not perceived it to be a part of British writing"" #BlackHistoryMonth #BlackLiterature #BlackAndAsianLiterature #BlackLivesMatter https://***vI', '-']",-,content_B,post
t2173,u0329,2022-01-18 16:28:13+00:00,BlackLivesMatter,h***e,"As long as Democrats keep listening to that old ass relic James Carville..we are going to lose. First, he tells #BlackLivesMatter to STFU then now the Dems are whining? But what about y'all white fragility 👀🤷🏾‍♂️🙄😂😡.. #TheView","[""As long as Democrats keep listening to that old ass relic James Carville..we are going to lose. First, he tells #BlackLivesMatter to STFU then now the Dems are whining? But what about y'all white fragility 👀🤷🏾♂️🙄😂😡.. #TheView"", 'My artwork, published in today’s @l***s Sunday paper. Dedicated to my fellow #ParentsInSTEM &amp; #HealthcareWorkers. I see you. https://***4Q #SupportHealthCareWorkers #BlackLivesMatter #SupportParents #SupportTeachers #ImmigrationReform #AcademicMamas #SciComm #SciArt', 'Of all the forms of inequality, injustice in #healthcare is the most shocking and inhumane – #MartinLutherKingJr #MartinLutherKingDay #MartinLutherKingJrDay #twitme #flutter #medhat #100daysofCode #WomenWhoCode #LifeSciences #MedTwitter #STEM #infographic #BlackLivesMatter https://***0t', '-']",-,content_A,post
t3548,u3229,2022-02-26 18:29:13+00:00,BlackLivesMatter,C***J,I can’t believe 10 years have passed since the killing of Trayvon Martin. Watch this excellent story from @L***t on how it sparked the Black Lives Matter movement and the role of cell phones in advancing it. https://***Id,"['https://***Cn #FreeNnamdiKanuNow #FreeMaziNnamdiKanuNow #ESN #EasternSecurityNetwork #FreeMazinnamdikanu #Ambazonia #EndSARS #Freennamdikanu #Togo #FreeBiafra #Benin #Ghana #NoWeaponsForNigeria #BlackLivesMatter #WeMove', 'I can’t believe 10 years have passed since the killing of Trayvon Martin. Watch this excellent story from @L***t on how it sparked the Black Lives Matter movement and the role of cell phones in advancing it. https://***Id', '#Art for #BlackLivesMatter Nina Chanel Abney. 2012. Untitled (Ex X). Acrylic on canvas https://***cd', '-']",-,content_B,post
t0534,u3109,2020-06-05 12:17:04+00:00,BlackLivesMatter,N***a,-,"['Black lives matter https://***Nm', 'Power and Life... #SpeakLife . . . . . . #faithoverfear #loveyourself #bibleverses #blessings #god #goddess #Power #life #blacklivesmatter #blacklove https://***fn', 'Justice for Breonna Taylor #happybirthday #blacklivesmatter https://***hv', '-']",tweet_C,-,retweet
t1223,u0118,2020-10-10 18:59:53+00:00,BlackLivesMatter,F***8,#blacklivesmatter 🖤 @s***d @ Anantara The Palm Dubai Resort https://***qj,"[""but.... Oh he is NOT saying #BreonnaTaylor didn't get justice because she didn't deserve it..... #SayHerName #BlackLivesMatter"", 'Dear @G***e during the Black Lives Matter Protests, you changed your avatar to support the movement. It is only fair that you change your avatar to #EndSarsProtests in solidarity for the Nigerian Youths. Our lives matter too. Keep RTing this!', '#blacklivesmatter 🖤 @s***d @ Anantara The Palm Dubai Resort https://***qj', '-']",-,content_C,post
t2056,u2086,2021-12-27 23:46:31+00:00,BlackLivesMatter,R***n,-,"['#BlackLivesMatter https://***8K', 'Reading great profile on Gloria Steinem (2015) came across organizing principles of Black Lives Matter, that would serve many well. 1. Lead with love. 2. Low ego, high impact. 3. Move at the speed of trust. https://***1t', '🏃🏾♂️🏊🏾🏋🏾🧘🏾♂️🎾The Color of LOVE💪🏾 #love #peace #joy #starvingforvotingrights #blacklivesmatter #blackvotersmatter #RIPArchbishopTutu #DesmondTutu https://***Qk', '-']",tweet_A,-,retweet
t2381,u1289,2022-02-04 14:26:24+00:00,BlackLivesMatter,G***s,"Money problems aside, Black Lives Matter continues to harm America https://***e0","['Money problems aside, Black Lives Matter continues to harm America https://***e0', 'After last year #Texans should have realized the deal. This is criminal. Criminals should be arrested. Cops arrest criminals all the time. #FridayThoughts #FridayMotivation #WritingCommunity #BlackLivesMatter #amwriting #amwritingfiction #KindnessMatters #StrongerTogether #Resist https://***rT', 'This #BlackHistoryMonth, Turkey, Iran, UAE, &amp; China are using black people for modern-day target practice, and testing out their drone technology on civilians in the #Tigray region of #Ethiopia. #BlackLivesMatter @_***n @U***N @T***s https://***sn', '-']",-,content_A,post
t0696,u1970,2020-07-27 05:33:50+00:00,BlackLivesMatter,M***o,"The findings of this paper enrage &amp; disgust me. You should have a similar response. There is no humanity here. I want to say that I am shocked, but I'm not. This is blasphemous &amp; incorrigible. Evil in every way. #BlackLivesMatter https://***3t","[""The findings of this paper enrage &amp; disgust me. You should have a similar response. There is no humanity here. I want to say that I am shocked, but I'm not. This is blasphemous &amp; incorrigible. Evil in every way. #BlackLivesMatter https://***3t"", 'Black lives matter. The vast majority of our Cops deserve our thanks. Peaceful protestors are a powerful force for good. Donald Trump is a horrible human being. America is a truly wonderful country.', 'I haven’t seen a country with such wicked hearts, both the government &amp; the governed. Most NG celebrities, media personalities, journalists, feminist coven, influenzas, trended the #BlackLivesMatter a whole month, like their fame depended on it But Southern Kaduna don’t matter?? https://***jb', '-']",-,content_A,post
t1732,u1988,2021-04-28 22:07:05+00:00,BlackLivesMatter,b***l,Ugh. Here we go again! #BlackLivesMatter https://***8f,"['Ugh. Here we go again! #BlackLivesMatter https://***8f', 'https://***bv #blm #BlackLivesMatter #BrownLivesMatter #protest #activist #nojusticenopeace #SayTheirNames #ourstreets #peace #Equality #justice #love #Humanity #human #kids #clothing #shop #diy #graffiti #urban', 'Get my art printed on awesome products. Support me at Redbubble #RBandME: https://***9K #findyourthing #redbubble #fuckracism #antiracism #racism #blm #BlackLivesMatter #BrownLivesMatter #asianlivesmatter #immigrantlivesmatter #NoHate #justlove #crazykona @r***e', '-']",-,content_A,post
t2822,u2904,2022-02-15 14:39:18+00:00,BlackLivesMatter,u***d,⚡️#BreakingNews @B***a @M***a @V***P @O***h @R***C @J***8 @R***y @R***i @O***C @O***D @W***s @_***C @O***d @U***M @B***6 @T***s @B***A 🌍 🎉2022🎊 ✨👸🏾🤴🏾✨ #BlackLivesMatter #NBAALLSTAR #ThisIsCLE🏙 Only in The #CLE🌇 #OHiO🌃 https://***vA,"['⚡️#BreakingNews @B***a @M***a @V***P @O***h @R***C @J***8 @R***y @R***i @O***C @O***D @W***s @_***C @O***d @U***M @B***6 @T***s @B***A 🌍 🎉2022🎊 ✨👸🏾🤴🏾✨ #BlackLivesMatter #NBAALLSTAR #ThisIsCLE🏙 Only in The #CLE🌇 #OHiO🌃 https://***vA', '""Cree en algo. Aunque signifique sacrificar todo"". Pese a que la NFL le pidió a Eminem no hacer este gesto, hizo caso omiso y rindió este tributo al jugador Colin Kaepernick y se mostró en contra de los actos de racismo en la unión Americana. Black Lives Matter. https://***zy', ""#BlackLivesMatter enthusiast Richard Irvin was for COVID mandates before he was against them even while he still imposes them. That's a level of duplicity not even John Kerry could pull off. Impressive, @I***P men of always. https://***Hm"", '-']",-,content_A,post
t3558,u3187,2022-02-27 01:15:12+00:00,BlackLivesMatter,P***g,The Rise and Rupture of Campaign Zero How the founders of one of Black Lives Matter’s most prominent organizations fell out. https://***Lg,"['https://***xs #mikesrandomthoughts #RedWave2022 #redwave2024 #JoeBidensAmerica #ChinaJoeBiden #bluelivesmatter #Senate #Congress #houseofrepresentatives #JoeBiden #KamalaHarris #CandaceOwens #antifascist #BLM #blacklivesmatter #veterans #secondamendment #ATWA #atwar', 'Watch whiteness work #BlackLivesMatter', 'The Rise and Rupture of Campaign Zero How the founders of one of Black Lives Matter’s most prominent organizations fell out. https://***Lg', '-']",-,content_C,post
t2033,u0141,2021-12-20 14:46:28+00:00,BlackLivesMatter,a***_,African palm wine tapping is an art itself. It is so aesthetically appealing. Visit Africa and enjoy this aesthetic. #african #black #culture #BlackLivesMatter #BlackTechTwitter #africanqueen #palmwine From @a***_ Photo credit @A***e https://***fo,"['🏃🏾♂️🏊🏾🏋🏾🧘🏾♂️🎾The Color of LOVE💪🏾#coachreemy #ntc #nrc #tennis #stayfit #staystrong #running #music #swimming #yoga #manchinandsinemaaretraitors #blacklivesmatter #votingrights #blackvotersmatter #JustDoIt #getvaccinated #StarvingForVotingRights #fuckjoemanchin #buildbackbetter https://***qE', 'African palm wine tapping is an art itself. It is so aesthetically appealing. Visit Africa and enjoy this aesthetic. #african #black #culture #BlackLivesMatter #BlackTechTwitter #africanqueen #palmwine From @a***_ Photo credit @A***e https://***fo', 'Our Extended Special Section on Black Lives Matter has now been published! An editorial, four original articles, one review article and five commentaries. All free to read here!: https://***sf #BlackLivesMatter #race #Ethnicity https://***hr', '-']",-,content_B,post
t0713,u0472,2020-08-10 04:55:44+00:00,BlackLivesMatter,S***1,"The #BlackLivesMatter sign has come off the bike once again as I entered yesterday and cross this new state of diverse values. But, as this picture shows, I’ll have the last laugh! Stay safe #BlackLivesMatter !!! https://***j1","['The #BlackLivesMatter sign has come off the bike once again as I entered yesterday and cross this new state of diverse values. But, as this picture shows, I’ll have the last laugh! Stay safe #BlackLivesMatter !!! https://***j1', 'The latest The WR Awesome Weekly! https://***2h #blacklivesmatter #defundthepolice', 'Glad to listen and learn! Day 1 #NART2020 #antiracism #racialliteracy #racialequity #DiversityandInclusion #BlackLivesMatter @4***m', '-']",-,content_A,post
t1696,u1892,2021-04-09 15:07:54+00:00,BlackLivesMatter,A***N,Black Lives Matter protesters have reportedly blocked traffic outside the Hennepin County Government Center and forced people to honk their horns “for justice.” https://***vI,"['YouTube blocked advertisers from finding videos related to ""Black Lives Matter,"" but not ""White Lives Matter."" https://***gA https://***pF', 'Black Lives Matter protesters have reportedly blocked traffic outside the Hennepin County Government Center and forced people to honk their horns “for justice.” https://***vI', 'Discussing the current state of Haiti with my good friend Opal Tometi, @o***o is the co-founder of #blacklivesmatter and founder of https://***K. #freehaiti @d***g @l***e #haitianhero https://***Jy', '-']",-,content_B,post
t3565,u2676,2022-02-27 11:33:28+00:00,BlackLivesMatter,m***e,"Even in times of war, racism is evident. Some people more equal than others. #BlackLivesMatter https://***ZV","['Alex, Filmon, Mulue and Osman thought they were safe in Britain. So why did the teenage friends take their own lives? https://***yN #BlackBritain #BlackLivesMatter @A***j @A***a', 'Two years after the start of the #pandemic and a #racialawakening, has #covid19 helped to reduce #systemicracism or just further exposed it? I joined @U***r in a very transparent conversation about #race, #PoliceBrutality, &amp; #BlackLivesMatter Watch and listen below. https://***rW', 'Even in times of war, racism is evident. Some people more equal than others. #BlackLivesMatter https://***ZV', '-']",-,content_C,post
t2413,u2253,2022-02-06 09:00:51+00:00,BlackLivesMatter,A***s,-,"[""Optimists want to go from not addressing abuse and misinfo on text based social networks, to not addressing on image based ones, to video based, and now to VR based. Changing the medium is easy. We've done it before. Believing that we can address abuse? Requires extreme optimism"", '#BlackLivesMatter #BlackTwitter #BlackHistoryISAmericanHistory #Blackhistorymonth2022 #famuary #BlessedAndGrateful #blackexcellence https://***nP', 'Gridlock. Be safe. #BlackLivesMatter https://***kH', '-']",tweet_C,-,retweet
t2932,u0685,2022-02-16 23:26:21+00:00,BlackLivesMatter,I***V,"NFL cleverly &amp; has the money to hire Obama's former AG Loretta Lynch in Brian Flores lawsuit. NFL played the ""Race"" card that Black Lives Matter. Somewhat humorous. A symbolism of lynching? #PoliticsNation #theGrio #naacp #BNCNews #nbcnews #cspan #NYPost #HoustonChronicle https://***4F https://***id","['NFL cleverly &amp; has the money to hire Obama\'s former AG Loretta Lynch in Brian Flores lawsuit. NFL played the ""Race"" card that Black Lives Matter. Somewhat humorous. A symbolism of lynching? #PoliticsNation #theGrio #naacp #BNCNews #nbcnews #cspan #NYPost #HoustonChronicle https://***4F https://***id', '#AhmaudArbery #BreonnaTaylor #GeorgeFloyd #ElijahMcClain #JacobBlake #DaunteWright #AmirLocke #BlackLivesMatter #StopRacism #JusticeForAhmaud #JusticeForBreonna #JusticeForElijah #JusticeForJacob #JusticeForDaunte #JusticeForAmir #SayTheirNames #ReformThePolice https://***Hn', '#LovePeaceAndHarmony #BlackLivesMatter #AllLivesMatter #Respect #Egalite #WirSindLaut 💚 Love 💖 #MusicMood #MakeAChange #BeTheChange #BeAChanger Hope 💋💋 https://***fb', '-']",-,content_A,post
t3179,u3195,2022-02-20 05:32:09+00:00,BlackLivesMatter,t***s,"Sat Jun 20 2020 Las Vegas, Nevada - Police charge and shove protesters WATCH: https://***an #LasVegasNevada #LVPD #blacklivesmatter #blm #defundthepolice #abolishthepolice","['Everything is quantum. “Q System can evolve, at the same time, towards the past and the future.” #Q_DAY #QM #4IR #KKK #🧬 #🔥 #👹 #MedicalAidRacialProfiling 🥼🩺💊 @P***A @C***u @I***L @G***1 Spirituality #BlackLivesMatter #BlackHistoryMonth #EFFvsAfriforum https://***st', 'Sat Jun 20 2020 Las Vegas, Nevada - Police charge and shove protesters WATCH: https://***an #LasVegasNevada #LVPD #blacklivesmatter #blm #defundthepolice #abolishthepolice', 'https://***zr RT-8 #blackandproud #imblackandimproud #BlackTwitter #racism #blackamericaweb #WhitePrivilege #BlackLivesMatter #DonLemon #WeAreBetterThanThis #leftwing', '-']",-,content_B,post
t3473,u0929,2022-02-25 06:13:49+00:00,BlackLivesMatter,N***e,Next do black lives matter https://***tv,"['A look at ""how faculty can substantively address white supremacy in the law school curriculum as part of the Movement for Black Lives."" #blacklivesmatter #legaleducation (TaxProf Blog) https://***s8', 'Next do black lives matter https://***tv', 'LISTEN AND SHARE!!! Rockford Reading Daily Podcast 014 - Have Black Lives Ever Mattered by Mumia Abu-Jamal #apple #applepodcasts #podcast #BlackLivesMatter #BLM https://***am', '-']",-,content_B,post
t3507,u2513,2022-02-25 21:31:03+00:00,BlackLivesMatter,U***Y,"#OnThisDay 1 year ago, we hosted our first #TransatlanticTandemTalk on the occasion of our 10th anniversary. We started with an impactful conversation between @h***h @U***e and @t***l @U***M on #BlackLivesMatter. Watch the recordings here: https://***g9 https://***p8","[""@I***c There's been airstrikes in 4 countries across #Africa, Middle East &amp; Europe within the last 48hrs. However, only the European airstrikes got mainstream media coverage. 1/3 of the world (mostly African &amp; poor countries) are under US sanctions, yet no one speaks up. #AllLivesMatter https://***Ey"", '#OnThisDay 1 year ago, we hosted our first #TransatlanticTandemTalk on the occasion of our 10th anniversary. We started with an impactful conversation between @h***h @U***e and @t***l @U***M on #BlackLivesMatter. Watch the recordings here: https://***g9 https://***p8', 'Don’t miss a beat! Sign up for NotedDC, The Hill’s new insider take on the heartbeat of politics and policy. https://***fY https://***1L', '-']",-,content_B,post
t0497,u1121,2020-06-03 14:45:35+00:00,BlackLivesMatter,k***r,#sheriffsoffice #deputysheriff #serveandprotect #protesting #blacklivesmatter #georgefloyd @ USA.United States Of America https://***7x,"['Tech@N***U is in full solidarity with the Black Lives Matter movement and stands with our community in the fight against racism and police brutality. Tech is not neutral, but rather complicit in the marginalization of Black and Brown communities. https://***MY', '#sheriffsoffice #deputysheriff #serveandprotect #protesting #blacklivesmatter #georgefloyd @ USA.United States Of America https://***7x', 'Black Lives Matter https://***fC', '-']",-,content_B,post
t3010,u3230,2022-02-17 22:03:05+00:00,BlackLivesMatter,g***_,"@T***y @I***I OMG just heard the interview with @I***I ! The cosmos is queer and no time line is straight. If we can’t make it safe for black scientists to get to work, we are denying them their ability to do science. Black lives matter is a priority for STEM.","['@T***y @I***I OMG just heard the interview with @I***I ! The cosmos is queer and no time line is straight. If we can’t make it safe for black scientists to get to work, we are denying them their ability to do science. Black lives matter is a priority for STEM.', 'Im white and i love niggas #BlackLivesMatter #nigger #nigga #blm #kkk', 'RT-1 #Democrats #DemocratsAreADisaster #Republicans #WhiteHouse #BidenAdministration #AOC #Biden #GOP #Trump #truth #Freedom #USA #politics #trump #conservative #usa #maga #america #donaldtrump #democrat #liberal #political #BlackLivesMatter #blm #rightwing https://***Hx', '-']",tweet_B,content_A,reply
t2919,u2166,2022-02-16 19:57:01+00:00,BlackLivesMatter,T***k,"Still not the good guys with guns - this time it's @B***D in NJ providing a stark example of how they treat black and white people differently. When people say #ACAB, this is what they mean. #BlackLivesMatter https://***yu","['#BlackHistoryMonth #BlackLivesMatter #BlackHistoryMonthGermany #Blackhistorymonth2022 #BlackTwitter #BlackTwitterGermany https://***FB', ""'SHOULD DECLASSIFY': EXCLUSIVE: Former President Trump urges DOJ to release all records tied to original Russia probe after Durham filing. https://***zW https://***qR"", ""Still not the good guys with guns - this time it's @B***D in NJ providing a stark example of how they treat black and white people differently. When people say #ACAB, this is what they mean. #BlackLivesMatter https://***yu"", '-']",-,content_C,post
t0680,u2047,2020-07-16 18:49:32+00:00,BlackLivesMatter,p***3,Teaneck Town Council: Get a Black Lives Matter mural approved in Teaneck! https://***Ei via @C***e,"['The author of this medium blog articulated in simple languages why black lives matter is tremendously important in the USA and there should be and will be similar movements across the globe for the historically oppressed. https://***DX', 'Bristol City Council tolerates the statue of a slaver for decades but acts swiftly to remove the statue of a black woman activist Both symbolic and deeply disappointing #BlackLivesMatter https://***vq', 'Teaneck Town Council: Get a Black Lives Matter mural approved in Teaneck! https://***Ei via @C***e', '-']",-,content_C,post
t1861,u1801,2021-10-01 20:00:23+00:00,BlackLivesMatter,B***k,On Tuesday we will be hosting our workshop series: Social Justice Activism in the Academy and Beyond in the Age of Black Lives Matter. Join us at 6pm EST with our guest Dr. Mary Roaf. Register Here: https://***c3 https://***SM,"['#chickenandbiscuits \u2066@D***s\u2069 \u2066@W***I\u2069 \u2066@d***1\u2069 #broadway #blacklivesmatter https://***dP', 'Saw my first “Black Lives Mattered” sign today. But if they did then they didn’t.', 'On Tuesday we will be hosting our workshop series: Social Justice Activism in the Academy and Beyond in the Age of Black Lives Matter. Join us at 6pm EST with our guest Dr. Mary Roaf. Register Here: https://***c3 https://***SM', '-']",-,content_C,post
t3255,u0499,2022-02-21 13:09:32+00:00,BlackLivesMatter,Q***m,It is time for parents to teach young people early on that in diversity there is beauty and there is strength #MayaAngelou #blackhistorymonth #QuarantineRacism #BlackLivesMatter #BlackTwitter #PresidentsDay #MondayMotivation #Worldle #traffic Learn More https://***pX https://***cy,"['It is time for parents to teach young people early on that in diversity there is beauty and there is strength #MayaAngelou #blackhistorymonth #QuarantineRacism #BlackLivesMatter #BlackTwitter #PresidentsDay #MondayMotivation #Worldle #traffic Learn More https://***pX https://***cy', '.@j***d McFadden, an internationally recognized assistant professor of photography in RIT’s School of Photographic Arts and Sciences, was chosen to visually capture the story of the first decade of Black Lives Matter in @N***g’s February issue. https://***zV', ""You'd think they'd use a program that would #photoshop better I mean with all that #WhiteSupremacist #money #notmybusiness #clowns #sheep #WhitePrivilege #donttellme #tokens #blabla #BlackLivesMatter #indigenouslivesmatter #realhumanrightsmatter #entitledbrats https://***ZW https://***BB"", '-']",-,content_A,post
t3627,u2973,2022-02-28 20:24:23+00:00,BlackLivesMatter,l***r,Ok. I didn’t know about this but what the actual 🤬🤬🤬🤬!!! Y’all still got time for #racism. Can’t we be treated fairly and live safely ANYWHERE?!?! #ShameonUkraine #racisminukraine #BlackLivesMatter #AfricanLivesMatter #poclivesmatter #peopleofcolorlivesmatter #racisminwar https://***i2,"['#Maddow #Bitcoin #CNN #ElizabethWarren #Manchin #Covid_19 #Pelosi #TheSquad #NYC #AOC #FoxNews #MSNBC #BernieSanders #BlackLivesMatter #Democrats #Biden #Kerry live in a #Woke Bubble that makes them unfit to be leaders https://***vy', 'Because #BlackLivesMatter, we raised this flag at the Embassy as a symbol and a reminder of our collective responsibility to advance racial equality worldwide. #BlackHistoryMonth', 'Ok. I didn’t know about this but what the actual 🤬🤬🤬🤬!!! Y’all still got time for #racism. Can’t we be treated fairly and live safely ANYWHERE?!?! #ShameonUkraine #racisminukraine #BlackLivesMatter #AfricanLivesMatter #poclivesmatter #peopleofcolorlivesmatter #racisminwar https://***i2', '-']",-,content_C,post
t2934,u2922,2022-02-16 23:32:12+00:00,BlackLivesMatter,u***s,Is what continues to get us killed. #BlackLivesMatter https://***St,"['@S***h @k***j J. Trudeau is supportive of ""protests"" that desecrate/remove/invalidate historical landmarks/statues/monuments. How is this? #BlackLivesMatter are not out handing pamphlets with kind words 👉 a way forward to finally be free from ""Kaepernicks"" American enslavement 🏈 practices.', 'Is what continues to get us killed. #BlackLivesMatter https://***St', ""@r***d @c***k @S***n @P***t @U***E @S***2 I believe referring to black people as #retarded violates @T***r rules, @r***d! You don't think depriving black people of your white privileges factors in at all??? #TakeTheKnee #BlackLivesMatter #SillyTruckers @c***k @U***E @P***t #BLM @S***n"", '-']",-,content_B,post
t0589,u1099,2020-06-11 03:43:56+00:00,BlackLivesMatter,b***z,My message today: seeing the BEAUTY in BLACKNESS is revolutionary.⁣⁣ ⁣⁣ #BlackLivesMatter⁣⁣ #ShareTheMicNow⁣⁣ #KeepSharingTheMic @s***w ⁣ (revolutionary art by Sally K.) https://***wk,"[""'The choice before the health care system now is to show, not tell, that Black Lives Matter.' @R***D gives us 5 practices to dismantle structural racism and improve the health of the black community. @L***D @S***v Stolen Breaths | NEJM https://***pZ"", 'My message today: seeing the BEAUTY in BLACKNESS is revolutionary. #BlackLivesMatter #ShareTheMicNow #KeepSharingTheMic @s***w (revolutionary art by Sally K.) https://***wk', '7.These are my honest words from my heart! I want humanity to thrive and receive the blessing of this earth again, but we have to do it TOGETHER, and the first step is knowing we’re you come from and acknowledging why #BlackLivesMatter and #blacktranslivesmatter', '-']",-,content_B,post
t0671,u0508,2020-07-14 23:33:13+00:00,BlackLivesMatter,U***C,"""We know things move slowly in academia. But we can't pause our pain while we wait for things to change."" (A thread from @B***m) #blacklivesmatter #healthequity #antiracism #savehealthcare #blackintheivory #ucsd4antiracism https://***E0","['@E***C @b***t @E***e @e***C @E***w #BlackLivesMatterUK #BlackLivesMattters https://***EV', 'Black Lives Matter. https://***VV', '""We know things move slowly in academia. But we can\'t pause our pain while we wait for things to change."" (A thread from @B***m) #blacklivesmatter #healthequity #antiracism #savehealthcare #blackintheivory #ucsd4antiracism https://***E0', '-']",-,content_C,post
t0505,u1781,2020-06-03 20:47:17+00:00,BlackLivesMatter,n***h,-,"['Thank you to all the protesters around the world fighting for whats right. Protect Black lives #BlackLivesMatter.', 'Racism does not adhere to social distancing. Amid the already growing fear and uncertainty around the pandemic, this week has again brought attention to something perhaps more pervasive: the long-standing racism and injustices faced by Black and Brown people on a daily basis. 🧵 https://***cY', 'We need a slogan that speaks to how society undervalues us as human beings. ‘Black Lives Matters As Well’? How about just ‘Black Lives Matter’? Won’t people wilfully misunderstand and say ‘All Lives Matter?’ Don’t be ridiculous, how fucking obtuse do you think people are?!', '-']",tweet_A,-,retweet
t0554,u1146,2020-06-06 19:21:20+00:00,BlackLivesMatter,T***e,"#BlackLivesMatter Yes they do, All of Them. Protestors have been misguided. Instead of fewer #Cops we need more community involvement and interaction with more cops. 24 dead in one weekend, #MSM doesn't mention, unconscionable! https://***6z","[""#BlackLivesMatter Yes they do, All of Them. Protestors have been misguided. Instead of fewer #Cops we need more community involvement and interaction with more cops. 24 dead in one weekend, #MSM doesn't mention, unconscionable! https://***6z"", 'The section of 16th street in front of the White House is now officially “Black Lives Matter Plaza”. https://***5b', 'Despite being nervous about his safety, I let my son go to the protest. He wanted his voice to be heard. And to show his piece of protest art. I’m proud of him✊🏾#BlackLivesMatter #JusticeForGeorge https://***fT', '-']",-,content_A,post
t0489,u1497,2020-06-03 00:24:07+00:00,BlackLivesMatter,T***D,"Today and all days, TEDMED stands in solidarity with the black community. We acknowledge and embrace our role in standing against systemic racism and denouncing race-based prejudice and violence. #blacklivesmatter https://***Uc","['The call ""Black Lives Matter"" means that rights, privileges, liberty, and justice must apply equally to Black people as well. The response ""All Lives Matter"" means they should continue as they always have been, applying only to white people.', ""If you feel that you can't concentrate on embryos, genes scRNAseq 'cause you are disturbed by what you see, good on you; wherever you can help/think how to help as, together, we use this time as an opportunity to build a different/better society #GeorgeFloyd #BlackLivesMatter"", 'Today and all days, TEDMED stands in solidarity with the black community. We acknowledge and embrace our role in standing against systemic racism and denouncing race-based prejudice and violence. #blacklivesmatter https://***Uc', '-']",-,content_C,post
t3492,u2117,2022-02-25 17:14:15+00:00,BlackLivesMatter,m***c,@t***s @P***S @V***P @S***i @T***s Repair the damages this country has inflicted upon Black people for centuries! We demand Reparations! No justice no peace! #BlackLivesMatter 👆🏾,"['@t***s @P***S @V***P @S***i @T***s Repair the damages this country has inflicted upon Black people for centuries! We demand Reparations! No justice no peace! #BlackLivesMatter 👆🏾', ""@T***w @s***n I'm a FAR better singer than @s***n. I have a MUCH better range. I have a jazz background so my improvisational skills far out strip him. Just FYI, East Coast @t***z #LosAngeles #WestCoast #EntertainmentNews #Entertainment #singers #music #musicNFTs #BlackHistoryMonth #blm"", '✊🏿✊🏾✊🏽 Today in #history... #nj #njsc #naacp #black #blackhistoryeveryday #blackhistory365 #blackseries #comment #blackempowerment #photooftheday #blacklivesmatter #blm https://***Zn', '-']",tweet_C,content_A,reply
t0544,u1016,2020-06-05 18:27:19+00:00,BlackLivesMatter,c***n,"Students from my law school alma mater are speaking up today under the hashtag #MLawLoud about their experiences in law school, and about Michigan’s ridiculously wish-washy statement on current events that can’t even bring itself to say that Black Lives Matter.","['Students from my law school alma mater are speaking up today under the hashtag #MLawLoud about their experiences in law school, and about Michigan’s ridiculously wish-washy statement on current events that can’t even bring itself to say that Black Lives Matter.', 'Everyone has the ability to learn about the black struggle. Share in the comments any books you would recommend 👇 #blacklivesmatter #blm #educateyourself #blackoppression #opression #mvslim https://***IL', 'I am very proud of my town, #Plymouth MA. We stand together to proclaim #BlackLivesMatter and to commit to fighting racism and injustice. Thank you all for this video @P***h @T***h @P***e @M***e @k***a @P***t @P***a https://***mJ', '-']",-,content_A,post
t1854,u2336,2021-09-28 19:29:00+00:00,BlackLivesMatter,H***s,-,"[""I Believe: Black Lives Matter. Women's Rights Are Human Rights. No Human Is Illegal. Science Is Real. Love Is Love. Kindness Is Everything. Do You? https://***CB"", ""Love it, couldn't wear it! #blacklivesmatter https://***9U"", 'One year later: Support for Black Lives Matter declined after George Floyd protests, but has remained unchanged since https://***wh', '-']",tweet_C,-,retweet
t0516,u3027,2020-06-04 14:01:43+00:00,BlackLivesMatter,w***n,-,"['Don’t be afraid to let your voice be heard. #BlackLivesMatter https://***U2', 'The BLM Seattle Freedom Fund | Black Lives Matter Seattle-King County https://***jP', 'A word of solidarity for all the people that are peacefully demonstrating during this. #Hyperloop #hyperloopitalia #BlackLivesMatter https://***Po', '-']",tweet_C,-,retweet
t3149,u0626,2022-02-19 22:06:57+00:00,BlackLivesMatter,K***n,@P***_ @P***_ RACISM DOES NOT CHANGE THE MIND OF THE RACIST / THE RACIST ONLY CHANGES ITS FORM‼️ Registered Sex Offender/ White Supremest and Kiddie Fiddler Steve Karpovitz #California #BlackLivesMatter #Providence #RhodeIsland #NorthProvidence #BOLO #Boston #Massachusetts #FBA https://***2i,"['@P***_ @P***_ RACISM DOES NOT CHANGE THE MIND OF THE RACIST / THE RACIST ONLY CHANGES ITS FORM!!️ Registered Sex Offender/ White Supremest and Kiddie Fiddler Steve Karpovitz #California #BlackLivesMatter #Providence #RhodeIsland #NorthProvidence #BOLO #Boston #Massachusetts #FBA https://***2i', 'What could be the matter🙄😓🤔 #woposts #funnyjokes #funnymemes #memes #jokes #memes😂 #mysmallbusiness #olosho #nnpc #baeu #saliva #unilag #oxlaid #Assustrike #blacklivesmatter #ibadan #nairaland #abbakyari #futo #loml #asuu #fuelscarcity #mercyeke #kingsleyobiekwu #ipob https://***Yr', 'The family of Jimmy Atchison is giving back to the community and demanding accountability for his unjustified killing by #SungKim. #JimmyAtchison #BlackLivesMatter #SayhisName https://***Mj', '-']",tweet_B,content_A,reply
t2291,u2668,2022-01-30 20:11:59+00:00,BlackLivesMatter,w***a,-,"['There is nothing wrong with focusing on a particularly marginalized demographic that needs special attention and advocacy. ""All lives matter"" is a hollow response to both #BlackLivesMatter and #prolife. https://***u5', 'Attitudes and feelings towards Black Lives Matter are polarized along racial and political lines and emerge across many different specific events and measures https://***wp https://***Xw', 'Call to action for Tyron Coates, who was murdered by police the day before yesterday. #BlackLivesMatter https://***uI', '-']",tweet_B,-,retweet
t0563,u1141,2020-06-07 16:26:39+00:00,BlackLivesMatter,E***p,-,"['So many names with Breonna. A daughter, a sister, a friend, a mother. I fear the energy and momentum will dissipate. Don’t let it. #BlackLivesMatter https://***5z', 'Together we are stronger. We can do better. We MUST do better. #BlackLivesMatter https://***Fx', 'Remembering Breaonna Taylor’s birthday in #Washington this evening. #blm #BlackLivesMatter https://***ut', '-']",tweet_A,-,retweet
t1590,u2782,2020-12-28 13:34:29+00:00,BlackLivesMatter,p***6,I am excited to announce the 1000 Black Scientists list! Thank you @C***s for your help in assembling the list. Thank you so much @C***r @C***s for the collaboration. #BlackTwitter #BlackLivesMatter #BlackintheIvory #ScienceTwitter #AcademicTwitter #scicomm https://***hN,"['I am excited to announce the 1000 Black Scientists list! Thank you @C***s for your help in assembling the list. Thank you so much @C***r @C***s for the collaboration. #BlackTwitter #BlackLivesMatter #BlackintheIvory #ScienceTwitter #AcademicTwitter #scicomm https://***hN', 'Most definitely overdue for change!#BlackLivesMatter https://***s9', '@e***4 Cual sobrino? Soy tu tío baboso, compórtese, black lives matter', '-']",-,content_A,post
t2176,u3250,2022-01-18 22:01:26+00:00,BlackLivesMatter,G***d,"Untitled, Nashville, Tennessee, 1956 .⁠ .⁠ .⁠ #blackculture #blacklove #blackisbeautiful #socialjustice #freedom #endinjustice #speakup #speakout #blacklivesmatter #blm https://***aB","['Essays and Works of Journalism by Black Authors on Racism to Read #MLK #BlackLivesMatter https://***XQ', 'Untitled, Nashville, Tennessee, 1956 . . . #blackculture #blacklove #blackisbeautiful #socialjustice #freedom #endinjustice #speakup #speakout #blacklivesmatter #blm https://***aB', ""It's hard to watch folks tweet about MLK and you know they're the same ones who deny that racism is alive and well, &amp; that rebuke Black Lives Matter, police reform, voting rights &amp; DEI in the workplace. It's daunting. Drop performative allyship &amp; focus on action over tweets."", '-']",-,content_B,post
t1771,u0461,2021-06-25 14:38:59+00:00,BlackLivesMatter,l***n,"In this lab we believe science is real, black lives matter, love is love, feminism is for everyone, no human being is illegal, and kindness rules.","['Read the entire thread and then listen. #mentalhealthmatters #blacklivesmatter https://***93', ""We are excited to share that @D***D, chief of general thoracic surgery was named by @c***g as one of the top 25 individuals breaking down racial barriers to better #cancer care in their recent #CancerHealth25's #BlackLivesMatter list. https://***5O"", 'In this lab we believe science is real, black lives matter, love is love, feminism is for everyone, no human being is illegal, and kindness rules.', '-']",-,content_C,post
t3708,u2497,2022-03-02 14:53:04+00:00,BlackLivesMatter,i***K,"As his attack falters, Putin could become more brutal – and even more irrational https://***aH #HolocaustMemorialDay #MLK #GrenfellTower #BlackLivesMatter #BidenHarris #oprahmeghanharry #ReparationsNow","[""@W***J Yes, Totally Agree With The Training Needs For Police. Remember How Heart Wrenching Were People When They Came Out With 'Black Lives Matter'. Highly Aware @P***S Could Also Start The Ball Rolling For Tweeking Needed With The Guidances For Police."", 'As his attack falters, Putin could become more brutal – and even more irrational https://***aH #HolocaustMemorialDay #MLK #GrenfellTower #BlackLivesMatter #BidenHarris #oprahmeghanharry #ReparationsNow', 'DING, ding... Ding &amp; ding^ DING... ding ding ding &amp; ding ding &amp; DING #PennState #BlackLivesMatter #JusticeForAll', '-']",-,content_B,post
t3832,u0733,2022-03-04 13:33:42+00:00,BlackLivesMatter,l***t,-,"[""How come #Somalian civilians' life is like this after the #US conducted bombing against Al Shabab militants in Somalia for years? #StopAllWars #AllLivesMatter #NoNuclearWar #NoColdWar #WorldPeace https://***VG"", 'In A Diverse Society, How Do You Enact #Politics That May Advance Racial Equality Without Reinforcing Racial Divisions https://***cS #blacklivesmatter #diversity #freedom #inequality #meritocracy #omarwasow #princetonuniversity', 'World Premier! Our rock song, Let Me Go, with awesome video! @G***g @C***r @t***t @R***f @A***C #ahimsa #animalrights #progressive #lgbtq #equality #environment #feminism #peacelove #vegan #blm #blacklivesmatter #antifa #resist https://***cP', '-']",tweet_A,-,retweet
t0429,u2729,2020-05-31 19:28:46+00:00,BlackLivesMatter,R***s,-,"['Call it what it is. #BlackLivesMatter #icantbreathe #GeorgeFloyd https://***eY', '#BlackLivesMatter https://***Sh', 'To be silent is to be complicit. Black lives matter. We have a platform, and we have a duty to our Black members, employees, creators and talent to speak up.', '-']",tweet_B,-,retweet
t2808,u3195,2022-02-15 11:32:09+00:00,BlackLivesMatter,t***s,"Sat May 30 2020 Minneapolis, Minnesota - Police pepper spray journalist as she is walking away WATCH: https://***fz #MinneapolisMinnesota #MPD #blacklivesmatter #blm #defundthepolice #abolishthepolice","['""A 12-year-old Black swimmer was nearly disqualified from a Wisconsin swim meet for wearing a \'Black Lives Matter\' swimsuit - CNN"" #BlackLivesMatter #BlackTwitter https://***dv', 'Another ritual in the #SuperBowl ! #Eminem #eminemkneel #BlackLivesMatter #BlackHistoryMonth #ColinKaepernick https://***eo', 'Sat May 30 2020 Minneapolis, Minnesota - Police pepper spray journalist as she is walking away WATCH: https://***fz #MinneapolisMinnesota #MPD #blacklivesmatter #blm #defundthepolice #abolishthepolice', '-']",-,content_C,post
t0562,u0405,2020-06-07 15:33:58+00:00,BlackLivesMatter,F***1,-,"['“Black lives matter, and decriminalization is a step the university must take to stand behind their claim and begin modeling this claim in policy and campus climate.” https://***gV via @t***y', 'geen lucht meer geen luchtigheid meer #BlackLivesMatter #GeorgeFloyd https://***xm', 'So proud to see #BlackLivesMatter signs up in the windows of @Z***n! https://***1N', '-']",tweet_C,-,retweet
t0724,u2028,2020-08-20 04:22:46+00:00,BlackLivesMatter,i***n,-,"['The Left’s version of ‘thoughts and prayers’: yelling ‘Black Lives Matter!’, after more than 30K+ Black ppl have died of COVID in less than 6 mos, while refusing to *vote* because Biden/Harris, are ‘too centrist.’ That’s B.S. ‘Faith w/o works is dead.’ Vote.', ""Guardian's Facebook page, full of racists talking about George Floyd's death and justifying killing by the police #BlackLivesMatter #blacklivesmatteruk #GeorgeFloyd https://***7B https://***nk @g***n @g***s https://***zx"", ""'Mind the Gap' by Malone Mukwende. Such revolutionary milestone this is in the history of #medicine #BlackLivesMatter https://***Yq"", '-']",tweet_B,-,retweet
t3074,u1661,2022-02-18 19:04:16+00:00,BlackLivesMatter,S***r,Two Years Is Not Enough For Kim Potter! #kimpotter #dauntewright #blacklivesmatter #blm #dontcensorme #reaction #endracism #endcorruptionnow #enoughisenough #fixthesystem #justicesystemisbroken #wakeupamerica #wtfu #smh #outraged #kimpottersentencing https://***I6,"['Images of Black Love Under Bondage | The Neo Jim Crow #prison #slavery #jimcrow #abolition #ados #justice #love #hope #BlackLove #blackart #blackartist #blacktwitter #blm #blackexcellence #BlackLivesMatter #image #NewJimCrow #NJCA #blackhistory https://***al', 'Two Years Is Not Enough For Kim Potter! #kimpotter #dauntewright #blacklivesmatter #blm #dontcensorme #reaction #endracism #endcorruptionnow #enoughisenough #fixthesystem #justicesystemisbroken #wakeupamerica #wtfu #smh #outraged #kimpottersentencing https://***I6', ""Join us for (R)Evolutionary Healing to see Derrick and other visionaries working to build healing solutions in their communities by reserving your spot at tonight's event: https://***ew #BayArea #BlackHistoryMonth #BlackLivesMatter #BLM #Blackvoices #Blackartists"", '-']",-,content_B,post
t0411,u0170,2020-05-30 20:51:15+00:00,BlackLivesMatter,W***s,-,"['Like Kirk franklin said... “get ready for a revolution” #BlackLivesMatter', 'We are living in two Americas, with two different systems of justice. https://***hF #BlackLivesMatter #GeorgeFloyd #injustice https://***7o', '@f***o @h***r #BlackLivesMatter', '-']",tweet_B,-,retweet
t2721,u0814,2022-02-14 03:47:39+00:00,BlackLivesMatter,1***I,these r the #criminals #thugs &amp; #con men who divided #Africa and attempted to destroy #African communities. #Berlin Conference 1884. #BlackHistoryMonth Day 14 #crime #criminal #looters #capetown #anc #eff #sabc #blacklivesmatter #southafrica https://***iK,"[""Sincerely, I truly appreciate your kind gestures towards your subscribers and how genuine your games are @3***S.Thanks for the yesterday's games once more #BlackLivesMatter #Arsenal #Wolves #Enugu #OyoState #Asiwaju #oxlaid #Ibadan #Cats #Kangaroos #Nike #Racism #WOLARS https://***d6"", 'these r the #criminals #thugs &amp; #con men who divided #Africa and attempted to destroy #African communities. #Berlin Conference 1884. #BlackHistoryMonth Day 14 #crime #criminal #looters #capetown #anc #eff #sabc #blacklivesmatter #southafrica https://***iK', 'Happy Birthday to the @N***P! #BlackHistoryMonth #BlackHistoryAlways #BlackLivesMatter', '-']",-,content_B,post
t0701,u2307,2020-07-31 22:01:12+00:00,BlackLivesMatter,_***h,Hey friends. Listen. Zimbabweans are in a dire situation in their country at the moment. You might not see a lot about this on your TL because of the suppression of speech within the country and people fearing for their safety. #FreeZimbabwe #BlackLivesMatter #BlackIsKing https://***wP,"['Residents are driving Black Lives Matter protesters out of Springfield, Oregon. https://***Bg', 'Wow, @t***s—fantastic talk as usual and loved the format. #HRTX We can’t lose this momentum, and it is our responsibility to push through the discomfort of these discussions in the workplace and society. Silence &amp; complicity change nothing. #BlackLivesMatter #EquityForAll', 'Hey friends. Listen. Zimbabweans are in a dire situation in their country at the moment. You might not see a lot about this on your TL because of the suppression of speech within the country and people fearing for their safety. #FreeZimbabwe #BlackLivesMatter #BlackIsKing https://***wP', '-']",-,content_C,post
t3633,u3043,2022-02-28 21:36:18+00:00,BlackLivesMatter,F***r,Episode 1 : Comment le mouvement Black Lives Matter a propulsé son entreprise. Disponible en français avec des transcriptions en anglais sur YouTube,"['Sat Aug 15 2020 Portland, Oregon - Police officer rips mask off protester, shoves reporter WATCH: https://***oY #PortlandOregon #PPD #blacklivesmatter #blm #defundthepolice #abolishthepolice', 'https://***GU #mikesrandomthoughts #RedWave2022 #redwave2024 #JoeBidensAmerica #ChinaJoeBiden #bluelivesmatter #Senate #Congress #houseofrepresentatives #JoeBiden #KamalaHarris #CandaceOwens #antifascist #BLM #blacklivesmatter #veterans #secondamendment #ATWA #atwar', 'Episode 1 : Comment le mouvement Black Lives Matter a propulsé son entreprise. Disponible en français avec des transcriptions en anglais sur YouTube', '-']",tweet_B,content_C,reply
t2606,u1140,2022-02-10 18:55:58+00:00,BlackLivesMatter,l***c,"Some strong words right here ""I do believe the south will rise again, but this time on our terms."" #BlackLivesMatter https://***mN","['@f***9 👀 THE TRUTH ABOUT #AMERICA #realitybites #citizenjournalism #economics #truthbetold #fyp #newsworthy #Trump2024 ❤️ @R***1 #followus #Changingthenarrative #SupportBlackBusiness #BlackLivesMatter #BlackHistoryMonth #FreedomOfSpeech #1DDrive https://***Yg', 'Some strong words right here ""I do believe the south will rise again, but this time on our terms."" #BlackLivesMatter https://***mN', ""@R***L @B***3 @T***y @G***k @t***r Which isn't nearly as good as if everyone were masked up around him to help protect a fellow human and American. #prolife #Patriots #respectyourelders #AllLivesMatter"", '-']",-,content_B,post
t3503,u2185,2022-02-25 19:50:02+00:00,BlackLivesMatter,A***2,-,"['Character Study: Ted Brooks [Snow Dogs 20 Year Anniversary + Black History Month] https://***vw via @T***1 . #ENTERTAINMENT #Disney #Character #Anniversary #BlackLivesMatter', 'A look at ""how faculty can substantively address white supremacy in the law school curriculum as part of the Movement for Black Lives."" #blacklivesmatter #legaleducation (TaxProf Blog) https://***s8', 'ICYMI - ""We want to be treated fairly and equally,"" said Trahern Crews, an organizer for Black Lives Matter Minnesota. ""We want our children to stop being attacked by the police in the state of Minnesota."" Story via @c***s https://***WF', '-']",tweet_B,-,retweet
t2987,u0761,2022-02-17 16:05:25+00:00,BlackLivesMatter,M***3,"Can someone please tell me how teaching can be balanced if they don't teach our children that black lives matter? I mean, what the actual fuck!?!? # JohnsonOut_24","['#FreedomForCatalonia #StandWithCatalonia #Amnesty #CataloniaIsNOTSpain #CatalanExiles #Katalonien #Catalonia #Catalogne #HongKong #GiletsJaunes #FreeAssange #Snowden #Chile #WellcomeRefugees #RiseUp4Rojava #Myanmar #BlackLivesMatter #Scotland #FreePalestine #Afganisthan https://***2L', 'ClintonWorld takesover Black Lives Matter! https://***cc Marc Elias and another longtime ally of former Secretary of State Hillary Clinton have taken on key roles in the charity amid scrutiny over its leadership and finances. #ClintonCrimes', ""Can someone please tell me how teaching can be balanced if they don't teach our children that black lives matter? I mean, what the actual fuck!?!? # JohnsonOut_24"", '-']",-,content_C,post
t3463,u2116,2022-02-24 23:16:57+00:00,BlackLivesMatter,A***Q,Black History Month is celebrated every February to recognize the achievements of African Americans and their pivotal role in shaping U.S. history. #BlackMonthHistory #BlackCommunity #BlackHistory #AfricanAmericanHistory #AfricanAmericans #BlackLivesMatter #APAPA https://***SC,"['Black History Month is celebrated every February to recognize the achievements of African Americans and their pivotal role in shaping U.S. history. #BlackMonthHistory #BlackCommunity #BlackHistory #AfricanAmericanHistory #AfricanAmericans #BlackLivesMatter #APAPA https://***SC', 'My 90s brother god rest and bless your beautiful soul!! 🙏🏾🙏🏾❤️ #BlackLivesMatter ALWAYS!!!!!!!', 'LISTEN AND SHARE!!! Rockford Reading Daily Podcast 014 - Have Black Lives Ever Mattered by Mumia Abu-Jamal #apple #applepodcasts #podcast #BlackLivesMatter #BLM https://***am', '-']",-,content_A,post
t1342,u2212,2020-10-27 10:15:33+00:00,BlackLivesMatter,m***2,"Conservative voices say social media is biased against them. But in two hot-button issues — on Black Lives Matter &amp; potential voter fraud — right-wing voices dominate the online debate, according to a monthlong data analysis across 5 social networks https://***KD","['Black lives matter! Let equality bloom! https://***sf #swaggerlyfe #swaggerlyfestyle #swaggerlyfe20 #blacklivesmatter #equality #bloom #peace #apparelbrand #swag #uniqueappareldesigns #creativeappareldesign #uniquedesigns https://***iH', '@T***s #BlackLivesMatter This is how your readers react to #BLM https://***ej', 'Conservative voices say social media is biased against them. But in two hot-button issues — on Black Lives Matter &amp; potential voter fraud — right-wing voices dominate the online debate, according to a monthlong data analysis across 5 social networks https://***KD', '-']",-,content_C,post
t0438,u0447,2020-06-01 03:10:02+00:00,BlackLivesMatter,E***r,-,"['#BlackLivesMatter #scchat', 'It is beneficial for startup companies to be on the right side of history. This is an opportunity for you to show users and customers your values. #Entrepreneur #JusticeForGeorgeFlyod. #BlackLivesMatter', 'Dites @S***B ce train solidaire a touché tant d’Americains - et de personnes dans le monde. Ce ne sont pas des graffitis, c’est un cri #BlackLivesMatter - ne le nettoyez pas - et continuez à la faire circuler. Merci ! https://***Dj', '-']",tweet_A,-,retweet
t2015,u0848,2021-12-12 08:19:41+00:00,BlackLivesMatter,m***b,"In tomorrow’s Mail: HOW THE NATIONAL TRUST, BLACK LIVES MATTER AND MEGHAN MARKLE FORCED POOR BORIS TO LIE https://***fK","['In tomorrow’s Mail: HOW THE NATIONAL TRUST, BLACK LIVES MATTER AND MEGHAN MARKLE FORCED POOR BORIS TO LIE https://***fK', 'Important 🧵 #BlackLivesMatter https://***3K', 'Fueled by Love and Faith, I fight everyday to spark positive change and build a brighter future for my oldest son Jahvaris and people all over the world. I’m so thankful to @P***n and Megan Rapinoe for providing me with the opportunity to take over her social channels! https://***gZ', '-']",-,content_A,post
t2273,u1256,2022-01-28 09:45:53+00:00,BlackLivesMatter,s***e,"From Black Lives Matter to Brexit England, debating issues of the day via sound and vision can lead to potent pieces of work. #DavidKnight explores how artists, their labels and video directors are approaching mixing politics with promos. https://***rV","['From Black Lives Matter to Brexit England, debating issues of the day via sound and vision can lead to potent pieces of work. #DavidKnight explores how artists, their labels and video directors are approaching mixing politics with promos. https://***rV', 'Today is the day! Our Black Lives Matter session, hosted by @B***i, is up on our International Forum site. Watch here and let us know your thoughts! https://***OT #WUSCForum2022', 'Title: Baptism . . 🎨 @y***s #BlackLivesMatter #black #African #art #NFT #NFTCommunity #nftcollectors #painting #DigitalArtist #digitalarts @c***s @g***i @m***r @s***e @K***a @M***m @T***y @P***p @L***m https://***Dz', '-']",-,content_A,post
t3457,u0855,2022-02-24 20:00:39+00:00,BlackLivesMatter,S***s,"Alicia Garza, Patrisse Cullors-Khan, and Opal Tometi got together and developed a response to Zimmerman’s acquittal. Black Lives Matter (BLM) started as a social media hashtag and rapidly grew. Read more at https://***cD #WhatYouNeedToKnow #SybilWilkes #socialjustice https://***xR","['Associate Professor Jaime Booth\'s SPIN project has an article in the Journal of Research on Adolescents special issue ""Black Lives Matter!: Systems of Oppression Affecting Black Youth."" https://***IS @J***h https://***se', '@T***w @s***n @T***Z @W***g @e***l @l***r @l***r you haz my pity. 😿 @t***z #singing #singer #singers #karaoke #music #musicNFT #musicNFTs #musicians #music #Entertainment #EntertainmentNews #lgbt #lgbtq #lgbtqia #LosAngeles #LA #SD #OC #megaCity #latinos #latinx #Xicano #Xican #Aztlan #ThisIsLosAngeles #WestCoast', 'Alicia Garza, Patrisse Cullors-Khan, and Opal Tometi got together and developed a response to Zimmerman’s acquittal. Black Lives Matter (BLM) started as a social media hashtag and rapidly grew. Read more at https://***cD #WhatYouNeedToKnow #SybilWilkes #socialjustice https://***xR', '-']",-,content_C,post
t0500,u1050,2020-06-03 16:41:36+00:00,BlackLivesMatter,m***a,"Proud to see all the US companies I've worked for: @s***e, @t***u / @s***e, and @M***t choosing the right side of history! #BlackLivesMatter https://***VY https://***1Q","['Black Lives Matter #blackouttuesday https://***wo https://***VR', '8/ I was a hundred feet away from this non-crime and still ended up a victim of chemical warfare. #BlackLivesMatter #JusticeForGeorgeFloyd #oaklandprotest', ""Proud to see all the US companies I've worked for: @s***e, @t***u / @s***e, and @M***t choosing the right side of history! #BlackLivesMatter https://***VY https://***1Q"", '-']",-,content_C,post
t2867,u0491,2022-02-16 01:09:42+00:00,BlackLivesMatter,S***X,"Saturday, February 19th Justice for Patrick Kimmons and all others Solidarity with MPLS. A black and white picture of Amir Locke. Justice for Amir Locke. Meet at 7. Move at 8. Normandale Park. #portland #blacklivesmatter https://***Me","['Saturday, February 19th Justice for Patrick Kimmons and all others Solidarity with MPLS. A black and white picture of Amir Locke. Justice for Amir Locke. Meet at 7. Move at 8. Normandale Park. #portland #blacklivesmatter https://***Me', '⚡️#BreakingNews @B***a @M***a @V***P @O***h @R***C @J***8 @R***y @R***i @O***C @O***D @W***s @_***C @O***d @U***M @B***6 @T***s @B***A 🌍 🎉2022🎊 ✨👸🏾🤴🏾✨ #BlackLivesMatter #NBAALLSTAR #ThisIsCLE🏙 Only in The #CLE🌇 #OHiO🌃 https://***Sj', '.@t***u #BHM #BlackHistoryMonth #BlackLivesMatter #BLM Reminder #BlackWomen/#woc i.e #SimoneBiles #NaomiOsaka #emmaraducanu got WIDER backlash esp from @P***n for withdrawing from sports 4 their #MentalHealth than wh*te DRUG CHEATS #KamilaValieva &amp; #MariaSharapova. https://***hN', '-']",-,content_A,post
t1430,u0045,2020-11-16 18:09:05+00:00,BlackLivesMatter,g***g,"the effort to include PWD in their events and conversations. In this case, it’s Deaf interpreter and advocate Rian Gayle, who is working to increase the number of Black Lives Matter protests that have an ASL interpreter. 3/4 #goodtrouble","['https://***Q9 #AMAmtg #blacklivesmatter', 'the effort to include PWD in their events and conversations. In this case, it’s Deaf interpreter and advocate Rian Gayle, who is working to increase the number of Black Lives Matter protests that have an ASL interpreter. 3/4 #goodtrouble', '@a***1 have been given a grant by @T***d for our project Our Story, Our Voices #ourstoryourvoices to get stories of how Covid-19 has impacted the African community and provide basic online advocacy training to community champions. #BlackLivesMatter https://***qm', '-']",tweet_C,content_B,reply
t0697,u1425,2020-07-28 11:56:37+00:00,BlackLivesMatter,n***d,-,"['A number of arrests have been made ahead of the Black Lives Matter rally scheduled for midday in Sydney today. The event was deemed unauthorised by the police and two separate courts, yet organisers vowed the rally would go ahead. @d***0 is live with the latest details. https://***YX', 'Check out my @a***r podcast, Black nurse Gone Boss , now on Google Podcasts! https://***pG #BlackLivesMattermovement #MentalHealthAwareness', ""We're bringing #FishTea to the cookout, y'all. And we have company joining us. Sandy Hudson, co-founder of Black Lives Matter-Toronto, pops by for this bonus summer edition. From COVID-19 to #BlackLivesMatter, #Verzuz and we run the gamut of current events. https://***5G"", '-']",tweet_A,-,retweet
t3592,u0399,2022-02-28 02:52:17+00:00,BlackLivesMatter,F***m,-,"['Many black people reportedly stranded in #Ukraine #Poland border. Lots of videos on social media. @R***s #BlackLivesMatter #BlackLivesMatter #BlackLivesMatter #BlackLivesMatter #BlackLivesMatter', ""Its February so you know what that means right? It's Black History Month. Equal Rights are Human Rights! Support LGBTQ+, POC because Black Lives Matter! LOVE is LOVE because LOVE WINS @s***1@B***D https://***9w https://***dX https://***g3 https://***jp"", '🌱#GoVegan #Animalrights #Alllivesmatter #animallivesmatter #peacebegainswithcrueltyfree #mothersagainstdairy #kindnessmatters #compassion #climatejustice #savetheplanet #climatechange #MercyForAnimals #Feminism #religions #thoushaltnotkill #Buddhist #feminist https://***1X', '-']",tweet_B,-,retweet
t3928,u1727,2022-03-07 21:37:00+00:00,BlackLivesMatter,S***M,@r***9 We know it and that is why the Black Lives matter movement needs to grow it strength across the whole of Europe in the coming months ✊🏿,"['Same. Glory to Ukraine. Black lives matter. Get vaccinated. 👍🏼 🇺🇸🇺🇦', 'Politics aside- #BlackLivesMatter', '@r***9 We know it and that is why the Black Lives matter movement needs to grow it strength across the whole of Europe in the coming months ✊🏿', '-']",tweet_C,content_C,reply
t2424,u0409,2022-02-07 02:14:29+00:00,BlackLivesMatter,m***r,Oh that very strange feeling you get when you drive past all those houses in L.A. with Black Lives Matter signs on their lawns in towns that used to have Black residents but don’t anymore due to gentrification.,"['Oh that very strange feeling you get when you drive past all those houses in L.A. with Black Lives Matter signs on their lawns in towns that used to have Black residents but don’t anymore due to gentrification.', '@K***1 @M***a 😂🤣black lives matter', 'Gu\'s ""political awakening seemed to come during the Black Lives Matter protests...The 16-year-old blacked out her Instagram...in solidarity...Raising awareness is \'not enough,\' she wrote...\'Write to your local leaders or senators, join a peaceful protest.\'” https://***L4', '-']",-,content_A,post
t0596,u2769,2020-06-11 20:14:37+00:00,BlackLivesMatter,M***t,-,"['#BlackLivesMatter protesters in #seattle have taken city hall. Thousands are moving in. https://***fv', '#BLM #BlackLivesMatter #FightRacism #blacklivesmatterprotest #BLMprotests #Asians4BlackLives #FreddieGray #BrownLivesMatter #ICantBreath #BurnItDown #BlackLivesMatter #blacklivesmatterprotest #FightRacism https://***G7', 'Black lives matter.', '-']",tweet_A,-,retweet
t1718,u0961,2021-04-20 21:35:19+00:00,BlackLivesMatter,R***y,"#justiceforGeorgeFloyd! So grateful! A guilty verdict does not bring back the slain, so this has to be a turning point. #blacklivesmatter","['#justiceforGeorgeFloyd! So grateful! A guilty verdict does not bring back the slain, so this has to be a turning point. #blacklivesmatter', 'Justice has prevailed, our thoughts are with George Floyd’s family this evening #GeorgeFloydTrial #blacklivesmatter https://***Ml', 'JUSTICE! 🙌🏿❤ #JusticeForGeorgeFloyd #BlackLivesMatter https://***p8', '-']",-,content_A,post
t1330,u1674,2020-10-25 18:24:31+00:00,BlackLivesMatter,c***u,"#EndSARS is not a feminist movement, but feminists played an active role in it (God bless them). Those who don't want to see #EndSARS succeed - will continue to call it a ""feminist movement"". The same game is being played by those who call #BlackLivesMatter a ""Marxist movement"".","['#EndSARS is not a feminist movement, but feminists played an active role in it (God bless them). Those who don\'t want to see #EndSARS succeed - will continue to call it a ""feminist movement"". The same game is being played by those who call #BlackLivesMatter a ""Marxist movement"".', ""Trump's attacks on Black Lives Matter and Critical Race Theory are rooted in the belief that there's something dangerous about people learning about America's history of slavery, white supremacy, and racism, and how those phenomena continue to shape our country."", '@T***s #BlackLivesMatter This is how your readers react to #BLM https://***8z', '-']",-,content_A,post
t3133,u0140,2022-02-19 18:06:37+00:00,BlackLivesMatter,C***s,Black People constantly killing Asian People yet the Media &amp; Politicians use COVID as an excuse for the violence #StopAAPIHate #StopAsianHate #StopAsianHateCrimes #AsianLivesMatter #AsiansAreHuman #AsiansAreHumans #BLM #BlackLivesMatter #BlackHistoryMonth #BlackTwitter #Democrats https://***mW,"['📣📢⚠️➡️705+ DAYS SINCE #BreonnaTaylor 👑🕊 WAS MURDERED. 0 CHARGED. @d***n DENIAL TO SEEK JUSTICE IS ‘DISGUSTING’ JUSTICE DELAYED IS JUSTICE DENIED #InvestigateDanielCameron #JusticeforBreonnaTaylor 👑🕊 #SayTheirNames 👑 #BlackLivesMatter https://***eO', 'DING? Ding. DING &amp; ding, DING^ ding ding? ding #PennState #BlackLivesMatter #JusticeForAll', 'Black People constantly killing Asian People yet the Media &amp; Politicians use COVID as an excuse for the violence #StopAAPIHate #StopAsianHate #StopAsianHateCrimes #AsianLivesMatter #AsiansAreHuman #AsiansAreHumans #BLM #BlackLivesMatter #BlackHistoryMonth #BlackTwitter #Democrats https://***mW', '-']",-,content_C,post
t3511,u1350,2022-02-25 22:03:15+00:00,BlackLivesMatter,a***n,One America News Video: David Horowitz Exposes Black Lives Matter | Frontpagemag https://***sK,"[""'A chilling effect' – Deep concern &amp; unease has been voiced about the impact that the new DfE guidance on #politicalimpartiality in schools could have on open classroom discussions, especially the DfE's warning about teaching #BlackLivesMatter https://***co @A***K"", 'Last night I was honored to join Florida’s Black leaders and activists discuss Trayvon Martin and racism. Watch the replay: https://***57 #BlackHistoryMonth #BlackLivesMatter #TrayvonMartin https://***km', 'One America News Video: David Horowitz Exposes Black Lives Matter | Frontpagemag https://***sK', '-']",-,content_C,post
t3186,u2497,2022-02-20 09:52:52+00:00,BlackLivesMatter,i***K,That question was answered years ago.. by the Fire Brigade even before Grenfell Tower Fire killed countless victims #HolocaustMemorialDay #MLK #GrenfellTower #BlackLivesMatter #BidenHarris #oprahmeghanharry #ReparationsNow https://***2I,"['Inside #PatriotFront : The Masked #WhiteSupremacists On A Nationwide #HateCrime Spree. “HuffPost investigation exposes the inner workings of the secretive #American #Fascist group destroying #BlackLivesMatter symbols across the country.” #AmeriKKKa https://***BZ', 'That question was answered years ago.. by the Fire Brigade even before Grenfell Tower Fire killed countless victims #HolocaustMemorialDay #MLK #GrenfellTower #BlackLivesMatter #BidenHarris #oprahmeghanharry #ReparationsNow https://***2I', 'Black Lives Matter monthly grocery distribution. Mutual aid in action https://***D2', '-']",-,content_B,post
t0638,u1750,2020-06-25 20:09:37+00:00,BlackLivesMatter,f***s,"Der neue Newsletter ist raus! Was war in den letzten zwei Wochen in Ostasien los? Es geht u.a. um Covid19 in Beijing, das neue Sicherheitsgesetz in Hongkong &amp; was #BlackLivesMatter mit China zu tun hat &gt;&gt;&gt; https://***Ma","['Meet Zac and Luisa, @E***L’s Equality and Diversity Officers. Learn about the challenges and opportunities to make science more diverse and inclusive, and the impact of the #BlackLivesMatter movement on their work. #Pride2020 #GenomeCampusPride 🏳️🌈 https://***X4', ""10 minutes until the polls close! Thank you to our Pakistani American community for today's silent protest in solidarity with #BlackLivesMatter https://***O5"", 'Der neue Newsletter ist raus! Was war in den letzten zwei Wochen in Ostasien los? Es geht u.a. um Covid19 in Beijing, das neue Sicherheitsgesetz in Hongkong &amp; was #BlackLivesMatter mit China zu tun hat &gt;&gt;&gt; https://***Ma', '-']",-,content_C,post
t0546,u1629,2020-06-05 21:51:27+00:00,BlackLivesMatter,J***r,Powerful lessons here. Please watch if you haven't already! #blacklivesmatter https://***mV,"['The right mayor can make or break a democracy. Thank you .@M***r #BlackLivesMatterDC https://***F7', 'My speech at the peaceful protest in my hometown of Delray Beach, Florida. #blacklivesmatter https://***n5', ""Powerful lessons here. Please watch if you haven't already! #blacklivesmatter https://***mV"", '-']",-,content_C,post
t1698,u1511,2021-04-12 13:03:15+00:00,BlackLivesMatter,B***y,"Amusing that Marxist Patrice Cullors, one of the leaders of the Black Lives Matter Global Foundation, has apparently purchased four houses, including a $1.3m property in Topanga Canyon north of Los Angeles which is 88 percent white.","['""[A]n investigation by The Markup found that YouTube parent company Google blocks advertisers from using dozens of social and racial justice terms, including Black Lives Matter, to find YouTube videos and channels upon which to advertise."" https://***6R', 'Amusing that Marxist Patrice Cullors, one of the leaders of the Black Lives Matter Global Foundation, has apparently purchased four houses, including a $1.3m property in Topanga Canyon north of Los Angeles which is 88 percent white.', 'Black Lives Matter. Stop killing Black men and boys.', '-']",-,content_B,post
t3332,u1453,2022-02-22 17:50:29+00:00,BlackLivesMatter,L***4,This would help here in #Hawaii Are you listening @H***e #vote for progressives who will get this done this Nov. #VoteBlue2022 #BLUEWAVE2022 #blacklivesmatter #stopasianhate #CivilRights #Jan6thCommittee #FBR #shutdownredhill https://***35,"[""@T***y Much success to ya'll #Godbless #Godisgood #blm #blackbusiness #blackownedbusiness #BlackLove #blacktwitterfeed #BlackWomen #BlackLivesMatter #blacktwitter #BlackTwitterGermany #BlackGirlMagic #BlackGirlsRock #explorepage"", 'This would help here in #Hawaii Are you listening @H***e #vote for progressives who will get this done this Nov. #VoteBlue2022 #BLUEWAVE2022 #blacklivesmatter #stopasianhate #CivilRights #Jan6thCommittee #FBR #shutdownredhill https://***35', ""@N***P #BlackLivesMatter #Blackhistorymonth2022 #blackhistory #blackhistory365 #metootheatre #metoomovement #BlackGirlTragic #BlackGirlTragic #blackgirlscode my innocence video shows me back in 1992 calling NYPD of a lost child in Train station. I didn't sexually assault him."", '-']",-,content_B,post
t2493,u0927,2022-02-08 20:00:08+00:00,BlackLivesMatter,w***s,12-year-old initially disqualified from swim meet for wearing ‘Black Lives Matter’ swimsuit ⬇️ https://***jn,"['12-year-old initially disqualified from swim meet for wearing ‘Black Lives Matter’ swimsuit ⬇️ https://***jn', '#BrendaLeeRawls #LaurenSmithFields #BlackWomenLivesMatter #BlackLivesMatter #BrendaLeeRawls #LaurenSmithFields #BlackWomenLivesMatter #BlackLivesMatter #BrendaLeeRawls #LaurenSmithFields #BlackWomenLivesMatter #BlackLivesMatter', '#BlackinAnat Feb. newsletter article 1: “Ethical dilemmas in skeletal collection utilization: Implications of the Black Lives Matter movement on the anatomical and anthropological sciences” by Shanna Williams &amp; Ann Ross https://***N9', '-']",-,content_A,post
t0529,u0818,2020-06-05 03:15:52+00:00,BlackLivesMatter,e***o,-,"['This tweet is taking off. Please donate to #BlackLivesMatter if you can: https://***WW', '#blacklivesmatter https://***nv', ""I don't think my voice is the one that needs to be heard right now, but I am listening, I am reading, and I will do my best to amplify voices more important than mine #BlackLivesMatter"", '-']",tweet_B,-,retweet
t3066,u0908,2022-02-18 17:30:09+00:00,BlackLivesMatter,T***r,BLACK ADVOCATES are ENDURING VIOLENCE at these PWI organizations in the NFProfit advocacy space. IT HAS TO STOP. We have to protect them. #BlackHistoryMonth #blacklivesmatter #NextGen #millenials #GenZ #NextGen https://***Vl,"['@m***n @L***1 #COVID19 #HBCUs #CallThisOut #DifferentLivesMatter #PoliceAreNecessary #BlackLivesMatter #PoliceLivesMatter #Princeton #WestPoint #NAACP #ACLU #Election2020 #ElectionIntegrity #NavalAcademy #BountyGate #AirForceAcademy #Grambling #Harvard #GoArmy #MorganState #Tuskegee #GoNavy', '⚡️#BreakingNews @B***a @M***a @V***P @O***h @R***C @J***8 @R***y @R***i @O***C @O***D @W***s @_***C @O***d @U***M @B***6 @T***s @B***A🌍🎉✨👸🏾🤴🏾✨🎊 #BlackLivesMatter #CLE🌇 #ThisIsCLE🏙 #NBAALLSTAR https://***9q', 'BLACK ADVOCATES are ENDURING VIOLENCE at these PWI organizations in the NFProfit advocacy space. IT HAS TO STOP. We have to protect them. #BlackHistoryMonth #blacklivesmatter #NextGen #millenials #GenZ #NextGen https://***Vl', '-']",-,content_C,post
t2767,u2925,2022-02-14 19:33:38+00:00,BlackLivesMatter,L***x,I’m getting pretty tired of anti-white racism. Every single human life is sacred. #AllLivesMatter https://***E3,"['@N***d #Antifa #BLM #BlackLivesMatter #PHP #JAVA #HTML #CODE #CODING #CODERS #INDIEDEV #SuperBowlLVI #HalfTimeShow #Coinbase #AllLivesMatter @D***r @F***s #revolt @p***l #CanadaHasFallen @C***a @C***a #cdcsays @J***u @l***y https://***Td', '#mikesrandomthoughts #RedWave2022 #redwave2024 #JoeBidensAmerica #ChinaJoeBiden #bluelivesmatter #Senate #Congress #houseofrepresentatives #JoeBiden #KamalaHarris #Trump2024 #CandaceOwens #antifascist #BLM #blacklivesmatter #veterans #secondamendment #ATWA #atwar https://***9Q', 'I’m getting pretty tired of anti-white racism. Every single human life is sacred. #AllLivesMatter https://***E3', '-']",-,content_C,post
t3709,u2565,2022-03-02 14:59:27+00:00,BlackLivesMatter,s***f,"Excited about speaking at this seminar today &amp; interacting w/ @U***C faculty and students. My talk will be based on my research on #BlackLivesMatter as a global movement, particularly its hybridisation with local struggles in Brazil, India &amp; Japan. https://***6W https://***eK","['How physical, social, and financial assets determined U.S. adults’ risk of depression in the first pandemic year, the effect of Black Lives Matter protests on the 2020 election, and more—all new in this week’s issue of Science Advances: https://***Px https://***Wx', ""To be such a fervent supporter and activist of Black Lives Matter #BLM to end up justifying the death of black children by bombs of your country #USA Don't be sorry I forget that BLACKS lives in Haiti Yemen Africa migrant slaves in Libya are 2nd class blacks. #Ukraine"", 'Excited about speaking at this seminar today &amp; interacting w/ @U***C faculty and students. My talk will be based on my research on #BlackLivesMatter as a global movement, particularly its hybridisation with local struggles in Brazil, India &amp; Japan. https://***6W https://***eK', '-']",-,content_C,post
t0681,u2542,2020-07-20 03:25:36+00:00,BlackLivesMatter,D***s,"Thanks to @O***A for hosting an #MA04 forum about our #Progressive values: our next Representative must support the #GreenNewDeal, #MedicareForAll, good jobs for all, #affordablehousing, #BlackLivesMatter, halting endless wars, and getting money out of politics. #mapoli","['Thanks to @O***A for hosting an #MA04 forum about our #Progressive values: our next Representative must support the #GreenNewDeal, #MedicareForAll, good jobs for all, #affordablehousing, #BlackLivesMatter, halting endless wars, and getting money out of politics. #mapoli', 'I’m proud to be part of an Organization that took this pro-active #BlackNorth pledge. #BlackLivesMatter https://***DS', 'I guess #AllLivesMatter doesn’t really matter in this context right...', '-']",-,content_A,post
t0499,u3204,2020-06-03 16:38:54+00:00,BlackLivesMatter,J***l,-,"['#BlackLivesMatter #blackouttuesday https://***W7', '#blackouttuesday #thismuststop #blacklivesmatter https://***zO', 'Black lives matter', '-']",tweet_A,-,retweet
t0519,u0408,2020-06-04 14:32:43+00:00,BlackLivesMatter,A***e,congrats and thank you to the local high school students who organized this community event. 10k+ turnout! was proud to follow this leadership yesterday. #BlackLivesMatter #missionprotest https://***ln https://***vS,"['congrats and thank you to the local high school students who organized this community event. 10k+ turnout! was proud to follow this leadership yesterday. #BlackLivesMatter #missionprotest https://***ln https://***vS', 'Black Lives Matter #blackouttuesday https://***9Q', 'Combating racism takes organizing and resources. Good data helps too. So, send a screenshot w/ your donation to @D***s and I\'ll match up to $2k total. #BlackLivesMatter ""Data for Black Lives: Help Build a Movement of Scientists and Activists!"" https://***aY', '-']",-,content_A,post
t0614,u0620,2020-06-15 18:51:35+00:00,BlackLivesMatter,F***y,A letter from our founder. - https://***f3 #blacklivesmatter #sendingstrength https://***gE,"['Once again we are losing focus! Everybody is talking about the tearing down of statues instead of wondering why is happening! Murders of unarmed people must stop!! #blacklivesmatter #georgefloyd #enoughisenough #racismiscancer', 'A letter from our founder. - https://***f3 #blacklivesmatter #sendingstrength https://***gE', 'Because Black Lives Matter https://***oz', '-']",-,content_B,post
t1490,u2950,2020-11-28 09:04:22+00:00,BlackLivesMatter,A***u,"We issued a meaningless university statement over the summer about Black Lives Matter. We’ve done nothing and don’t really care but there’s a big funding call about Black people or whatever that we want in on. We need you to be the face of our project. —My inbox, currently","['We issued a meaningless university statement over the summer about Black Lives Matter. We’ve done nothing and don’t really care but there’s a big funding call about Black people or whatever that we want in on. We need you to be the face of our project. —My inbox, currently', 'Black Lives Matter Shirt! https://***sf #swaggerlyfe #swaggersouls #swaggershirt #red #black #orange #awesomeshirt #swagg #creativebrand #uniquebrand #apparelbrand #blacklivesmatter✊🏽✊🏾✊🏿❤️ https://***rN', 'ESPN didn’t show this but TUDN did. #BlackLivesMatter #USWNT https://***5x', '-']",-,content_A,post
t3683,u0340,2022-03-02 04:24:42+00:00,BlackLivesMatter,I***s,-,"['This movie hits home in the feels. God bless Ruby Bridges for going through this horrible time period, she taught the nation a lesson! All she wanted is to go to school like everyone. Black lives matter. #BlackLivesMatter #BlackTwitter #RubyBridges https://***QI', 'As Black History Month comes to an end, we must remember to raise our voices loud and stand up against racial inequalities and injustices not just during the month of February, but today and every day. #BlackHistoryMonth #BlackLivesMatter #BlackSurviviors #WeBelieveYou #Rights https://***lj', 'Closing out #BlackHistoryMonth at our office! #Allyship #BlackLivesMatter #StopAsianHate @ Florham Park, New Jersey https://***hX', '-']",tweet_C,-,retweet
t0704,u0386,2020-08-03 07:48:52+00:00,BlackLivesMatter,b***m,I am a WOMAN am not a lesser being. I am a peace maker am not a lesser being . I am a warrior am not a lesser being. I am an helper am not a lesser being . #womensupport #art #contemporaryartist #africanwomen #africanart #blacklivesmatter #saynotorape #blackart #BBNaijaLockdown https://***bc,"[""#BlackLivesMatter #BlackLivesMattermovement and this is replies.for the post, they just don't realise I'm al ways getting racist abuse from mostly white poeple, but I don't mention that. #eastbourne #bbcBreakfast https://***gT"", 'I am a WOMAN am not a lesser being. I am a peace maker am not a lesser being . I am a warrior am not a lesser being. I am an helper am not a lesser being . #womensupport #art #contemporaryartist #africanwomen #africanart #blacklivesmatter #saynotorape #blackart #BBNaijaLockdown https://***bc', 'Black Lives Matter yesterday, today and forever ✊🏾🖤 #EndRacism #JUSTICEFORBREONNATAYLOR https://***K6', '-']",-,content_B,post
t0444,u1342,2020-06-01 14:32:23+00:00,BlackLivesMatter,s***z,Happy New month Fam JUNE be nice. #June1st #BlackLivesMatter #PrideMonth2020 #StopRapingWomen #GeorgeFloyd https://***dP,"['#BlackLivesMatter #Ally A Message From Gidi Cohen, Founder and CEO of CGI Real Estate Investment Strategies: https://***wU', 'Happy New month Fam JUNE be nice. #June1st #BlackLivesMatter #PrideMonth2020 #StopRapingWomen #GeorgeFloyd https://***dP', 'The fact that the store in the background of this video is named “Integrity”... I just can’t. #BlackLivesMatter https://***qp', '-']",-,content_B,post
t0545,u3142,2020-06-05 20:52:30+00:00,BlackLivesMatter,A***D,Honored to take a knee today for #BlackLivesMatter #WhiteCoatsForBlackLives #GeorgeFloyd. Proud of our daughter (future #healthcareprofessional) for joining. @t***c @S***n @D***a https://***Ny,"['Word! #blackouttuesday #blacklivesmatter #georgefloyd https://***Qp', 'Honored to take a knee today for #BlackLivesMatter #WhiteCoatsForBlackLives #GeorgeFloyd. Proud of our daughter (future #healthcareprofessional) for joining. @t***c @S***n @D***a https://***Ny', '@T***N Hope you get the info on disgusting people like this #BlackLivesMatter https://***BE', '-']",-,content_B,post
t0735,u1497,2020-08-27 16:03:47+00:00,BlackLivesMatter,T***D,"#TEDMED 2020 Speaker Wanda Irving took the stage to advocate for maternal health standards for all women and especially women of color. Watch her TEDMED Talk ""How the US medical community fails Black mothers"". https://***pk #maternalhealth #inequity #blacklivesmatter https://***0l","['I love bird watching... Taken last night (8/27) at a rally in support of the #BlackLivesMatter movement in New London. Over thirty demonstrators held signs as drivers expressed their support or opposition. Social distancing was encouraged. #onassignment @w***b https://***k3', 'September Issue of Vanity Fair is a must read focused on racial equity. Thank you @V***r and @T***s. #BlackLivesMatter #JusticeForBreonna @e***e @e***g @M***e https://***TI', '#TEDMED 2020 Speaker Wanda Irving took the stage to advocate for maternal health standards for all women and especially women of color. Watch her TEDMED Talk ""How the US medical community fails Black mothers"". https://***pk #maternalhealth #inequity #blacklivesmatter https://***0l', '-']",-,content_C,post
t3028,u2497,2022-02-18 04:54:24+00:00,BlackLivesMatter,i***K,"I am for peace: but when I speak, they are for war. Psalm 120:7 #HolocaustMemorialDay #MLK #GrenfellTower #BlackLivesMatter #BidenHarris #oprahmeghanharry #ReparationsNow https://***Nv","['Just sayin.... 💕☮️💕 #Wednesdays #wednesdayvibes #WednesdayWisdom #wednesdaymotivation #BlackHistoryMonth #BlackHistory #blackispower #blackisbeauty #blackexcellence #blacklivesmatter https://***zW', 'I am for peace: but when I speak, they are for war. Psalm 120:7 #HolocaustMemorialDay #MLK #GrenfellTower #BlackLivesMatter #BidenHarris #oprahmeghanharry #ReparationsNow https://***Nv', 'The fact that Kim Potter was sentenced to 2 yrs in prison and will only do about 16 months is affirmation that Black lives matter little to the criminal injustice system in America and that juries across the nation have more empathy for white murderers than for Black victims.', '-']",-,content_B,post
t3419,u1068,2022-02-24 00:00:00+00:00,BlackLivesMatter,W***o,".@d***y: ""Despite our claims that housing is a human right, our lawn signs that proclaim that “Black Lives Matter” and “diversity is our strength,” and our commitment to equality of opportunity, we really struggle to get housing policy right."" https://***2E","['#ThisWeekInFascism, far-Right gunman carries out deadly attack on #BlackLivesMatter march in #Portland; solidarity roundup from across US; Proud Boys planning US convoy protests; Republicans to speak at white nationalist event in #Orlando + much more. https://***5q', '.@d***y: ""Despite our claims that housing is a human right, our lawn signs that proclaim that “Black Lives Matter” and “diversity is our strength,” and our commitment to equality of opportunity, we really struggle to get housing policy right."" https://***2E', 'تو پارك بودم يارو فكر كرد خارجيم #BlackLivesMatter', '-']",-,content_B,post
t2586,u3147,2022-02-10 15:28:07+00:00,BlackLivesMatter,d***5,-,"['Do you need a website for your brand? Hire an expert today! https://***5q #WeLoveYouLucas #tiwasavage #YuzuruHanyu #amirliaquat #SamsungUnpacked #DonnyPangalinan #HijabControversy #HijabBan #HijabRow #JISOO #cryptocurrency #BlackLivesMatter #NintendoDirect', 'Agree. “This is what the world needs to see” The joy, the potential, the love of life... #BlackLivesMatter #BlackHistoryMonth #BlackMenSmiling When Black men walk into my classroom, this thread is what I see, even if they don’t let that smile out that first class meeting. #joy https://***Z6', '‘Zazu Zeh’ Star Portable Gifts His Father Car Worth Millions Of Naira https://***QT Zouma Adidas Racism #olosho #BlackLivesMatter', '-']",tweet_A,-,retweet
t0414,u0649,2020-05-30 23:07:59+00:00,BlackLivesMatter,s***a,I just shot this on my phone. This is in #LA right now #riots2020 #BLACK_LIVES_MATTER #BlackLivesMatter https://***gy,"['I just shot this on my phone. This is in #LA right now #riots2020 #BLACK_LIVES_MATTER #BlackLivesMatter https://***gy', ""I'm a huge space nerd, but today's launch also made me sad to see what investment, human ingenuity, and cooperation can achieve, while we fail to spend even a fraction, to listen, and to look beyond ourselves to care for people right here on Earth. #BlackLivesMatter"", 'This is fucking America.. 😒 #MinneapolisPoliceMurderdHim #BlackLivesMatters https://***lY', '-']",-,content_A,post
t2549,u2698,2022-02-10 00:55:24+00:00,BlackLivesMatter,P***s,-,"['Not much of a fight. It looks like Khan won. #BLMUK #Blacklivesmatteruk #BlackTwitter #Windrush https://***Um', 'Keep our brother in blue in your prayers. #BlueLivesMatter https://***OD', 'Do you need a website for your brand? Hire an expert today! https://***UK #WeLoveYouLucas #tiwasavage #YuzuruHanyu #amirliaquat #SamsungUnpacked #DonnyPangalinan #HijabControversy #HijabBan #HijabRow #JISOO #cryptocurrency #BlackLivesMatter #NintendoDirect', '-']",tweet_C,-,retweet
t1827,u2059,2021-09-09 12:28:22+00:00,BlackLivesMatter,e***k,"#BlackLivesMatter #StopAsianHate #StopAsianHateCrimes #racism This is what I often see in a Facebook group, has a lot of people live in Eastbourne, East Sussex UK. I can assure you that Eastbourne is a hateful place. @R***H @E***C @e***e @P***e https://***HG","['Guess the Taliban is not down with the whole ""Black Lives Matter"" thing. Big surprise there. ""Taliban Paints over George Floyd Mural in Kabul with ‘Victory Slogans‘"" https://***3g', ""Important thread on Fed's deceptive bid to militarize Scotland's police. #ShekuBayoh #BlackLivesMatter https://***BB"", '#BlackLivesMatter #StopAsianHate #StopAsianHateCrimes #racism This is what I often see in a Facebook group, has a lot of people live in Eastbourne, East Sussex UK. I can assure you that Eastbourne is a hateful place. @R***H @E***C @e***e @P***e https://***HG', '-']",-,content_C,post
t0564,u2492,2020-06-07 18:09:41+00:00,BlackLivesMatter,A***J,"Maurice Gordon should be alive. He was pulled over, then waiting for a tow. He was unarmed. And a trooper shot him to death. @N***G, release the video - explain what happened. The family deserves answers. Maurice’s life matters. #BlackLivesMatter https://***gp","['Over a thousand members of the IU community came together in Dunn Meadow this afternoon to march peacefully + support the Black Lives Matter movement. ❤️ https://***ls', 'Black Lives Matter. https://***2J', 'Maurice Gordon should be alive. He was pulled over, then waiting for a tow. He was unarmed. And a trooper shot him to death. @N***G, release the video - explain what happened. The family deserves answers. Maurice’s life matters. #BlackLivesMatter https://***gp', '-']",-,content_C,post
t2442,u0426,2022-02-07 20:03:27+00:00,BlackLivesMatter,L***r,"Got the one on the left, now need to get the one on the right! Can't wait to see @_***w 's video essay take on these. #Blackanarchism, #prisonabolition, #abolishprisons, #anarchism, #nobordersnowalls, #MB4L, #BlackLivesMatter , #TotalLiberation https://***bd","['Injustice. THIS is part of Black History that needs to change. #SayHerName #SandraBland #BlackLivesMatter #BlackHistoryMonth https://***3O', ""Got the one on the left, now need to get the one on the right! Can't wait to see @_***w 's video essay take on these. #Blackanarchism, #prisonabolition, #abolishprisons, #anarchism, #nobordersnowalls, #MB4L, #BlackLivesMatter , #TotalLiberation https://***bd"", 'Black Lives Matter is getting black lives killed. Do those black lives matter? WATCH: https://***kf #BlackLivesMatter', '-']",-,content_B,post
t2077,u1381,2022-01-04 15:27:01+00:00,BlackLivesMatter,R***g,"New year, same priorities. In 2022 — and always — we stand for a world where: ✔️ #RefugeesWelcome – always. ✔️ Seeking asylum is a human right. ✔️ No human being is illegal. ✔️ Women's rights are human rights. ✔️ Black lives matter. RT if you stand with us. ✊ https://***8W","[""New year, same priorities. In 2022 — and always — we stand for a world where: ✔️ #RefugeesWelcome – always. ✔️ Seeking asylum is a human right. ✔️ No human being is illegal. ✔️ Women's rights are human rights. ✔️ Black lives matter. RT if you stand with us. ✊ https://***8W"", '“It’s just cool to trust your process, whatever it is!” -Brick Howze 🎧Listen to the latest episode of The Kurty D Show: https://***2L #inclusivity #blacklivesmatter #music #hiphop #streetculture #hollywood #beachwoodcanyon #surf #ocean #makingwaves #TheKurtyDShow https://***ZM', 'Screen/follow everyone who LIKES &amp; RETWEETS this 🍴☕️🌊 #drcole #BLM Until black lives matter, no lives matter.', '-']",-,content_A,post
t0431,u2610,2020-05-31 20:20:43+00:00,BlackLivesMatter,a***a,#speakup and #staysafe tonight Boston !! Here are some more ways to help and resources for protestors ⬇️ #blacklivesmatter #protests2020 #BLACK_LIVES_MATTER #HandsUpDontShoot #DemandJustice https://***xK,"['Surely, this is how thugs behave. #BlackLivesMatter #HumanityFirst https://***D3', '#speakup and #staysafe tonight Boston !! Here are some more ways to help and resources for protestors ⬇️ #blacklivesmatter #protests2020 #BLACK_LIVES_MATTER #HandsUpDontShoot #DemandJustice https://***xK', '#justiceforgoergefloyd #BlackLivesMatter https://***qJ https://***0G', '-']",-,content_B,post
t0406,u0102,2020-05-30 00:08:16+00:00,BlackLivesMatter,U***d,-,"['@6***n @g***s trend pls #BlackLivesMatter', 'Call it what it is. #BlackLivesMatter #icantbreathe #GeorgeFloyd https://***eY', '@n***l but yeah please speak out about #blacklivesmatter because right now you just look like you don’t care', '-']",tweet_B,-,retweet
t2984,u2397,2022-02-17 15:08:19+00:00,BlackLivesMatter,K***M,"truly wild to see black lives matter become normalized in media while simultaneously watching voting rights collapse, the continuation of no-knock warrants and never ending police brutality.","['truly wild to see black lives matter become normalized in media while simultaneously watching voting rights collapse, the continuation of no-knock warrants and never ending police brutality.', 'https://***GM RT-8 #blackandproud #imblackandimproud #BlackTwitter #racism #blackamericaweb #WhitePrivilege #BlackLivesMatter #DonLemon #WeAreBetterThanThis #leftwing', 'BLM was always Soros / FEDs operation. The only legit representative of African Americans working class were #BPP #BlackPanters ... and their leaders were all killed. #BlackHistoryMonth #BlackLivesMatter https://***Si', '-']",-,content_A,post
t3098,u0591,2022-02-19 06:29:29+00:00,BlackLivesMatter,J***S,#FarmersProtest #FarmerProtests #SaveLakshadweep #FarmerLivesMatter #BlackLivesMatter #freepalastine #FreePalestine #freejugrajsingh #freehawara #FreeJaggiNow #bapusuratsinghjikhalsa .ਪ੍ਰਣਾਮ ਸ਼ਹੀਦਾ ਨੂੰ .ਸਰਬੱਤ ਦਾ ਭਲਾ 🙏🏼#KisanMajdoorEktaZindabaad #WhereAreMissingFarmers,"['Everything is quantum. “Q System can evolve, at the same time, towards the past and the future.” #Q_DAY #QM #4IR #KKK #🧬 #🔥 #👹 #MedicalAidRacialProfiling 🥼🩺💊 @P***A @C***u @I***L @G***1 Spirituality #BlackLivesMatter #BlackHistoryMonth #EFFvsAfriforum https://***1t', ""Teachers Told Not To Promote '#Black Lives Matter' As UK #Cracks Down On #Political Bias In Schools https://***Q0 https://***LL"", '#FarmersProtest #FarmerProtests #SaveLakshadweep #FarmerLivesMatter #BlackLivesMatter #freepalastine #FreePalestine #freejugrajsingh #freehawara #FreeJaggiNow #bapusuratsinghjikhalsa .ਪ੍ਰਣਾਮ ਸ਼ਹੀਦਾ ਨੂੰ .ਸਰਬੱਤ ਦਾ ਭਲਾ 🙏🏼#KisanMajdoorEktaZindabaad #WhereAreMissingFarmers', '-']",-,content_C,post
t3472,u1151,2022-02-25 06:12:00+00:00,BlackLivesMatter,N***L,To act like no protestor over here has ever had to face brutality or being kidnapped off the street is flat out bullshit. Fuckers want to hold on to the idea that their dismissal of Black Lives Matter protests and other efforts that saw brutal repression is still right.,"['To act like no protestor over here has ever had to face brutality or being kidnapped off the street is flat out bullshit. Fuckers want to hold on to the idea that their dismissal of Black Lives Matter protests and other efforts that saw brutal repression is still right.', '#SupremeCourt #BlackLivesMatter https://***cF', ""Assistant professor Victoria E. Thomas's paper “Black Trans Lives Matter: Social Activism, Solidarity, and Performances of Black Trans Sisterhood” was published in the special Black Lives Matter edition of the Pennsylvania Communication Annual, which she also guest edited. #BHM https://***ie"", '-']",tweet_C,content_A,reply
t3292,u0772,2022-02-22 00:56:57+00:00,BlackLivesMatter,c***n,Supporters of Black Lives Matter marchers say they're still stinging from a statement by Austin City Manager Spencer Cronk saying he doesn't agree with police officers being indicted for allegedly injuring protestors. https://***np,"[""Supporters of Black Lives Matter marchers say they're still stinging from a statement by Austin City Manager Spencer Cronk saying he doesn't agree with police officers being indicted for allegedly injuring protestors. https://***np"", ""(Reposting this just because it's still black history month) . #mlk #mlkjr #bhm #BlackLivesMatter #black #BHM #BlackTwitter #ihaveadream #Black https://***sX"", '#BannedBooks #BookBanning #Censored #GOPHypocrisy #GOPDeathCult #JusticeMatters #DemocracyMatters #Antisemitism #BlackLivesMatter #BigLie #January6th #VaccineMandates #ProChoice #VotingRights #ClimateAction #GunControl #BlueWave2022 #PresidentBiden #politicalcartoons https://***dn', '-']",-,content_A,post
t0582,u2172,2020-06-10 00:29:57+00:00,BlackLivesMatter,d***g,"In the olden days (a year ago), when I heard, ""Black Lives Matter,"" I thought, ""All Lives Matter."" Now I appreciate that all but black lives are valued, so we must STAND UP for our black sisters/brothers. Thank you for teaching me. Now I know better, so I can do better. 🖤#BLM","['@w***v, We want to see real action, not a PR statement. What are you doing to protect your Black constituents from police brutality? (via https://***A) #BlackLivesMatter', 'In the olden days (a year ago), when I heard, ""Black Lives Matter,"" I thought, ""All Lives Matter."" Now I appreciate that all but black lives are valued, so we must STAND UP for our black sisters/brothers. Thank you for teaching me. Now I know better, so I can do better. 🖤#BLM', 'This is #eastbourne #BlackLivesMatter Eastbourne is the most racist place in the world https://***XL', '-']",-,content_B,post
t2863,u0480,2022-02-15 21:56:05+00:00,BlackLivesMatter,B***y,"Today #BlackintheIvory highlights Julian Dowell, a student at Georgetown U. who created an app that enabled people in the Black Lives Matter Plaza in D.C. to use their phones to find a mural of Breonna Taylor. Users are also able to hear Taylor's mother speaking about her.","[""Today #BlackintheIvory highlights Julian Dowell, a student at Georgetown U. who created an app that enabled people in the Black Lives Matter Plaza in D.C. to use their phones to find a mural of Breonna Taylor. Users are also able to hear Taylor's mother speaking about her."", ""#AGrooveAlmostEverydayWillPlayTillThePandemicGoAway #tuesdayvibe #BlackHistoryMonth #1619Project #briannataylor #ElijahMcClain #NoJusticeNoPeace #COVID19 #CDC #blacklivesmatter 🎼🎸🎤🇺🇸 Earth, Wind &amp; Fire - Love's Holiday (Official Audio) https://***Qv via @Y***e"", ""@J***I Good. Thanks for opposing unconstitutional garbage. Now why weren't your DCI officers wearing body cams? Justice for #QuadrenWilson #BlackLivesMatter"", '-']",-,content_A,post
t3953,u2149,2016-07-16 18:28:24+00:00,BlackLivesMatter,C***t,Black Lives Matter – and all other young people of all colors who are mobilizing – is a beautiful thing because it gives us democratic hope.,"[""There is no Black Lives Matter promoted #DayOfRage. See what we're for and take the Movement for Black Lives pledge: https://***5R"", 'Black Lives Matter – and all other young people of all colors who are mobilizing – is a beautiful thing because it gives us democratic hope.', ""Why can't we stand up for ourselves without being condemned for it, like any other group? #BlackLivesMatter"", '-']",-,content_B,post
t1889,u0458,2021-10-21 01:04:40+00:00,BlackLivesMatter,m***s,"Seattle friends, please vote for Nikkita Oliver for city council. If you support #BlackLivesMatter, prove it with your ballot and vote for the candidate with actual lived experience, who has devoted their life to serving their community and fighting for justice https://***zy","['A few things to know if you’re new here: ☑️ Black Lives Matter ☑️ Trans Lives Matter ☑️ You’ll see a lot of memes about cobalt strike, but know that we’re on the same team ☑️ 20% Infosec, 60% Nox, 10% TSwift, 10% trash memes Happy to have ya 😎', 'As police racism unsettles Britain\'s tolerant self-image, ""Black Resistance to British Policing"" details the activism that made movements like Black Lives Matter possible 👇 📅Monday 8 November 🕓 5:00pm to 6:30pm https://***zU', 'Seattle friends, please vote for Nikkita Oliver for city council. If you support #BlackLivesMatter, prove it with your ballot and vote for the candidate with actual lived experience, who has devoted their life to serving their community and fighting for justice https://***zy', '-']",-,content_C,post
t0656,u2072,2020-07-05 19:14:30+00:00,BlackLivesMatter,c***i,"In my newest piece in @T***c, I assert that to defend Black lives, rights and dignity, #FacialRecognition, like American policing as we know it, must go. If you feel me, pass it on. #BlackLivesMatter #DefundPolice https://***lw","['In my newest piece in @T***c, I assert that to defend Black lives, rights and dignity, #FacialRecognition, like American policing as we know it, must go. If you feel me, pass it on. #BlackLivesMatter #DefundPolice https://***lw', '""when we think about the connection between the #BlackLivesMatter and the Palestinians it is that we could resist in the world that never included our struggle."" - @H***n https://***s4', 'While not getting mainstream coverage, #BlackLivesMatter protests continue across the country and globe today. This #July4th is about confronting our nation’s legacy of racism and white supremacy. #July4th2020 #Protests https://***Da', '-']",-,content_A,post
t3598,u0444,2022-02-28 06:39:17+00:00,BlackLivesMatter,J***s,In Business If you don't continually invest in yourself in order to get better at what you do. Nothing will change. Nothing will happen. Your income will remain flat. You'll struggle and worry about money all through career. Zuckerberg #BlackLivesMatter Mr Bayo #NigerianIdol,"[""In Business If you don't continually invest in yourself in order to get better at what you do. Nothing will change. Nothing will happen. Your income will remain flat. You'll struggle and worry about money all through career. Zuckerberg #BlackLivesMatter Mr Bayo #NigerianIdol"", 'Wed Nov 04 2020 Seattle, Washington - Police arrest bystander in vehicle WATCH: https://***By #SeattleWashington #SPD #blacklivesmatter #blm #defundthepolice #abolishthepolice', ""USA's hypocrisy: Russian lives don't matter, Ukrainian lives matter. Black Lives Matter in America, but when USA bombs Somalia, then black lives don't matter. Bangladeshi Hindu and Kashmiri Hindu lives don't matter, radical isl*mists/roh*ngya lives matter. (7/8)"", '-']",-,content_A,post
t1602,u2598,2021-01-11 07:20:29+00:00,BlackLivesMatter,W***d,"Only question I have for #conservatives: a Capitol Police officer was killed. Apolitical—he was law enforcement. If Trump is so #BlueLivesMatter, where is his statement? Why won’t he allow flags at half-staff? Why isn’t Trump honoring the police? 👮","['Only question I have for #conservatives: a Capitol Police officer was killed. Apolitical—he was law enforcement. If Trump is so #BlueLivesMatter, where is his statement? Why won’t he allow flags at half-staff? Why isn’t Trump honoring the police? 👮', 'So wait, I’m confused...taking a knee during the national anthem is unpatriotic and #BlueLivesMatters in response to our calls for #BlackLivesMatter wasn’t what you meant? #CapitolRiots #CapitolPolice https://***Wq', 'If just one MAGA was smart enough to spray paint BLACK LIVES MATTER inside the Capitol they probably could have gotten away with it', '-']",-,content_A,post
t2766,u2252,2022-02-14 19:31:24+00:00,BlackLivesMatter,R***w,#BBCWorld #PressBriefing #FoxNews So who’s on the halftime show with #snoopdog #BlackLivesMatter #NewsHour #JohnsonOut21 #Ottawa #MurdochGutterMedia #London #msnbc #nprnews #cnbc #abcnews #cbsnews #nbcnews #cnn #bbcweather #weatherchannel #accuweather https://***6v,"['#BBCWorld #PressBriefing #FoxNews So who’s on the halftime show with #snoopdog #BlackLivesMatter #NewsHour #JohnsonOut21 #Ottawa #MurdochGutterMedia #London #msnbc #nprnews #cnbc #abcnews #cbsnews #nbcnews #cnn #bbcweather #weatherchannel #accuweather https://***6v', ""#BlackLivesMatter let 🇺🇸🇦🇺🇨🇦 🇬🇧 🇪🇺 🇺🇦 fight 🇷🇺 alone. It's about #White #Nationalism. #WhiteSupremacy #Violence=🇺🇸 #globallandclaim #Hegemony #Asia #Africa #SouthAmerica #Pacific @T***s @G***P #snakes #VotingRights @A***C #BlackTwitter #LandisRevolution✊🏿🌿🧿 https://***np"", '#YesYesYes #BlackWomenRule #BlackLivesMatter #BlackHistoryMonth https://***IO', '-']",-,content_A,post
t0511,u0883,2020-06-04 04:52:08+00:00,BlackLivesMatter,d***s,I was there because BLACK LIVES MATTER and we the people are demonstrating for real and substantive change. I was there as a beneficiary of white supremacy who’s trying every day to listen better. To see with clear eyes. To be part of the solution. Love all of you. Virtual hugs!,"['Statement from the C19 Coalition, Standing in Solidarity with #BlackLivesMatter The C19 Coalition was formed to help equip frontline healthcare workers with the life-saving PPE they need to do their jobs and keep all of us safe. The PPE shortage crisis is not near solved...(1/6)', 'Please, _please_, put in the work, money, time, conversations with friends/family, showing up to protests, whatever it takes to dismantle white supremacy and police brutality and lift Black voices. People are dying, and Black Lives Matter.', 'I was there because BLACK LIVES MATTER and we the people are demonstrating for real and substantive change. I was there as a beneficiary of white supremacy who’s trying every day to listen better. To see with clear eyes. To be part of the solution. Love all of you. Virtual hugs!', '-']",tweet_B,content_C,reply
t3147,u0627,2022-02-19 20:20:04+00:00,BlackLivesMatter,P***k,Kim Potter would've gotten more time for killing Pitbulls in a dogfighting ring than she got for killing Duante Wright. #blacklivesmatter https://***il https://***iV,"['@m***n @L***1 #COVID19 #HBCUs #CallThisOut #DifferentLivesMatter #PoliceAreNecessary #BlackLivesMatter #PoliceLivesMatter #Princeton #WestPoint #NAACP #ACLU #Election2020 #ElectionIntegrity #NavalAcademy #BountyGate #AirForceAcademy #Grambling #Harvard #GoArmy #MorganState #Tuskegee #GoNavy', '“I rejected the notion that my race or sex would bar my success in life.” #blackhistorymonth #blacklivesmatter #blm #naacp #constancebakermotley #blackvoices #femalevoices #inspirationalquotes #inspirational #quote #motivationquote #womenwhoinspire https://***f8', ""Kim Potter would've gotten more time for killing Pitbulls in a dogfighting ring than she got for killing Duante Wright. #blacklivesmatter https://***il https://***iV"", '-']",-,content_C,post
t0522,u2314,2020-06-04 16:04:07+00:00,BlackLivesMatter,p***d,"Made a @b***b shortlist of what I will be purchasing on tomorrow's @B***p day. https://***zR 100% of my own Bandcamp sales, for the month of June, will be donated to community bail funds and The Black Health Alliance. Black Lives Matter.","[""Made a @b***b shortlist of what I will be purchasing on tomorrow's @B***p day. https://***zR 100% of my own Bandcamp sales, for the month of June, will be donated to community bail funds and The Black Health Alliance. Black Lives Matter."", '@S***y I did watch the video and still did not agree with it on the grounds that all lives matter vs black lives matter.', 'From BLM UK: ""We’re especially calling on big business who have historically profited from the cheap labour and cultural production of poor black and brown communities. Actions speak louder than words, so say #BlackLivesMatter with your profits."" Solidarity with black workers ✊🏾', '-']",-,content_A,post
t3135,u2284,2022-02-19 18:47:22+00:00,BlackLivesMatter,S***A,-,"['#DaunteWright’s mother said it best: “White women tears trumps justice”! 😒 #KimPotter #KimPotterSentencing #BLM #BlackHistoryMonth #BlackLivesMatter #BlackTwitter #FridayFeeling #FridayMotivation #FridayVibes #JUDGECHU #LoveIsBlind #PrizePicksASG #freedomconvoy22 #CriminalMinds https://***CT', '#WalthamProtest chanting ""People Power - Our Power"". #BlackLivesMatter #JusticeForGeorgeFlyod https://***nQ', '@A***2 @J***6 @O***C @G***t #JusticeForJuliusJones #FreeJuliusJones #BlackLivesMatter', '-']",tweet_B,-,retweet
t3596,u0393,2022-02-28 05:38:01+00:00,BlackLivesMatter,C***_,US and the other western country did a massive campaign against #BlackLivesMatter. Will they do the same now when 🇮🇳 &amp; other students from African origins are beinf racially abused &amp; strangled by Ukranian Forces?,"['US and the other western country did a massive campaign against #BlackLivesMatter. Will they do the same now when 🇮🇳 &amp; other students from African origins are beinf racially abused &amp; strangled by Ukranian Forces?', 'How photojournalists struggle to capture COVID, Black Lives Matter — and now #Ukraine https://***kd', '#BlackLivesMatter we are not victims we are a generation of Giants', '-']",-,content_A,post
t0559,u2606,2020-06-07 03:36:57+00:00,BlackLivesMatter,c***g,Also almost nothing on #ulurustatement #BlackLivesMatter underlying issues https://***9t,"['Healing, Not Hatred - Donald Trumps Unifying Message #BlackLivesMatter https://***34 via @Y***e', '.@V***y painted this powerful image and it speaks for itself. Lady “justice”? The brutal violence against black bodies is deeply rooted across all systems. #BlackLivesMatter https://***Jd', 'Also almost nothing on #ulurustatement #BlackLivesMatter underlying issues https://***9t', '-']",-,content_C,post
t3219,u2255,2022-02-20 20:03:55+00:00,BlackLivesMatter,m***n,11.5 Million Blackwomen and Girls are on Birth control.. #BlackWomen #Blackgirls #BlackLivesMatter https://***dW,"['Tue Jul 28 2020 Portland, Oregon - Second round of tear gas launched by federal officers WATCH: https://***m8 #PortlandOregon #PPD #blacklivesmatter #blm #defundthepolice #abolishthepolice', '11.5 Million Blackwomen and Girls are on Birth control.. #BlackWomen #Blackgirls #BlackLivesMatter https://***dW', '#FreedomForCatalonia #StandWithCatalonia #Amnesty #CataloniaIsNOTSpain #CatalanExiles #Katalonien #Catalonia #Catalogne #HongKong #GiletsJaunes #FreeAssange #Snowden #Chile #WellcomeRefugees #RiseUp4Rojava #Myanmar #BlackLivesMatter #Scotland #Afganisthan https://***AA', '-']",-,content_B,post
t0675,u2841,2020-07-16 08:20:46+00:00,BlackLivesMatter,S***s,"""We aren't taking down a statue of a Black Lives Matter protester, we're taking down the work of an artist who erected it without permission."" Bristol's Mayor explains why a sculpture of BLM supporter Jen Reid has been removed by the council. #KayBurley: https://***XW https://***X2","[""Mr. President of the Board, this is not about you or what you've done. It's about justice. ‘A Slap in the Face’: N.Y. Town Rejects Black Lives Matter Painting https://***8F"", '""We aren\'t taking down a statue of a Black Lives Matter protester, we\'re taking down the work of an artist who erected it without permission."" Bristol\'s Mayor explains why a sculpture of BLM supporter Jen Reid has been removed by the council. #KayBurley: https://***XW https://***X2', 'Edward Colston statue replaced by sculpture of Black Lives Matter protester https://***lY', '-']",-,content_B,post
t1945,u0180,2021-11-19 20:13:36+00:00,BlackLivesMatter,M***C,"A stark reminder that white supremacy is deeply rooted in our justice system. Today, justice was denied to those who were killed while protesting police violence. We stand w/ our Black brothers &amp; sisters &amp; the victims’ families in our shared fight for justice. #BlackLivesMatter https://***La","['""we all African stand together #BlackLivesMatter #Ethiopia #Nomore #EritreaPrevails #EthiopiaPrevails https://***0T', 'A stark reminder that white supremacy is deeply rooted in our justice system. Today, justice was denied to those who were killed while protesting police violence. We stand w/ our Black brothers &amp; sisters &amp; the victims’ families in our shared fight for justice. #BlackLivesMatter https://***La', 'When #minorities unite we become #themajority - fund mental health organizations to respond to cases that law enforcement clearly CAN‘T handle. RIP #ChristianHall 💔😡 #AsianHate #MinoritiesUnite #BlackLivesMatter https://***zt', '-']",-,content_B,post
t0402,u1989,2020-05-29 14:43:57+00:00,BlackLivesMatter,a***n,-,"['This is the world we live in...✊🏾🖤#BlackLivesMatter #GeorgeFloyd #icantbreathe https://***GK', '#BlackLivesMatter https://***61', 'Black Lives Matter #BlackLivesMatter', '-']",tweet_B,-,retweet
t0602,u1076,2020-06-12 17:30:10+00:00,BlackLivesMatter,E***L,"It's crucial that #leaders don't stay silent on the topic of #BlackLivesMatter. At the very least, we must use our platforms to garner awareness and educate ourselves and others. Here's an article I'm referring to for resources that support the cause. https://***Bl","['For #BlackLivesMatter and for all other protests the best slogan is this one. And all these will never end in 2020s. So I got my suit for these gatherings. (Got it from here: https://***yb ) https://***Cl', ""It's crucial that #leaders don't stay silent on the topic of #BlackLivesMatter. At the very least, we must use our platforms to garner awareness and educate ourselves and others. Here's an article I'm referring to for resources that support the cause. https://***Bl"", 'Proud to have been a part of this initiative with @S***M @K***o @e***f @S***i and others. For those of us working in #health, it is not enough to be not #racist, but we must be #antiracist. #blacklivesmatter #SDOH https://***mk', '-']",-,content_B,post
t3162,u1038,2022-02-20 02:00:16+00:00,BlackLivesMatter,J***6,-,"['https://***Kz #blm #BlackLivesMatter #Share #sign #help #support #awareness #blacklivesstillmatter #spread #donate #resource #BeKind #care #spreadlove #heal #love #kindness #life #petition #petitions #world #bethere #holidays #holidaycheer #bekind #helpout #now #PLEASE', '🚀foguete do tipo nasa — uma fancam do #W13 🏎 ▪🏁 #FIA #F1 #FaustaoNaBand #JN #SirPATRON44 #TEAMLH #WeStandWithLewisHamilton #WSL #mercedesf1 #TotoWolff #MercedesW13 #MercedesAMGF1 #OpatrãoTáON #F1naBand #BlackLivesMatter #NFL #wslnosportv #WSLBrasil https://***os https://***5w', '@f***a 1️⃣3️⃣URGENTE #CPIdaCOVID #ArasOmisso #JN #FIA #F1 #TeamLH44 #WSL #BlackLivesMatter #NFL #FaustaoNaBand #BBB22 #F1NaBand #MercedesAMG #ShowDoEsporte @C***B @G***r @L***l @K***r @p***l @g***i @T***e @d***r 🚩#SDVESQUERDA https://***NL', '-']",tweet_C,-,retweet
t2909,u1215,2022-02-16 16:39:47+00:00,BlackLivesMatter,A***J,FRIDAY @ 12:00 P.M. ET: There’s still time to register for the next installment of our Beyond Redlining Webinar Series! Join us for a discussion about the intersections of #BlackLivesMatter and community development. Register HERE ➡️ https://***5t https://***Mu,"['#BBCWorld #FoxNews Sooo who’s on the halftime show with Snoop? #SuperBowl #BlackLivesMatterUK #BlackLivesMatter #CNN #MurdochGutterMedia #BlackTwitter #JohnsonOut22 #london #SnoopDogg #OttawaStrong #accuweather #bbcweather #weatherchannel #msnbc https://***KD', ""You cannot universalize your 'minority group' victimhood to justify your #Hate , #exploitation and #Oppression of other people. #BlackLivesMatter #BlackHistoryMonth #CRT https://***Ws"", 'FRIDAY @ 12:00 P.M. ET: There’s still time to register for the next installment of our Beyond Redlining Webinar Series! Join us for a discussion about the intersections of #BlackLivesMatter and community development. Register HERE ➡️ https://***5t https://***Mu', '-']",-,content_C,post
t2090,u2098,2022-01-05 17:12:26+00:00,BlackLivesMatter,L***n,Big defeat for government and police as #colston4 acquitted of criminal damage for pulling down slavers statue #NoJusticeNoPeace #BlackLivesMatter @S***k @b***a @p***y Congratulations to the 4 and their supporters,"[""New year, same priorities. In 2022 — and always — we stand for a world where: ✔️ #RefugeesWelcome – always. ✔️ Seeking asylum is a human right. ✔️ No human being is illegal. ✔️ Women's rights are human rights. ✔️ Black lives matter. RT if you stand with us. ✊ https://***8W"", 'Big defeat for government and police as #colston4 acquitted of criminal damage for pulling down slavers statue #NoJusticeNoPeace #BlackLivesMatter @S***k @b***a @p***y Congratulations to the 4 and their supporters', ""Reporter Blames Snowstorm On 'Black Lives Matter' https://***Ds"", '-']",-,content_B,post
t3104,u0366,2022-02-19 10:58:59+00:00,BlackLivesMatter,a***s,A Founder of The Movement on Black Lives Matter COINTEL PRO https://***8F #blacknews #blackpolitics #blackmedia,"['Just incase you were in a mess Friday night for the Sabbath due to a lack of preparation inability to surrender to Jesus, cares of this world &amp; deceitfulness of riches... #HolocaustMemorialDay #MLK #GrenfellTower #BlackLivesMatter #BidenHarris #oprahmeghanharry #ReparationsNow https://***V6', 'A Founder of The Movement on Black Lives Matter COINTEL PRO https://***8F #blacknews #blackpolitics #blackmedia', 'Thu Jul 30 2020 Portland, Oregon - Officer shoots at protesters without apparent cause WATCH: https://***6v #PortlandOregon #PPD #blacklivesmatter #blm #defundthepolice #abolishthepolice', '-']",-,content_B,post
t0639,u1510,2020-06-27 17:44:05+00:00,BlackLivesMatter,J***s,"I am a @U***C alum, but today am a big fan of Coach K #blacklivesmatter https://***xb","['Interview on @S***s this morning with @V***e great interviewer https://***Wf #BlackLivesMatter #Blacklivelihoodsmatter @B***C @B***k 300 Race at Work Charter signatories. Time for Mandatory Ethnicity Pay Gap reporting', '💯with this 👇 ""In 2003, the County of Los Angeles in California asked that manufacturers, suppliers and contractors stop using ""master"" and ""slave"" terminology on products"" #blacklivesmatters ✊🏿 https://***Mt', 'I am a @U***C alum, but today am a big fan of Coach K #blacklivesmatter https://***xb', '-']",-,content_C,post
t3338,u0448,2022-02-22 19:12:42+00:00,BlackLivesMatter,i***o,-,"['Lots of new followers! I’ll introduce myself: I’m a Border Studies scholar (specifically US-Mexico border), a mama to two boys under 5, a tenure track faculty, and a Chicana that is pro-vax &amp; mask and believes that Black Lives Matter. I tweet a lot about all these things.', '@J***u @I***B #ClintonPedoRing #clintonISrape #HitleryForPrison #HitleryClitery #Hitlerybyebye #HeilHitlery #HitleryPedoRing #NoVax #UnVaxxed #AntiVax #NoVaxDjoCovid #UnVaxxed #VaxFraud #VaxOff #imprisonBLMterroristsNOW #BLMracistTHIEVES #BLMisMURDER #BLMsorosFUNDED #AllLivesMatter https://***dQ', 'This reality is daunting. Always think how many believed that we could beat #Covid. Now we have to learn to live with #Covid. Drag. #MondayThoughts #MondayMotivation #WritingCommunity #BlackLivesMatter #amwriting #amwritingfiction #KindnessMatters #StrongerTogether #Resist https://***mT', '-']",tweet_B,-,retweet
t0623,u2301,2020-06-19 18:13:52+00:00,BlackLivesMatter,L***e,We are fully committed to addressing the inequalities and injustices that surround us and to being part of the solution to create meaningful change. #BlackLivesMatter #Juneteenth https://***vV https://***hU,"['@l***r wrote an important article about the murder of a local Tallahassee BLM activist. Oluwatoyin Salau should not be forgotten, nor should her beliefs be silenced even in the wake of her death. #salau #BlackLivesMatter #OluwatoyinSalau #BLMprotest https://***5S', 'We are fully committed to addressing the inequalities and injustices that surround us and to being part of the solution to create meaningful change. #BlackLivesMatter #Juneteenth https://***vV https://***hU', ""This week's #TEDspire discusses ways in which we can create a better society and how to overcome our racial biases, lets take a look - https://***kb #BlackLivesMatter https://***65"", '-']",-,content_B,post
t0661,u1133,2020-07-09 07:48:17+00:00,BlackLivesMatter,j***u,"5th CCA Solidarity Symposium ""Race, Communication &amp; Decolonial Futures. https://***0F Watch our 5th CCA Solidarity Symposium ""Race, Communication and Decolonial Futures"". Program starts at 14 minutes into the video after welcome music and slideshow. #BlackLivesMatter","['NYC to start painting Black Lives Matter mural outside Trump Tower https://***W4 https://***a4', '5th CCA Solidarity Symposium ""Race, Communication &amp; Decolonial Futures. https://***0F Watch our 5th CCA Solidarity Symposium ""Race, Communication and Decolonial Futures"". Program starts at 14 minutes into the video after welcome music and slideshow. #BlackLivesMatter', 'The comment made on the @3***t kit did not mean that our players will not be showing their support for the #BlackLivesMatter movement. We are working on creative ideas to incorporate BLM into the kit &amp; our will to add our voice to this very important &amp; necessary conversation. https://***oU', '-']",-,content_B,post
t2489,u0473,2022-02-08 17:01:37+00:00,BlackLivesMatter,j***y,WAKE UP!!! (SPREAD LOVE ) @j***y x krazyfingaz feat. RELL Click link below https://***qq fist #blacklivesmatter #nojusticenopeace #jamilhonesty #krazyfingaz #blackpower #hiphopsoul #boombaphiphop #rell #soulmusic #icantbreathe,"['This afternoon, we joined the community demanding #JusticeForAmirLocke. #BlackLivesMatter https://***I1', 'I know #AmirLocke was 22, but in my eyes he was still a kid. An adult kid, and that is both my personal and professional opinion. The Minneapolis Police executed a kid, and then lied about it, and thought they could get away with it because he was Black.', 'WAKE UP!!! (SPREAD LOVE ) @j***y x krazyfingaz feat. RELL Click link below https://***qq fist #blacklivesmatter #nojusticenopeace #jamilhonesty #krazyfingaz #blackpower #hiphopsoul #boombaphiphop #rell #soulmusic #icantbreathe', '-']",-,content_C,post
t1839,u0425,2021-09-20 14:53:45+00:00,BlackLivesMatter,s***s,Black virtual tech conference starting today. Totally free. Sign up here: https://***NZ #technology #BlackTechTwitter #Somalia #Somaliland #BlackLivesMatter,"['Black virtual tech conference starting today. Totally free. Sign up here: https://***NZ #technology #BlackTechTwitter #Somalia #Somaliland #BlackLivesMatter', 'All eyes on December 1- for the unborn who can’t speak, their lives matter. #alpolitics #alllivesmatter #Heartbeat https://***Rd', ""This letter titled 'we just want to be teachers' gave me hope. BIPOC educators like @R***e and @N***r are leading us courageously towards a more equitable #intled . Thank you ladies! https://***lw #intlELOC @P***d @A***A #BlackLivesMatter"", '-']",-,content_A,post
t3502,u0376,2022-02-25 19:45:05+00:00,BlackLivesMatter,k***6,This is so BIG!!! Especially following the McMichael/Bryan #HateCrime #CivilRights verdicts earlier this week!! Is it possible that change is actually happening? #BlackLivesMatter #JusticeMatters #GeorgeFloyd #AhmaudArbery #BLM,"['This is so BIG!!! Especially following the McMichael/Bryan #HateCrime #CivilRights verdicts earlier this week!! Is it possible that change is actually happening? #BlackLivesMatter #JusticeMatters #GeorgeFloyd #AhmaudArbery #BLM', 'Black Lives Matter. Black Voters Matter. Black History Matters. #BHM https://***2v', 'Associate Professor Jaime Booth\'s SPIN project has an article in the Journal of Research on Adolescents special issue ""Black Lives Matter!: Systems of Oppression Affecting Black Youth."" https://***IS @J***h https://***se', '-']",tweet_B,content_A,reply
t0504,u1406,2020-06-03 20:22:26+00:00,BlackLivesMatter,j***g,-,"['#BlackLivesMatter (mon dernier tweet n’avait absolument rien a voir avec l’actualité) 🙏🏻🙏🏿 Comment croire autre chose !? CHAQUE VIE COMPTE 💙 https://***Jr', 'An uprising across major cities in the United States #JusticeForGeorgeFloyd #BlackLivesMatter https://***N1', 'We stand with the black community against racism and inequality. Humanity only wins when we all win #blacklivesmatter https://***VR', '-']",tweet_C,-,retweet
t3456,u2419,2022-02-24 19:58:00+00:00,BlackLivesMatter,T***s,"COMMENT: Don't believe the hype over Black Lives Matter allegations History tells us that black leaders can expect to be accused of fraud, writes Voice editor Lester Holloway @b***y https://***LZ","[""COMMENT: Don't believe the hype over Black Lives Matter allegations History tells us that black leaders can expect to be accused of fraud, writes Voice editor Lester Holloway @b***y https://***LZ"", 'LISTEN AND SHARE!!! Rockford Reading Daily Podcast 014 - Have Black Lives Ever Mattered by Mumia Abu-Jamal #spotify #spotifypodcasts #podcast #BlackLivesMatter #BLM https://***PZ', 'It was my great honor to spend time with @m***s and her team @f***t talking about #racialjustice #democracy #love #radical #politics and #BlackLivesMatter #grateful https://***UR', '-']",-,content_A,post
t2344,u2372,2022-02-02 17:07:30+00:00,BlackLivesMatter,V***y,"So können Sie mit #Aktivistin #AyọTometi, eine der Gründer:innen der #BlackLivesMatter-Bewegung, auf einen Spaziergang gehen... https://***Ss","['So können Sie mit #Aktivistin #AyọTometi, eine der Gründer:innen der #BlackLivesMatter-Bewegung, auf einen Spaziergang gehen... https://***Ss', '@B***e @G***s @a***_ @P***g @B***e @p***e @S***n @S***e @m***y @p***c @P***s @S***d @V***s @a***t @Y***K @i***s @T***s @b***t #beep #BlackLivesMatter', 'Cawthorn also claimed that ""all of our major cities burned to the ground"" in Black Lives Matter protests. https://***b3', '-']",-,content_A,post
t2962,u0581,2022-02-17 08:38:53+00:00,BlackLivesMatter,H***5,-,"['Encerramos com a 5a vitória seguida do líder do Leste, os Bulls bateram os #Kings por 125x118. DeMar DeRozan com 38 pontos foi o cestinha mais uma vez. Pegam os #Hawks dia 24/02. #BullsNation #NBA75 #NBA75 #BlackLivesMatter. 📸: @c***s. https://***T5', 'Untitled, Fort Scott, Kansas, 1950 . . . #blackculture #blacklove #blackisbeautiful #socialjustice #freedom #endinjustice #speakup #speakout #blacklivesmatter #blm https://***aI', '#Minnesota prosecutors have apparently backed away from their #Pursuit of a longer-than-usual sentence for the suburban #Minneapolis #Police #officer who said she #Confused her #handgun for her #Taser when she killed #DaunteWright , a 20-year-old #black motorist.#BlackLivesMatter https://***R6', '-']",tweet_B,-,retweet
t1764,u0684,2021-06-16 21:45:07+00:00,BlackLivesMatter,0***n,-,"[""Congratulations to @c***g's Cancer Health 25: Black Lives Matter list honorees, including @L***y's Jeanne Regnante and @B***s's Candace Henley, for their work in ensuring access to #cancercare and #healthequity for all Americans. https://***Bg https://***xM"", 'Just to add, and no disrespect to actual CRT scholars, but fighting over the definition of critical race theory is not the way out of this. Swap ""Black Lives Matter"" for ""critical race theory"" every time you see it and everything makes more sense. https://***X6 https://***Rg', 'Ep 42 of #actingrealpod is up! It stars my friend, the v wise @a***r 🌀We talk the beauty of aging, goals &amp; gratitudes. Also, we have a real conversation ab what has &amp; what has not changed over this past year during the Black Lives Matter Movement. I love her. LINK IN BIO. https://***8t', '-']",tweet_A,-,retweet
t0400,u3136,2020-05-29 11:27:14+00:00,BlackLivesMatter,m***o,And this one's for #AcademicTwitter. Academia has never been and will never be apolitical. If you champion diversity and equity in academia then you must confront inequalities more broadly. #DiversityInSTEM #BlackLivesMatter,"['A THREAD OF WHAT YOU CAN DO TO HELP #BlackLivesMatter', 'In order to fix a problem, you have to get to the root cause. Everybody has to believe and act like #BlackLivesMatters #stopkillingblackpeople https://***r7', ""And this one's for #AcademicTwitter. Academia has never been and will never be apolitical. If you champion diversity and equity in academia then you must confront inequalities more broadly. #DiversityInSTEM #BlackLivesMatter"", '-']",tweet_A,content_C,reply
t3728,u0390,2022-03-02 20:48:25+00:00,BlackLivesMatter,T***n,"World Premier! Our song, The Dedication, with moving video! @G***g @C***r @t***t @R***f @A***C #ahimsa #animalrights #progressive #lgbtq #equality #environment #feminism #peacelove #vegan #blm #blacklivesmatter #antifa #resist https://***eh","['""Ukraine war latest: Moscow ready for more talks with Kyiv"" and more murder? https://***rZ #HolocaustMemorialDay #MLK #GrenfellTower #BlackLivesMatter #BidenHarris #oprahmeghanharry #ReparationsNow', 'ding^ DING &amp; Ding? ding DING &amp; ding* ding &amp; Ding ding* Ding ding! #PennState #BlackLivesMatter #JusticeForAll', 'World Premier! Our song, The Dedication, with moving video! @G***g @C***r @t***t @R***f @A***C #ahimsa #animalrights #progressive #lgbtq #equality #environment #feminism #peacelove #vegan #blm #blacklivesmatter #antifa #resist https://***eh', '-']",-,content_C,post
t0483,u2450,2020-06-02 19:15:58+00:00,BlackLivesMatter,u***a,-,"[""Message from AAMD's Executive Director: Black Lives Matter https://***Te https://***Vy"", 'Black Lives Matter. Always. https://***vF', '#BlackLivesMatter https://***7h', '-']",tweet_B,-,retweet
t3342,u2638,2022-02-22 20:13:08+00:00,BlackLivesMatter,m***d,I have such little faith in justice in this nation. Money and power determine everything. Or at least it tries to influence everything. #TuesdayThoughts #TuesdayMotivation #WritingCommunity #BlackLivesMatter #amwritingfiction #FBR #KindnessMatters #StrongerTogether #Resist https://***xx,"['I have such little faith in justice in this nation. Money and power determine everything. Or at least it tries to influence everything. #TuesdayThoughts #TuesdayMotivation #WritingCommunity #BlackLivesMatter #amwritingfiction #FBR #KindnessMatters #StrongerTogether #Resist https://***xx', '#inequalty #polls #Statistics #PresidentBiden #BlueWave2022 #Science #GOPDeathCult #GOPHypocrisy #DemocracyMatters #January6th #BigLie #TrumpCoupAttempt #GetVaccinated #VaccineMandates #ProChoice #VotingRights #ClimateAction #BlackLivesMatter #GunControl #politicalcartoons https://***Hu', 'A great majority of these sub-contractors to the Home Office end up racially abusing immigrants. Either the Home office is unlucky when hiring them, They seek them out, or companies learn the behaviour from the H/O. #BLMUK #Windrush #BlackTwitter #BlackLivesMatter #UKPolitics https://***if', '-']",-,content_A,post
t3235,u2904,2022-02-21 04:09:55+00:00,BlackLivesMatter,u***d,"⚡️#BreakingNews @B***a @M***a @V***P @O***h @R***y @O***C @O***D @_***C @O***d @U***M @B***6 🌍🎉✨👸🏾🤴🏾✨🎊 #BlackLivesMatter #CLE🌇 #ThisIsCLE🏙 #NBAALLSTAR NBA ALL-STAR #Weekend 2022, #Cleveland🌃 #NBAAllStar #NBA2K22 #NBA75 #NBATwitter #LetEmKnow https://***So","['⚡️#BreakingNews @B***a @M***a @V***P @O***h @R***y @O***C @O***D @_***C @O***d @U***M @B***6 🌍🎉✨👸🏾🤴🏾✨🎊 #BlackLivesMatter #CLE🌇 #ThisIsCLE🏙 #NBAALLSTAR NBA ALL-STAR #Weekend 2022, #Cleveland🌃 #NBAAllStar #NBA2K22 #NBA75 #NBATwitter #LetEmKnow https://***So', '“The very serious function of racism is a distraction. It keeps you from doing your work. It keeps you explaining, over and over again, your reason for being.” – Toni Morrison Visit https://***nL to learn more. . . . . . #PolitiCALM #blackhistorymonth #blacklivesmatter https://***Qz', 'Everything is quantum. “Q System can evolve, at the same time, towards the past and the future.” #Q_DAY #QM #4IR #KKK #🧬 #🔥 #👹 #MedicalAidRacialProfiling 🥼🩺💊 @P***A @C***u @I***L @G***1 Spirituality #BlackLivesMatter #BlackHistoryMonth #EFFvsAfriforum https://***qA', '-']",-,content_A,post
t3813,u1832,2022-03-04 03:21:34+00:00,BlackLivesMatter,N***K,"After all the attention the Black Lives Matter-led racial justice movement generated after George Floyd’s death in 2020, new data show that the number of Black people killed by police has increased over the last two years. https://***zr","['After all the attention the Black Lives Matter-led racial justice movement generated after George Floyd’s death in 2020, new data show that the number of Black people killed by police has increased over the last two years. https://***zr', 'Not guilty of even wanton endangerment. My class discussed whether that was even enough for our very first, ""how do we even do this"" episode. https://***rZ', 'Breonna Taylor should still be with us. The people who murdered her should be held accountable. Today, and always, our hearts are with Breonna’s family. #BlackLivesMatter https://***bD', '-']",-,content_A,post
t3224,u1847,2022-02-20 21:05:21+00:00,BlackLivesMatter,b***r,Protester Who Fell From Overpass While Trying To Block Interstate Sues Police Over His Injuries - The Police Tribune https://***x1 Follow @b***r #BlueLivesMatter #BackTheBlue #lawenforcement #PoliceTribune,"['https://***G9 RT-8 #blackandproud #imblackandimproud #BlackTwitter #racism #blackamericaweb #WhitePrivilege #BlackLivesMatter #DonLemon #WeAreBetterThanThis #leftwing', 'Check out the February Issue of Power Conversations Magazine!! This Coaches Edition hit in a major way!! Subscribe Now at https://***vK #media #blackmedia #authors #coaches #wysptv #powerconvomag #blacklifecoaches #lifecoaches #blacklivesmatter #matte... https://***bw', 'Protester Who Fell From Overpass While Trying To Block Interstate Sues Police Over His Injuries - The Police Tribune https://***x1 Follow @b***r #BlueLivesMatter #BackTheBlue #lawenforcement #PoliceTribune', '-']",-,content_C,post
t1982,u0981,2021-11-30 21:42:31+00:00,BlackLivesMatter,D***l,Build the movement this #GivingTuesday! Donate to #BlackLivesMatter Los Angeles! https://***hq,"['Please look at ALL 3 photos and READ the last photo. #abcnews you can continue to delete my post on IG all you want but, I want you to be accountable for your racist propaganda. You should be ashamed. #fakenews #abcnews #trash #racist #blacklivesmatter #alllivesmatter #africa https://***jz', 'Sequoia Maner, the poet-researcher in the age of Black Lives Matter -- https://***7D https://***x2', 'Build the movement this #GivingTuesday! Donate to #BlackLivesMatter Los Angeles! https://***hq', '-']",-,content_C,post
t2021,u0048,2021-12-15 19:32:50+00:00,BlackLivesMatter,D***s,"He holds the record for most Formula One races won, and he’s known for his #BlackLivesMatter advocacy — including taking a knee before races and encouraging other racers to join protests. Congratulations to Sir @L***n on his knighthood and for #SolvingIt! https://***Zp","['Corporations say Black lives matter. Which one has pledged the most funding for racial equity? Which corporations are funding racial equity?', '@H***N Also drawing attention to the hypocrisy of political leaders who claimed that #BlackLivesMatter for the cameras, yet continue to block change every step of the way, criminalizing movements who are doing the work of addressing systemic racial and economic injustice', 'He holds the record for most Formula One races won, and he’s known for his #BlackLivesMatter advocacy — including taking a knee before races and encouraging other racers to join protests. Congratulations to Sir @L***n on his knighthood and for #SolvingIt! https://***Zp', '-']",-,content_C,post
t2797,u0088,2022-02-15 07:57:23+00:00,BlackLivesMatter,S***0,"You cannot universalize your 'minority group' victimhood to justify your #Hate , #exploitation and #Oppression of other people. #BlackLivesMatter #BlackHistoryMonth #CRT https://***Ws","['#mikesrandomthoughts #RedWave2022 #redwave2024 #JoeBidensAmerica #ChinaJoeBiden #bluelivesmatter #Senate #Congress #houseofrepresentatives #JoeBiden #KamalaHarris #Trump2024 #CandaceOwens #antifascist #BLM #blacklivesmatter #veterans #secondamendment #ATWA #atwar https://***Ow', 'Colin Kaepernick Takes a Knee for National Anthem https://***Lv via @Y***e #Kapernick #Eminem #DemocratsDeliver #DemocracyInDanger #TrumpCult #Nationalism vs. #Justice #BlackLivesMatter #EthicalHour #Integrity #NFLPlayoffs #NFLPlayoffs #Kneeling we all kneel', ""You cannot universalize your 'minority group' victimhood to justify your #Hate , #exploitation and #Oppression of other people. #BlackLivesMatter #BlackHistoryMonth #CRT https://***Ws"", '-']",-,content_C,post
t0653,u2368,2020-07-03 17:40:36+00:00,BlackLivesMatter,d***g,-,"['16 wins we’ve seen as #BlackLivesMatter protests continue to apply pressure ✊🏿 https://***QX https://***C5', ""raise your hand if you'd like to see the town of Palm Beach put up a huge BLACK LIVES MATTER sign right across the street from Mar-a-Lago"", 'Meghan Markle #BlackLivesMatterUK speech supported by majority of U.K.—Poll https://***9q #TheQueenApology', '-']",tweet_A,-,retweet
t3335,u0609,2022-02-22 18:31:31+00:00,BlackLivesMatter,R***a,"And rightfully so. This instance of justice would not have been possible without the work of advocates, activists and Ahmaud Arbery's family. Accountability and action to protect Black lives must extend beyond today's verdict. #BlackLivesMatter https://***mg","[""@N***P #BlackLivesMatter #Blackhistorymonth2022 #blackhistory #blackhistory365 #metootheatre #metoomovement #BlackGirlTragic #BlackGirlTragic #blackgirlscode no one sees, hears &amp; BELIEVES me. it's fine I respect everyone's Free Will as long as, YOU get sincerely Y I can't tell U"", '1️⃣3️⃣Extra!DENUNCIE @S***l #CPIdaCOVID #ArasOmisso #JN #FIA #F1 #TeamLH44 #W13 #WSL #BlackLivesMatter #NFL #FaustaoNaBand #BBB22 #F1NaBand #MercedesAMGF1 #ShowDoEsporte @C***B @G***r @K***r @p***l @g***i @T***e 🚩#SDVESQUERDA https://***NL https://***hm', ""And rightfully so. This instance of justice would not have been possible without the work of advocates, activists and Ahmaud Arbery's family. Accountability and action to protect Black lives must extend beyond today's verdict. #BlackLivesMatter https://***mg"", '-']",-,content_C,post
t1888,u0629,2021-10-20 16:52:21+00:00,BlackLivesMatter,i***i,-,"[""Q5: Mentioned this earlier, but want to lift up again @a***a's A Herstory of the #BlackLivesMatter Movement. This piece illuminates how #BLM was always intersectional from the beginning. #queerNCTE #NCTEchat https://***38 https://***Ee"", 'LISTEN: The Story of Jelani Day... and what would be different if #BlackLivesMatter were a vision realized. Podcast 🔗: https://***5o 🎥 cred: TT Drama Layla/ttdramanews https://***zU', 'I see a lot of signs say ""black lives matter"" .... Where black people used to live', '-']",tweet_B,-,retweet
t1644,u0569,2021-02-19 15:54:33+00:00,BlackLivesMatter,O***4,Timo Werner did a 100 day Premier League drought to support the Black lives matter and Discrimination against Racism movement.😂🙏,"['#Blacktranshistory Miss Major founded the Transgender Gender-Variant and Intersex Justice Project and continues to be an inspiration and role model to Black TGNC organizers. #blacktransliberation #blacklivesmatter #abolishprisons #TGNC #atticaprisonuprising #blm #lgbtq https://***J8', 'Timo Werner did a 100 day Premier League drought to support the Black lives matter and Discrimination against Racism movement.😂🙏', ""Here's our podcast playlist⬇️for Black History Month! Not easy to pick from all the great @N***h episodes, but here's out top picks for celebrating Black History Month #BlackHistoryMonth #BlackLivesMatter #podcasts"", '-']",-,content_B,post
t3585,u3279,2022-02-27 23:06:25+00:00,BlackLivesMatter,s***r,-,"['ACESSO À ORDEM JURÍDICA JUSTA. RAZOÁVEL DURAÇÃO DO PROCESSO. IMPUNIDADE. https://***l7 #RedePelicano #IBEPAC #lawfare4all #lawfare #REALITYWorld #REALITY #DireitosHumanos #BlackLivesMatter #BREAKING, #BREAKINGNEWS, #CIDH #RELE_CIDH #ONU #DIREITOINTERNACIONAL #ESTUDAR https://***aV', 'iPhone and iPad Case - BLACK LIVES MATTER https://***rO via @z***e #BlackLivesMatter #iPhoneCase #iPhone #iPad #Zazzle #ZazzleMade #ZazzleStore', '@M***a @C***i @B***a @y***l @M***e @7***o @F***h @A***3 @S***3 @E***a @U***s @z***n @M***8 @P***1 @C***X @a***2 @a***a @J***1 @M***4 #conversation #GENERATIONALPOVERTY ❤️ @R***1 #realitybites #followus #Changingthenarrative #blackbusiness #SupportBlackBusiness #BlackLivesMatter #blackexcellence #BlackHistoryMonth #FreedomOfSpeech #BlackTwitter #1DDrive #IFBAP #FBRParty https://***sm', '-']",tweet_A,-,retweet
t2694,u3195,2022-02-13 12:32:09+00:00,BlackLivesMatter,t***s,"Sun May 31 2020 Kansas City, Missouri - Police pepper spray protesters walking away and later arrest one of them WATCH: https://***Ge #KansasCityMissouri #KCPD #blacklivesmatter #blm #defundthepolice #abolishthepolice","['#AGrooveAlmostEverydayWillPlayTillThePandemicGoAway #ValentinesDay2022 #SaturdayMorning #BlackHistoryMonth #1619Project #briannataylor #ElijahMcClain #NoJusticeNoPeace #COVID19 #CDC #blacklivesmatter #CoronavirusPandemic 🎼🎸🎤💞🇺🇸 More https://***Kl via @Y***e', '@c***y I drunk all the juice in the fridge Mutua Zouma #NikujaribuTu #blacklivesmatters #RegisterForFree', 'Sun May 31 2020 Kansas City, Missouri - Police pepper spray protesters walking away and later arrest one of them WATCH: https://***Ge #KansasCityMissouri #KCPD #blacklivesmatter #blm #defundthepolice #abolishthepolice', '-']",-,content_C,post
t1711,u1867,2021-04-16 19:57:14+00:00,BlackLivesMatter,A***r,"Can’t miss @u***s author @c***h’s on-demand session “Centering Women in the in the Global #BlackLivesMatter Movement” with @t***l, @p***s, and @T***D. #OAH21 https://***0w https://***nS","['Can’t miss @u***s author @c***h’s on-demand session “Centering Women in the in the Global #BlackLivesMatter Movement” with @t***l, @p***s, and @T***D. #OAH21 https://***0w https://***nS', ""We're live! #blackhealthnow talks #BlackMaternalHealth with a panel of #BlackDoctors. #Blacklivesmatter https://***iD"", '@A***C @W***y Also listen to this very personal story we shared last year on how #BlackWomen are treated at the doctor: #BlackHealthNow #BlackLivesMatter #BlackMaternalHealthWeek https://***5X', '-']",-,content_A,post
t3629,u0168,2022-02-28 21:01:54+00:00,BlackLivesMatter,U***G,"Porque #BlackLivesMatter, izamos esta bandera en la Embajada como símbolo y recordatorio de nuestra responsabilidad colectiva para promover la igualdad racial en todo el mundo. #BlackHistoryMonth https://***9R","['Porque #BlackLivesMatter, izamos esta bandera en la Embajada como símbolo y recordatorio de nuestra responsabilidad colectiva para promover la igualdad racial en todo el mundo. #BlackHistoryMonth https://***9R', 'Going through the #ukraine tag and seeing the absolute lamest attempts at Russian social media manipulation. They really think “Ukrainian lives don’t matter until Black Lives Matter” is going to fly with anyone but their bots? Ugh.', 'Racism takes no days off. Help is coming for all the Africans and blacks stranded in 🇺🇦 #AfricansinUkraine #BlackLivesMatter', '-']",-,content_A,post
t2569,u2638,2022-02-10 11:11:17+00:00,BlackLivesMatter,m***d,This is shocking in that the guard was hired and knew he was working at a museum. Disrespect and vandalism should not be tolerated. Horrible. #ThursdayMotivation #WritingCommunity #BlackLivesMatter #amwriting #amwritingfiction #KindnessMatters #StrongerTogether #Resist https://***cE,"['For more info, see the powerful documentary film Scarred Justice (California Newsreel) and read more here: https://***uM #DivisiveConcepts #NHPolitics #BlackHistoryMonth #BlackLivesMatter @P***H @P***H @B***t /fin', '1989 – Ron Brown is elected chairman of the Democratic National Committee, becoming the first African American to lead a major American political party. He was killed, along with 34 others in a 1996 plane crash in Croatia. #BlackHistory #BlackLivesMatter https://***Ma', 'This is shocking in that the guard was hired and knew he was working at a museum. Disrespect and vandalism should not be tolerated. Horrible. #ThursdayMotivation #WritingCommunity #BlackLivesMatter #amwriting #amwritingfiction #KindnessMatters #StrongerTogether #Resist https://***cE', '-']",-,content_C,post
t1609,u0513,2021-01-15 23:51:47+00:00,BlackLivesMatter,C***P,"Today in Cleveland @T***n renewed their struggle for #justicefortamir —the DoJ ran out the clock on one case, but we will never give up, bc #blacklivesmatter https://***q7","['Another Black person life snatched away in the hands of the violent Police. #BlackLivesMatter https://***81', 'Black Lives Matter Activist Who Stormed Capitol on Jan. 6 Arrested, Charged https://***jn via @e***s', 'Today in Cleveland @T***n renewed their struggle for #justicefortamir —the DoJ ran out the clock on one case, but we will never give up, bc #blacklivesmatter https://***q7', '-']",-,content_C,post
t1371,u0921,2020-11-01 23:40:32+00:00,BlackLivesMatter,B***r,"Take a look at the first commercial ad of our Dear White People campaign, currently running in suburbs across the nation. Black Lives Matter has been misconstrued as divisive. It’s time we reclaim our narrative. #blm #dearwhitepeople #gotv https://***rE","['For people who ask me why it\'s so important to say things like ""trans rights"" or ""black lives matter,"" the BBC has decided both these statements are too contentious for its staff to support, while it continues to platform the opposing sentiments. That\'s why it\'s important.', 'Take a look at the first commercial ad of our Dear White People campaign, currently running in suburbs across the nation. Black Lives Matter has been misconstrued as divisive. It’s time we reclaim our narrative. #blm #dearwhitepeople #gotv https://***rE', 'Trump’s DOJ has only brought one - one - pattern and practice case against civil rights violations by police. But Barr has pushed federal prosecutors to crack down on Black Lives Matter protests, resulting in nearly 200 federal cases related to theft, arson or property damage.', '-']",-,content_B,post
t1683,u0513,2021-03-24 14:15:46+00:00,BlackLivesMatter,C***P,Please join the @B***6 State of Injustice stream-a-thon today to watch the amazing episodes the mini-series has produced and to hear from local accountability and divest/reinvest activists. #blacklivesmatter #defund https://***6u,"['Black Lives Matter and if you stand by that statement you commit to actively work to dismantle the systems of white supremacy which affect Black and Brown bodies. https://***LT', 'Victor Lindelof has taken Black Lives Matter movement to another level by taking a knee in the middle of the game. Class act! 👏 #BlackLivesMatter #FACup #ManchesterUnited https://***nC', 'Please join the @B***6 State of Injustice stream-a-thon today to watch the amazing episodes the mini-series has produced and to hear from local accountability and divest/reinvest activists. #blacklivesmatter #defund https://***6u', '-']",-,content_C,post
t1406,u2748,2020-11-10 17:47:24+00:00,BlackLivesMatter,c***s,"""Minneapolis NAACP, Black Lives Matter Twin Cities, Twin Cities Coalition for Justice for Jamar and Communities United Against Police Brutality all asked @a***r to suspend her White House bid."" @a***r must never become US AG. https://***Zg","['The fact that corporate Democrats see AOC, Black Lives Matter, and Medicare for All as the “enemies” really says it all.', '""Minneapolis NAACP, Black Lives Matter Twin Cities, Twin Cities Coalition for Justice for Jamar and Communities United Against Police Brutality all asked @a***r to suspend her White House bid."" @a***r must never become US AG. https://***Zg', '#BidenHarris2020 #PresidentElectBiden #PresidentElectJoe #PresidentElect #BlackLivesMatter @W***t https://***SM', '-']",-,content_B,post
t1520,u1923,2020-12-07 01:24:52+00:00,BlackLivesMatter,i***o,"RIP to Breonna Taylor, George Floyd and so many others who loss their lives to senseless and unjust murders by the hands of the police. #BlackLivesMatter #rhoa","['Still no statement from @W***m condemning Saturday’s pre-match booing of #BlackLivesMatter. Add that to the long list of failures by the club to address the deep-rooted racism within its fan base. I’m disgusted but can’t say I’m surprised.', 'RIP to Breonna Taylor, George Floyd and so many others who loss their lives to senseless and unjust murders by the hands of the police. #BlackLivesMatter #rhoa', 'Black Business Book The perfect Christmas gift for that special someone Only S10 https://***Hv or amazon #Goodblackhistory #Blackhistoryfacts #blackhistory #BlackLivesMatter https://***1J', '-']",-,content_B,post
t0512,u1216,2020-06-04 06:49:40+00:00,BlackLivesMatter,h***i,"Black Europeans are European citizens and should be treated equally and fairly, safe from all manifestations of racism, xenophobia and intolerance. #BlackLivesMatter https://***Zh","['@g***b @t***D @S***y @m***r @W***b @h***B @j***e @p***b @l***e @O***n I pledge to oppose racism and hate through active allyship, continuous unlearning, learning, and listening. Join me by nominating 5 others to do the same. #BlackLivesMatter @j***1 @s***a @p***c @m***g @R***D', '(1/ ) These are nine elected officials who have been abused by police during the George Floyd protests. Details and documentation in thread. #BlackLivesMatter #PoliceBrutality #PoliceThePolice https://***Ap', 'Black Europeans are European citizens and should be treated equally and fairly, safe from all manifestations of racism, xenophobia and intolerance. #BlackLivesMatter https://***Zh', '-']",-,content_C,post
t0611,u2251,2020-06-15 06:21:31+00:00,BlackLivesMatter,n***g,"Protesters in Tokyo Declare Black Lives Matter, but Issue of Race in Japan Remains Complicated https://***PN via @v***e","['Actor and activist Kendrick Sampson joins me on PoliticKING this week to talk about joining the defund the police movement and organizing Black Lives Matter protests in Hollywood. Got a question for him? Send them below... https://***hJ', 'Does anyone know this amazing woman - I’d like to give her this portrait of her taken at the protest on june 2nd at Hollywood blvd. #BlackLivesMatterLA #Hollywood #blm #GeorgeFloydProtests #JusticeForGeorgeFloyd #ICantBreathe #blacklivesmatter #blackoutuesday https://***mp', 'Protesters in Tokyo Declare Black Lives Matter, but Issue of Race in Japan Remains Complicated https://***PN via @v***e', '-']",-,content_C,post
t0426,u2058,2020-05-31 16:15:25+00:00,BlackLivesMatter,t***o,"Powerful address by @R***e with a clear framework for those of us who are ready to say ""no more"" - Knowledge Empathy. Action. No more racism, no more brutality, no more absurdity. #BlackLivesMatter https://***fZ","['Cancer Facts &amp; Figures for African Americans About 202,260 new cancer cases and 73,030 cancer deaths are expected to occur among blacks in 2019. #BlackLivesMatters #BlackLiveMatter #BLACK_LIVES_MATTER #BlackLifesMatter #BlacklivesMaters #cachexia #Cancer', 'NO JUSTICE, NO PEACE. I see you. I hear you. I stand with you. #JusticeForGeorgeFlyod #blacklivesmatter', 'Powerful address by @R***e with a clear framework for those of us who are ready to say ""no more"" - Knowledge Empathy. Action. No more racism, no more brutality, no more absurdity. #BlackLivesMatter https://***fZ', '-']",-,content_C,post
t3303,u0591,2022-02-22 09:10:41+00:00,BlackLivesMatter,J***S,#FarmersProtest #FarmerProtests #SaveLakshadweep #FarmerLivesMatter #BlackLivesMatter #freepalastine #FreePalestine #freejugrajsingh #freehawara #FreeJaggiNow #bapusuratsinghjikhalsa .ਪ੍ਰਣਾਮ ਸ਼ਹੀਦਾ ਨੂੰ .ਸਰਬੱਤ ਦਾ ਭਲਾ 🙏🏼#KisanMajdoorEktaZindabaad #WhereAreMissingFarmers,"['Idiots like this will travel abroad and be shouting #BlackLivesMatter but look at 👇 https://***a6', ""@N***P #BlackLivesMatter #Blackhistorymonth2022 #blackhistory #blackhistory365 #metootheatre #metoomovement #BlackGirlTragic #BlackGirlTragic #blackgirlscode what I know spiritually that another stigma about AA BLACKS COLORS we can't be spiritually gifted the color of our skin"", '#FarmersProtest #FarmerProtests #SaveLakshadweep #FarmerLivesMatter #BlackLivesMatter #freepalastine #FreePalestine #freejugrajsingh #freehawara #FreeJaggiNow #bapusuratsinghjikhalsa .ਪ੍ਰਣਾਮ ਸ਼ਹੀਦਾ ਨੂੰ .ਸਰਬੱਤ ਦਾ ਭਲਾ 🙏🏼#KisanMajdoorEktaZindabaad #WhereAreMissingFarmers', '-']",-,content_C,post
t3113,u0390,2022-02-19 15:34:18+00:00,BlackLivesMatter,T***n,"World Premier! Our rock song, By Your Side, with new video @G***g @C***r @t***t @R***f @A***C #ahimsa #animalrights #progressive #lgbtq #equality #environment #feminism #peacelove #vegan #blm #blacklivesmatter #antifa #resist https://***oV","['#BBCWorld RT Teenagers have only been swearing for 30 years? #school #JohnsonOut24 #BlackLivesMatteruk #Teachers #BlackHistoryMonth https://***RH https://***ZZ', 'World Premier! Our rock song, By Your Side, with new video @G***g @C***r @t***t @R***f @A***C #ahimsa #animalrights #progressive #lgbtq #equality #environment #feminism #peacelove #vegan #blm #blacklivesmatter #antifa #resist https://***oV', ""🌹LEEDS RALLY🌹 The next Socialist Campaign Group local rally is in Leeds on Thursday 24th Feb I'll be there along with: ◾@I***P ◾@m***y ◾@I***P And speakers from the UCU, Black Lives Matter and Momentum. Register here: https://***lm https://***3p"", '-']",-,content_B,post
t0451,u1112,2020-06-01 19:11:19+00:00,BlackLivesMatter,Y***B,"In case you need a quick link, here's where I donated to Black Lives Matter! https://***WQ #BlackLivesMatter #antiracism","['Dites @S***B ce train solidaire a touché tant d’Americains - et de personnes dans le monde. Ce ne sont pas des graffitis, c’est un cri #BlackLivesMatter - ne le nettoyez pas - et continuez à la faire circuler. Merci ! https://***Dj', ""This resource is a great place to start: https://***v. We'd like to thank Sarah Sophie Flicker and Alyssa Klei for putting this together. #BlackLivesMatter 2/2"", ""In case you need a quick link, here's where I donated to Black Lives Matter! https://***WQ #BlackLivesMatter #antiracism"", '-']",-,content_C,post
t0409,u0707,2020-05-30 16:58:04+00:00,BlackLivesMatter,M***Y,"Our full statement responding to the police brutality in Brooklyn last night. Our Adilka Pimentel: ""Black New Yorkers like me are in a perpetual state of mourning the lives of Black people murdered by law enforcement... #BlackLivesMatter /1 https://***2J","['To be silent is to be complicit. Black lives matter. We have a platform, and we have a duty to our Black members, employees, creators and talent to speak up.', 'Our full statement responding to the police brutality in Brooklyn last night. Our Adilka Pimentel: ""Black New Yorkers like me are in a perpetual state of mourning the lives of Black people murdered by law enforcement... #BlackLivesMatter /1 https://***2J', '#JusticeForGeorgeFloyd #BlackLivesMatter', '-']",-,content_B,post
t0515,u3244,2020-06-04 13:41:29+00:00,BlackLivesMatter,F***B,-,"['The painful truth is that persistent and systemic racism continues to fuel a deep injustice toward Black Americans. It’s time to turn the lens inward and consider Pitt’s role in perpetuating unfair structures and systems: https://***4U #BlackLivesMatter https://***QE', 'Stay safe, stay dangerous Stay masked, stay loud Resistance is beautiful Have I told you yet today? I love you when you’re shaking #justiceforgeorgefloyd #blacklivesmatter #chicanasforblackpower #fucktrump... https://***gh', '#blacklivesmatter✊🏽✊🏾✊🏿 @ Braamfontein https://***yt', '-']",tweet_A,-,retweet
t1635,u1144,2021-02-11 17:56:32+00:00,BlackLivesMatter,e***n,"In much of SF, you can’t walk 20 feet without seeing a sign declaring that Black lives matter and no human being is illegal. Those signs sit in yards zoned for single families, in communities that organize against the new housing that would bring those values closer to reality.","['In much of SF, you can’t walk 20 feet without seeing a sign declaring that Black lives matter and no human being is illegal. Those signs sit in yards zoned for single families, in communities that organize against the new housing that would bring those values closer to reality.', ""Let's join this apt conversation as the place of children's #mentalhealth remains a critical factor to their optimum productivity today and in the future! #MHEIcares #ChildrensMentalHealthWeek #BlackLivesMatter #BlackMentalHealthMatters @A***e @t***k @O***a https://***1i"", 'So excited to see nearly 300 in the virtual audience for this talk, sponsored by @J***Y. #BlackHistoryMonth #BlackLivesMatter #JaneAusten https://***xR', '-']",-,content_A,post
t3008,u0209,2022-02-17 20:15:04+00:00,BlackLivesMatter,D***K,'Woke' lessons on Black Lives Matter and British Empire to be BANNED https://***Kk,"['""If your freedom relies on my oppression, then neither of us are free."" - Rep. Ilhan Ohmar Visit https://***nL to learn more. . . . . . #PolitiCALM #keepcalm #politics #publicservants #blackhistorymonth #blackexcellence #blacklivesmatter #blackpride https://***7b', '“When we liberate ourselves from the expectation that we must have all things figured out, we enter a sanctuary of empathy.” — Sonya Renee Taylor Visit https://***nL to learn more. #PolitiCALM #blackhistorymonth #blackexcellence #blacklivesmatter #blackpride https://***4E', ""'Woke' lessons on Black Lives Matter and British Empire to be BANNED https://***Kk"", '-']",-,content_C,post
t1806,u2392,2021-08-09 13:54:13+00:00,BlackLivesMatter,t***a,Thinking of Lezley McSpadden today on the day that changed our region forever. #BlackLivesMatter #MikeBrown #7Years,"['#philanthropy MUST call out “Sundown towns” and the displacement of Indigenous and Black communities #BlackLivesMatter #blm #justice #nonprofits #decolonize #nativepride #IndigenousPeoplesDay #Illinois #endracism #diveristy #chicagocultural #indigenousresistance #firstnations', '@K***X @r***g @P***w We released a large corpus of Black Lives Matter tweets: https://***i2 Which we recently used to evaluate automatic event detection systems: https://***GW', 'Thinking of Lezley McSpadden today on the day that changed our region forever. #BlackLivesMatter #MikeBrown #7Years', '-']",-,content_C,post
t0517,u3196,2020-06-04 14:13:53+00:00,BlackLivesMatter,S***e,"If you want to be an ally for the Black community but don't know where to start, here's a clearly defined 30-day plan. There is no excuse for doing nothing. #BlackLivesMatter https://***Bh","['this is one of the simplest and most effective ways i’ve seen of explaining to people why they shouldn’t be spending their energy decrying “violent protests/riots” and “looting” #BlackLivesMatter https://***SX', ""If you're one of those #alllivesmatter pieces of shit, please unfollow me."", ""If you want to be an ally for the Black community but don't know where to start, here's a clearly defined 30-day plan. There is no excuse for doing nothing. #BlackLivesMatter https://***Bh"", '-']",-,content_C,post
t3576,u0716,2022-02-27 16:55:55+00:00,BlackLivesMatter,a***i,"Part of being anti-racist is understanding how deeply ingrained the racism is in our thought processes right? Everyone along that border was escaping the same conflict so if we don't talk about #AfricansinUkraine now, have we really understood #BlackLivesMatter? https://***Il","[""Part of being anti-racist is understanding how deeply ingrained the racism is in our thought processes right? Everyone along that border was escaping the same conflict so if we don't talk about #AfricansinUkraine now, have we really understood #BlackLivesMatter? https://***Il"", ""@k***7 You poor thing. I'm so sorry this is happening to you 🤣🤣🤣 #TrayvonMartin #BlackLivesMatter https://***3q"", 'What’s crazy: one neighborhood away, this liquor store (that wanted to stay anonymous) had a similar break-in the next day involving men w/ a power saw. $5K in cigarettes were taken &amp; suspects used a #BLM banner to hide behind as they were breaking in! (2/4) #BlackLivesMatter https://***AX', '-']",-,content_A,post
t0523,u1786,2020-06-04 19:06:08+00:00,BlackLivesMatter,j***g,Please email essays to jrs.neuro at gmail dot com by June 20 #BlackLivesMatter #HBCU,"['Black lives matter. #blackouttuesday https://***LC', 'Please email essays to jrs.neuro at gmail dot com by June 20 #BlackLivesMatter #HBCU', ""Message from AAMD's Executive Director: Black Lives Matter https://***Te https://***Vy"", '-']",tweet_B,content_B,reply
t3577,u0467,2022-02-27 17:08:28+00:00,BlackLivesMatter,r***5,"LEGITIMAÇÃO DEMOCRÁTICA (IN) DEVIDO PROCESSO LEGAL. LEIA MAIS EM NOSSA NOSSO SITE - https://***l7 #RedePelicano #IBEPAC #lawfare4all #lawfare #REALITYWorld #REALITY #DireitosHumanos #BlackLivesMatter #BREAKING, #BREAKINGNEWS, #CIDH #RELE_CIDH #ONU https://***0n","['The state of affairs seems hopeless and anxiety 😥 may begin to rise - no one truly has all the answers but we must remain strong and hopeful #BlackMentalHealth #BlackLivesMatter hold on close to your loved ones 🥰 #HopeForUkraine #ArrestTrumpNow #arresttucker #arrestbannon https://***6i', 'LEGITIMAÇÃO DEMOCRÁTICA (IN) DEVIDO PROCESSO LEGAL. LEIA MAIS EM NOSSA NOSSO SITE - https://***l7 #RedePelicano #IBEPAC #lawfare4all #lawfare #REALITYWorld #REALITY #DireitosHumanos #BlackLivesMatter #BREAKING, #BREAKINGNEWS, #CIDH #RELE_CIDH #ONU https://***0n', 'LISTEN AND SHARE!!! Rockford Reading Daily Podcast 016 - Have Black Lives Ever Mattered by Mumia Abu-Jamal #spotify #spotifypodcasts #podcast #BlackLivesMatter #BLM https://***U9', '-']",-,content_B,post
t1194,u3272,2020-10-06 12:12:26+00:00,BlackLivesMatter,m***y,"#STEM faculty: we want the marginalized students you work with to feel this type of support from YOU. If you said Black Lives Matter with your whole chest this summer, now is the time to make good on that promise. https://***LQ https://***Mc","['I noticed a lot of people have a problem with me wearing my #BlackLivesMatter armbands. .....STAY MAD.', '#STEM faculty: we want the marginalized students you work with to feel this type of support from YOU. If you said Black Lives Matter with your whole chest this summer, now is the time to make good on that promise. https://***LQ https://***Mc', ""Talking today with the Manhattan Institute's Heather Mac Donald about Black Lives Matter and such. You might want to check it out, 1pm Eastern: https://***Go"", '-']",-,content_B,post
t3138,u2909,2022-02-19 19:07:52+00:00,BlackLivesMatter,T***r,Steve Harvey is PURE EVIL!!!!! A Fraudster in your home. https://***Sj #GoodHousekeeping #Buzzfeed #illusion #Pagesix #DaleMurray #foolyou #PrimeVideo #lorettalynch #VanityFair #People #real #socialmedia #distortion #alllivesmatter #tricked #advertising #audience #WTF https://***yc,"['Sat Aug 22 2020 Portland, Oregon - Police pepper spray a protester attempting to help another up WATCH: https://***sW #PortlandOregon #PPD #blacklivesmatter #blm #defundthepolice #abolishthepolice', ""I was raised to believe that EXCELLENCE is the best deterrent to racism or sexism. And that's how I operate my life. - Oprah Winfrey Visit https://***nL to learn more. . . . . . #PolitiCALM #keepcalm #blackhistorymonth #blackexcellence #blacklivesmatter #blackpride https://***tk"", 'Steve Harvey is PURE EVIL!!!!! A Fraudster in your home. https://***Sj #GoodHousekeeping #Buzzfeed #illusion #Pagesix #DaleMurray #foolyou #PrimeVideo #lorettalynch #VanityFair #People #real #socialmedia #distortion #alllivesmatter #tricked #advertising #audience #WTF https://***yc', '-']",-,content_C,post
t1392,u2859,2020-11-05 19:30:00+00:00,BlackLivesMatter,S***z,"THE DEGREE TO WHICH WE RESIST INJUSTICE IS THE DEGREE TO WHICH WE ARE ALL FREE!! I’ve got green shoes on, and I’m looking for good trouble. #BLM #BlackLivesMatter #HundrEDSummit @H***g #GenerationGrowth @G***e @f***k @E***1 @V***a https://***PD","['Looking forward to reflecting with international leaders on the significance of the #BlackLivesMatter #EndSARS #PoliceBrutalityKE movements at @I***e virtual #GlobalPerspectives2020 conference https://***ib', 'This country going 2 war... And yall mf already lost last time!! Bitch we FREE now and Black Lives Matter #Patriot1776 #Confederates #Etc #AnyMuthafaka #Trump better call off ya dogs! For they ass get tagged', 'THE DEGREE TO WHICH WE RESIST INJUSTICE IS THE DEGREE TO WHICH WE ARE ALL FREE!! I’ve got green shoes on, and I’m looking for good trouble. #BLM #BlackLivesMatter #HundrEDSummit @H***g #GenerationGrowth @G***e @f***k @E***1 @V***a https://***PD', '-']",-,content_C,post
t0463,u1792,2020-06-02 03:11:25+00:00,BlackLivesMatter,p***s,"To eliminate racism, xenophobia, and all other forms of inequity we must take action. Today -- and always -- we must listen, support, and amplify the Black community in their fight for equity. #BlackLivesMatter https://***qe","['Black Lives Matter #BlackOutDay2020 #BlackOutDay https://***ob', 'PS if you’d like to help .... text FLOYD to 55156 and donate to organizations like #BlackLivesMatter if you are able to. God Bless You ALL !!!! #TheShowMustBePaused', 'To eliminate racism, xenophobia, and all other forms of inequity we must take action. Today -- and always -- we must listen, support, and amplify the Black community in their fight for equity. #BlackLivesMatter https://***qe', '-']",-,content_C,post
t1383,u0365,2020-11-03 20:24:03+00:00,BlackLivesMatter,A***e,"#Today is a big day and we need EVERYBODY! We are cancelling A Virtual WOCSpace to make sure everyone has the opportunity to #vote. Please let us know if you need any #assistance and we will see you back online Thursday, Nov. 5 at 5 pm PST for BookClub! #BlackLivesMatter https://***ds","[""Let's repeat. Racism is an extreme manifestation of a more common behavioral problem - microaggressions. #FirstPrinciples of #RacialEquality #BlackLivesMatter https://***v5"", '#Today is a big day and we need EVERYBODY! We are cancelling A Virtual WOCSpace to make sure everyone has the opportunity to #vote. Please let us know if you need any #assistance and we will see you back online Thursday, Nov. 5 at 5 pm PST for BookClub! #BlackLivesMatter https://***ds', 'Just wrapped up a training for dozens of new volunteers for the @n***s legal support hotline. We will be out on the streets with Legal Observers and staffing the hotline when you need us. 617-431-6626 #ProtectTheVote #BlackLivesMatter #BostonProtests https://***1X', '-']",-,content_B,post
t0456,u1753,2020-06-01 21:24:39+00:00,BlackLivesMatter,b***e,"Please read, and let’s all continue to educate https://***mI #BlackLivesMatter #JusticeForGeorgeFloyd https://***Sk","['#BlackLivesMatter 💙✊🏽 #WeStandTogether #OneLove https://***xp', 'This link has links of a lot of petitions so please sign and donate if you can! #BlackLivesMatter https://***dA', 'Please read, and let’s all continue to educate https://***mI #BlackLivesMatter #JusticeForGeorgeFloyd https://***Sk', '-']",-,content_C,post
t3694,u2497,2022-03-02 09:13:35+00:00,BlackLivesMatter,i***K,Blessed are the merciful: for they shall obtain mercy. Matthew 5:7 #HolocaustMemorialDay #MLK #GrenfellTower #BlackLivesMatter #BidenHarris #oprahmeghanharry #ReparationsNow https://***8R,"['white people who like to shoplift replaced “black lives matter” with “defund the police”...they gentrified the slogan', 'Blessed are the merciful: for they shall obtain mercy. Matthew 5:7 #HolocaustMemorialDay #MLK #GrenfellTower #BlackLivesMatter #BidenHarris #oprahmeghanharry #ReparationsNow https://***8R', '@K***a You’ll have to update From #BlackLivesMatter to Black Liberation!', '-']",-,content_B,post
t0732,u2267,2020-08-26 19:44:38+00:00,BlackLivesMatter,e***a,-,"['Just so we are all clear #JusticeForJacob #BlackLivesMatter https://***pk', ""These are the words of a leader. Let's pressure the rest -- at all levels -- to exert energy on progress instead of punishing protesters. Thank you, @S***l #BlackLivesMatter https://***hE"", ""In 2018, Milwaukee Bucks player Sterling Brown was tased and manhandled by police officers for 'improperly parking his car.' So when the Bucks refuse to walk out onto the court in a protest against police brutality in their state — we are all listening. Black lives MATTER. https://***qP"", '-']",tweet_B,-,retweet
t3376,u2117,2022-02-23 11:32:31+00:00,BlackLivesMatter,m***c,@t***l @P***S @V***P @S***i @T***s Repair the damages this country has inflicted upon Black people for centuries! We demand Reparations! No justice no peace! #ReparationsNow #BlackLivesMatter,"[""Black Lives Matter movement brought in millions and here's where the money went https://***r5"", 'Gone far too soon! #music #RIP #blacklivesmatter #BlackExcellence https://***Kp', '@t***l @P***S @V***P @S***i @T***s Repair the damages this country has inflicted upon Black people for centuries! We demand Reparations! No justice no peace! #ReparationsNow #BlackLivesMatter', '-']",tweet_B,content_C,reply
t0498,u1780,2020-06-03 16:20:02+00:00,BlackLivesMatter,t***a,-,"['Academics can’t draw enough attention to #BlackLivesMatter we need to stand up and act against blatant injustice https://***Jk', '#BlackLivesMatter #ブラック・ライヴズ・マター #LasVidasNegrasImportan https://***3K', 'History matters. Black lives matter. https://***dc', '-']",tweet_C,-,retweet
t1769,u1764,2021-06-22 19:15:50+00:00,BlackLivesMatter,t***y,✊🏾The Bharat Army supporting the fight for Racial Equality at the #INDvNZ #WTCFinal #BharatArmy #BlackLivesMatter 🇮🇳 https://***xl,"['✊🏾The Bharat Army supporting the fight for Racial Equality at the #INDvNZ #WTCFinal #BharatArmy #BlackLivesMatter 🇮🇳 https://***xl', 'Kids making #amongus characters, India ""NO, Calvin, we don\'t need anymore black characters, we already have one!"" Me ""Calvin can have as many black characters as he wants, this isn\'t #hollywood "" #burn #MicDrop #token #criticalracetheory #blacklivesmatter @h***x https://***Qb', 'Celebrating #Juneteenth! On June 19, 1865, enslaved African-Americans in Galveston, Texas, received the news that they were free. Now, 156 years later, people in cities and towns across the U.S. continue to mark the occasion with celebrations. #ArtSavesLives #BlackLivesMatter https://***84', '-']",-,content_A,post
t2039,u1314,2021-12-21 19:00:27+00:00,BlackLivesMatter,s***e,"""The police have become political. They are dallying with Black Lives Matter, critical race theory, Stonewall and a whole bunch of other things. They should be upholding the law."" Harry Miller on how the police became the thoughtpolice https://***tE","['""The police have become political. They are dallying with Black Lives Matter, critical race theory, Stonewall and a whole bunch of other things. They should be upholding the law."" Harry Miller on how the police became the thoughtpolice https://***tE', 'Original article from our Extended Special Section on #Blacklivesmatter ""#Emotions and emotion work before, during and after #HIV disclosure among #Black #gay and #bisexual men living with HIV"" by Chadwick Campbell https://***Dp', '🏃🏾♂️🏊🏾🏋🏾🧘🏾♂️🎾The Color of LOVE💪🏾#coachreemy #ntc #nrc #tennis #stayfit #staystrong #running #music #swimming #yoga #manchinandsinemaaretraitors #blacklivesmatter #votingrights #blackvotersmatter #JustDoIt #getvaccinated #StarvingForVotingRights #fuckjoemanchin #buildbackbetter https://***kK', '-']",-,content_A,post
t3951,u0497,2016-07-16 02:06:05+00:00,BlackLivesMatter,C***h,Oregon police officer on leave over Black Lives Matter posts: An Oregon police officer who joked on Facebook ... https://***Nw,"['Oregon police officer on leave over Black Lives Matter posts: An Oregon police officer who joked on Facebook ... https://***Nw', 'Black Lives Matter – and all other young people of all colors who are mobilizing – is a beautiful thing because it gives us democratic hope.', '#BlackLivesMatter', '-']",-,content_A,post
t1712,u0206,2021-04-17 16:30:44+00:00,BlackLivesMatter,r***k,"Black shootings are? -Police’s fault -Criminal’s fault -Media’s fault -Politician’s fault -Protester’s fault -#blacklivesmatter’s fault -Neighbor’s fault -Black people’s fault -Bubba’s fault Nope. None of the above. Grow up and take responsibility, white guy, they’re My fault.","['Black shootings are? -Police’s fault -Criminal’s fault -Media’s fault -Politician’s fault -Protester’s fault -#blacklivesmatter’s fault -Neighbor’s fault -Black people’s fault -Bubba’s fault Nope. None of the above. Grow up and take responsibility, white guy, they’re My fault.', '#BlackLivesMatter https://***dC', ""@A***C We've been on this for the last year. #BlackHealthNow. Here's one of our first livestreams with Black Doctors on whay this happening: #BlackLivesMatter #BlackMaternalHealthWeek https://***0e"", '-']",-,content_A,post
t3429,u0270,2022-02-24 04:28:31+00:00,BlackLivesMatter,M***C,"Rajasthan BJP president Satish Poonia made racist remarks on the budget of Rajasthan Government: ""It's a budget of cover ups, it seems that a black bride has been presented with a beauty parlor."" #BlackLivesMatter Satish Poonia needs to apologize &amp; step down immediately! #BLM https://***be","['Support #indieauthor #bookstore #indiebooks #BookBangs #readerscommunity #booklove #BookBoost #Books #twt #WritingCommunity #BlackLivesMatter #WednesdayMotivation #Wednesdaythought #Wednesdayvibe @t***h @B***2 @B***o... https://***Fz', 'This #BlackHistoryMonth, we honor Oluwatoyin Salau, who was a prominent figure of the Black Lives Matter movement before her passing. She will be remembered through the impact she had on Black women everywhere through her speeches and fiery passion for justice. https://***ex', 'Rajasthan BJP president Satish Poonia made racist remarks on the budget of Rajasthan Government: ""It\'s a budget of cover ups, it seems that a black bride has been presented with a beauty parlor."" #BlackLivesMatter Satish Poonia needs to apologize &amp; step down immediately! #BLM https://***be', '-']",-,content_C,post
t1723,u0741,2021-04-23 01:07:52+00:00,BlackLivesMatter,J***o,"At Joico, we believe in always treating everyone with respect and kindness as we continue on our journey to become better allies for each other and our communities. #BlackLivesMatter #JoicoCares 💛 https://***yD","['The levels of rage I feel. I think about how impeccable the prosecutors case had to be to get that guilty verdict in the Chauvin trial. I think of how much we won’t be able to convince folks in Ma’Khia Bryant’s situation. How much work we have to do prove Black Lives Matter.', 'Join Educational Alliance and our friends and neighbors across the Lower East Side tomorrow at noon @A***r to honor the life of George Floyd and stand in solidarity against police brutality and systemic racism. #BlackLivesMatter https://***x2', 'At Joico, we believe in always treating everyone with respect and kindness as we continue on our journey to become better allies for each other and our communities. #BlackLivesMatter #JoicoCares 💛 https://***yD', '-']",-,content_C,post
t1586,u1835,2020-12-19 15:14:54+00:00,BlackLivesMatter,A***W,"The main thing you need to know about Karen and Becky is that they uphold white supremacy. Here’s about 10,000 words explaining how: https://***9m #BlackLivesMatter #livingwhileblack #blackmemesmatter #karen #bbqbecky","['BREAKING: Mom, your baby is ending 2020 published in NATURE! “Stony the Road We Trod” honors our people, our health &amp; our story. Thanks to @N***h, the ICONIC @D***s, and those whose scholarship we cite. 🙏🏽 #BlackLivesMatter Link: https://***xg https://***i8', 'Thank you Pastor @W***V It is such a blessing having you lead us in these truly perilous times. The cure for all humans is the eradicate white supremacy! #BlackLivesMatter https://***1y', 'The main thing you need to know about Karen and Becky is that they uphold white supremacy. Here’s about 10,000 words explaining how: https://***9m #BlackLivesMatter #livingwhileblack #blackmemesmatter #karen #bbqbecky', '-']",-,content_C,post
t1198,u2110,2020-10-06 15:48:33+00:00,BlackLivesMatter,G***y,"Talking today with the Manhattan Institute's Heather Mac Donald about Black Lives Matter and such. You might want to check it out, 1pm Eastern: https://***Go","['It takes a village. Shop Black Lives Matter inspired threads created by four Black designers based in California. All proceeds to the artists and a charity of their choosing. https://***tt https://***WZ', ""Priti Patel condemns 'thuggery' of Black Lives Matter and Extinction Rebellion protests in Tory speech https://***xE"", ""Talking today with the Manhattan Institute's Heather Mac Donald about Black Lives Matter and such. You might want to check it out, 1pm Eastern: https://***Go"", '-']",-,content_C,post
t1155,u1636,2020-10-01 21:49:24+00:00,BlackLivesMatter,T***I,About to go to the theater on Zoom! Very excited about trying immersive theater remotely AND put in work on internalized racism with The Program 😃 #Blacklivesmatter https://***je,"['About to go to the theater on Zoom! Very excited about trying immersive theater remotely AND put in work on internalized racism with The Program 😃 #Blacklivesmatter https://***je', ""This #BlackHistoryMonth we want to restate our support for the Black Lives Matter movement. Let's have a conversation about women who are still suffering the consequences of Windrush, &amp; why black women are more likely than other women to be remanded or sentenced to custody."", 'We see you Mr President. Thank you!!! @M***e #Blacklivesmatter https://***to', '-']",-,content_A,post
t3130,u1523,2022-02-19 17:52:15+00:00,BlackLivesMatter,A***e,-,"['Support #indieAuthor #bookshop #bookstan #bookworm #books #booklover #BookBuzz #booktwt #BookBoost #read #WritingCommunity #twt #BlackLivesMatter #WednesdayMotivation #wednesdaythought https://***Mr https://***qO https://***uS https://***C0 https://***u8', 'https://***7j RT-8 #blackandproud #imblackandimproud #BlackTwitter #racism #blackamericaweb #WhitePrivilege #BlackLivesMatter #DonLemon #WeAreBetterThanThis #leftwing', 'https://***1o RT-8 #blackandproud #imblackandimproud #BlackTwitter #racism #blackamericaweb #WhitePrivilege #BlackLivesMatter #DonLemon #WeAreBetterThanThis #leftwing', '-']",tweet_C,-,retweet
t0461,u0121,2020-06-02 01:41:51+00:00,BlackLivesMatter,b***z,-,"['Know your rights: https://***Hc Get involved: https://***8q Be critical of where you donate if you choose to and read up on who they are first! #nojusticenopeace #blacklivesmatter #georgefloyd #ahmaudarbery #defundthepolice', 'Die Ereignisse in den USA machen mich fassungslos. Auch Rassismus ist ein Virus, der unsere Gesellschaft bedroht und schon zu viele Menschenleben gekostet hat. Lassen Sie uns gemeinsam dieser Bedrohung entgegentreten! Ebenso verurteile ich jede Form von Gewalt. #BlackLivesMatter', 'Found this website helpful, will be donating to North Star Health Collective #BlackLivesMatter https://***6N', '-']",tweet_A,-,retweet
t2806,u0814,2022-02-15 11:13:33+00:00,BlackLivesMatter,1***I,#Africa just a reminder #SouthAfrica #CapeTown #eff #anc #BlackLivesMatter #BlackHistoryMonth #Winning season :) 😌#eff #Malema #anc #Ramaphosa #sabc https://***MF,"['#Africa just a reminder #SouthAfrica #CapeTown #eff #anc #BlackLivesMatter #BlackHistoryMonth #Winning season :) 😌#eff #Malema #anc #Ramaphosa #sabc https://***MF', '#TruckersForFreedom #TruckerConvoy #occupyottawa #blacklivesmatter #ows #occupy #SiSePuede #moralmonday #womensmarch #metoo #teacherstudent #democracy is dying #LIVE #chudwatch https://***7H', '#BlackLivesMatter My ""Super Power"" is being a ""BLACK WOMAN"" I will be focusing on being a #Philanthropist and #Business/#CEO. Empowering black and minorities lives globally. #BLM #JusticeForGeorge #Charity #CHANGE #Funding #GiveBack #Donors #Money #giveaways #BusinessIntelligence https://***Ac', '-']",-,content_A,post
t0557,u1411,2020-06-06 22:26:20+00:00,BlackLivesMatter,t***b,The appalling killing of George Floyd and video after video after video of police brutality cements the elemental *rightness* of the Black Lives Matter cause. 1/21,"['The @N***d family kneels in #solidarity. 💜 #WhiteCoatsForBlackLives #BlackLivesMatter https://***y5', 'The appalling killing of George Floyd and video after video after video of police brutality cements the elemental *rightness* of the Black Lives Matter cause. 1/21', '#Vancouver showed up today! Aerial view of the protest today. #BlackLivesMatter https://***CJ', '-']",-,content_B,post
t0412,u0978,2020-05-30 20:59:50+00:00,BlackLivesMatter,r***y,"I'm a huge space nerd, but today's launch also made me sad to see what investment, human ingenuity, and cooperation can achieve, while we fail to spend even a fraction, to listen, and to look beyond ourselves to care for people right here on Earth. #BlackLivesMatter","['Protesters in Louisville are burning the Confederate Flag. #BlackLivesMatter https://***08', ""I'm a huge space nerd, but today's launch also made me sad to see what investment, human ingenuity, and cooperation can achieve, while we fail to spend even a fraction, to listen, and to look beyond ourselves to care for people right here on Earth. #BlackLivesMatter"", '#blacklivesmatter #blacklivesmatter #blacklivesmatter ✊🏻✊🏼✊🏽✊🏾✊🏿', '-']",-,content_B,post
t2181,u1910,2022-01-19 16:16:38+00:00,BlackLivesMatter,C***n,#AllLivesMatter Thank you @M***s for speaking out in actions for those who cannot speak. #alpolitics https://***Go,"['Gullis has described Black Lives Matter as ""a Marxist organisation that wants to abolish the nuclear family and defund the police"". So, an all-round thoroughly modern ERG-Tory populist automaton!', '#AllLivesMatter Thank you @M***s for speaking out in actions for those who cannot speak. #alpolitics https://***Go', 'Today we honor the life and legacy of Dr. Martin Luther King Jr. #MLKDay #LifeExtension #martinlutherking #martinlutherkingjr #ihaveadream #civilrights #equality #peace #quote #martinlutherkingday #blacklivesmatter #mlkjr #humanrights #drking https://***J4', '-']",-,content_B,post
t3017,u1010,2022-02-18 00:27:33+00:00,BlackLivesMatter,e***h,Black Lives Matter fence’s guardian seeks to preserve artwork: ‘I want it seen’ https://***bt via @w***t (and thanks to a search alert) there are libraries and museums collecting as well and some are mentioned in this article,"['Black Lives Matter fence’s guardian seeks to preserve artwork: ‘I want it seen’ https://***bt via @w***t (and thanks to a search alert) there are libraries and museums collecting as well and some are mentioned in this article', 'https://***cb RT-8 #blackandproud #imblackandimproud #BlackTwitter #racism #blackamericaweb #WhitePrivilege #BlackLivesMatter #DonLemon #WeAreBetterThanThis #leftwing', 'Wisdom is better than weapons of war: but one sinner destroyeth much good. Ecclesiastes 9:18 #HolocaustMemorialDay #MLK #GrenfellTower #BlackLivesMatter #BidenHarris #oprahmeghanharry #ReparationsNow https://***8H', '-']",-,content_A,post
t3184,u1875,2022-02-20 08:55:01+00:00,BlackLivesMatter,A***e,-,"['@J***u #ClintonPedoRing #clintonISrape #HitleryForPrison #HitleryClitery #Hitlerybyebye #HeilHitlery #HitleryPedoRing #NoVax #UnVaxxed #AntiVax #NoVaxDjoCovid #UnVaxxed #VaxFraud #VaxOff #imprisonBLMterroristsNOW #BLMracistTHIEVES #BLMisMURDER #BLMsorosFUNDED #AllLivesMatter', '#Maddow #Bitcoin #CNN #GreenNewDeal #ElizabethWarren #Manchin #Covid_19 #Pelosi #TheSquad #Biden #NYC #AOC #FoxNews #MSNBC #BernieSanders #BlackLivesMatter #Democrats still pushing defund the police and open borders. #Stupid #Assholes https://***qb', '#CapeTown #Ghana #Jamaica #Reggae #Hiphop #Gospel #USA #Africa #Tanzania #SouthAFrica #Sudan #Nigeria #Gabon #Malawi #DRC #Congo #Kenya #Uganda #Ethiopia #Jamaica #Haiti #Brazil #Cuba #BlackLivesMatter #BlackhistoryMonth #Unity #Proteas #EFF #ANC #Ramaphosa #Gauteng #KZN #SABC https://***IE', '-']",tweet_A,-,retweet
t2990,u1831,2022-02-17 16:55:01+00:00,BlackLivesMatter,E***s,"#Amazon removed #BlackLivesMatter from its charity platform #AmazonSmile amid growing concern over the organization’s lack of financial transparency. Earlier this month, BLM and its leaders came under fire from the #California DOJ. https://***vH","['Let’s go 🔀🔀🔀✊🏿✊🏼✊🏾❤️🔥⚖️#BlackLivesMatter #ImWithKap @E***m ⚖️✊🏿✊🏼✊🏾🔀🔀🔀 #NoJusticeNoPeace Thank you for using your platform Eminem 🗳🌊 #ResistanceUnited #BlackHistoryMonth #NFLBlackout #boycottNFL ✊🏿✊🏼✊🏾 https://***Si', '#Amazon removed #BlackLivesMatter from its charity platform #AmazonSmile amid growing concern over the organization’s lack of financial transparency. Earlier this month, BLM and its leaders came under fire from the #California DOJ. https://***vH', 'Tue Jun 23 2020 Philadelphia, Pennsylvania - Counter-Terrorism Unit detains reporter WATCH: https://***T3 #PhiladelphiaPennsylvania #PPD #blacklivesmatter #blm #defundthepolice #abolishthepolice', '-']",-,content_B,post
t0729,u0604,2020-08-24 16:07:41+00:00,BlackLivesMatter,H***n,I'm praying for Jacob Blake today. I'm standing with everyone who believes justice must be served in this horrific case and too many others like it. Black lives matter. Black lives matter. Black lives matter.,"['This thread is worth a few minutes of your time #BlackLivesMatter', 'We need Black Lives Matter. The police who shot Jacob Blake prove it. https://***xk', ""I'm praying for Jacob Blake today. I'm standing with everyone who believes justice must be served in this horrific case and too many others like it. Black lives matter. Black lives matter. Black lives matter."", '-']",-,content_C,post
t0468,u2883,2020-06-02 12:18:32+00:00,BlackLivesMatter,F***p,Everyone's gotta eat. Make your next meal count by supporting one of #Boston’s incredible Black-owned restaurants! https://***9D via @B***e #BlackLivesMatter,"['for and in honour of those who are dealt constant injustice and stripped of their basic human rights. Hope it helps you also. Black lives matter.', ""Everyone's gotta eat. Make your next meal count by supporting one of #Boston’s incredible Black-owned restaurants! https://***9D via @B***e #BlackLivesMatter"", 'Take today to learn how pervasive white supremacy has been a guiding force in all of the systems, laws, and structures (Slavery, Jim Crow, Segregation, Redlining, and more) created in our country throughout history. BLACK LIVES MATTER. #BlackOutTuesday (1/3) https://***CK', '-']",-,content_B,post
t3408,u2255,2022-02-23 19:39:28+00:00,BlackLivesMatter,m***n,WE MUST NEVER FORGET ✊🏿💯 THE BLACK HOLOCAUST 💯 #BlackHistoryMonth #BlackHistory #BlackLivesmatter https://***X9,"['WE MUST NEVER FORGET ✊🏿💯 THE BLACK HOLOCAUST 💯 #BlackHistoryMonth #BlackHistory #BlackLivesmatter https://***X9', ""@m***5 @C***2 If you don't get it it's cool dawg🤘🏿"", '#BlackLivesMatter: #1619 to #Now A #Documentary #Drama curated by UK Faculty Artists &amp; Scholars Feb 24–27 (Talkback following the Friday, Feb. 25 evening performance) #BHM #BLM #TuesdayMotivation Black Lives Matter: 1619 to Now | College of Fine Arts https://***gT', '-']",-,content_A,post
t1995,u0981,2021-12-08 05:43:44+00:00,BlackLivesMatter,D***l,-,"['Unhinged Cop Throws Elderly Black Man To Ground (VIDEO) https://***JO #BlackLivesMatter', 'Journaling is a great way to gather your emotions and destress, even if just for a couple minutes! #mentalhealth #therapy #wellness #psychology #selfcare #mentalillness #blm #blacklivesmatter #minority #psychotherapy #psychology #mentalhealthservices https://***Cs', ""Don't let the Tories divide us. Powerful video from @A***P. Stop the government's racist Nationality and Borders Bill 👇🏽 https://***qR #RefugeesWelcome #BlackLivesMatter https://***BM"", '-']",tweet_C,-,retweet
t1864,u0537,2021-10-03 22:19:48+00:00,BlackLivesMatter,R***l,-,"['As we kick off the UK #blackhistorymonth 2021 we are pleased to announce the 3rd edition in the series of #USUKRaceSummit. Join us. Register Now. Link in bio #LetsTalkRace #BlackLivesMatter #TogetherWeCan #ProudToBe @Z***l @S***5 @G***e @I***s @b***k https://***89', 'Opposition to racism and police brutality has seen people worldwide unite around the hashtag #BlackLivesMatter. https://***Jl', 'On Tuesday we will be hosting our workshop series: Social Justice Activism in the Academy and Beyond in the Age of Black Lives Matter. Join us at 6pm EST with our guest Dr. Mary Roaf. Register Here: https://***c3 https://***SM', '-']",tweet_A,-,retweet
t0555,u1041,2020-06-06 19:46:01+00:00,BlackLivesMatter,m***e,Favorite thing I’ve watched today.. #blacklivesmatter #EndPoliceBrutality https://***FQ,"[""June 12th will mark 2 years since Marqueese Alston was murdered by D.C. Metropolitan Police Dept. Weeks before, D'Quan Young and Jeffrey Price's lives were taken by MPD. Bowser refuses to release the body camera footage in any of these cases. #DefundPolice #BlackLivesMatter https://***Hb"", 'The #BlackLivesMatter protest in Piccadilly Gardens #Manchester right now. https://***l6', 'Favorite thing I’ve watched today.. #blacklivesmatter #EndPoliceBrutality https://***FQ', '-']",-,content_C,post
t1607,u2540,2021-01-13 23:50:36+00:00,BlackLivesMatter,B***b,"Seeking #postdocs! Please contact me if you're interested in joining my lab (and/or my colleagues') as part of this program to develop and sustain a vibrant, diverse neuroscience ecosystem. Apps due March 1st. #BlackLivesMatter #DiversityMatters @u***e @D***l https://***0p","['Black Lives Matter protests, 2020: 14,000 arrests White power insurrection, 2021: 61 arrests', ""Seeking #postdocs! Please contact me if you're interested in joining my lab (and/or my colleagues') as part of this program to develop and sustain a vibrant, diverse neuroscience ecosystem. Apps due March 1st. #BlackLivesMatter #DiversityMatters @u***e @D***l https://***0p"", 'Only question I have for #conservatives: a Capitol Police officer was killed. Apolitical—he was law enforcement. If Trump is so #BlueLivesMatter, where is his statement? Why won’t he allow flags at half-staff? Why isn’t Trump honoring the police? 👮', '-']",-,content_B,post
t3795,u0230,2022-03-03 20:22:19+00:00,BlackLivesMatter,J***l,"Interesting. My Air Canada plane has a movie category called “Black Lens,” with movies starring Black actors. Very progressive. Do other airlines have this? #AirCanada #travel #BlackLivesMatter #airlines https://***z7","['\u2066@C***s\u2069 \u2066@a***t\u2069 Why are you not reporting on this? #blm \u2066@B***r\u2069 #blacklivesmatter #cdnpoli https://***5E', 'Black lives matter! #BlackLivesMatter #BLM https://***VI', 'Interesting. My Air Canada plane has a movie category called “Black Lens,” with movies starring Black actors. Very progressive. Do other airlines have this? #AirCanada #travel #BlackLivesMatter #airlines https://***z7', '-']",-,content_C,post
t2456,u1394,2022-02-08 02:16:50+00:00,BlackLivesMatter,v***n,I'm risking my life going to protest. Finding my videos all over the internet. If you see video credit to me (mike griffin) or my Twitter (votegriffin) please DM me to make sure they have permission. #BlackLivesMatter,"[""I'm risking my life going to protest. Finding my videos all over the internet. If you see video credit to me (mike griffin) or my Twitter (votegriffin) please DM me to make sure they have permission. #BlackLivesMatter"", 'It’s interesting to see folks engage in conversations about human rights re: the Olympics but not things like #BlackLivesMatter', 'ICYMI: In this special edition Regional Report, hear from business leaders on the findings of the inaugural State of Black Business report and how to make actionable change. #GreaterPHXtogether #BlackHistoryMonth #blacklivesmatter https://***IU', '-']",-,content_A,post
t3402,u2629,2022-02-23 18:02:57+00:00,BlackLivesMatter,n***l,"Kids, meet Viola Desmond, Willie O'Ree, and other inspiring Black Canadians on NVDPL's Black Lives Matter Children's Booklist! https://***f4 #BHM2022 https://***aB","[""Kids, meet Viola Desmond, Willie O'Ree, and other inspiring Black Canadians on NVDPL's Black Lives Matter Children's Booklist! https://***f4 #BHM2022 https://***aB"", '⚡️#BreakingNews @B***a @M***a @V***P @O***h @R***y @O***C @O***D @_***C @O***d @U***M @B***6 🏀⛹🏾♂️🌍🎉✨👸🏾🤴🏾✨🎊 #BlackLivesMatter #CLE🌇 #ThisIsCLE🏙 #NBAALLSTAR #Weekend 2022, #Cleveland🌃 #NBA2K22 #NBA75 #NBATwitter #LetEmKnow #BLKBizEXPO https://***sb', 'Three men convicted of hate crimes in Ahmaud Arbery’s killing. #BlackLivesMatter https://***Tt', '-']",-,content_A,post
t2547,u1563,2022-02-10 00:01:58+00:00,BlackLivesMatter,D***6,-,"['Britain doesn’t have a home track for sliding sports and it gets relatively little snow. But when it comes to the skeleton, the country has become an unlikely powerhouse, with British athletes winning medals in every Olympics that has featured the event. https://***cF', '#AmirLocke #thursdaymood #ThursdayThoughts #ThursdayTreats #Thursday #BLM #BHM #GFS #BlackTwitter #BlackLivesMatter #Minneapolis #MN #Frey #civilrights #chauvin #lane #thao #kueng #GeorgeFloyd #StPaul #ES1 #Enough This song! 😂 https://***EZ', ""The head rat leaving a sinking boat after nearly two years of denial is not news. It's simply pathetic that there have not been any convictions. #TuesdayThoughts #TuesdayMotivation #WritingCommunity #BlackLivesMatter #amwritingfiction #KindnessMatters #StrongerTogether #Resist https://***Ul"", '-']",tweet_B,-,retweet
t0403,u2930,2020-05-29 18:42:48+00:00,BlackLivesMatter,a***b,"@A***i @_***n #AfricanStates must adopt a #PathtoAfricanCitizenship for #PeoplesofAfricanDescent interested in building relationship with the land of origins, including in settling in back. This cannot continue...#BlackLivesMatter","['@A***i @_***n #AfricanStates must adopt a #PathtoAfricanCitizenship for #PeoplesofAfricanDescent interested in building relationship with the land of origins, including in settling in back. This cannot continue...#BlackLivesMatter', 'The quote in my banner struck a cord with me since the first time I read it. As scientists, we need to acknowledge our role in shaping societal values and policies. We have an immense amount of privilege and this should not be taken lightly. #BlackLivesMatter #diversityinSTEM', 'When all the words have failed #BlackLivesMatter https://***50', '-']",tweet_A,content_A,reply
t3556,u1721,2022-02-26 23:00:21+00:00,BlackLivesMatter,d***d,Carl Bell is the recipient of numerous awards including the E.Y. Williams Distinguished Senior Clinical Scholar Award from the National Medical Association in 1992. #blackhistorymonth #blackhistory #blacklivesmatter #blackexcellence #blackpower #melanin #black #blackwomen https://***OL,"['Carl Bell is the recipient of numerous awards including the E.Y. Williams Distinguished Senior Clinical Scholar Award from the National Medical Association in 1992. #blackhistorymonth #blackhistory #blacklivesmatter #blackexcellence #blackpower #melanin #black #blackwomen https://***OL', 'Tue Jun 02 2020 New York City, New York - Police collide with woman; she pushes back; police escalate WATCH: https://***rU City #NewYork CityNew York #NYCPD #blacklivesmatter #blm #defundthepolice #abolishthepolice', ""Let's not lose track of the struggle at home. #BlackLivesMatter #democracy #justice https://***b6"", '-']",-,content_A,post
t3265,u3195,2022-02-21 15:32:10+00:00,BlackLivesMatter,t***s,"Sun May 31 2020 Lincoln, Nebraska - Reporter shows tear gas canister fired at him by police WATCH: https://***Rj #LincolnNebraska #LPD #blacklivesmatter #blm #defundthepolice #abolishthepolice","['Everything is quantum. “Q System can evolve, at the same time, towards the past and the future.” #Q_DAY #QM #4IR #KKK #🧬 #🔥 #👹 #MedicalAidRacialProfiling 🥼🩺💊 @P***A @C***u @I***L @G***1 Spirituality #BlackLivesMatter #BlackHistoryMonth #EFFvsAfriforum https://***tX', 'Sun May 31 2020 Lincoln, Nebraska - Reporter shows tear gas canister fired at him by police WATCH: https://***Rj #LincolnNebraska #LPD #blacklivesmatter #blm #defundthepolice #abolishthepolice', '#FreedomForCatalonia #StandWithCatalonia #Amnesty #CataloniaIsNOTSpain #CatalanExiles #Katalonien #Catalonia #Catalogne #HongKong #GiletsJaunes #FreeAssange #Snowden #Chile #RiseUp4Rojava #Myanmar #BlackLivesMatter #Scotland #FreePalestine https://***ki', '-']",-,content_B,post
t2186,u1400,2022-01-19 23:21:54+00:00,BlackLivesMatter,T***d,Protesters seek class action against Portland over police use of force #BlackLivesMatter https://***OJ,"['Protesters seek class action against Portland over police use of force #BlackLivesMatter https://***OJ', 'Happy 80th to the GOAT! . (Muhammad Ali, Miami Beach, Florida, 1966) . . . #blackculture #blacklove #blackisbeautiful #blacklivesmatter #blm #muhammadali #GOAT https://***3x', '‘Karen’ with @T***g is definitely a thought provoking flick. Taryn nails her portrayal of the sociopathic HOA president driven by racism. Chock full of WTF moments. #BlackLivesMatter #Karen', '-']",-,content_A,post
t1237,u0365,2020-10-12 23:50:09+00:00,BlackLivesMatter,A***e,"#HappyHour Tuesday (tomorrow), 5-630 PM PST/ 8-930 PM EST#Chill #chat #vent! Go to https://***gX for zoom info! Allies and BIPOC welcome #StayHome #STEM #womeninscience #melanin #lgbt #WOCinSTEM #ListenToBipoc #supporteachother #AmplifyWOC #BlackLivesMatter #BIPOC https://***2i","['Bet it will be barely a blip on the mainstream media. #BlueLivesMatter #SupportTheBlue #AllLivesMatter https://***aj', 'This NEW Biden-Harris ad featuring 14 Black mayors from across the country is straight fire!! 🔥🔥🔥 #BlackLivesMatter #BidenHarris2020 https://***Vo', '#HappyHour Tuesday (tomorrow), 5-630 PM PST/ 8-930 PM EST#Chill #chat #vent! Go to https://***gX for zoom info! Allies and BIPOC welcome #StayHome #STEM #womeninscience #melanin #lgbt #WOCinSTEM #ListenToBipoc #supporteachother #AmplifyWOC #BlackLivesMatter #BIPOC https://***2i', '-']",-,content_C,post
t0672,u1036,2020-07-15 19:15:38+00:00,BlackLivesMatter,S***c,-,"['customers to initiate chargebacks and find new payment vendors to work with. Lost many customers dealing with your software. **Public** If you have experienced similar issues or problems please do share them with me #boycottquickbooks #quickbookssucks #BlackLivesMatter', 'Diversity job openings fell nearly 60% after the coronavirus. Then came the Black Lives Matter protests. https://***d9', ""Our Power Pick song of the week is from the man that helped start DMS here's @b***s with Black Lives Matter. Let me know what you think. https://***MQ via @Y***e"", '-']",tweet_B,-,retweet
t0670,u2059,2020-07-14 21:40:07+00:00,BlackLivesMatter,e***k,-,"['CITY OF TULSA: PERMANENT BLACK LIVES MATTER MURAL - GREENWOOD AVENUE/BLACK WALL STREET - TULSA, OKLAHOMA - Sign the Petition! https://***NQ via @C***e', 'This is a very big deal, via @N***s #BlackLivesMatter #philanthropy https://***Xu', '“You have people who are playing both sides here,” she added. “But what’s the side? Either Black lives matter, or they don’t.” https://***db', '-']",tweet_B,-,retweet
t2715,u2931,2022-02-14 01:25:31+00:00,BlackLivesMatter,N***a,“To be colorblind is to disregard my or any Black person’s humanity.” - Renée Cherez #NotAlone #MentalHealthForAll #NAMIJC #NAMI #NAMIWalks #Awareness #Love #Hope #BlackHistoryMonth #BlackHistory #BlackExcellence #BHM #CelebrateBlackLives #BLM #BlackLivesMatter #ReneeCherez https://***mL,"['#mikesrandomthoughts #RedWave2022 #redwave2024 #JoeBidensAmerica #ChinaJoeBiden #bluelivesmatter #Senate #Congress #houseofrepresentatives #JoeBiden #KamalaHarris #Trump2024 #CandaceOwens #antifascist #BLM #blacklivesmatter #veterans #secondamendment #ATWA #atwar https://***Y8', ""Saw nightmare sized military plane fly low over Mother's house days ago so I complained we've not watched the news this reminds me of a terrible dream I had few weeks ago? #HolocaustMemorialDay #MLK #GrenfellTower #BlackLivesMatter #BidenHarris #oprahmeghanharry #ReparationsNow"", '“To be colorblind is to disregard my or any Black person’s humanity.” - Renée Cherez #NotAlone #MentalHealthForAll #NAMIJC #NAMI #NAMIWalks #Awareness #Love #Hope #BlackHistoryMonth #BlackHistory #BlackExcellence #BHM #CelebrateBlackLives #BLM #BlackLivesMatter #ReneeCherez https://***mL', '-']",-,content_C,post
t0683,u1263,2020-07-20 18:35:25+00:00,BlackLivesMatter,l***l,Thank you deviousdesignz for this amazing box of #blacklivesmatter #blacktranslivesmatter #allblacklivesmatter reassurance! 🖤🖤🖤 @ Home https://***gS,"['If we can get to a shared understanding, we can work together to solve the problem. Perhaps the @N***B-Voice can set the example for others to follow: “Thoughts on Black Lives Matter and Bringing our Other” Characteristics to the Table” https://***8K', 'Thank you deviousdesignz for this amazing box of #blacklivesmatter #blacktranslivesmatter #allblacklivesmatter reassurance! 🖤🖤🖤 @ Home https://***gS', 'Basically, Bill Nye used science to say #BlackLivesMatter https://***S9', '-']",-,content_B,post
t0561,u0547,2020-06-07 07:03:19+00:00,BlackLivesMatter,C***x,-,"['Dear @A***C @A***s Will we see #structuralracism #policebrutality and new strategies for medical schools and teaching hospitals to show that #BlackLivesMatter to them in your strategic plan, which you aim to release Sept 2020? https://***p5', '#Vancouver showed up today! Aerial view of the protest today. #BlackLivesMatter https://***CJ', 'Mitt Romney, marching down Penn Ave towards the White House, with about 1000 mostly evangelical protesters. They’re chanting “black lives matter!” and singing “This little light of mine” \u2066@M***y\u2069 https://***oX', '-']",tweet_B,-,retweet
t2728,u1846,2022-02-14 06:17:02+00:00,BlackLivesMatter,B***A,Tune in 90.7FM @K***K for this week’s @M***A with @D***l &amp; @i***k discussing #AmirLocke🕊 #BlackLivesMatter https://***VN,"['Tune in 90.7FM @K***K for this week’s @M***A with @D***l &amp; @i***k discussing #AmirLocke🕊 #BlackLivesMatter https://***VN', '@J***c Fucking based😎 #LawAndOrder #ThinBlueLine #BoysInBlue #BackTheBlue #BlueLivesMatter #PoliceLivesMatter #PoliceBravery #AllCopsAreHeroes', ""#BlackLivesMatter let 🇺🇸🇦🇺🇨🇦 🇬🇧 🇪🇺 🇺🇦 fight 🇷🇺 alone. It's about #White #Nationalism. #WhiteSupremacy #Violence=🇺🇸 #globallandclaim #Hegemony #Asia #Africa #SouthAmerica #Pacific @T***s @G***P #snakes #VotingRights @A***C #BlackTwitter #LandisRevolution✊🏿🌿🧿 https://***np"", '-']",-,content_A,post
t3509,u3186,2022-02-25 21:39:52+00:00,BlackLivesMatter,P***s,"Zellie Thomas, a protest attendee who works with Paterson’s arm of Black Lives Matter said that admission is a testament to the work of his organization. Read more at: https://***z5","['Zellie Thomas, a protest attendee who works with Paterson’s arm of Black Lives Matter said that admission is a testament to the work of his organization. Read more at: https://***z5', 'LISTEN AND SHARE!!! Rockford Reading Daily Podcast 014 - Have Black Lives Ever Mattered by Mumia Abu-Jamal #apple #applepodcasts #podcast #BlackLivesMatter #BLM https://***am', 'Upon his death in June 2020 at 88 amidst Black Lives Matter protests that spanned the country, Austin NAACP President Nelson Linder, who recently endorsed my campaign, said this about the life of Berl Handcox: “He has a legacy here of doing great things and his work will stand.”', '-']",tweet_B,content_A,reply
t0716,u0515,2020-08-11 23:58:40+00:00,BlackLivesMatter,P***s,"""The true soldier fights not because he hates what is in front of him, but because he loves what is behind him.” G.K. Chesterton Veteran activism isn't new. Now we work for #BlackLivesMatter https://***Cj Photo by joyofresistance via flickr: https://***Kx https://***cW","['""The true soldier fights not because he hates what is in front of him, but because he loves what is behind him.” G.K. Chesterton Veteran activism isn\'t new. Now we work for #BlackLivesMatter https://***Cj Photo by joyofresistance via flickr: https://***Kx https://***cW', 'I wrote an OpEd for The Hill on how equal access to tech can reduce poverty and increase diversity. https://***Nh #BlackLivesMatter #BlackTechTwitter', ""In essence, Black &amp; Latinx folks subsidize the cost of *disproportionately* white consumption with their very life force -- their breath. Why do we still continue to build/expand cities like this? Hypothesis: If people actually thought #BlackLivesMatter, then we wouldn't. https://***lU"", '-']",-,content_A,post
t3699,u2497,2022-03-02 11:27:40+00:00,BlackLivesMatter,i***K,Rather than hack photoshopping and edit images data might be a bit more of a peaceful strategy to use art.. #HolocaustMemorialDay #MLK #GrenfellTower #BlackLivesMatter #BidenHarris #oprahmeghanharry #ReparationsNow https://***mb,"['As a BIPOC #Autistic human (advocating outside of the community), BIPOC #Autistic people still matter. I’m still letting them have a voice through me, and through themselves too.♥️✊🏽✊🏾✊🏿#BlackLivesMatter Undercover Boss, was the first step. Now I will keep it going.', 'Rather than hack photoshopping and edit images data might be a bit more of a peaceful strategy to use art.. #HolocaustMemorialDay #MLK #GrenfellTower #BlackLivesMatter #BidenHarris #oprahmeghanharry #ReparationsNow https://***mb', 'Ja waar zijn die #akwasi en die @T***t als ze zich voor 1 keer nuttig kunnen maken? #diversiteitinjebroekje #AllLivesMatter https://***sB', '-']",-,content_B,post
t1891,u0532,2021-10-23 08:38:31+00:00,BlackLivesMatter,S***1,"@e***A All non white communities, as we were once called - must not buy nando's until they Address this matter, we need quick response as this matter is urgent #BlackLivesMatter this attitude of being treated like secondary citizens in our country must come to an end","['We’re speaking with @a***a cofounder of the #BlackLivesMatter global network and head of the @B***n which strategically polls Black Americans.', 'Seattle friends, please vote for Nikkita Oliver for city council. If you support #BlackLivesMatter, prove it with your ballot and vote for the candidate with actual lived experience, who has devoted their life to serving their community and fighting for justice https://***zy', ""@e***A All non white communities, as we were once called - must not buy nando's until they Address this matter, we need quick response as this matter is urgent #BlackLivesMatter this attitude of being treated like secondary citizens in our country must come to an end"", '-']",tweet_C,content_C,reply
t0480,u1846,2020-06-02 18:07:02+00:00,BlackLivesMatter,B***A,The zoom got too full. Check out the live stream of the LA Police Commission here. #carenotcops #BlackLivesMatter https://***C7,"['As a white woman I benefit every day from systems of unearned privilege and it is my responsibility to actively combat that. #BlackLivesMatter #NoJusticeNoPeace and I believe that with every ounce of my being.', 'The zoom got too full. Check out the live stream of the LA Police Commission here. #carenotcops #BlackLivesMatter https://***C7', 'Everytime I see a big streamer/youtuber/influencer post solidarity with #BlackLivesMatter, there is always someone in the comment section whining ""What??! Not you too man!"" Yes, him too. And her too. And them too. It is in fact YOU who\'s problematic mentality is in the minority.', '-']",-,content_B,post
t2372,u1394,2022-02-04 06:00:14+00:00,BlackLivesMatter,v***n,I watched the #AmirLocke body cam video. He was murdered by the Minneapolis police. Protest is coming. #BlackHistoryMonth #BlackLivesMatter,"['#BlackHistoryMonth #BlackLivesMatter https://***Tl', 'I watched the #AmirLocke body cam video. He was murdered by the Minneapolis police. Protest is coming. #BlackHistoryMonth #BlackLivesMatter', 'Do you know? X-rays helped unlock the secrets of DNA X-rays have advanced medical treatments One of the greatest inventors was afraid of X-rays #healthcare #twitme #flutter #medhat #100daysofCode #WomenWhoCode #LifeSciences #STEM #BlackLivesMatter #BlackHistoryMonth #BlackOwned https://***ze', '-']",-,content_B,post
t1909,u1884,2021-11-03 22:45:51+00:00,BlackLivesMatter,s***m,"Intersectionality is an important consideration when serving LGBTQ+ populations, considering age as well as race, ethnicity, socio-economic status, and ability. . . . #healthdisparities #health #healthequity #blacklivesmatter #publichealth #healthdisparity #healthcare https://***lT","['@G***y @S***s @I***s @T***n @I***U @C***U @L***5 @J***6 @A***0 #Elections2021 #Lewiston #Idaho #whitlow #Eldridge #StopAsianHateCrimes #BlackLivesMatter #stopAsianHate #adamjthelawyer https://***YD', '@D***i Should read ""Black Lives Matter, occasionally when it\'s convenient for me""', 'Intersectionality is an important consideration when serving LGBTQ+ populations, considering age as well as race, ethnicity, socio-economic status, and ability. . . . #healthdisparities #health #healthequity #blacklivesmatter #publichealth #healthdisparity #healthcare https://***lT', '-']",-,content_C,post
t0531,u2766,2020-06-05 07:02:17+00:00,BlackLivesMatter,P***r,-,"['We stand in solidarity with our Black students, staff and educators. If any members of our community are seeking support, please do not hesitate to reach out to the DCD staff member you feel closest to using the contact info at https://***tp #BlackLivesMatter https://***py', 'The Latinx community also supports the #BlackLivesMatter movement. We recognize the roots and struggles of our fellow BIPOC folks. I stand with you. https://***Ux', '@S***p condemns racism. We stand in solidarity with the Black community during this time of injustice. We are launching a $100M Opportunity Growth Fund to disrupt the inequities that prevent Black and Latino entrepreneurs from thriving. #BlackLivesMatter', '-']",tweet_B,-,retweet
t0659,u2808,2020-07-08 16:25:01+00:00,BlackLivesMatter,s***s,#BlackLivesMatter Plaza in #dc al son de #Mariachis welcoming Mexican president #amlo https://***SX,"['White people who wanna say the N-word be like “words are just words, they don’t have power” and then wet themselves when they see anything that says “Black Lives Matter”', 'Are all white people bad? No. Are all black people good? No. Knowing this reality- I stand on my decision to unite with good people, no matter the race, creed or ideology. Given the number of threats against this decision- I also decide to die on this hill.', '#BlackLivesMatter Plaza in #dc al son de #Mariachis welcoming Mexican president #amlo https://***SX', '-']",-,content_C,post
t0583,u1346,2020-06-10 00:48:30+00:00,BlackLivesMatter,B***g,John Cena announced he's matched BTS Army's $1 million donation to the Black Lives Matter Foundation https://***cV,"['We are committed to keeping racial justice front and center as we train future leaders in #neuroscience and stand in solidarity with #ShutDownSTEM #ShutDownAcademia #BlackLivesMatter #Strike4BlackLives #BlackNeuroscientist #BlackandSTEM', ""John Cena announced he's matched BTS Army's $1 million donation to the Black Lives Matter Foundation https://***cV"", 'What the world needs now... Art credit @I***s #BlackLivesMatter #blacklivesmatteraustralia https://***Vl', '-']",-,content_B,post
t3431,u0962,2022-02-24 07:37:07+00:00,BlackLivesMatter,A***7,Black Lives Matter Los Angeles critical of mayoral candidates' stance on adding more police https://***1W,"['Suspect On Skateboard Knocks 73-Year-Old Man Unconscious In Random Attack - The Police Tribune https://***uS Follow @b***r #BlueLivesMatter #BackTheBlue #lawenforcement #PoliceTribune', ""Black Lives Matter Los Angeles critical of mayoral candidates' stance on adding more police https://***1W"", 'Los Angeles deserves a mayor that listens to the will of the people, and the people are demanding to #DefundThePolice. Listen to @d***l speak truth to power at today’s #EndPoliceAssociations protest. #LAMayorDebate #BlackLivesMatter https://***zv', '-']",-,content_B,post
t1689,u1222,2021-03-30 21:05:12+00:00,BlackLivesMatter,a***o,"Jesus. Not only did #DerekChauvin kill #GeorgeFloyd, but then, they didn’t let an EMT help. If after seeing evidence and hearing testimonies -including from a 9 yr old-, you don’t get why words, “Black Lives Matter” need to be said out loud, then you don’t want to understand.","['The jury in the George Floyd trial is obviously under immense pressure. The Black Lives Matter organization will exploit this terrible situation no matter what happens. And so will the white supremacy groups. This will end badly for the country no matter what the verdict.', 'To be a Black man in America is to be put on trial even for your own murder. #ChauvinTrial #BlackLivesMatter', 'Jesus. Not only did #DerekChauvin kill #GeorgeFloyd, but then, they didn’t let an EMT help. If after seeing evidence and hearing testimonies -including from a 9 yr old-, you don’t get why words, “Black Lives Matter” need to be said out loud, then you don’t want to understand.', '-']",-,content_C,post
t2999,u0653,2022-02-17 18:17:32+00:00,BlackLivesMatter,P***s,-,"['https://***mz RT-8 #blackandproud #imblackandimproud #BlackTwitter #racism #blackamericaweb #WhitePrivilege #BlackLivesMatter #DonLemon #WeAreBetterThanThis #leftwing', '⚡️#BreakingNews @B***a @M***a @V***P @O***h @R***C @J***8 @R***y @R***i @O***C @O***D @W***s @_***C @O***d @U***M @B***6 @T***s @B***A 🌍 🎉2022🎊 ✨👸🏾🤴🏾✨ #BlackLivesMatter #NBAALLSTAR #ThisIsCLE🏙 Only in The #CLE🌇 #OHiO🌃 https://***6z', 'Evil is powerless if the good are unafraid. 🚔 #TheWoundedBlue #BlueLivesMatter #BackTheBlue #BackTheBadge #Sheriff #PoliceOfficer #EOW #PTSDAwareness #PTSD #peersupport https://***Fa', '-']",tweet_B,-,retweet
t3617,u2507,2022-02-28 15:26:09+00:00,BlackLivesMatter,g***z,@A***P #NaziUkraine 🇺🇦 neo-#Nazi #Ukraine #Zelensky #Putin #RussianArmy military Operations is #DeNazification 🇺🇦 #BlackLivesMatter #RussiaUkraineConflict #Russia https://***BV,"['ترجمة : دع الرجل #الأبيض يخوض حروبه أقف مع #الأفارقة في أوكرانيا #BlackLivesMatter #RacistEU https://***WS', ""@P***6 @S***j @S***1 @Z***o @G***e @J***a @G***o @P***g @k***w @M***a @K***h You're not obliged to carry out criminal orders #EUAU @B***A #BRIC #NTF #NFTCommunity @n***1 #Ukraine #BlackLivesMatter #BlackHistoryMonth #idiamin https://***Cp"", '@A***P #NaziUkraine 🇺🇦 neo-#Nazi #Ukraine #Zelensky #Putin #RussianArmy military Operations is #DeNazification 🇺🇦 #BlackLivesMatter #RussiaUkraineConflict #Russia https://***BV', '-']",tweet_A,content_C,reply
t0621,u1323,2020-06-18 14:44:52+00:00,BlackLivesMatter,n***g,"DACA STAYS, LGBTQ CIVIL RIGHTS, BLACK LIVES MATTER! We ALL have A LOT of work to do to keep it coming! NOTHING makes me HAPPIER than on 45’s birthday week! Supreme Court rules Trump cannot end DACA in big win for 'Dreamer' legal immigrants https://***DL","[""Google bans The Federalist and ZeroHedge from ad platform for false 'Black Lives Matter' claims. Neither operation will be able to earn revenue from Google Ads on their websites anymore. https://***UZ"", ""DACA STAYS, LGBTQ CIVIL RIGHTS, BLACK LIVES MATTER! We ALL have A LOT of work to do to keep it coming! NOTHING makes me HAPPIER than on 45’s birthday week! Supreme Court rules Trump cannot end DACA in big win for 'Dreamer' legal immigrants https://***DL"", ""It's turned into a #BlackLivesMatter sidewalk https://***N4"", '-']",-,content_B,post
t1639,u3238,2021-02-16 19:24:09+00:00,BlackLivesMatter,w***r,"An innovative online class brought students from New Mexico and Cologne together to discuss #BlackLivesMatter in a transatlantic context. On 2/25, hear from the professors as they reflect on this dialogue &amp; more. #WunderbarTogether #BlackHistoryMonth RSVP: https://***kl https://***3x","['“If you have only one smile in you give it to the people you love.” Happy Valentine’s Day!!! #explorer #exploremore #explorepage #repost #nigeria #picoftheday #memphis_shollyolly #followme #followtrain #love #likeforlikes #gainwithmtaaraw #gainparty #BlackLivesMatter https://***XH', 'An innovative online class brought students from New Mexico and Cologne together to discuss #BlackLivesMatter in a transatlantic context. On 2/25, hear from the professors as they reflect on this dialogue &amp; more. #WunderbarTogether #BlackHistoryMonth RSVP: https://***kl https://***3x', '#Heroes can #inspire change in individuals &amp; influence social movements (e.g., #environmentalcrises &amp; #blacklivesmatter). We invite experts to help understand #heroes &amp; #heroism in society at the international #HeroismScience2021 conference. Details here! https://***os', '-']",-,content_B,post
t1963,u0921,2021-11-24 21:59:21+00:00,BlackLivesMatter,B***r,"The courts can only uphold but a minimum standard, if that, of what it truly means to honor the sacred worth of all Black lives. Ahmaud should be alive. We continue to mourn with his family and rejoice with them for this semblance of justice. #AhmaudArbery #BlackLivesMatter","['The courts can only uphold but a minimum standard, if that, of what it truly means to honor the sacred worth of all Black lives. Ahmaud should be alive. We continue to mourn with his family and rejoice with them for this semblance of justice. #AhmaudArbery #BlackLivesMatter', 'New article in @J***U : Towards a Reading of Black Lives Matter in Europe https://***SL', 'Excellent and accessible @T***s by MP @D***y on how #BlackLivesMatter and #climatejustice are inextricably linked. Take 10 minutes to learn more. #racialjustice https://***dP', '-']",-,content_A,post
t0581,u2439,2020-06-09 23:22:39+00:00,BlackLivesMatter,T***s,"As a Hong Kong “pro-democracy” leader promotes far-right condemnations of George Floyd demos and a Black Lives Matter rally is shut down in the city, Hong Kong protest organizers forge close ties with Republicans including Tom Cotton. via @a***h https://***as","['I pledge to oppose racism in all my spheres of influence through active allyship, continuous unlearning, listening, and learning. Join me by nominating 5 others to do the same. #BlackLivesMatter I nominate @j***r @L***r @m***s @R***s @A***n', 'It’s not just black people, it’s every minority in every country. Especially where right wing politics is dominant! We need to change “us” and “them” politics everywhere! #blacklivesmatter #minoritiesmatter #muslimlivesmatter (in India) #saynotooppression', 'As a Hong Kong “pro-democracy” leader promotes far-right condemnations of George Floyd demos and a Black Lives Matter rally is shut down in the city, Hong Kong protest organizers forge close ties with Republicans including Tom Cotton. via @a***h https://***as', '-']",-,content_C,post
t1512,u2302,2020-12-04 16:51:20+00:00,BlackLivesMatter,I***o,"Many liberals who say that ""Defund the police"" goes too far don't want to admit that while they say Black Lives Matter, they still want a mechanism to keep Black people in check.","['Many liberals who say that ""Defund the police"" goes too far don\'t want to admit that while they say Black Lives Matter, they still want a mechanism to keep Black people in check.', 'Trauma surgeons and ER doctors are no strangers to the presence of police in the hospital. We reflect on how to #donoharm and protect our patients when police are around. #blacklivesmatter #surgeonsforblacklives https://***DE', 'Great to see this published. Key themes include: impact on talent pipeline; working conditions &amp; redundancies; impact of Black Lives Matter; and freelancers. Good work @C***C and @D***G teams. Have a read 👇 https://***jz', '-']",tweet_B,content_A,reply
t3144,u1544,2022-02-19 20:03:49+00:00,BlackLivesMatter,f***a,-,"['Sun Jun 28 2020 Portland, Oregon - Riot police charge, tackle and arrest protesters WATCH: https://***JP #PortlandOregon #PPD #blacklivesmatter #blm #defundthepolice #abolishthepolice', '@D***n Did “Black Lives Matter” enter the debate at all, I wonder.', 'Everything is quantum. “Q System can evolve, at the same time, towards the past and the future.” #Q_DAY #QM #4IR #KKK #🧬 #🔥 #👹 #MedicalAidRacialProfiling 🥼🩺💊 @P***A @C***u @I***L @G***1 Spirituality #BlackLivesMatter #BlackHistoryMonth #EFFvsAfriforum https://***4f', '-']",tweet_A,-,retweet
t0552,u2486,2020-06-06 05:45:02+00:00,BlackLivesMatter,j***r,That’s my companies sign. I am proud to have it read #BlackLivesMatter and am trying to keep it up for months ahead ✊🏽✊🏾✊🏼 https://***vH,"['Today our content team put together a resource page that can help you or someone you know understand the issues at hand better. Feel free to share this with a friend, donate, speak up.￼ #blm #blacklivesmatter #raceresources #endracism https://***Ue', 'WWCode Greenville is listening fiercely and standing with the Black community. We have canceled our June hack night tonight to pause in solidarity and join the focus on ending systemic racism. #justice #equity #blacklivesmatter Read more w/ resources: https://***Zk', 'That’s my companies sign. I am proud to have it read #BlackLivesMatter and am trying to keep it up for months ahead ✊🏽✊🏾✊🏼 https://***vH', '-']",-,content_C,post
t3045,u2917,2022-02-18 09:29:40+00:00,BlackLivesMatter,d***p,-,"['FRIDAY @ 12:00 P.M. ET: There’s still time to register for the next installment of our Beyond Redlining Webinar Series! Join us for a discussion about the intersections of #BlackLivesMatter and community development. Register HERE ➡️ https://***5t https://***Mu', 'This murder music 🎶 is dangerous. Every song theatens his life. 🚔🚔 Every song is #hurtfulwords. If anyone was hurt, sue everyone. #welearnedviolencefromyou #wedontwanttogetshot #deletethenword #deleteallrap illegal outdated hurtful 🖤🖤racist songs #BlackLivesMatter https://***yO', 'Black Lives Matter (BLM) Louisville and the Louisville Community Fund posted the $100,000 bond to free the suspect behind the attempted shooting a Jewish mayoral candidate, Fox News reported. @b***r reports: https://***Fj', '-']",tweet_C,-,retweet
t2099,u1525,2022-01-06 16:27:03+00:00,BlackLivesMatter,S***1,". “@C***a [sponsorship] might satisfy the Chinese population, but European and American TV audiences will see those ads too and they might wonder why Coca-Cola stands up for Black Lives Matter, but at the same time engages with this propaganda event,” Scholz said.","['Where next in 2022 for the Govt\'s Cultural War against #BlackLivesMatter and #MeToo ? https://***0C Geographical ""fairness"" for the white working class which requires the outlawing of complaints about/based on: institutional racism; lived experience;+unconscious bias', 'Great minds discuss ideas, average minds discuss events, small minds discuss people. #changeisnow #changeisgood #dinpastv #motivation #awareness #ghanacelebrities #fashionblogger #ghanawedding #ghana🇬🇭 #ghanainuk #alllivesmatter https://***8D', '. “@C***a [sponsorship] might satisfy the Chinese population, but European and American TV audiences will see those ads too and they might wonder why Coca-Cola stands up for Black Lives Matter, but at the same time engages with this propaganda event,” Scholz said.', '-']",tweet_B,content_C,reply
t1373,u0718,2020-11-02 16:47:01+00:00,BlackLivesMatter,b***t,A woman was chased down because she had a #blacklivesmatter flag on her car. The police came and... https://***P9,"['A woman was chased down because she had a #blacklivesmatter flag on her car. The police came and... https://***P9', 'This will stand as one of the most enduring legacies of the Trump Administration - and one of the most unconscionable failures of Obama’s. The trauma behind these numbers is...hard to wrap the mind around. https://***Pf', 'Yesterday in Northampton our Legal Observers and lawyers were on scene as #BlackLivesMatter and #ProtectTheResults activists took to the streets to confront hate! Numerous people were pepper sprayed.', '-']",-,content_A,post
t1596,u0420,2021-01-06 20:24:05+00:00,BlackLivesMatter,S***h,-,"['@m***7 Definitely- Brexit, Black Lives Matter, Virus. And the list goes on...', ""If during the #BlackLivesMatter movements you said #backtheblue or #BlueLivesMatter and now you're calling the Capitol police traitors for not allowing a full on #coup of the government - then you're not a patriotic American. You're just a racist."", 'If these were Black Lives Matter protestors or immigrants’ rights protestors, this would certainly be a different scene.', '-']",tweet_B,-,retweet
t0475,u2101,2020-06-02 14:50:36+00:00,BlackLivesMatter,n***h,-,"['This is the best thing that James Corden @J***n has done in his career. White people - please watch this and more importantly, listen with intent. #BlackLivesMatter https://***Y1', '#blacklivesmatter a guide to white privilege https://***bP', 'We pledge to continue opposing racism &amp; hate. Join us by nominating at least 5 others to do the same. #BlackLivesMatter @U***a @B***A @C***A @W***A @U***g @U***t @U***d https://***Ps', '-']",tweet_A,-,retweet
t0567,u1360,2020-06-08 08:08:46+00:00,BlackLivesMatter,M***s,We're preserving #BlackLivesMatter signs left at the former site of the #Colston statue so we can tell the story of this historic moment for our city at @m***l https://***ue,"['As was told to the CHP yesterday in front of the CA State Capitol, “if the government doesn’t fix it, the streets will every time.” #SacramentoProtest #BlackLivesMatter https://***lf', '@K***s https://***MM #BlackLivesMatter #BlackLivesMatterDC #GeorgeLloyd', ""We're preserving #BlackLivesMatter signs left at the former site of the #Colston statue so we can tell the story of this historic moment for our city at @m***l https://***ue"", '-']",-,content_C,post
t2903,u0401,2022-02-16 15:48:10+00:00,BlackLivesMatter,R***1,We Are Family This Is How #We #Build #BuildingTogether #BlackWomen #Tribe #Us #BlackLivesMatter #BlackHistoryMonth 🪜 🔨 https://***cw,"['We Are Family This Is How #We #Build #BuildingTogether #BlackWomen #Tribe #Us #BlackLivesMatter #BlackHistoryMonth \U0001fa9c 🔨 https://***cw', 'https://***NX RT-8 #blackandproud #imblackandimproud #BlackTwitter #racism #blackamericaweb #WhitePrivilege #BlackLivesMatter #DonLemon #WeAreBetterThanThis #leftwing', '""The (Un)lawful Killing of Daniel Brown"", out this Thursday, explores police racism and brutality in a fictional but realistic manner accessible to older teens (around 14+) as well as adults. #YABooks #YABooksUK #BlackLivesMatter #BlackLivesMatterUK https://***88', '-']",-,content_A,post
t3064,u1074,2022-02-18 17:10:11+00:00,BlackLivesMatter,E***l,@k***r I could work for the rest of my life and not come up with something as funny as 'Black Lives Matterhorn' as a ride at woke Disney.,"[""@k***r I could work for the rest of my life and not come up with something as funny as 'Black Lives Matterhorn' as a ride at woke Disney."", ""Black scuba divers explore the wreckage of slave ships and the ''untold American story' https://***rz #HolocaustMemorialDay #MLK #GrenfellTower #BlackLivesMatter #BidenHarris #oprahmeghanharry #ReparationsNow"", '#Twitter #FF #fintech #deeplearning #science #cloudsecurity #java #opioid #love #brasil #amor #fleets #tiktok #covid-19 #cpidacovid #fotografia #bomdia #hoje #sucesso #kwai #boanoite #urgente #news #entretenimento #notícia #esportes #follow #followme #sdv #blacklivesmatter', '-']",tweet_B,content_A,reply
t0645,u0103,2020-06-30 14:37:09+00:00,BlackLivesMatter,l***e,"*NEW EVENT* For Black LSE staff and students, this workshop will be a safe space to process recent events such as COVID-19, the murder of George Floyd, Black Lives Matter, and ongoing racism and microaggressions. https://***Zk","['How UK Museums are Responding to Black Lives Matter https://***7M #BLM #pandemic When #museums in the #UK start to reopen next month it will be to a new world: not just one of #socialdistancing and mask-wearing, but one possibly entering a different cultural epoch.', 'In the name of the movement: Black Lives Matter Plaza, Breonna Taylor and the long road to justice https://***WR', '*NEW EVENT* For Black LSE staff and students, this workshop will be a safe space to process recent events such as COVID-19, the murder of George Floyd, Black Lives Matter, and ongoing racism and microaggressions. https://***Zk', '-']",-,content_C,post
t0720,u2401,2020-08-18 13:31:40+00:00,BlackLivesMatter,P***k,"The Left’s version of ‘thoughts and prayers’: yelling ‘Black Lives Matter!’, after more than 30K+ Black ppl have died of COVID in less than 6 mos, while refusing to *vote* because Biden/Harris, are ‘too centrist.’ That’s B.S. ‘Faith w/o works is dead.’ Vote.","[""Telegraph's Facebook page, full of racists talking about George Floyd's death and justifying killing by the police #BlackLivesMatter #blacklivesmatteruk #GeorgeFloyd https://***7B https://***nk @T***h https://***Ru https://***gw"", 'The Left’s version of ‘thoughts and prayers’: yelling ‘Black Lives Matter!’, after more than 30K+ Black ppl have died of COVID in less than 6 mos, while refusing to *vote* because Biden/Harris, are ‘too centrist.’ That’s B.S. ‘Faith w/o works is dead.’ Vote.', 'Skylor Jerrigan attempted to murder people with his hand-gun while leaving a parking garage. Prior to this event, Skylor was communicating in group chats advocating for the murdering of Black Lives Matter protesters. https://***xj', '-']",-,content_B,post
t2479,u2824,2022-02-08 13:30:19+00:00,BlackLivesMatter,t***s,"Conrad Black: “The day is now not far off when wokeness, American self-hate, foreign appeasement, and the indulgence of criminal and corrupt organizations like Black Lives Matter will end.” Only on American Greatness https://***Kf","['Conrad Black: “The day is now not far off when wokeness, American self-hate, foreign appeasement, and the indulgence of criminal and corrupt organizations like Black Lives Matter will end.” Only on American Greatness https://***Kf', 'For all of our brothers, sisters, and siblings whose lives were taken, we continue to fight for you. We will always say your names. ✊🏾💞 #SayTheirNames #BlackLivesMatter #BHMxARYE https://***3d', '#AhmaudArbery #BreonnaTaylor #GeorgeFloyd #ElijahMcClain #JacobBlake #DaunteWright #AmirLocke #BlackLivesMatter #StopRacism #JusticeForAhmaud #JusticeForBreonna #JusticeForElijah #JusticeForJacob #JusticeForDaunte #JusticeForAmir #SayTheirNames #ReformThePolice https://***lG', '-']",-,content_A,post
t3114,u1404,2022-02-19 15:35:11+00:00,BlackLivesMatter,B***r,"Bryan Fischer Podcast (Video), 2/18/22 TODAY’S PODCAST FREE! FORWARD TO A FRIEND! ~ We are watching the self-immolation of the Democrat Party ~ Black Lives Matter being taken over by white folk ~ Time to make China pay reparations for COVID damage https://***Hm","['@M***e Free Haircuts by the Homeless, for the Homeless. My Community. My Responsibility. https://***hl #betheblessing206 #Solidarity #endracism #BlackLivesMatter #socialism #liberal #christian #twitter #covid #dignity #inspiration #news https://***0q', 'Wed Nov 04 2020 Portland, Oregon - Protester tackled and arrested WATCH: https://***Uc #PortlandOregon #PPD #blacklivesmatter #blm #defundthepolice #abolishthepolice', 'Bryan Fischer Podcast (Video), 2/18/22 TODAY’S PODCAST FREE! FORWARD TO A FRIEND! ~ We are watching the self-immolation of the Democrat Party ~ Black Lives Matter being taken over by white folk ~ Time to make China pay reparations for COVID damage https://***Hm', '-']",-,content_C,post
t0521,u2892,2020-06-04 15:41:48+00:00,BlackLivesMatter,d***o,"If you're an African American college student with dreams about understanding the brain, email me an essay about those dreams--I'd be so grateful to hear your story. I will give a 6K scholarship to one person as a tiny token of encouragement #BlackLivesMatter #HBCU #TinySteps https://***nW","[""If you're an African American college student with dreams about understanding the brain, email me an essay about those dreams--I'd be so grateful to hear your story. I will give a 6K scholarship to one person as a tiny token of encouragement #BlackLivesMatter #HBCU #TinySteps https://***nW"", 'I’m marching in Washington, D.C., today in support of Black Lives Matter! For those taking a stand against racism and joining the march today in Friendship Heights, we have free masks and fruit @P***M! #BlackLivesMatter https://***HP', 'This tweet is taking off. Please donate to #BlackLivesMatter if you can: https://***WW', '-']",-,content_A,post
t0525,u1917,2020-06-04 20:11:36+00:00,BlackLivesMatter,j***l,"(7/7) Je ne veux pas diluer le message du hashtag, mais oui, c’est pour Black Lives Matter. Je pense aussi beaucoup aux populations autochtones dans cette réponse.","['All spaces for the sessions next week are taken! Please continue to share this with your friends as we have a waiting list. If the waiting list exceeds a certain number we will hold another session. ✨🙌🏿 #BlackAndSTEM #BlackLivesMatter #AcademicTwitter #MentalHealthAwareness https://***4a', '(7/7) Je ne veux pas diluer le message du hashtag, mais oui, c’est pour Black Lives Matter. Je pense aussi beaucoup aux populations autochtones dans cette réponse.', '“Daddy changed the world” - Gianna Floyd #BlackLivesMatter https://***KD', '-']",tweet_B,content_B,reply
t0631,u1927,2020-06-23 03:32:16+00:00,BlackLivesMatter,d***0,"What do we even say on days like this y’all. Black Lives Matter. They deserve justice. They deserve equity. Immigrants are welcome. Not because of their skills and knowledge, but because of their innate human value. America is in fact, not great.","['Someone very clever and beautiful sent this to me earlier. I think it proves the point wonderfully. #BlackLivesMatter https://***Ua', 'What do we even say on days like this y’all. Black Lives Matter. They deserve justice. They deserve equity. Immigrants are welcome. Not because of their skills and knowledge, but because of their innate human value. America is in fact, not great.', 'Meet Zac and Luisa, @E***L’s Equality and Diversity Officers. Learn about the challenges and opportunities to make science more diverse and inclusive, and the impact of the #BlackLivesMatter movement on their work. #Pride2020 #GenomeCampusPride 🏳️🌈 https://***X4', '-']",-,content_B,post
t3051,u1812,2022-02-18 13:14:34+00:00,BlackLivesMatter,d***c,"This Tuesday, we Defend Black Lives in #Pittsburgh, 2P at the City-County Building! This action is organized by @t***g, @1***a, @a***_ and #BlackLivesMatter Pittsburgh. The struggle continues. 👊🏾👊🏾👊🏾 https://***En","['This Tuesday, we Defend Black Lives in #Pittsburgh, 2P at the City-County Building! This action is organized by @t***g, @1***a, @a***_ and #BlackLivesMatter Pittsburgh. The struggle continues. 👊🏾👊🏾👊🏾 https://***En', 'The latest #StreetLevelInfluencer #HRPhilosopher dropped, and I am so excited I got to collaborate w/ @B***y! Recently she was on the #HRSocialHour half hour podcast w/@J***d &amp; @w***3! #HRBlog #HRCommunity #BlackLivesMatter #KimRocks https://***JC', 'Another Black Lives Matter leader gets arrested for attempted murder. #tcot #ccot #tlot #reason #logic #God #JC #J #FJB #usa # #teaparty #commonsense #lnyhbt https://***nH', '-']",-,content_A,post
t0473,u0794,2020-06-02 13:34:08+00:00,BlackLivesMatter,J***n,"Stop with the racism, and acknowledge that Black Lives Matter.","['They don’t support #BlackLivesMatter In fact, they don’t care about #PoliceBrutality too All they care about is how to advance their own political agenda and make #USA weaker &amp; less United https://***Rr', 'Stop with the racism, and acknowledge that Black Lives Matter.', '""Asian Americans Need to Support Black Lives Matter Now"" As the events surrounding George Floyd\'s murder shows, racism is still alive and well, especially targeted at Blacks. Asian Americans need to do what\'s right and stand up for racial justice now. https://***mQ', '-']",tweet_B,content_B,reply
t3358,u0419,2022-02-23 00:35:13+00:00,BlackLivesMatter,L***r,"“You don’t need to be the best, but I’m gonna need your best!” - Deion Sanders #TuesdayThoughts #BlackHistoryMonth #BlackLivesMatter https://***vX","[""Dowen college will be persecuted for Sylvester's Death - Police #woposts #nnpc #baeu #Assustrike #blacklivesmatter #ibadan #nairaland #abbakyari #futo #loml #asuu #fuelscarcity #ipob #Mrsalabi #KDB #lekki #IELTS #Federalgovernment #under16 #ashewospace #ewedu #femiadesina https://***Og"", '“You don’t need to be the best, but I’m gonna need your best!” - Deion Sanders #TuesdayThoughts #BlackHistoryMonth #BlackLivesMatter https://***vX', 'Each day of Black History month we want to highlight black innovators. Today we highlight Bessie Blount Griffin a nurse @U***A @R***E @N***E #utsa #nsbe #classof2025 #blacklivesmatter #BHM #blackhistory #blackhistorymonth https://***J4', '-']",-,content_B,post
t3641,u2954,2022-03-01 00:54:23+00:00,BlackLivesMatter,A***a,-,"['#StandWithPeople #BlackLivesMatter #MuslimLivesMatter #StandWithUkraine https://***jR', ""Part of being anti-racist is understanding how deeply ingrained the racism is in our thought processes right? Everyone along that border was escaping the same conflict so if we don't talk about #AfricansinUkraine now, have we really understood #BlackLivesMatter? https://***Il"", 'Black people have both a historical and current human rights struggle in the USA. The bomb threats directed to African descent institutions in America is happening in 2022. Keep your third eye open. #BlackHistoryMonth #BlackTwitter #BlackLivesMatter https://***SA', '-']",tweet_C,-,retweet
t3746,u2567,2022-03-03 00:44:14+00:00,BlackLivesMatter,E***n,Because it's essential to center &amp; amplify Disabled Black Women. Who face both misogynoir &amp; ableism in eugenics. #BlackDisabledLivesMatter #NothingAboutUsWithoutUs #LeaveNoOneBehind #WomensHistoryMonth #BlackHistory365 #BlackLivesMatter #HighRiskCOVID19 https://***Wf,"['World Premier! Our song, The Dedication, with moving video! @G***g @C***r @t***t @R***f @A***C #ahimsa #animalrights #progressive #lgbtq #equality #environment #feminism #peacelove #vegan #blm #blacklivesmatter #antifa #resist https://***eh', ""Because it's essential to center &amp; amplify Disabled Black Women. Who face both misogynoir &amp; ableism in eugenics. #BlackDisabledLivesMatter #NothingAboutUsWithoutUs #LeaveNoOneBehind #WomensHistoryMonth #BlackHistory365 #BlackLivesMatter #HighRiskCOVID19 https://***Wf"", '#MarchAgainstRacism #BlackLivesMatter #RefugeesWelcome', '-']",-,content_B,post
t3941,u1091,2022-03-09 16:53:07+00:00,BlackLivesMatter,T***r,"Join us next Tuesday for the first ""African/American: Making the Nation's Table"" program! Led by Dr. Suzanne Cope, we will discuss how food has fueled social &amp; political movements of the past and present, such as the Civil Rights Movement of the 1960’s &amp; Black Lives Matter. https://***x7","['Join us next Tuesday for the first ""African/American: Making the Nation\'s Table"" program! Led by Dr. Suzanne Cope, we will discuss how food has fueled social &amp; political movements of the past and present, such as the Civil Rights Movement of the 1960’s &amp; Black Lives Matter. https://***x7', ""#tdih 1965 People began march from Selma to Montgomery in protest of police murder of Jimmie Lee Jackson and violation of const'l rights to vote. Attacked by state troopers. Read long history of organizing &amp; repression, incl. with HS students ⬇️ #SNCC https://***oI"", '@S***a #BlackLivesMatter', '-']",-,content_A,post
t1849,u2446,2021-09-24 22:05:39+00:00,BlackLivesMatter,c***y,-,"['The shelves of Asia\'s beauty aisles are still stuffed with whitening products a year since #BlackLivesMatter sparked a purging of brands with racist overtones. Founder of the ""Dark is Beautiful"" campaign @K***l says that needs to change https://***0B', 'I ask, the #BlackLivesMatter Movement, where are you while #Ethiopia, a pride of the Black People, calling for your help and in need of your support in time of its call for help !?️ https://***qX', ""BLM Is Threatening An 'Uprising' Against 'Racist' Vaccine Mandates https://***56"", '-']",tweet_A,-,retweet
t0548,u3231,2020-06-05 22:23:13+00:00,BlackLivesMatter,P***s,"Today our content team put together a resource page that can help you or someone you know understand the issues at hand better. Feel free to share this with a friend, donate, speak up.￼ #blm #blacklivesmatter #raceresources #endracism https://***Ue","['@J***r @N***J @n***m @N***v #BLACKLIVESMATTER . https://***08', 'Today our content team put together a resource page that can help you or someone you know understand the issues at hand better. Feel free to share this with a friend, donate, speak up.￼ #blm #blacklivesmatter #raceresources #endracism https://***Ue', '2 min silent at the entrance of EGA \u2066@u***h\u2069 in remembrance of George Floyd #blacklivesmatter https://***oe', '-']",-,content_B,post
t3541,u3001,2022-02-26 16:26:40+00:00,BlackLivesMatter,O***Q,-,"[""How did the killing of Trayvon Martin impact you? 'Ten years ago today, Trayvon Martin was killed' Barack Obama | Obama Foundation 📸 Allison Joyce #TrayvonMartinFoundation #stlamerican #stlnationalnews #BlackLivesMatter @O***n https://***pI"", 'There were a few glimmers of gratitude — Canadian Prime Minister Justin Trudeau even told people to thank truckers — but those didn’t last long, nor did they conceal what turned out to be the biggest transfer of wealth in human history ...', 'TONIGHT @ 7PM CT! @D***s joins faith leaders from across the country to discuss her book Faith After Ferguson, revisiting the front lines of the Ferguson Black Lives Matter protests &amp; discussing in the struggle for justice &amp; healing 5 years later. https://***Sr https://***2D', '-']",tweet_A,-,retweet
t3667,u0800,2022-03-01 18:51:23+00:00,BlackLivesMatter,K***t,-,"['Celebrating #BlackHistoryMonth! #Allyship #BlackLivesMatter @R***t @C***J @R***y @r***h @O***l @A***J @N***v @n***b @N***S @C***y https://***Zp', '#BlackLivesMatter we are not victims we are a generation of Giants', '#BlackLivesMatter #UkraineRussiaWar', '-']",tweet_A,-,retweet
t2327,u3275,2022-02-02 00:34:04+00:00,BlackLivesMatter,C***9,-,"['In celebration of #BlackHistoryMonth in the US, we believe there are the women you ought to know about. Marie Daly, was an American biochemist and the first African American woman in the United States to earn a Ph.D. in chemistry 🧬 #BlackLivesMatter #WomeninSTEM https://***av', '""Ten years later, \'Black Lives Matter\' has grown from a hashtag to a protester’s cry to a cultural force that has reshaped American politics, society, and daily life."" @N***g, @M***s, Lindsay Peoples-Wagner https://***Xu #longreads', '#pdxcannabis Join @G***y, Jan 31 at noon for an info session on the CERF grant. Learn who is eligible, how to apply, and other developments in Portland’s cannabis equity. https://***XG #blacklivesmatterpdx #pdxcommunity #oregoncannabis #cannabisequity https://***5Z', '-']",tweet_C,-,retweet
t0452,u0039,2020-06-01 19:18:16+00:00,BlackLivesMatter,c***r,"I want to say that I see you and that I am with you #BIPOC. I am working to educate myself and support anti-racism. So far by donating to the #MinnesotaFreedomFund, #BlackLivesMatterChicago, and #ColumbusFreedomFund. Here is a helpful site for donating to each city: 2/3","[""It's incredibly hurtful to follow the situation in the US. Injustice and meaningless violence of any kind is so hard to understand, even more so when it's from the people who should be a force against it. #BlackLivesMatter"", ""Everybody: Name a celeb that refused to speak up. Don: Tonya, Diane, Lori and Carla. Marina, Selena, Katrina, Sabrina. About three Kim's, LaToya, and Tina. This ain’t 2014. Don Lemon is angry and I’m here for all the gall and gumption. Proud even #BlackLivesMatter #GeorgeFloyd https://***Vn"", 'I want to say that I see you and that I am with you #BIPOC. I am working to educate myself and support anti-racism. So far by donating to the #MinnesotaFreedomFund, #BlackLivesMatterChicago, and #ColumbusFreedomFund. Here is a helpful site for donating to each city: 2/3', '-']",tweet_C,content_C,reply
t3947,u2718,2022-03-13 05:32:32+00:00,BlackLivesMatter,S***n,-,"['A judge in California has quashed a lawsuit brought by six police officers over a Black Lives Matter mural, which they deemed offensive and discriminatory https://***FG', 'The Black Lives Matter (BLM) protests shifted public discourse toward the movement’s agenda. Terms such as “systemic racism” received more attention during waves of prot https://***UX https://***oK', ""Nigel Farage attacks 'woke Wales' over Black Lives Matter banners in National Museum https://***a3"", '-']",tweet_A,-,retweet
t2232,u1272,2022-01-24 22:11:48+00:00,BlackLivesMatter,D***r,Rent-A-Cops Get Caught Breaking The Law https://***f2 #UnitedSecurity #Minnesota #SecurityGuard #BlackLivesMatter,"['The Social Psychology of the Black Lives Matter Meme and Movement https://***9t', 'Rent-A-Cops Get Caught Breaking The Law https://***f2 #UnitedSecurity #Minnesota #SecurityGuard #BlackLivesMatter', ""Just because you're ignored doesn't mean you're wrong. #aphorisms #truisms #maxims #Canada #psychiatry #psychology #sociology #metoo #feminism #vocation #politics #activism #blacklivesmatter #warbabies #babyboomers #generationx #millennials #zoomers #theview #ianaphorisms"", '-']",-,content_B,post
t3106,u1038,2022-02-19 12:00:15+00:00,BlackLivesMatter,J***6,-,"[""Can someone please tell me how teaching can be balanced if they don't teach our children that black lives matter? I mean, what the actual fuck!?!? # JohnsonOut_24"", ""@M***o @R***g So, BLM, thug's life is more important than public safety? #fblm #BlackPrivilege #AllLivesMatter"", '@v***s En ook: Amazon kicked Black Lives Matter off its charity platform AmazonSmile on Tuesday as the social justice organization faces intense scrutiny from multiple states over the status of its financial windfall from 2020. https://***QZ', '-']",tweet_C,-,retweet
t2980,u2958,2022-02-17 12:55:39+00:00,BlackLivesMatter,H***9,New #HRPhilosopher features the amazing @B***y! Read. Share. Admire her. 😀🔥❤️ #HRCommunity #HRBlog #BlackInHR #BlackLivesMatter #BlackLivesKickingAss https://***U5,"['⚡️#BreakingNews @B***a @M***a @V***P @O***h @R***C @J***8 @R***y @R***i @O***C @O***D @W***s @_***C @O***d @U***M @B***6 @T***s @B***A🌍🎉✨👸🏾🤴🏾✨🎊 #BlackLivesMatter #CLE🌇 #ThisIsCLE🏙 #NBAALLSTAR https://***k6', 'New #HRPhilosopher features the amazing @B***y! Read. Share. Admire her. 😀🔥❤️ #HRCommunity #HRBlog #BlackInHR #BlackLivesMatter #BlackLivesKickingAss https://***U5', 'https://***NX RT-8 #blackandproud #imblackandimproud #BlackTwitter #racism #blackamericaweb #WhitePrivilege #BlackLivesMatter #DonLemon #WeAreBetterThanThis #leftwing', '-']",-,content_B,post
t3141,u1105,2022-02-19 19:16:42+00:00,BlackLivesMatter,t***c,"again, #BlackLivesMatter, eh? Reed beat his ex-wife, &amp; was driving OTHER women's cars around, incl the NYC ACS employee, to his wife's home, demanding visitation for his son. sickest thing I heard from his heartbroken ex: he showed up to court w/ suit on, as she needed help 😭","['Even on #BlackHistoryMonth, racism still cuts deep! Black people still getting treated as thugs and inferior to the white man. As they say ""the sytem isn\'t broken, it was made this way"" #BlackLivesMatter https://***B8', ""Celebrating #BlackHistoryMonth | The #BlackLivesMatter movement became a global movement in a matter of months. @K***n discusses the movement's impact around the world on the Justice Matters podcast: https://***BV https://***K9"", ""again, #BlackLivesMatter, eh? Reed beat his ex-wife, &amp; was driving OTHER women's cars around, incl the NYC ACS employee, to his wife's home, demanding visitation for his son. sickest thing I heard from his heartbroken ex: he showed up to court w/ suit on, as she needed help 😭"", '-']",tweet_C,content_C,reply
t1773,u2508,2021-06-29 18:28:18+00:00,BlackLivesMatter,a***y,-,"['i still think often about how twenty one pilots is named after 21 ppl who died because a white man knowingly chose capitalism/profit over their lives, yet tyler joseph couldn’t bring himself to say that Black lives matter when those lives are literally dying in real life', ""Food for thought on antiracism in international education. Let's keep thinking https://***Ff @P***d @R***e @G***l @D***a @E***a @n***i @C***n @C***0 #BlackLivesMatter #intled #intlELOC https://***Ff"", 'Leaders have a responsibility to open doors and create opportunities for others and to support them to reach their full potential #blacklives #blacklove #blacklivesmatter #blackexcellence #black #blackwomen #blackhistory #blackculture #blackisbeautiful #blackowned #blackpower https://***r7', '-']",tweet_B,-,retweet
t0396,u2666,2020-05-28 19:15:55+00:00,BlackLivesMatter,j***w,#BLACKLIVESMATTER #BLACKLIVESMATTER #BLACKLIVESMATTER and there should be zero rebuttal for that statement,"['Here we are once again. #GeorgeFloyd #SayHisName #BlackLivesMatter https://***yg', '#BlackLivesMatter https://***hZ', '#BLACKLIVESMATTER #BLACKLIVESMATTER #BLACKLIVESMATTER and there should be zero rebuttal for that statement', '-']",-,content_C,post
t3082,u3195,2022-02-18 22:32:09+00:00,BlackLivesMatter,t***s,"Sat Aug 01 2020 Portland, Oregon - Police slash journalist's tires WATCH: https://***t1 #PortlandOregon #PPD #blacklivesmatter #blm #defundthepolice #abolishthepolice","[""Sat Aug 01 2020 Portland, Oregon - Police slash journalist's tires WATCH: https://***t1 #PortlandOregon #PPD #blacklivesmatter #blm #defundthepolice #abolishthepolice"", 'Amazon just dropped Black Lives Matter from its charity platform. Why hasn’t everyone? 🤔', '@m***n @L***1 #USPS #Election2020 #coronavirus #ACLU #MSNBC #CapitolRiot #CapitolHillRiots #CNN #PoliceLivesMatter #BlackLivesMatter #WhiteLivesMatter #AsianLivesMatter #NativeAmericanLivesMatter #LatinoLivesMatter #IndianAmericanLivesMatter #ElectoralCollege #FoxNews **#AMERICANLIVESMATTER**', '-']",-,content_A,post
t2675,u2497,2022-02-12 18:58:14+00:00,BlackLivesMatter,i***K,Russian hacker has been identified as “selling illegal access to a Portuguese telecoms company with revenue of between one and four billion dollars https://***DM #HolocaustMemorialDay #MLK #GrenfellTower #BlackLivesMatter #BidenHarris #oprahmeghanharry #ReparationsNow,"['#blackhistorymonth #blackhistory #blacklivesmatter #blackexcellence #blackgirlmagic #blackpower #melanin #black #blackwomen #blacklove #blackisbeautiful #blackculture #blackpride #love #blm #bhm #blackgirlsrock #blackpeople #blackhistoryfacts #blackandproud #blackmen https://***AK', 'Russian hacker has been identified as “selling illegal access to a Portuguese telecoms company with revenue of between one and four billion dollars https://***DM #HolocaustMemorialDay #MLK #GrenfellTower #BlackLivesMatter #BidenHarris #oprahmeghanharry #ReparationsNow', 'When #SNCC was the Black Lives Matter of the Civil Rights Movement #BlackHistoryMonth https://***TM', '-']",-,content_B,post
t3189,u3195,2022-02-20 10:32:11+00:00,BlackLivesMatter,t***s,"Thu Aug 06 2020 Portland, Oregon - Police shove members of the press WATCH: https://***p3 #PortlandOregon #PPD #blacklivesmatter #blm #defundthepolice #abolishthepolice","['Free Haircuts for the Homeless By the Homeless CHECK THIS OUT👇🏿 https://***8T My Community. My Responsibility #betheblessing206 #Solidarity #endracism #BlackLivesMatter #socialism #christian #twitter #covid #dignity #inspiration #news https://***5Y', 'Know your Black History ✊🏾 https://***O1 #BlackHistoryMonth #BlackLivesMatter #BlackTwitter #BlackTechTwitter #BlackOwnedBusiness https://***bx', 'Thu Aug 06 2020 Portland, Oregon - Police shove members of the press WATCH: https://***p3 #PortlandOregon #PPD #blacklivesmatter #blm #defundthepolice #abolishthepolice', '-']",-,content_C,post
t3738,u0974,2022-03-02 22:01:05+00:00,BlackLivesMatter,i***r,Indiana health care systems have been focused on inequities in health care since 2020 Black Live Matter protests and Dr. Susan Moore's death. https://***2r,"['Common response needed for African students in #Ukraine , writes Ylva Rodny-Gumede @g***j https://***5y #AfricaEd #UkraineEvacuation #Africansinukraine #Blacklivesmatter #StudentsinUkraine', 'On #GreenAndWoke, #KimberlyEvansRyans talks about the #Health benefits of #Pomegranate, &amp; shares a #recipe 4 #PomegranateSalsa! #Salsa #HealthySnacks #Homemade #Cooking #EZRecipes #EatRealFood #EatGoodFood #EatHealthy #BeHealthy #LiveHealthy #BlackLivesMatter #BlackHealthMatters https://***46', ""Indiana health care systems have been focused on inequities in health care since 2020 Black Live Matter protests and Dr. Susan Moore's death. https://***2r"", '-']",-,content_C,post
t2959,u1651,2022-02-17 07:23:59+00:00,BlackLivesMatter,w***l,"When teaching about racism, it says teachers should be clear it has no place in our society. But it adds that when teaching about “specific campaigning organisations"" such as those linked to Black Lives Matter ""they should be aware that this may cover partisan political views”.","['https://***ad RT-8 #blackandproud #imblackandimproud #BlackTwitter #racism #blackamericaweb #WhitePrivilege #BlackLivesMatter #DonLemon #WeAreBetterThanThis #leftwing', 'When teaching about racism, it says teachers should be clear it has no place in our society. But it adds that when teaching about “specific campaigning organisations"" such as those linked to Black Lives Matter ""they should be aware that this may cover partisan political views”.', ""Sex Offender Charged With Dumping Woman's Body On Street And Running Her Over To Stage Crash - The Police Tribune https://***kQ Follow @b***r #BlueLivesMatter #BackTheBlue #lawenforcement #PoliceTribune"", '-']",tweet_C,content_B,reply
t0469,u2611,2020-06-02 12:31:24+00:00,BlackLivesMatter,m***y,-,"['En México se subieron al tren del mame de ‘Black lives matter’ cuando hay gente que le habla horrible a sus muchachas y les vale tipoooo . No entiendo .', '#blacklivesmatter #GeorgeFloyd Ways you can be a part of the movement: https://***uS Its not too late to educate yourself. Its not too late to speak up. You can do this. https://***39', ""I'm LIVE with @D***A's @a***t and @H***S's Frances Frei to discuss corporate response to #BlackLivesMatter. Join us: https://***wp"", '-']",tweet_B,-,retweet
t3540,u0471,2022-02-26 15:17:07+00:00,BlackLivesMatter,Q***1,📣📢⚠️➡️715+ DAYS SINCE #BreonnaTaylorWasMurdered 0 CHARGED. @d***n DENIAL TO SEEK JUSTICE IS ‘DISGUSTING’ JUSTICE DELAYED IS JUSTICE DENIED #InvestigateDanielCameron #JusticeforBreonnaTaylor 👑🕊 #SayTheirNames 👑 #BreonnaTaylor 👑🕊#BlackLivesMatter https://***zz,"['📣📢⚠️➡️715+ DAYS SINCE #BreonnaTaylorWasMurdered 0 CHARGED. @d***n DENIAL TO SEEK JUSTICE IS ‘DISGUSTING’ JUSTICE DELAYED IS JUSTICE DENIED #InvestigateDanielCameron #JusticeforBreonnaTaylor 👑🕊 #SayTheirNames 👑 #BreonnaTaylor 👑🕊#BlackLivesMatter https://***zz', '#Adwa #Africa #Ethiopia #BlackLivesMatter #BlackHistoryMonth #AfricansAndAfricanAmericans #Africans #MinilikII https://***mA', '#mikesrandomthoughts #RedWave2022 #redwave2024 #JoeBidensAmerica #ChinaJoeBiden #bluelivesmatter #Senate #Congress #houseofrepresentatives #JoeBiden #KamalaHarris #Trump2024 #CandaceOwens #antifascist #BLM #blacklivesmatter #veterans #secondamendment #ATWA #atwar https://***2i', '-']",tweet_A,content_A,reply
t0575,u1107,2020-06-09 15:03:06+00:00,BlackLivesMatter,M***l,Education without action is silence. Pls see full statement and link to some resources - https://***E. #BlackLivesMatter This statement is an exemplar @M***h. Let’s continue with more actions! It takes all of us to stand up to help eradicate systemic racism. https://***JU,"['“We want you back” PM Boris Johnson invites European workers who left the UK as lockdown began to return now it is being eased and retail sector is reopening https://***Kp https://***Ye', 'Education without action is silence. Pls see full statement and link to some resources - https://***E. #BlackLivesMatter This statement is an exemplar @M***h. Let’s continue with more actions! It takes all of us to stand up to help eradicate systemic racism. https://***JU', 'Thank you @B***e! Proud to see my alma mater take action in the ongoing fight for equality. #BlackLivesMatter #GoUBears https://***3l', '-']",-,content_B,post
t2677,u2497,2022-02-13 00:12:12+00:00,BlackLivesMatter,i***K,Saw nightmare sized military plane fly low over Mother's house days ago so I complained we've not watched the news this reminds me of a terrible dream I had few weeks ago? #HolocaustMemorialDay #MLK #GrenfellTower #BlackLivesMatter #BidenHarris #oprahmeghanharry #ReparationsNow,"[""Saw nightmare sized military plane fly low over Mother's house days ago so I complained we've not watched the news this reminds me of a terrible dream I had few weeks ago? #HolocaustMemorialDay #MLK #GrenfellTower #BlackLivesMatter #BidenHarris #oprahmeghanharry #ReparationsNow"", ""@h***n @F***2 Most of #Cardano $ADA ruled out then, especially it's #dictators @I***a #IOHK and that lot of #wannabe #KnowItAlls &amp; #professional #Trolls they hire. #ALTFED https://***Zq #GENOCIDE2022 = @I***s #BlackLivesMatter #EthiopiaPrevails #Ethiopia ##FREEDOM https://***C0"", 'Despite all the pain and trauma @G***t you have inflicted upon #JuliusJones and his family we remain committed to helping and making sure this innocent man returns home to his loving family and friends. #JusticeForJuliusJones #BlackLivesMatter', '-']",-,content_A,post
t1725,u0847,2021-04-23 23:51:03+00:00,BlackLivesMatter,A***p,"DISGUSTING! George Floyd’s life mattered! Black lives matter!! This hate does NOT belong in our communities. Thankfully, the artist was able to quickly fix the mural and erase this despicable message. https://***m4","['The Chauvin verdict is very welcome and hopefully the beginning of justice and accountability. #blacklivesmatter', 'DISGUSTING! George Floyd’s life mattered! Black lives matter!! This hate does NOT belong in our communities. Thankfully, the artist was able to quickly fix the mural and erase this despicable message. https://***m4', 'I take pictures of the bus stop periodically to document changes &amp; Black Lives Matter flag in these pics was added after George Floyd’s murder &amp; subsequent protests around US. The flag vanished a few weeks later, at the same time @C***D BLM banners were defaced #FWH2021', '-']",-,content_B,post
t3890,u2151,2022-03-06 01:02:38+00:00,BlackLivesMatter,c***9,Funny how racist republican governors @R***L @G***X &amp; coward @G***r Kevin McCarthy pick &amp; choose which words to use from #MLK to defend their anti #CRT stance #BlackLivesMatter https://***iJ,"['I think a lot about the private emotions of black people - what we feel and yet is rarely publicly expressed.--Ta-Nehisi Coates #FridayThoughts #FridayMotivation #WritingCommunity #BlackLivesMatter #amwritingfiction #KindnessMatters #StrongerTogether #Resist https://***fh', 'Funny how racist republican governors @R***L @G***X &amp; coward @G***r Kevin McCarthy pick &amp; choose which words to use from #MLK to defend their anti #CRT stance #BlackLivesMatter https://***iJ', 'Alexander H Stephens, who died OTD in 1883, served as the Vice President of the pro-slavery Confederate States of America https://***Pb #travel #CivilWar #history #BlackLivesMatter', '-']",-,content_B,post
t2264,u1597,2022-01-27 17:05:01+00:00,BlackLivesMatter,C***N,"Don't miss Kali Akuno's take tomorrow 1pm PST on how Cooperation Jackson is preparing for another wave of right wing fascism w/ mutual aid, cooperatives, solidarity economy, producing locally https://***6U #BlackLivesMatter #solidarityeconomy #BuildandFight #Selfdefense","[""Don't miss Kali Akuno's take tomorrow 1pm PST on how Cooperation Jackson is preparing for another wave of right wing fascism w/ mutual aid, cooperatives, solidarity economy, producing locally https://***6U #BlackLivesMatter #solidarityeconomy #BuildandFight #Selfdefense"", '#CentralSq #BlackLivesMatter https://***ip', 'Join us at 7pm tonight @m***e for a conversation with Sybrina Fulton, the mother of Trayvon Martin for our #MLK commemoration. #TrayvonMartin #BlackLivesMatter You can register at https://***oS https://***3j', '-']",-,content_A,post
t3398,u1847,2022-02-23 17:05:39+00:00,BlackLivesMatter,b***r,Family Friend Pardoned By Trump At 11th Hour Pleads Guilty In State Court - The Police Tribune https://***DB Follow @b***r #BlueLivesMatter #BackTheBlue #lawenforcement #PoliceTribune,"[""Why do I have a feeling that the people that have defended this arrangement for years would have a stroke if Biden's nominee was married to a key Black Lives Matter organizer. https://***pT"", 'Family Friend Pardoned By Trump At 11th Hour Pleads Guilty In State Court - The Police Tribune https://***DB Follow @b***r #BlueLivesMatter #BackTheBlue #lawenforcement #PoliceTribune', 'A lot of people aren\'t consistent in their ideology at all. It\'s all ""Black Lives Matter because the state shouldn\'t kill people."", but ""Go America, go!"" on foreign policy.', '-']",-,content_B,post
t0625,u2140,2020-06-20 15:05:25+00:00,BlackLivesMatter,B***k,"Send an email to your mayor asking them to implement policies to reduce killings by police. Where I live, we have 3 of 8. Let's do better! https://***t4 #blacklivesmatter #peace #justice #lifelonglearning #getwoke #dothework #getuncomfortable #blackhistory #blm #love https://***05","['Happy Juneteenth! Raising awareness this past month on Black lives matter was important. But what’s next is even more important: that we keep supporting it even years from now when it’s not a trending twitter topic. Racial justice will take years; lets be in it for the long haul.', '#HappyTimeArchive Happy Time #16 - Black Lives Matter #BlackLivesMatter', ""Send an email to your mayor asking them to implement policies to reduce killings by police. Where I live, we have 3 of 8. Let's do better! https://***t4 #blacklivesmatter #peace #justice #lifelonglearning #getwoke #dothework #getuncomfortable #blackhistory #blm #love https://***05"", '-']",-,content_C,post
t3675,u2117,2022-03-01 23:55:42+00:00,BlackLivesMatter,m***c,@t***l @P***S @V***P @S***i @T***s Repair the damages this country has inflicted upon Black people for centuries! We demand Reparations! No justice no peace! #BlackLivesMatter,"['📷 BLACK HISTORY MONTH - 27 of 28 - Leader and Philanthropist NELSON MANDELA (1918-2013) #blackhistory #blackhistorymonth #nelsonmandela #blacklivesmatter #drawing #sketch #portraitart #blackandwhiteart #penandink #artlife... https://***aY', '@t***l @P***S @V***P @S***i @T***s Repair the damages this country has inflicted upon Black people for centuries! We demand Reparations! No justice no peace! #BlackLivesMatter', ""@c***s @D***n @R***O @N***a @N***R @B***i @K***t @D***e @g***m @L***n @M***l @n***m @p***i @k***e 3. Because this is not the 1st time Nurse Doris used her white privilege, position, ableism (wrongly appropriating Disability) to gaslight &amp; erase anti-Black racism, misogynoir, Nurse Birgit @b***o, Black Women, &amp; WOC. She's repeating her harm. https://***lg"", '-']",tweet_B,content_B,reply
t3418,u1401,2022-02-23 23:56:00+00:00,BlackLivesMatter,J***a,"“While Amazon has used the Black Lives Matter logo on its anti-union literature, unions do more than any other organization to reduce racial and gender inequities on the job."" Workers should be free to unionize and build truly inclusive workplaces. https://***Iz","['#Amazon suspends #BlackLivesMatter from its charity platform - https://***nW #Business', '“While Amazon has used the Black Lives Matter logo on its anti-union literature, unions do more than any other organization to reduce racial and gender inequities on the job."" Workers should be free to unionize and build truly inclusive workplaces. https://***Iz', ""Killers of Ahmaud Arbery found guilty of federal hate-crimes charges. #Blacklivesmatter don't be a racist. https://***9d"", '-']",-,content_B,post
t2383,u3002,2022-02-04 15:01:50+00:00,BlackLivesMatter,t***e,-,"['Hear their voices, hear their stories. Presenting African-American authors and their works highlighting the Black Lives Matter Movement, the criminalization of black youth, and more only on #miamibookfaironline https://***o0 #blackvoices #miamibookfair https://***yq', 'Who’s excited for the #BlackLivesMatterAtSchool “Young, Gifted, &amp; Black Student Talent Showcase”? Always my favorite part of the @B***l Week of Action! Join us, Thursday, Feb. 3, 2022, for singing, dancing, rapping, poetry, a talk show, and more! https://***jl', '#BlackHistoryMonth #BlackFeminists #BlackLivesMatter', '-']",tweet_B,-,retweet
t2603,u1773,2022-02-10 18:27:44+00:00,BlackLivesMatter,K***n,-,"[""The treatment Zouma is being subjected to defies logic. Considering that some players have been accused of almost the same crimes yet received minor punishment. I don't condone what he did, I simply wish that fairness reigns in such cases #BlackLivesMatter"", 'Want #DeJoy fired or removed? Then do something about it. Contact one or all of these people and express your anger. Change the #statusquo. #WednesdayThoughts #WednesdayMotivation #WritingCommunity #BlackLivesMatter #amwritingfiction #KindnessMatters #StrongerTogether #Resist https://***Mz', 'Confusion, speech and language problems. This is called confusional migraine and may also occur after a minor head injury. #healthcare #Science #twitme #flutter #medhat #100daysofCode #WomenWhoCode #LifeSciences #BlackLivesMatter #BlackHistoryMonth #BlackOwned #blackinmedicine https://***qD', '-']",tweet_C,-,retweet
t2222,u0476,2022-01-23 23:42:31+00:00,BlackLivesMatter,N***k,Leaked messages from the Neo-Nazi group Patriot Front included a focus on the destruction of a #BlackLivesMatter mural in Lafayette https://***yA #DDoSecrets @U***a,"['Also crazy that Ana Guerrero - who talked all this shit about #BlackLivesMatter and Dolores Huerta - was brought back to work by @M***A in November. No accountability. @c***e https://***e2', 'Leaked messages from the Neo-Nazi group Patriot Front included a focus on the destruction of a #BlackLivesMatter mural in Lafayette https://***yA #DDoSecrets @U***a', '@b***e’s founder and ceo, @W***d, released a statement yesterday via @i***m regarding #LaurenSmithFields and the ongoing investigation. #SayHerName #JusticeForLauren #JusticeForLaurenSmithFields #WhatHappenedToLaurenSmithFields #BlackLivesMatter #ProtectBlackWomen https://***e1', '-']",tweet_B,content_B,reply
t2342,u0913,2022-02-02 15:59:36+00:00,BlackLivesMatter,M***r,-,"['@c***v @N***s @H***5 Tonight 9pm EST #HipHopEd What will our schools look like when #BlackLivesMatter at them? Check us on @T***s w/ @c***n at 8:15 pm EST https://***j9', ""It's about time someone went after the con artists known as Black Lives Matter for their shady antics. https://***Dd"", 'Winner of the Andrés Montoya Poetry Prize, Darrel Alejandro Holnes’s STEPMOTHERLAND confronts the most pressing political issues of our time and represents the experiences of individuals of color. #blackhistorymonth #blacklivesmatter #poetry #afrolatino https://***m9', '-']",tweet_B,-,retweet
t0637,u0011,2020-06-25 07:50:33+00:00,BlackLivesMatter,S***1,"The Bank and the Church of England apologized for the role that some of their senior figures played in the slave trade. The Church called its links a source of shame but its #NotEnoughApology, Should we ask it from UK’s high authorities to apologize? #BlackLivesMatterUK #BLM https://***RI","['In light of #BlackLivesMatter and #COVID19, aren\'t work requirements attached to government assistance programs facilitating inequality? @W***l says ""We are too stable"". Is this a balancing feedback loop epitomizing Newton\'s 3rd Law of Motion? https://***md', 'A Muslim woman says her headscarf was forcibly removed from her head for a booking photo after being arrested at a Black Lives Matter protest https://***Jk', 'The Bank and the Church of England apologized for the role that some of their senior figures played in the slave trade. The Church called its links a source of shame but its #NotEnoughApology, Should we ask it from UK’s high authorities to apologize? #BlackLivesMatterUK #BLM https://***RI', '-']",-,content_C,post
t1279,u3013,2020-10-17 14:52:07+00:00,BlackLivesMatter,E***o,"Read, share, discuss with your labs, discuss with the faculty in your department!! Advice from @F***s - a rising star in the neuroscience field! @B***o @B***m @U***i @u***m @U***D #BlackLivesMatter #phdlife https://***mW https://***Ws","['""...healing and growth take place on a continuum, with innumerable points between utter brokenness and total health.”~Resmaa Menakem #theabolitionistchallenge #BlackLivesMatter #BlacklivesStillMatter #antiracism #healing', '""Don’t ever stop. Keep going. If you want a taste of freedom, keep going.""~ Harriet Tubman #theabolitionistchallenge #antiracism #BlackLivesMatter #harriettubman', 'Read, share, discuss with your labs, discuss with the faculty in your department!! Advice from @F***s - a rising star in the neuroscience field! @B***o @B***m @U***i @u***m @U***D #BlackLivesMatter #phdlife https://***mW https://***Ws', '-']",-,content_C,post
t3938,u0434,2022-03-08 22:12:10+00:00,BlackLivesMatter,_***y,Do black lives matter to you?,"['📣 Black Lives Matter 📣 Placards used in #BlackLivesMatter demonstrations across Wales are now on display in the ‘Wales Is’ gallery at @S***m The placards were donated to the collection following demonstrations in the summer of 2020. https://***y2 https://***pf', 'Barr: the ""big lie"" is ""Black Lives Matter."" No followup about the actual big lie (election fraud).', 'Do black lives matter to you?', '-']",-,content_C,post
t3550,u2953,2022-02-26 19:14:31+00:00,BlackLivesMatter,d***p,-,"['Support #indieauthor #bookstore #indiebooks #BookBangs #readerscommunity #booklove #BookBoost #Books #twt #WritingCommunity #BlackLivesMatter #WednesdayMotivation #Wednesdaythought @M***r @L***1 @B***m @M***s... https://***1Z', '“Diversity is not about how we differ. Diversity is about embracing one another’s uniqueness.” —Ola Joseph Visit https://***nL to learn more. . . . . . #PolitiCALM #keepcalm #politics #publicservants #blackhistorymonth #blackexcellence #blacklivesmatter #blackpride https://***ro', '#Streaming #Tonight #KetanjiBrownJackson becomes 1st black woman to be nominated on #ussupremecourt as #Viral preview starts now. #presidentbiden #SCOTUS #SCOTUSnominee #blackgirlmagic #blackhistorymonth #blackhistory365 #Ketanji #KetanjiBrown #BlackLivesMatter https://***i3', '-']",tweet_A,-,retweet
t1869,u2506,2021-10-06 00:44:52+00:00,BlackLivesMatter,a***i,-,"['Prof. @O***l will be a featured lecturer at the @u***o Humanities Center Black Lives Matter seminar course on October 19th. You can find more details about this amazing course below https://***ia', ""Black Lives Matters protests are protected by federal labor law, the NLRB's top lawyer said. The agency is prosecuting a case against Home Depot for not allowing workers to display the BLM logo on their work aprons. https://***KK"", 'A must read from @c***n- especially if you’re in tech! 💻📖 #BlackSoftware explores how the development of technology has intersected with the struggle for racial justice from the 1960s all the way to the present day &amp; #BlackLivesMatter https://***yy', '-']",tweet_A,-,retweet
t3076,u1192,2022-02-18 20:00:30+00:00,BlackLivesMatter,K***s,"#NationalDrinkWineDay falls during #BlackHistoryMonth. And so we look back at the story of Amber Lucas (@A***g), a Black wine influencer who wrestled with the conspicuous silence from wineries about the #BlackLivesMatter movement. https://***Yg","['Fri Aug 28 2020 Portland, Oregon - Police arrest protester on sidewalk WATCH: https://***HY #PortlandOregon #PPD #blacklivesmatter #blm #defundthepolice #abolishthepolice', 'This. #BlackLivesMatter #waytooearly #MorningJoe #MSNBC', '#NationalDrinkWineDay falls during #BlackHistoryMonth. And so we look back at the story of Amber Lucas (@A***g), a Black wine influencer who wrestled with the conspicuous silence from wineries about the #BlackLivesMatter movement. https://***Yg', '-']",-,content_C,post
t0591,u2793,2020-06-11 13:16:08+00:00,BlackLivesMatter,C***t,Check out Kawanna Stephenson's video! #TikTok#blacklivesmatter https://***XJ,"['We are under the same sun! All that needs to be said. #skin #Melanoma #AllLivesMatter #prevention #BLM @A***n https://***on', '@w***I, We want to see real action, not a PR statement. What are you doing to protect your Black constituents from police brutality? (via https://***A) #BlackLivesMatter', ""Check out Kawanna Stephenson's video! #TikTok#blacklivesmatter https://***XJ"", '-']",-,content_C,post
t2937,u3195,2022-02-17 00:32:10+00:00,BlackLivesMatter,t***s,"Tue Jun 23 2020 Philadelphia, Pennsylvania - Counter-Terrorism Unit detains reporter WATCH: https://***T3 #PhiladelphiaPennsylvania #PPD #blacklivesmatter #blm #defundthepolice #abolishthepolice","['a win #TRAYVONMARTIN #BlackLivesMatter advice for zimmerman? go get a job &amp; stop grifting https://***jv', 'https://***49 RT-8 #blackandproud #imblackandimproud #BlackTwitter #racism #blackamericaweb #WhitePrivilege #BlackLivesMatter #DonLemon #WeAreBetterThanThis #leftwing', 'Tue Jun 23 2020 Philadelphia, Pennsylvania - Counter-Terrorism Unit detains reporter WATCH: https://***T3 #PhiladelphiaPennsylvania #PPD #blacklivesmatter #blm #defundthepolice #abolishthepolice', '-']",-,content_C,post
t2544,u2932,2022-02-09 23:10:22+00:00,BlackLivesMatter,s***n,-,"[""Announcement! More events are on sale now for #WOWLDN @s***e! Book now for #BlackLivesMatter co-founder Patrisse Cullors, authors @l***o &amp; @P***s, How to Fail broadcaster @e***y, @r***t's Maryland &amp; @f***s's Little Wimmin https://***0A https://***O6"", '#AGrooveAlmostEverydayWillPlayTillThePandemicGoAway #wednesdaythought #BlackHistoryMonth #1619Project #briannataylor #ElijahMcClain #NoJusticeNoPeace #COVID19 #CDC #blacklivesmatter #CoronavirusPandemic 🎼🎸🎤🇺🇸 Johnny Gill - What Is This https://***Bf via @Y***e', 'We have to do better! 💛♀️🖤 #endo #endendo #endometriosis #endoawareness #BlackWomen #BlackLivesMatter #BlackHistoryMonth #healthcare #chronicillness #WomensRights #womenshealth https://***Wt', '-']",tweet_C,-,retweet
t0457,u3068,2020-06-01 23:03:09+00:00,BlackLivesMatter,E***r,Just a reminder that I’m providing pro bono representation to Black Lives Matter UK protestors. ❤️,"['Just a reminder that I’m providing pro bono representation to Black Lives Matter UK protestors. ❤️', 'Powerful address by @R***e with a clear framework for those of us who are ready to say ""no more"" - Knowledge Empathy. Action. No more racism, no more brutality, no more absurdity. #BlackLivesMatter https://***fZ', '#BlackLivesMatter today, yesterday, tomorrow, forever.', '-']",-,content_A,post
t3881,u1118,2022-03-05 17:32:13+00:00,BlackLivesMatter,f***7,on the other hand why should the gender clinis have a black lives matter logo https://***7R,"[""@U***N @a***s I haven't seen @a***s this hyped when under @M***i #children were slaughtered in #Nigeria by islamised army only because they were #Christians #Jews Does this mean that killing #Africans while promoting #blacklivesmatter but DOING NOTHING is just perfectly fine @U***N"", 'Stop the War? No. start the war! Black Lives Matter? No, racist. All Lives Matter! (Not Russian, mind, let’s nuke ‘em). Proof positive, obvs. https://***w3', 'on the other hand why should the gender clinis have a black lives matter logo https://***7R', '-']",-,content_C,post
t1778,u1739,2021-07-05 04:53:08+00:00,BlackLivesMatter,H***T,"Is it so? Does the Republican Party agree? Do those black who call for Black Lives Matter, and those poor Americans agree? Do families of the missing in Miami building collapse agree? https://***Jo","['Is it so? Does the Republican Party agree? Do those black who call for Black Lives Matter, and those poor Americans agree? Do families of the missing in Miami building collapse agree? https://***Jo', ""White supremacy: when 'normal' is white and you don't think twice. Do better @O***s committee #tokyo2021 #BlackLivesMatter https://***7i"", 'Thinking is the hardest work there is, which is probably the reason so few engage in it #blacklives #blacklove #beauty #blacklivesmatter #motivation #blackexcellence #happy #lifestyle #black #blackpower #supportblackbusiness #positivevibes #happiness #blackmen #blackbeauty https://***bQ', '-']",-,content_A,post
t2213,u3162,2022-01-22 18:19:28+00:00,BlackLivesMatter,I***s,This is a fabulous (starter) list of books/readings on Black liberation to help cultivate a deeper understanding of why Black Lives Matter. Bookmark it &amp; select readings at your leisure! https://***rN,"['🏃🏾♂️🏊🏾🏋🏾🧘🏾♂️🎾The Color of LOVE💪🏾#coachreemy #ntc #nrc #tennis #stayfit #staystrong #running #music #swimming #yoga #manchinandsinemaaretraitors #blacklivesmatter #votingrights #blackvotersmatter #JustDoIt #getvaccinated #StarvingForVotingRights #fuckjoemanchin #buildbackbetter https://***3k', 'This is a fabulous (starter) list of books/readings on Black liberation to help cultivate a deeper understanding of why Black Lives Matter. Bookmark it &amp; select readings at your leisure! https://***rN', '#antiracismyoga #blacklivesmatter #ICantBreathe https://***qT', '-']",-,content_B,post
t0560,u2066,2020-06-07 05:22:51+00:00,BlackLivesMatter,j***o,"When you pray, move your feet. — African proverb Prayer is more than just words. Prayer is action. Real action. Action that moves others. Action for God. Action for the world. Your choice can save the world. Your choice can save lives. #BlackLivesMatter","['Proud to stand in solidarity with the Black community. Tu lucha es mi lucha // Your fight is my fight. ✊🏿✊🏾✊🏽✊🏼 #DCprotests #BlackLivesMatter https://***AW', 'When you pray, move your feet. — African proverb Prayer is more than just words. Prayer is action. Real action. Action that moves others. Action for God. Action for the world. Your choice can save the world. Your choice can save lives. #BlackLivesMatter', 'The further I get from fellowship, the more I realize the privilege I had of training in the majority URM section of Adolescent Medicine at Hopkins under Hoover Adger &amp; @M***5 Representation in Medicine Matters. #BlackLivesMatter #RepresentationMatters @H***s', '-']",-,content_B,post
t0526,u0866,2020-06-04 20:22:06+00:00,BlackLivesMatter,L***n,Donate to Black Lives Matter! https://***vj,"['Donate to Black Lives Matter! https://***vj', 'WHAT THE FUCK IS THIS BULLSHIT, EVERYONE IS DOING THE MARXISM DEMOCRAT BULLSHIT MOVEMENT OF BLACK LIVES MATTER AND AMERICA IS BOWING DOWN TO THE DEEP STATE! #TRUMP2020 FIX THIS COMMUNIST PUSHED FUCKERY!! https://***1P', 'Beyond gestures like arranging coverage to get ppl home before curfew, academic medical centers and professional orgs need to come out strongly and publicly against these curfews, which further endanger Black healthcare workers and patients alike. #MedTwitter #BlackLivesMatter', '-']",-,content_A,post
t0734,u3093,2020-08-27 00:48:11+00:00,BlackLivesMatter,M***8,Beyond confused at people’s confusion about what these protests are about. Open your eyes to the madness around you. #BlackLivesMatter,"['The #BoardofEd cut JayyJayy from the speakers list “If you say #BlackLivesMatter then you will vote #CopsOutCPS “ https://***e6', 'The painful truth is that while the names of the victims change, the color of their skin does not. The anger and outrage felt by so many is a warranted response to a flawed system that devalues the lives of Black men and women. #BlackLivesMatter', 'Beyond confused at people’s confusion about what these protests are about. Open your eyes to the madness around you. #BlackLivesMatter', '-']",-,content_C,post
t2927,u3195,2022-02-16 22:32:10+00:00,BlackLivesMatter,t***s,"Sat Oct 03 2020 Seattle, Washington - Police shove, shoot at, and arrest protesters WATCH: https://***Xg #SeattleWashington #SPD #blacklivesmatter #blm #defundthepolice #abolishthepolice","['Intellectuals need to engage in the exploitation and oppression of the masses in order to emancipate and liberate the masses #CriticalTheory #CRT #BlackHistoryMonth #BlackLivesMatter https://***tV', 'Sat Oct 03 2020 Seattle, Washington - Police shove, shoot at, and arrest protesters WATCH: https://***Xg #SeattleWashington #SPD #blacklivesmatter #blm #defundthepolice #abolishthepolice', ""Dear #Blackhistorymonth2022, On behalf of most #Canadian citizens, I want to apologize for the small group of white folks laying siege to #Ottawa, putting their #WhitePrivilege &amp; #hate on full display, who've callously taken the focus off so many important issues. We're sorry...."", '-']",-,content_B,post
t3741,u1011,2022-03-02 23:20:40+00:00,BlackLivesMatter,S***n,"#Deutsche #Polizei stoppte Zug von #Flüchtlingen aus der #Ukraine 🇺🇦 an Grenze zu #Polen, zog Schwarze heraus, angeblich wegen fehlender Papiere. Video von ca. 23:00, Mi. 2. März. Danke für RTs #UkraineRefugees #StandWithUkraine #BlackLivesMatter https://***BD https://***6t","['As we reach the end of #BlackHistoryMonth, our team is reflecting on diversity in research. Dr. Chung was recently asked, ""Why is it important to have people of color participate in SPARK &amp; why is it important to encourage diversity?"" Her answer: https://***6C', ""Dr. Charles Lightfoot Roman (1889 – 1961) was one of the first Black Canadians to graduate from McGill University's Faculty of Medicine #Science #twitme #flutter #medhat #100daysofCode #WomenWhoCode #LifeSciences #STEM #BlackLivesMatter #BlackHistoryMonth #blackinmedicine https://***vE"", '#Deutsche #Polizei stoppte Zug von #Flüchtlingen aus der #Ukraine 🇺🇦 an Grenze zu #Polen, zog Schwarze heraus, angeblich wegen fehlender Papiere. Video von ca. 23:00, Mi. 2. März. Danke für RTs #UkraineRefugees #StandWithUkraine #BlackLivesMatter https://***BD https://***6t', '-']",-,content_C,post
t0594,u3052,2020-06-11 18:46:51+00:00,BlackLivesMatter,d***r,"It was an honor to moderate this panel on ""SciComm in the Era of COVID-19,"" and to learn from our panelists about the role of #scicomm in dealing with the systemic problems and polarization highlighted by #COVID19 &amp; the #BlackLivesMatter protests. WATCH: https://***wP https://***Uf","['At home in solidarity ✊🏾#blacklivesmatter #blm #solidarity #solidarityforever #darkaesthetic #darkskin #darkskinbeauty #darkskinisnotacrime @ Chicago, Illinois https://***Wm', 'It was an honor to moderate this panel on ""SciComm in the Era of COVID-19,"" and to learn from our panelists about the role of #scicomm in dealing with the systemic problems and polarization highlighted by #COVID19 &amp; the #BlackLivesMatter protests. WATCH: https://***wP https://***Uf', 'Today I took time to reflect with @t***3 and other colleagues @t***t what we can do better individually and together to address systemic inequality in our field. Many more days of action required for real change. #ShutDownSTEM #Strike4BlackLives #BlackLivesMatter https://***TL', '-']",-,content_B,post
t3136,u2902,2022-02-19 18:57:06+00:00,BlackLivesMatter,W***n,-,"['Each day of Black History month we want to highlight black innovators. Today we highlight Robert Guillaume an American actor @U***A @R***E @N***E #utsa #nsbe #classof2025 #blacklivesmatter #BHM #blackhistory #blackhistorymonth https://***n5', 'New #HRPhilosopher features the amazing @B***y! Read. Share. Admire her. 😀🔥❤️ #HRCommunity #HRBlog #BlackInHR #BlackLivesMatter #BlackLivesKickingAss https://***U5', '#BlackTwitterGermany #BlackTwitter #BlackHistoryMonthGermany #BlackHistoryMonth #BlackHistoryGermany #BlackHistoryCologne #BlackLivesMatter https://***hk', '-']",tweet_B,-,retweet
t0448,u2294,2020-06-01 18:42:01+00:00,BlackLivesMatter,_***t,-,"['I spent most of my formative years as the only black kid in a small town where the white folk felt protected enough to have ""nigger"" as part of their vernacular. Everything Goggins talks about here is everyday life for Black people in small towns across the US. #BlackLivesMatter https://***cL', ""I don't want peace. I want equal rights and justice. #justice #BlackLiveMatter"", 'NEW: Our @B***i writes in the @G***e: ""The frustration and outrage manifested in this week’s protests are not merely in solidarity w/ communities in Minneapolis demanding justice for George Floyd... /1 #BlackLivesMatter #JusticeforGeorgeFloyd https://***yK', '-']",tweet_C,-,retweet
t3555,u0607,2022-02-26 21:39:00+00:00,BlackLivesMatter,W***e,via @N***n. It’s been 10 years since Trayvon Martin was murdered. Trayvon is the Emmett Till of the 21st century. The pain of his death is still fresh. When will it end? Stop the Hate! #BlackLivesMatter #SabrinaFulton ⁦@c***g⁩ https://***9h,"['via @N***n. It’s been 10 years since Trayvon Martin was murdered. Trayvon is the Emmett Till of the 21st century. The pain of his death is still fresh. When will it end? Stop the Hate! #BlackLivesMatter #SabrinaFulton \u2066@c***g\u2069 https://***9h', '#Maddow #Bitcoin #CNN #ElizabethWarren #Manchin #Covid_19 #Pelosi #TheSquad #NYC #AOC #FoxNews #MSNBC #BernieSanders #BlackLivesMatter #Democrats #Biden The world should cancel #Russia, doing business with all #Russians #SaveUkraine #Ukraine', '🤮 how disgraceful when he doesn’t even recognize #BlackLivesMatter! So how in hell can he insult us pretending to celebrate #BlackHistoryMonth. @R***L @S***t cc @D***C #VoteBlue @C***J https://***UL', '-']",-,content_A,post
t1865,u0537,2021-10-03 22:19:52+00:00,BlackLivesMatter,R***l,-,"['As we kick off the UK #blackhistorymonth 2021 we are pleased to announce the 3rd edition in the series of #USUKRaceSummit. Join us. Register Now. Link in bio #LetsTalkRace #BlackLivesMatter #TogetherWeCan #ProudToBe @Z***l @S***5 @G***e @I***s @b***k https://***89', 'Skip to the Gartner report 👇 https://***x3 Or stay for the preview 👇 📣 We are proud to share that Gartner has mentioned us in its 2021 5G report, ""Competitive Landscape: 5G RAN Vendors (Kosei Takiishi, Pulkit Pandey, 16 June 2021)"". #5G #OpenRAN #Fibre #Broadband https://***jX', 'Smart trend spotlighted by @a***c: many students, feeling newly empowered after the #MeToo movement and the Black Lives Matter protests, say they want an overhaul of campus life. https://***48', '-']",tweet_B,-,retweet
t2483,u0767,2022-02-08 15:01:10+00:00,BlackLivesMatter,T***y,Co-creator of the #BlackLivesMatter network and principal of @b***b @a***a joined us for an edition of BLACK.QUEER.RISING. #BlackHistoryMonth #BlackQueerRising https://***Ln,"['#SandraBland would have been 35 today. #SayHerName #BlackLivesMatter https://***BA', 'Co-creator of the #BlackLivesMatter network and principal of @b***b @a***a joined us for an edition of BLACK.QUEER.RISING. #BlackHistoryMonth #BlackQueerRising https://***Ln', ""Each day of Black History month we want to highlight black innovators. Today we highlight Angela Bassett an American actress. @U***A @R***E @N***E #utsa #nsbe #classof2025 #blacklivesmatter #BHMy #blackhistory #blackhistorymonth' #classof2024 #classof2023 #birdsup https://***Tl"", '-']",-,content_B,post
t3416,u3252,2022-02-23 23:21:52+00:00,BlackLivesMatter,_***e,"2 years later, the message still rings true. Abrery's killers were held accountable, but that does not bring him or other victims of police brutality back. We're still fighting for justice and will continue to Say Their Names. Rest In Power, Ahmaud Arbery.✊🏾 🕊️#BlackLivesMatter https://***Ao","['Are you a LGBTQ+ person over 50 from a Black, Asian or minority ethnic community? Join our next BAME LGBTQ+ group over Zoom, 4-5pm on Friday 25th February ✨ Email community@o***n.org.uk for the link! #LGBTQ50 #over50andfabulous #blacklivesmatter https://***Zb', ""2 years later, the message still rings true. Abrery's killers were held accountable, but that does not bring him or other victims of police brutality back. We're still fighting for justice and will continue to Say Their Names. Rest In Power, Ahmaud Arbery.✊🏾 🕊️#BlackLivesMatter https://***Ao"", 'When Bubba Wallace wore a Black Lives Matter shirt on the NASCAR track, the impact was felt far &amp; wide. But the significance of that watershed moment also gave a Black NASCAR employee the confidence to stand in solidarity publicly. RACE: @B***e is now on Netflix https://***EO', '-']",-,content_B,post
t0530,u2493,2020-06-05 04:09:50+00:00,BlackLivesMatter,a***g,"Please watch a very special episode of Girls Rising Virtual Connect as we listen to Tonya Boyd-Cannon, Lauren D. Williams and Taylah Hudson talk about being black women in America today. #BLM #BlackLivesMatter #amplifyingmelanatedvoices #GirlsRising https://***No","['Racism is real, silence is compliance. #BlackLivesMatter', 'Please watch a very special episode of Girls Rising Virtual Connect as we listen to Tonya Boyd-Cannon, Lauren D. Williams and Taylah Hudson talk about being black women in America today. #BLM #BlackLivesMatter #amplifyingmelanatedvoices #GirlsRising https://***No', 'If the people don’t have a voice, why do we call our system a democracy? Do representatives represent the people or mostly their own interests? Why technological advances haven’t contributed to make our system more representative? A thread related to #BlackLivesMatter', '-']",-,content_B,post
t0587,u1911,2020-06-10 22:42:09+00:00,BlackLivesMatter,m***y,Today I took time to reflect with @t***3 and other colleagues @t***t what we can do better individually and together to address systemic inequality in our field. Many more days of action required for real change. #ShutDownSTEM #Strike4BlackLives #BlackLivesMatter https://***TL,"['At home in solidarity ✊🏾#blacklivesmatter #blm #solidarity #solidarityforever #darkaesthetic #darkskin #darkskinbeauty #darkskinisnotacrime @ Chicago, Illinois https://***Wm', 'Today I took time to reflect with @t***3 and other colleagues @t***t what we can do better individually and together to address systemic inequality in our field. Many more days of action required for real change. #ShutDownSTEM #Strike4BlackLives #BlackLivesMatter https://***TL', '📣New Video: Academics for Black Survival and Wellness. Plan on setting aside the week of June 19th-June 25th to join #Academics4BlackLives in learning space. Join today. @D***y @p***p #BlackLivesMatter https://***4b', '-']",-,content_B,post
t1233,u3078,2020-10-12 11:27:43+00:00,BlackLivesMatter,u***y,-,"['#BlackLivesMatter rises with the Nigerian people and protestors! #EndSars https://***Un', 'BREAKING: So-called “right-wing” Michigan militia members turn out to be Black Lives Matter supporters and Trump HATERS https://***Zt via @D***e', 'This NEW Biden-Harris ad featuring 14 Black mayors from across the country is straight fire!! 🔥🔥🔥 #BlackLivesMatter #BidenHarris2020 https://***Vo', '-']",tweet_A,-,retweet
t0733,u0600,2020-08-26 21:02:06+00:00,BlackLivesMatter,A***U,"In 2018, Milwaukee Bucks player Sterling Brown was tased and manhandled by police officers for 'improperly parking his car.' So when the Bucks refuse to walk out onto the court in a protest against police brutality in their state — we are all listening. Black lives MATTER. https://***qP","['Just so we are all clear #JusticeForJacob #BlackLivesMatter https://***pk', ""In 2018, Milwaukee Bucks player Sterling Brown was tased and manhandled by police officers for 'improperly parking his car.' So when the Bucks refuse to walk out onto the court in a protest against police brutality in their state — we are all listening. Black lives MATTER. https://***qP"", ""I'm praying for Jacob Blake today. I'm standing with everyone who believes justice must be served in this horrific case and too many others like it. Black lives matter. Black lives matter. Black lives matter."", '-']",-,content_B,post
t2815,u0754,2022-02-15 12:42:15+00:00,BlackLivesMatter,P***1,-,"['Sun May 31 2020 Raleigh, North Carolina - Police fire tear gas at peacful protesters WATCH: https://***mT #RaleighNorth Carolina #RPD #blacklivesmatter #blm #defundthepolice #abolishthepolice', 'https://***PI RT-8 #blackandproud #imblackandimproud #BlackTwitter #racism #blackamericaweb #WhitePrivilege #BlackLivesMatter #DonLemon #WeAreBetterThanThis #leftwing', 'And he did it anyway! Way to be an ally. #BlackLivesMatter https://***qk', '-']",tweet_A,-,retweet
t0738,u0514,2020-08-28 17:42:46+00:00,BlackLivesMatter,W***s,"Hi All, Dan here. This was the special surprise I had for you. #WallOfVets is in DC. Marching for black and brown lives. We love you, we hear you, and we support you. #BlackLivesMatter https://***Bp","['.@B***s power. Black power. Nothing but respect for Milwaukee’s players and coaches. #BlackLivesMatter', 'We will continue to LISTEN. We will continue to LEARN. We will continue to ACT. #BlackLivesMatter https://***vk', 'Hi All, Dan here. This was the special surprise I had for you. #WallOfVets is in DC. Marching for black and brown lives. We love you, we hear you, and we support you. #BlackLivesMatter https://***Bp', '-']",-,content_C,post
t2316,u0958,2022-02-01 14:59:33+00:00,BlackLivesMatter,C***1,"This year’s Black Lives Matter at School Week comes at a crucial time in the struggle for racial justice in education, and a critical time to defend critical race theory, ethnic studies, antiracist pedagogy and the BLM at School movement. https://***Rw","['What is empathy in the era of #BlackLivesMatter? https://***xK', 'This year’s Black Lives Matter at School Week comes at a crucial time in the struggle for racial justice in education, and a critical time to defend critical race theory, ethnic studies, antiracist pedagogy and the BLM at School movement. https://***Rw', '@F***s It is suddenly striking me as awful.', '-']",-,content_B,post
t0513,u3202,2020-06-04 08:45:03+00:00,BlackLivesMatter,m***t,"I had a professor who always talked about ""the necessity of existence."" Basically, some things should be created just so that thing will exist in the world. So here's a thread to RT anytime some1 responds to #BlackLivesMatter with ""but black on black crime"" like this yahoo. https://***sW","['This is a YouTube video where all the ad revenue is being donated to support Black Lives Matter &amp; Black Lives Matter associated protester bail funds. All of the art in the video was made by black creators. Don’t skip the ads!! https://***dN', 'I had a professor who always talked about ""the necessity of existence."" Basically, some things should be created just so that thing will exist in the world. So here\'s a thread to RT anytime some1 responds to #BlackLivesMatter with ""but black on black crime"" like this yahoo. https://***sW', '🙏❤️ #fightforchange #blacklivesmatter #blackouttuesday https://***1G', '-']",-,content_B,post
t1451,u0825,2020-11-20 03:25:58+00:00,BlackLivesMatter,R***O,-,"['#BlackLivesMatter at #summercamp https://***rQ via @n***p https://***6y', 'Its #HappyHour Today !5-630 PM PST/ 8-930 PM EST Come #Chill #chat #vent! Email awocspace@g***l.com for zoom info! Allies are welcome #StayHome #STEM #womeninscience #melanin #lgbt #WOCinSTEM #ListenToBipoc #supporteachother #AmplifyWOC #BlackLivesMatter #BIPOC https://***g7', 'Black Lives Matter protesters faced lengthy detentions even as Covid-19 ripped through detention centres. Investigation by @a***o for @r***l and @t***e https://***KQ', '-']",tweet_C,-,retweet
t3522,u1683,2022-02-26 05:09:38+00:00,BlackLivesMatter,E***n,"Thinking about the fact that the last US president tear gassed unarmed Black Lives Matter protesters at the White House and hid in a bunker, while Ukraine’s president is out there in a war zone looking like Rambo.","['Thinking about the fact that the last US president tear gassed unarmed Black Lives Matter protesters at the White House and hid in a bunker, while Ukraine’s president is out there in a war zone looking like Rambo.', 'Found the @w***k app on my Samsung TV! About to watch this right now! #BeyondEdBuck #BlackLivesMatter https://***Fj', 'Zellie Thomas, a protest attendee who works with Paterson’s arm of Black Lives Matter said that admission is a testament to the work of his organization. Read more at: https://***z5', '-']",-,content_A,post
t3344,u1727,2022-02-22 20:48:26+00:00,BlackLivesMatter,S***M,"Sasha Johnson is a true warrior and inspiration to me. She leads Black Lives Matter UK . A strong woman with true values fighting for equality and justice. She will get well, stronger and continue to fight for justice. Love you Sasha, get well soon 👊🏾👊🏾 https://***3g","['Attempted Assassin Released On $100K Cash Bond Paid By BLM-Backed Group - The Police Tribune https://***yZ Follow @b***r #BlueLivesMatter #BackTheBlue #lawenforcement #PoliceTribune', 'Such a honor to be represented by Sue and her team at Remarkable! Thankful for the opportunity to share the art of living a Switched On life! It truly saved my life. #bluelivesmatter #schoolsecurity #switchedonlife #policeofficers #childprotection #hum...https://***WI', 'Sasha Johnson is a true warrior and inspiration to me. She leads Black Lives Matter UK . A strong woman with true values fighting for equality and justice. She will get well, stronger and continue to fight for justice. Love you Sasha, get well soon 👊🏾👊🏾 https://***3g', '-']",-,content_C,post
t2521,u1621,2022-02-09 14:44:08+00:00,BlackLivesMatter,s***9,"Black Lives Matter is a ""farce"": Larry Elder | Eric Bolling The Balance https://***BL @Y***り","['Black Lives Matter is a ""farce"": Larry Elder | Eric Bolling The Balance https://***BL @Y***り', ""Again, if this was Obama the Repugnates would have demanded his arrest and banishment from politics. Tell me why #TFG isn't arrested or banned? #TuesdayThoughts #TuesdayMotivation #WritingCommunity #BlackLivesMatter #amwritingfiction #KindnessMatters #StrongerTogether #Resist https://***ob"", '12 year-old Leidy Lyons wore a ""Black Lives Matter"" swimsuit to her swim meet and officials tried to disqualify her. ""I felt disrespected because I wanted to show that I mattered,"" she said. ""It\'s just me with the whole swimming pool with white kids. I\'m the only one."" https://***ZC', '-']",-,content_A,post
t2826,u2728,2022-02-15 15:17:01+00:00,BlackLivesMatter,R***z,Artwork from the Black Lives Matter memorial has a new home: the Library of Congress (NPR) - https://***26 #BlackLivesMatter #GeorgeFloyd #protests #ProtestSigns,"['Artwork from the Black Lives Matter memorial has a new home: the Library of Congress (NPR) - https://***26 #BlackLivesMatter #GeorgeFloyd #protests #ProtestSigns', 'VIDEO: Motorcyclist Slams Into Richmond Police Officer Trying To Stop Him - The Police Tribune https://***hP Follow @b***r #BlueLivesMatter #BackTheBlue #lawenforcement #PoliceTribune', '.@t***u #BHM #BlackHistoryMonth #BlackLivesMatter #BLM Reminder #BlackWomen/#woc i.e #SimoneBiles #NaomiOsaka #emmaraducanu got WIDER backlash esp from @P***n for withdrawing from sports 4 their #MentalHealth than wh*te DRUG CHEATS #KamilaValieva &amp; #MariaSharapova. https://***Jg', '-']",-,content_A,post
t3552,u0736,2022-02-26 19:46:58+00:00,BlackLivesMatter,l***x,-,"['We are at the Northwest Aviation Conference and Trade Show in Puyallup, WA all weekend. Hope to see you here! https://***rt', '“Our lives begin to end the day we become silent about things that matter.” ― Martin Luther King Jr. #BlackLivesMatter #BlackHistoryMonth #KeepEyesOnSudan 🇸🇩 #SudanCoup ✊🏽', 'THOMAS L. JENNINGS (MIND OF A GENIUS) #blackhistory #blackexcellence #blackfamily #blacklivesmatter #blackhistorymonth #Jesus #blackpeople #blackgirlmagic #history #blackculture #africa #blackwomen #blacklove #blackempowerment #buyblack #blackhistoryfacts #blackisbeautiful https://***xJ', '-']",tweet_A,-,retweet
t0658,u2351,2020-07-08 08:18:55+00:00,BlackLivesMatter,n***s,"The latest nethumanitaires, le Journal! https://***PS #vaccineswork #blacklivesmatter","['Someone recently called my new tune a protest song. There are no new truths within it. It’s a song about loving beyond boundaries and respecting each other. THIS SHOULD BE THE NORM. #couragetobekind #BlackLivesMatter #respect #lovetheyneighbor #bekind #truth #makeamericakind #duh https://***Hk', 'The latest nethumanitaires, le Journal! https://***PS #vaccineswork #blacklivesmatter', 'Found this stuck in my car windscreen wiper. A nice - and intriguing - touch as we enter Day 68 of the Government’s boycott of \u2066@G***B\u2069 for asking them tough questions about their shambolic handling of the coronavirus crisis. 👇 https://***C6', '-']",-,content_B,post
t1850,u1404,2021-09-25 06:53:36+00:00,BlackLivesMatter,B***r,"Uh-oh. Big Trouble in the Big Apple: Vaccine mandates are racist. Over to you, Joe Biden. ""Black Lives Matter Leader: Vaccine Mandates ‘Racist,‘ Vows ‘Uprising‘"" https://***CS","['Uh-oh. Big Trouble in the Big Apple: Vaccine mandates are racist. Over to you, Joe Biden. ""Black Lives Matter Leader: Vaccine Mandates ‘Racist,‘ Vows ‘Uprising‘"" https://***CS', 'Haitian lives are Black lives. If we truly believe that Black Lives Matter, then there must be accountability for the racist &amp; inhumane treatment of our Haitian neighbors by @C***P agents. My colleagues on @O***s &amp; I are demanding answers. https://***HY', '#BlackLivesMatter means Haitian Lives Matter. https://***iY', '-']",-,content_A,post
t2816,u0701,2022-02-15 12:58:34+00:00,BlackLivesMatter,J***u,"With our #police. Again, we are sorry. We didn't hear you. We do now and while we cannot change our ignorant past, we can begin to make up for it. So in case you thought we had forgotten, #blacklivesmatters and many understand this more now than they did before. We're sorry.","[""With our #police. Again, we are sorry. We didn't hear you. We do now and while we cannot change our ignorant past, we can begin to make up for it. So in case you thought we had forgotten, #blacklivesmatters and many understand this more now than they did before. We're sorry."", '#GOPHypocrisy #GOPDeathCult #DemocracyMatters #TrumpCoupAttempt #BigLie #January6th #TrumpIsaCriminal #ExpandTheCourt #FoxNewsKnew #VaccineMandates #ProChoice #VotingRights #ClimateAction #BlackLivesMatter #GunControl #BlueWave2022 #PresidentBiden #politicalcartoons https://***T3', 'This is not about resolving nothing. Witness the destruction of the M.E. It’s normal for fiat to monetize first it was slavery and Natives genocide &amp; recently thru satanic racist supremacist wars vs #PoC #OWS #GiletsJaunes #BlackHistoryMonth #BlackLivesMatter https://***MZ https://***id', '-']",tweet_A,content_A,reply
t3011,u2353,2022-02-17 22:29:10+00:00,BlackLivesMatter,c***f,-,"['📣 Learn about implicit bias in healthcare in this article by @p***a: https://***ho #implicitbias #antiracism #blacklivesmatter https://***Ej', ""Happy #PubDate to DP's first book The (Un)lawful Killing of Daniel Brown! Buy now @ https://***YS #YA #YAUK #BlackLivesMatter #BlackLivesMatterUK #BLM #BLMUK #CrossoverBooks #IndieBookSellers #RadicalBook #RadicalBookShop #RadicalWriters #LeftistBooks #LeftistBookClub https://***XA"", 'Artwork from the Black Lives Matter memorial has a new home: the Library of Congress (NPR) - https://***26 #BlackLivesMatter #GeorgeFloyd #protests #ProtestSigns', '-']",tweet_A,-,retweet
t3635,u1453,2022-02-28 21:50:18+00:00,BlackLivesMatter,L***4,Speaking of third world Taliban controlled countries. #VoteBlue2022 to put a stake through this zombie party's heart! #BLUEWAVE2022 #filibusterfriday #blacklivesmatter #stopasianhate #CivilRights #Jan6thCommittee #FBR #MitchPlease #maskholes #SaveDemocracy #VoteBlueNoMatterWho https://***EJ,"['Just as I said during the #BLM #BlackLivesMatter crisis, I will repeat, today during #UkraineRussiaWar: #AllLivesMatter', ""Speaking of third world Taliban controlled countries. #VoteBlue2022 to put a stake through this zombie party's heart! #BLUEWAVE2022 #filibusterfriday #blacklivesmatter #stopasianhate #CivilRights #Jan6thCommittee #FBR #MitchPlease #maskholes #SaveDemocracy #VoteBlueNoMatterWho https://***EJ"", '@m***n #NaziUkraine 🇺🇦 neo-#Nazi #Ukraine #Zelensky #Putin #RussianArmy military Operations is #DeNazification 🇺🇦 #BlackLivesMatter #RussiaUkraineConflict #Russia https://***BV https://***Os', '-']",-,content_B,post
t3680,u1492,2022-03-02 02:19:04+00:00,BlackLivesMatter,r***I,"Meanwhile, I think my students--who have grown up with Black Lives Matter, Me Too, and other social movements--are keen to learn more about the internal debates among civil rights and Black nationalist advocates. Makes teaching courses like Civil Rights Movements fascinating.","['Meanwhile, I think my students--who have grown up with Black Lives Matter, Me Too, and other social movements--are keen to learn more about the internal debates among civil rights and Black nationalist advocates. Makes teaching courses like Civil Rights Movements fascinating.', '⚡️#BreakingNews @B***a @M***a @V***P @M***b @C***d @O***C @O***D @_***C @N***r @T***s @O***d @U***M @B***6 #BlackLivesMatter #AFRICA🌍 #AfricansInUkraine🌍 https://***M2', 'Hoping for #Peace. My ❤️ is with the Ukranian people, esp all who cannot escape because of #Racism, or are too sick, #Disabled, old or infirm to walk miles to get to the borders. #SaveLives #BlackLivesMatter #DisabledLivesMatter #RefugeesWelcome #PeaceNotWar☮️⚖️☮️ @k***1 https://***r4', '-']",tweet_C,content_A,reply
t2667,u3169,2022-02-12 14:34:31+00:00,BlackLivesMatter,P***k,-,"[""'I think it's excellent, I'm elated, I was so happy when I found out the news' Black Lives Matter Organiser Imarn Ayton reacts to Dame Cressida Dick's resignation as Met Police Commissioner. 📺 Freeview 236, Sky 515, Virgin 626 https://***aV"", '#infantry #deborahsampson #warriorwoman #fightlikeagirl #lovehistory #livinghistory #historylover #historymaker #makehistory #history #poc #blackamerica #usa #blacklivesmatter #livinghistory #lovehistory #makehistory #ChasseursVolontairesdeSaintDomingue', '#BlackLivesMatter #BlackHistoryMonth #DrMartinLutherKingJr #ReparationsNow 🇺🇸 https://***ic', '-']",tweet_C,-,retweet
t1942,u1983,2021-11-19 18:33:16+00:00,BlackLivesMatter,D***a,-,"['My phone autocorrected Rittenhouse to “rotten house” and it’s absolutely right. #BlackLivesMatter', 'I’m sick an enraged today, as a mother, an African American, and a human. #BlackLivesMatter https://***LT', 'Here’s your daily reminder that Black Lives Matter', '-']",tweet_B,-,retweet
t0556,u0666,2020-06-06 22:02:13+00:00,BlackLivesMatter,L***J,-,"['Always Take Sides https://***js #BlackLivesMatter', '@g***b @t***D @S***y @m***r @W***b @h***B @j***e @p***b @l***e @O***n I pledge to oppose racism and hate through active allyship, continuous unlearning, learning, and listening. Join me by nominating 5 others to do the same. #BlackLivesMatter @j***1 @s***a @p***c @m***g @R***D', ""I'll be teaching tomorrow morning 7:30am PDT on @n***g for @N***T academy at home, registration https://***J, lessons https://***l. I'd like to extend a welcome and message of support to the Black Image Analysis Community #BlackLivesMatter"", '-']",tweet_C,-,retweet
t1930,u2972,2021-11-15 20:35:25+00:00,BlackLivesMatter,u***i,"As an inaugural recipient of the @U***e @u***i #BlackLivesMatter Research Scholarship, she's gotten a funding boost for her work on intergenerational trauma in the Black community – a topic she plans to pursue further through a Ph.D. in clinical psychology.","['La frase del día de @e***r 13 - 14 de noviembre de 2021. ""Compré un rifle para verme cool"". Kyle Rittenhouse, adolescente estadounidense que mató a dos personas e hirió a otra durante las protestas del movimiento Black Lives Matter, en agosto del año pasado. https://***JE', 'Will she be the next New York City Police Commissioner? Judge Jeanine goes one-on-one with former Seattle Police Chief @c***t as Black Lives Matter leaders threaten riots and bloodshed on the streets of NYC https://***Mv', ""As an inaugural recipient of the @U***e @u***i #BlackLivesMatter Research Scholarship, she's gotten a funding boost for her work on intergenerational trauma in the Black community – a topic she plans to pursue further through a Ph.D. in clinical psychology."", '-']",tweet_C,content_C,reply
t3251,u1443,2022-02-21 11:33:04+00:00,BlackLivesMatter,S***V,"Twitter slaps India yet again. #BlackLivesMatter #MuslimLivesMatter @T***r, @T***a what about #HinduLives?? https://***wr","['Twitter slaps India yet again. #BlackLivesMatter #MuslimLivesMatter @T***r, @T***a what about #HinduLives?? https://***wr', 'Black People constantly killing Asian People yet the Media &amp; Politicians use COVID as an excuse for the violence #StopAAPIHate #StopAsianHate #StopAsianHateCrimes #AsianLivesMatter #AsiansAreHuman #AsiansAreHumans #BLM #BlackLivesMatter #BlackHistoryMonth #BlackTwitter #Democrats https://***mW', '⚡️#BreakingNews💰💰💰 @B***a @M***a @V***P @O***h @O***C @O***D @_***C @O***d @U***M @B***6 🌍🎉✨👸🏾🤴🏾✨🎊 #BlackLivesMatter #CLE🌇 #ThisIsCLE🏙 #NBAALLSTAR NBA ALL-STAR #Weekend 2022, #Cleveland🌃 #NBAAllStar #NBA2K22 #NBA75 #NBATwitter #LetEmKnow https://***Sm', '-']",-,content_A,post
t1678,u2703,2021-03-16 18:57:28+00:00,BlackLivesMatter,R***a,"The Sports Programme award goes to @S***s &amp; @S***t’s England v West Indies 1st Test: Black Lives Matter programme, which the judges described as “a remarkable piece of television – editorially superb and technically exceptional” #RTSAwards https://***MY","['Black lives matter. It has to be said because it isn’t implied. #BreonnaTaylor #SayHerName', '@p***2 @D***K The same govt has just literally spaffed billions and billions up the wall on dodgy PPE and a substandard test, track and trace system. A few million pounds is peanuts in comparison.', 'The Sports Programme award goes to @S***s &amp; @S***t’s England v West Indies 1st Test: Black Lives Matter programme, which the judges described as “a remarkable piece of television – editorially superb and technically exceptional” #RTSAwards https://***MY', '-']",-,content_C,post
t3345,u1302,2022-02-22 21:43:38+00:00,BlackLivesMatter,R***k,Powerful criticism here of govt refusal to change the curriculum….in the week it clamped down on Black Lives Matter references https://***v3,"['@C***s #KINGSMEN @V***t @D***s @t***l @D***4 @H***k @V***e @S***N @B***o @D***s @I***h @a***d @D***m @c***s @D***m #DefundThePolice #ALTFED #GENOCIDE2022 #BlackLivesMatter https://***GW', 'Powerful criticism here of govt refusal to change the curriculum....in the week it clamped down on Black Lives Matter references https://***v3', 'Top civil servants should be ""completely apolitical"" and should not put out messages of support for campaigns such as Black Lives Matter, Jacob Rees-Mogg has warned. https://***FF', '-']",-,content_B,post
t2868,u2993,2022-02-16 01:34:41+00:00,BlackLivesMatter,s***p,"I've been tagged all month in photos of primary schools using When We Say Black Lives Matter to celebrate Black History Month, from kindergarten level up. Get a grip, your ""banning"" means nothing. https://***VV","['I\'ve been tagged all month in photos of primary schools using When We Say Black Lives Matter to celebrate Black History Month, from kindergarten level up. Get a grip, your ""banning"" means nothing. https://***VV', 'This is why #RepresentationMatters and #Accountability will always remain important. Remember a system can never fail anyone, it can only perform as it was exactly designed #BlackLivesMatter #NewJersey #BlackBoysMatter #JimCrowLegacy https://***Du', 'Let us remember that they have been killed because of racism Never forget that the black life is also important. #ElijahMcClain #SandraBland #TrayvonMartin #BreonnaTaylor #GeorgeFloyd #AhmaudArbery #DaunteWright #BLM #BlackLivesMatter #EndRacism Write your comment...✍️ https://***7M', '-']",-,content_A,post
t2585,u0280,2022-02-10 15:19:26+00:00,BlackLivesMatter,e***_,-,"['@p***f @T***s @G***P @D***C ##ForProfitPrisons #EndlessWar #BlackLivesMatter #RoeVWade #ForProfitHealthCare #CagedChildren #CorpirateBailouts #StolenElections 2000/2016 and more...', '#SayTheirNames #BackTheBlue #BlueLivesMatter #IGY6', 'Apparently, Cat Lives Matter &gt;&gt;&gt; Black Lives Matter 🤮', '-']",tweet_B,-,retweet
t3725,u1550,2022-03-02 19:06:17+00:00,BlackLivesMatter,P***n,-,"['https://***XE @F***s @S***w @U***Y #Detroit #BlackLivesMatter', '◾️ Homework ◾️ Assignments ◾️ Onlineclasses ◾️ Essays ◾️Maths ◾️Algebra ◾️Calculus ◾️Chemistry ◾️Physics ◾️Biology ◾️Statistics ◾️Finance ◾️Economics ◾️Accounting ◾️History ◾️Philosophy ◾️Sociology ◾️Anatomy ◾️Nursing ◾️Psychology ◾️Programing ◾️Business Help Due Pay https://***ns', 'DING, ding... Ding &amp; ding^ DING... ding ding ding &amp; ding ding &amp; DING #PennState #BlackLivesMatter #JusticeForAll', '-']",tweet_A,-,retweet
t0395,u2956,2020-05-28 02:55:28+00:00,BlackLivesMatter,t***n,"""I'm just not political"" is so over. That time has passed. We need to hear your voices now. While you ""find your voice"" black people are being killed everyday. EVERYDAY. Trans people are being murdered back to back. It doesn't have to be poetry. Just sat it. BLACK LIVES MATTER.","[""Rise up - it's time to demand justice. #JusticeForFloyd #BlackLivesMatter https://***NZ"", '""I\'m just not political"" is so over. That time has passed. We need to hear your voices now. While you ""find your voice"" black people are being killed everyday. EVERYDAY. Trans people are being murdered back to back. It doesn\'t have to be poetry. Just sat it. BLACK LIVES MATTER.', '#justiceforgeorgefloyd #blacklivesmatter https://***BS', '-']",-,content_B,post
t3701,u0618,2022-03-02 12:00:01+00:00,BlackLivesMatter,O***l,"DING, ding &amp; ding ding &amp; ding^ ding... ding #PennState #BlackLivesMatter #JusticeForAll","['DING &amp; DING, DING ding^ #PennState #BlackLivesMatter #JusticeForAll', '@Q***e watch out #BlackLivesMatter #Ukraine may be joining #EuropeanUnion how do U feel? doing business studying next to #Right-wing neo-#Nazi anti-#Semitism anti-Jews anti-slavs #Ukranians anti #BlackLivesMatter https://***BV Welcome #NaziUkraine to #EuropeanUnion https://***3a', 'DING, ding &amp; ding ding &amp; ding^ ding... ding #PennState #BlackLivesMatter #JusticeForAll', '-']",-,content_C,post
t0437,u1002,2020-06-01 01:44:39+00:00,BlackLivesMatter,J***n,"Brothers &amp; Sisters: My prayers &amp; thoughts go out to George Floyd, our city, our nation. During these times I invite us to consider how we can be reflectors of light. Please remember that patience + kindness have a compounding karmic consequences for all of us?? #BlackLivesMatter https://***R6","['Brothers &amp; Sisters: My prayers &amp; thoughts go out to George Floyd, our city, our nation. During these times I invite us to consider how we can be reflectors of light. Please remember that patience + kindness have a compounding karmic consequences for all of us?? #BlackLivesMatter https://***R6', 'Stand out together ???? #unity #ourtime #ourlife #ourlove #us #protest #blacklivesmatter #allhumansmatter #Kings&amp;Queens ???????????????????? @ West Hollywood, California https://***wF', '#BlackLivesMatter ??????????????? What I’ve seen online the last few days has made me sick to my stomach. I stand with the protestors. I know that as a white male I am extremely privileged in this world and although I do... https://***Fr', '-']",-,content_A,post
t2143,u1846,2022-01-13 18:15:07+00:00,BlackLivesMatter,B***A,"Yesterday, we stood alongside the family of #JalaniLovett to rally for justice in his name. He should have been celebrating his 28th birthday, but the 3000 Boys…an LASD gang…stole his life inside Men’s Central Jail. #BlackLivesMatter #GoogleLASDGangs https://***L6","['So many amazing resources here! Black Lives Matter at School: Queer Affirming and Transgender Affirming https://***JQ', 'Thank you for your hearts and souls officers @H***D 🙌🏻 It’s time for my story 👊🏽 Live free #AmericanUnderdog #American #BlueLivesMatter #AcademicTwitter #AcademicChatter #PhdChat here I come !!! 🔥 #brownlivesmatter #Aneesh #Rudra #Kashalikar https://***Fh', 'Yesterday, we stood alongside the family of #JalaniLovett to rally for justice in his name. He should have been celebrating his 28th birthday, but the 3000 Boys...an LASD gang...stole his life inside Men’s Central Jail. #BlackLivesMatter #GoogleLASDGangs https://***L6', '-']",-,content_C,post
t2358,u2594,2022-02-03 12:00:02+00:00,BlackLivesMatter,M***m,"The crowds cheered ""Black Lives Matter"" until he crossed the finish line, marking a win for The Hatley Bros. and Black culture. (Story by @D***l) https://***9Z","['I do find joy in working to ensure that #BlackLivesMatterAtSchool. But I’ll admit it’s hard to wake up to hate &amp; death threats for doing this work. Thanks to everyone who is spreading love and building solidarity to make our schools—&amp; society—full of joy and justice. https://***yf', 'The crowds cheered ""Black Lives Matter"" until he crossed the finish line, marking a win for The Hatley Bros. and Black culture. (Story by @D***l) https://***9Z', 'Starting Monday, numerous public schools across the country have been hosting a “Week of Action” to implement curriculum that focuses on the far-left Black Lives Matter movement, including teaching some of BLM’s core tenets to students. https://***WV', '-']",-,content_B,post
t2893,u1800,2022-02-16 13:40:45+00:00,BlackLivesMatter,I***M,Opera company rethinks Beethoven’s ‘Fidelio’ in light of Black Lives Matter https://***xk @J***n #ClassicalMusic #opera #arts,"['Good Morning America... #Enough #EndPoliceBrutality #StandUpAgainstRacism #BlackLivesMatter #BLM #SilenceIsNotAnOption #SpeakUp #EndRacismNow #EndSystemicRacism #BreonnaTaylor #ElijahMcclain #GeorgeFloyd #StopVoterSuppression #BlackVotersMatter #AhmaudArbery #DaunteWright https://***kq', 'Opera company rethinks Beethoven’s ‘Fidelio’ in light of Black Lives Matter https://***xk @J***n #ClassicalMusic #opera #arts', 'https://***wp RT-8 #blackandproud #imblackandimproud #BlackTwitter #racism #blackamericaweb #WhitePrivilege #BlackLivesMatter #DonLemon #WeAreBetterThanThis #leftwing', '-']",-,content_B,post
t3582,u2847,2022-02-27 22:34:49+00:00,BlackLivesMatter,m***v,-,"['#machinelearning #indiedev #devupdate #ChatBot #lowcode #nocode #opensource #scifi #lofi #perl #golang #NodeJs #DataScience #PHP #java #BackTheBlue #AllLivesMatter #DemocratsDeliver #Anonymous #COVID19 #mandates #OmicronVariant #Antifa #cdcsays #crypto #BlackLivesMatter Mommmy!! https://***zI', '#AllLivesMatter https://***cU', 'Che fine hanno fatto i milioni di Black Lives Matter? https://***R5', '-']",tweet_C,-,retweet
t3029,u2497,2022-02-18 04:59:54+00:00,BlackLivesMatter,i***K,Which imagine mischiefs in their heart; continually are they gathered together for war. Psalm 140:2 #HolocaustMemorialDay #MLK #GrenfellTower #BlackLivesMatter #BidenHarris #oprahmeghanharry #ReparationsNow https://***HK,"['Which imagine mischiefs in their heart; continually are they gathered together for war. Psalm 140:2 #HolocaustMemorialDay #MLK #GrenfellTower #BlackLivesMatter #BidenHarris #oprahmeghanharry #ReparationsNow https://***HK', 'https://***sZ RT-8 #blackandproud #imblackandimproud #BlackTwitter #racism #blackamericaweb #WhitePrivilege #BlackLivesMatter #DonLemon #WeAreBetterThanThis #leftwing', 'Two Americas. Right here on tape. These police officers didn’t even pretend to treat these two boys equally. Even knowing they were being filmed, they made it clear who was the citizen and who was the subject. This is your answer to “why do they kneel.” https://***HA', '-']",-,content_A,post
t2935,u1251,2022-02-16 23:45:02+00:00,BlackLivesMatter,L***y,"Police say a mayoral candidate in Louisville, Kentucky, was targeted for assassination by a Black Lives Matter activist who walked into his campaign office Monday. https://***s5","['Police say a mayoral candidate in Louisville, Kentucky, was targeted for assassination by a Black Lives Matter activist who walked into his campaign office Monday. https://***s5', 'Black Lives Matter Political Protest Resist Tank Top T Shirts Tees Men Women https://***3O - Buy on eBay #Politic #Political #Ad', ""Dear #Blackhistorymonth2022, On behalf of most #Canadian citizens, I want to apologize for the small group of white folks laying siege to #Ottawa, putting their #WhitePrivilege &amp; #hate on full display, who've callously taken the focus off so many important issues. We're sorry...."", '-']",-,content_A,post
t2140,u0804,2022-01-13 13:39:06+00:00,BlackLivesMatter,m***2,#JoyTrain #Joy #Kindness #Oneness #Quote #inspiration #MentalHealth #Mindfulness #GoldenHearts #Motivation #ChooseLove #BlackLivesMatter #TuesdayThoughts Wide Boys Underbelly &amp; Ty Mayer CINEMATIC DARK royalty free HIGH QUALITY... https://***zC via @Y***e,"['Fina ironía de @d***6 en @e***s hoy: “Difícil olvidar aquella concentración en Bilbao en apoyo del movimiento ‘Black Lives Matter’ junto a una estatua de Sabino Arana”. https://***b8', '#JoyTrain #Joy #Kindness #Oneness #Quote #inspiration #MentalHealth #Mindfulness #GoldenHearts #Motivation #ChooseLove #BlackLivesMatter #TuesdayThoughts Wide Boys Underbelly &amp; Ty Mayer CINEMATIC DARK royalty free HIGH QUALITY... https://***zC via @Y***e', ""Whole Foods defends prohibiting employees from wearing masks with slogans including 'Black Lives Matter' https://***iK"", '-']",-,content_B,post
t2916,u0056,2022-02-16 18:50:33+00:00,BlackLivesMatter,C***s,Maybe they fear employing POC because they perceive it as too much hassle. They'd have to ensure they're not discriminatory and have to put measures in place. #Blacklivesmatteruk #BLMUK #Windrush #BlackTwitter https://***kR,"[""Maybe they fear employing POC because they perceive it as too much hassle. They'd have to ensure they're not discriminatory and have to put measures in place. #Blacklivesmatteruk #BLMUK #Windrush #BlackTwitter https://***kR"", 'The mayor has to ban the #murdermusic 🎶 🎵 music to be murdered by 🎶. Every song calls us names and calls for our murder #BlackLivesMatter. The mayor has to say no name calling and death threats #attemptedmurder illegal hurtful #racistsongs #wordsmatter 👁🚔🚔👁🚔👁🚔👁👁 https://***zK', '#BlackLivesMatter #BLM #AllLivesMatter #AntiRacism #woke #Wokeness #wokeism #TrayvonMartin #GeorgeFloyd #EricGarner #MichaelBrown #Wokisme https://***mQ', '-']",-,content_A,post
t3763,u0431,2022-03-03 07:52:29+00:00,BlackLivesMatter,K***n,-,"['Caught on video, Rodney King gets tasered &amp; beaten by LA Police #otd 1991 w/ 4 police officers later being acquitted &amp; setting off riots in L.A. Explore a #Free article examining policing &amp; civil disorder w/ @R***n #BLM - #BlackLivesMatter -&gt; https://***hL https://***os', '@_***s Black Lives Matter Rye Bread', 'Untitled, Chicago, Illinois, 1963 . . . #blackculture #blacklove #blackisbeautiful #socialjustice #freedom #endinjustice #speakup #speakout #blacklivesmatter #blm https://***Ea', '-']",tweet_A,-,retweet
t0584,u2060,2020-06-10 16:33:22+00:00,BlackLivesMatter,m***r,Great resource to hold yourself accountable. A small step in this fight. #blacklivesmatter https://***ZE,"['Every White Person Who Has Posted #BlackLivesMatter Send Your Kid To Your Neighborhood Public School Challenge 2020', 'with a section #BlackLivesMatter https://***Ul', 'Great resource to hold yourself accountable. A small step in this fight. #blacklivesmatter https://***ZE', '-']",-,content_C,post
t0698,u2149,2020-07-28 15:09:11+00:00,BlackLivesMatter,C***t,I was blessed to be a part of this historic dialogue on the Iranian American diaspora and the Black Lives Matter movement led by my beloved @A***i. Watch: https://***fa,"['I was blessed to be a part of this historic dialogue on the Iranian American diaspora and the Black Lives Matter movement led by my beloved @A***i. Watch: https://***fa', '@A***t I feel exactly the same way. It was awful but just made me more determined to be there. I ordered better PPE. #BlackLivesMatter', 'No justice, no peace! Black Lives Matter! #WallofMoms https://***Kk', '-']",-,content_A,post
t3232,u0568,2022-02-21 01:00:03+00:00,BlackLivesMatter,O***1,Sounds Gay I'm In Bath Mat https://***Vr Make a statement with this LGBTIQA+ design #blacklivesmatter #gay #lgbt #pride #lesbian #equality #lgbtq #feminism #feminist #trans #black #transgender #justice #queer https://***Vp,"['https://***G9 RT-8 #blackandproud #imblackandimproud #BlackTwitter #racism #blackamericaweb #WhitePrivilege #BlackLivesMatter #DonLemon #WeAreBetterThanThis #leftwing', ""Sounds Gay I'm In Bath Mat https://***Vr Make a statement with this LGBTIQA+ design #blacklivesmatter #gay #lgbt #pride #lesbian #equality #lgbtq #feminism #feminist #trans #black #transgender #justice #queer https://***Vp"", 'The UK\'s Department for Education has issued ""Political impartiality in schools"" guidance, which says that modern historical events including the ongoing Palestine-Israel conflict and Black Lives Matter must be dealt with in a ""balanced"" way. https://***p0', '-']",-,content_B,post
t0573,u1240,2020-06-09 10:29:34+00:00,BlackLivesMatter,G***t,"I'm joining the #RhodesMustFall protest at 5pm in Oxford today. I'll stay 2m from other people. But this is important. This is a historical tipping point, which could change the way we see ourselves and each other. Hope to see you there. Love and courage. #BlackLivesMatter","['This was seen in Pagosa Springs, Colorado Friday, June 6th. Pagosa Springs High School students organized a peaceful demonstration of support for #blacklivesmatter . This group of men and women took it upon... https://***JT', ""I'm joining the #RhodesMustFall protest at 5pm in Oxford today. I'll stay 2m from other people. But this is important. This is a historical tipping point, which could change the way we see ourselves and each other. Hope to see you there. Love and courage. #BlackLivesMatter"", '@s***n https://***MM #BlackLivesMatter #BlackLivesMatterDC #GeorgeLloyd', '-']",-,content_B,post
t2602,u2638,2022-02-10 18:00:22+00:00,BlackLivesMatter,m***d,It doesn’t take much to make me happy. Couple of guys fixing the dent in the Beetle and making it look amazing is all I need. #ThursdayMotivation #WritingCommunity #BlackLivesMatter #amwriting #amwritingfiction #KindnessMatters #StrongerTogether #Resist #SouthFlorida https://***xQ,"['It doesn’t take much to make me happy. Couple of guys fixing the dent in the Beetle and making it look amazing is all I need. #ThursdayMotivation #WritingCommunity #BlackLivesMatter #amwriting #amwritingfiction #KindnessMatters #StrongerTogether #Resist #SouthFlorida https://***xQ', 'We have seen the actions the RCMP, Police and Conservative Premiers have taken against Indigenous people across the country, the actions they took against Black Lives Matter Protests, these are peaceful protests and they used force to remove them. Have you /13', 'Did that guy had to kick a cat? I stand with Adidas #BlackLivesMatter', '-']",-,content_A,post
t3595,u1017,2022-02-28 04:21:20+00:00,BlackLivesMatter,O***h,"#BlackLivesMatter #BlackHistoryMonth #blacktwitter #BlackTechTwitter #AfricansinUkraine #cdnpoli ""When Black Men Ruled the World: 8 Things the Moors Brought to Europe"" https://***uo","['#NoHumanIsIllegal #BlackLivesMatter Remember #KidsInCages https://***Rt', '#BlackLivesMatter #BlackHistoryMonth #blacktwitter #BlackTechTwitter #AfricansinUkraine #cdnpoli ""When Black Men Ruled the World: 8 Things the Moors Brought to Europe"" https://***uo', 'Common response needed for African students in #Ukraine , writes Ylva Rodny-Gumede @g***j https://***5y #AfricaEd #UkraineEvacuation #Africansinukraine #Blacklivesmatter #StudentsinUkraine', '-']",-,content_B,post
t3053,u3195,2022-02-18 14:32:09+00:00,BlackLivesMatter,t***s,"Wed Nov 04 2020 Portland, Oregon - Officers shove, strike, and arrest protesters WATCH: https://***tE #PortlandOregon #PPD #blacklivesmatter #blm #defundthepolice #abolishthepolice","['Wed Nov 04 2020 Portland, Oregon - Officers shove, strike, and arrest protesters WATCH: https://***tE #PortlandOregon #PPD #blacklivesmatter #blm #defundthepolice #abolishthepolice', ""REPORT: Clinton-world is taking over the Black Lives Matter organization, new filings show. Sending @A***r's lackey, @M***s, to clean up the books. https://***fO"", '#AGrooveAlmostEverydayWillPlayTillThePandemicGoAway #FridayFeeling #BlackHistoryMonth #1619Project #briannataylor #ElijahMcClain #NoJusticeNoPeace #COVID19 #CDC #blacklivesmatter #CoronavirusPandemic 🎼🎸🎤🇺🇸 Sweet Love https://***U3 via @Y***e', '-']",-,content_A,post
t2756,u0994,2022-02-14 17:32:31+00:00,BlackLivesMatter,a***n,I mean how many more times do we have to see this bullshit before the nations understand what is going on - I’m so tired of this 😡 great work @A***p #BlackLivesMatter wake up ffs #justiceforPamelaTurner SAY HER NAME - Sign the Petition #PoliceBrutality must end 🔥 https://***VG https://***9P,"['I mean how many more times do we have to see this bullshit before the nations understand what is going on - I’m so tired of this 😡 great work @A***p #BlackLivesMatter wake up ffs #justiceforPamelaTurner SAY HER NAME - Sign the Petition #PoliceBrutality must end 🔥 https://***VG https://***9P', 'Almost makes me want to support Adesanya... . #mma #ufc #bellator #combatsports #mixmartialarts #sports #bjj #octagon #fitness #warriors #realmanssport #prideful #cagefighting #freedom #liberty #2a #rights #comeandtakeit #donttreadonme #backtheblue #alllivesmatter #usa #mer... https://***iF', 'Witnessing A Revolution Unfold (And How I Hope It Continues) #BlackLivesMatter #GeorgeFloyd #BreonnaTaylor #TonyMcDade #AhmaudArbery https://***QB', '-']",-,content_A,post
t0503,u2299,2020-06-03 20:21:05+00:00,BlackLivesMatter,P***g,Hey LA! Pride will now be June 14th in solidarity with #BlackLivesMatter. We can’t wait to get together and make noise! ❤️ https://***8s,"['#blacklivesmatter https://***Z5', 'Hey LA! Pride will now be June 14th in solidarity with #BlackLivesMatter. We can’t wait to get together and make noise! ❤️ https://***8s', '#blackouttuesday #blacklivesmatter https://***FU', '-']",-,content_B,post
t3587,u1327,2022-02-28 00:18:03+00:00,BlackLivesMatter,R***y,"#PBS | PBS NewsHour Weekend Show: February 27, 2022 #wtpBLUE #Demvoice1 #Americans 🇺🇸🫂 #ONEV1 #FreshResists #FreshVoicesRise #Dems4USA #Democrats #Resist #AsianLivesMatter #NativeAmericans #BlackLivesMatter #Jewish #VoteBlue #VoteBlue2022 https://***Zp via @Y***e","['The family of Sasha Johnson, the Black Lives Matter activist shot at party make appeal after court case collapses. https://***k9', '#China #Chinese #Poland #Polish #chineseart #African #Germany #PolishBorder #polishboy #polishmodel #polishgirls #BLM #BlackLivesMatter https://***2D', '#PBS | PBS NewsHour Weekend Show: February 27, 2022 #wtpBLUE #Demvoice1 #Americans 🇺🇸\U0001fac2 #ONEV1 #FreshResists #FreshVoicesRise #Dems4USA #Democrats #Resist #AsianLivesMatter #NativeAmericans #BlackLivesMatter #Jewish #VoteBlue #VoteBlue2022 https://***Zp via @Y***e', '-']",-,content_C,post
t0524,u2862,2020-06-04 19:59:27+00:00,BlackLivesMatter,b***n,"Fucking disgraceful. Police morale is at an all time low, they are fighting accusations of racism, prejudice, and worst of all, weak, spineless “leadership.” God bless our active rank and file around the nation. This is cowardly, &amp; degrading to our sacrifices #BlueLivesMatter 😠 https://***Na","['Fucking disgraceful. Police morale is at an all time low, they are fighting accusations of racism, prejudice, and worst of all, weak, spineless “leadership.” God bless our active rank and file around the nation. This is cowardly, &amp; degrading to our sacrifices #BlueLivesMatter 😠 https://***Na', '@l***s @M***a Should Black people in blue collar jobs return to work? @a***1 #BlackLivesMatter', 'We are committed to doing the work to create an environment that is safe and free from racism and discrimination. #BlackLivesMatter', '-']",-,content_A,post
t0543,u1305,2020-06-05 18:25:34+00:00,BlackLivesMatter,b***m,"Black Lives Matter. The Bowery Ballroom and Mercury Lounge stand solidly and firmly with the Black community. We are distraught and mourn the deaths of George Floyd, Breonna Taylor, Ahmaud Arbery, and all victims of institutionalized racism. (1/2) https://***kY","['The “Black Lives Matter” painted on two blocks of 16th Street truly is huge: https://***bo', 'Today I was told my MD was trash because I pointed out the adverse health effects racism has on black populations. This includes #COVID19 where symptomatic black patients were more likely to be sent home w/o a test. Racism kills, and it isn’t always a bullet. #BlackLivesMatter', 'Black Lives Matter. The Bowery Ballroom and Mercury Lounge stand solidly and firmly with the Black community. We are distraught and mourn the deaths of George Floyd, Breonna Taylor, Ahmaud Arbery, and all victims of institutionalized racism. (1/2) https://***kY', '-']",-,content_C,post
t0397,u2409,2020-05-28 23:19:23+00:00,BlackLivesMatter,w***e,IM BLACK SO PLEASE STOP SAYING I HATE BLACK PEOPLE I’m going against stupid people who used George Floyd name to steal and burn down the city! THIS NOT JUSTICE THIS IS CHAOS #BlackLivesMatter #AllLivesMatters #BlackLivesMater #minneapolisriots https://***8j,"['#BlackLivesMatter RIP https://***UR', 'Interesting that at this time our President @r***p has been silent and not commenting on this...#minneapolisriots #JusticeForGeorgeFloyd #BlackLivesMatter https://***cr', 'IM BLACK SO PLEASE STOP SAYING I HATE BLACK PEOPLE I’m going against stupid people who used George Floyd name to steal and burn down the city! THIS NOT JUSTICE THIS IS CHAOS #BlackLivesMatter #AllLivesMatters #BlackLivesMater #minneapolisriots https://***8j', '-']",-,content_C,post
t2326,u1264,2022-02-02 00:20:50+00:00,BlackLivesMatter,s***s,"In honor of #BlackHistoryMonth, the Black Lives Matter flag was raised at district headquarters today. ​It is the mission of San Diego Unified to educate on the rich culture, invaluable contributions, struggles, triumphs, and memorable figures of African American history. #ALLin https://***Nv","['Black Lives Matter Co-Founder Patrisse Cullors on Abolition &amp; Imagining a Society Based on Care https://***jY via @d***w', 'What a powerful conversation on black lives mattering at school. So many gems dropped! #HipHopEd @c***n thanks for leading this space with your co-host! Will definitely be listening!', 'In honor of #BlackHistoryMonth, the Black Lives Matter flag was raised at district headquarters today. It is the mission of San Diego Unified to educate on the rich culture, invaluable contributions, struggles, triumphs, and memorable figures of African American history. #ALLin https://***Nv', '-']",-,content_C,post
t1079,u0410,2020-09-21 20:18:37+00:00,BlackLivesMatter,_***s,-,"['The Black Lives Matter movement trades on Americans’ ignorance about the demographics of criminal offending. As long as that ignorance prevails, BLM’s anti-cop narrative will continue destroying the institutions of law and order. My latest @t***d https://***AZ', 'Para hablar sobre ""#BlackLivesMatter y las elecciones de noviembre en Estados Unidos"", #ConversacionesCIDE contará con la participación de Sergio Galaz, Doctor en Sociología por @P***n y egresado del @C***X. 🗓️ 21 sept ⏰ 20 hrs 👉 Regístrate en Zoom https://***iz https://***mP', '""As a future Black physician, I plan on working towards social reform in both hospitals &amp; my community because the importance for change right now has never been needed more than ever."" -Jason Dayee; Sophomore at University of Arizona (3/3) #SeeUs #Blacklivesmatter #SNMAMAPS https://***K7', '-']",tweet_C,-,retweet
t1741,u1686,2021-05-15 03:06:35+00:00,BlackLivesMatter,s***y,People marched all over the US last summer for Black Lives Matter but it doesn’t seem the case when it’s for the Palestinians. It’s quite gross they’ve been living as second class citizens and forcefully moved out of their homes and getting bombed without a place to go to,"['A Country has become a Cinema Other countries has become the audience No one wants to leave No one wants to pause the movie nor stop the movie And I can tell from the look of things that this movies is so very interesting. #Nigeria #Nigerians #freedom #love #BlackLivesMatter', 'People marched all over the US last summer for Black Lives Matter but it doesn’t seem the case when it’s for the Palestinians. It’s quite gross they’ve been living as second class citizens and forcefully moved out of their homes and getting bombed without a place to go to', 'The American constitution was written by slave holders. When they took notes at the constitutional conference, the notes were to remain secret. That is why @B***a would write an article trashing the BBI ruling. It hates anything driven by AFRICAN people. #BlackLivesMatter', '-']",-,content_B,post
t2179,u0292,2022-01-19 15:15:08+00:00,BlackLivesMatter,y***s,Title: Between The Stars . . 🎨 @y***s @L***m @P***p @T***y @M***s @n***o #BlackStars #African #BlackLivesMatter #NFT #NFTCommmunity #art @v***e @a***e @a***s @m***r @o***a @4***_ @A***C https://***fG,"['Title: Between The Stars . . 🎨 @y***s @L***m @P***p @T***y @M***s @n***o #BlackStars #African #BlackLivesMatter #NFT #NFTCommmunity #art @v***e @a***e @a***s @m***r @o***a @4***_ @A***C https://***fG', 'Anxiety can also show up as stomach aches! #mentalhealth #therapy #wellness #psychology #selfcare #mentalillness #blm #blacklivesmatter #minority #psychotherapy #psychology #mentalhealthservices https://***5i', '41 years ago, never forgotten, 13 young people murdered @ #NewCrossFire &amp; still no justice #BlackLivesMatter https://***br', '-']",-,content_A,post
t3269,u2745,2022-02-21 16:16:37+00:00,BlackLivesMatter,l***n,One thing I know about #PDX. We will mourn. We will heal. Then we will go right back out and take the streets and say #BlackLivesMatter. The Mayor wants lone wolves to do his work for him. He wants popular propagandist to encourage murder. We are afraid. But we arent stopping.,"['@h***l @B***a @T***t @R***h #CRT | The Colonials are still trying to indoctrinate us into their culture after 400+ years. Have we assimilated yet? #wtpBLUE #Demvoice1 #Americans #ONEV1 #FreshResists #FreshVoicesRise #Dems4USA #Democrats #Resist #AsianLivesMatter #NativeAmericans #BlackLivesMatter #Jewish https://***7q', 'WAKE UP!!! (SPREAD LOVE ) @j***y x krazyfingaz feat. RELL Click link below https://***Xu fist #blacklivesmatter #nojusticenopeace #jamilhonesty #krazyfingaz #blackpower #hiphopsoul #boombaphiphop #rell #soulmusic #icantbreathe', 'One thing I know about #PDX. We will mourn. We will heal. Then we will go right back out and take the streets and say #BlackLivesMatter. The Mayor wants lone wolves to do his work for him. He wants popular propagandist to encourage murder. We are afraid. But we arent stopping.', '-']",-,content_C,post
t3616,u2507,2022-02-28 15:25:27+00:00,BlackLivesMatter,g***z,@l***s #NaziUkraine neo-#Nazi #Ukraine #Zelensky #Putin #RussianArmy military Operations is #DeNazification 🇺🇦 #BlackLivesMatter #RussiaUkraineConflict #Russia https://***BV,"['9. FIGHT A JUST WAR @U***C @U***s @U***U @N***O @U***N &amp; OBLIGATED SCOTUS CONGRESS #WH @P***C AGENCIES, STATES &amp; @W***O TREATY SIGNER! MY IP📜 IS IN NATO!🧐 #BLACKHISTORYMONTH#ALMBLMAW⚔️ END #BLACKLIVESMATTER©®TM COPYRIGHT PIRACY RACKETS In SPACE~ON LANDS &amp; SEAS!🛡️ https://***aU', '@l***s #NaziUkraine neo-#Nazi #Ukraine #Zelensky #Putin #RussianArmy military Operations is #DeNazification 🇺🇦 #BlackLivesMatter #RussiaUkraineConflict #Russia https://***BV', 'Ever wondered how democracy levels of a country correlate with #LGBTIA and human rights? Just look at Russia for one. #HumanRights #Freedom #Equality #Liberty #Democacy #FreeSpeech #EqualJustice #Woman #Blacklivesmatter https://***Fi', '-']",tweet_A,content_B,reply
t0694,u0377,2020-07-25 04:09:49+00:00,BlackLivesMatter,P***s,A group of 'Boogaloo Bois' are here on Lownsdale Square Park. This member tells us why he's down here. #PortlandProtest #PDXprotests #Blacklivesmatter https://***7K,"['We are close to 500 signatures on our petition! Will you help us get more support by sharing this petition with at least ten other people? Black Lives Matter even for our returning citizens. Put your signature onto the movement. Here’s a link to share https://***ai', ""A group of 'Boogaloo Bois' are here on Lownsdale Square Park. This member tells us why he's down here. #PortlandProtest #PDXprotests #Blacklivesmatter https://***7K"", ""This is Maureen Healy's statement. Mo is Professor and Chair of the History Department at Lewis and Clark. She was injured in the head by a shot fired by federal government paramilitaries while demonstrating peacefully in support of Black Lives Matter. #PortlandMoms #blm #mohealy https://***vl"", '-']",-,content_B,post
t2352,u0786,2022-02-02 22:46:46+00:00,BlackLivesMatter,c***m,-,"['We are tweeting and speaking so come join us #HipHopEd #BlackLivesMatter #HipHopEd https://***Di', 'https://***.. #blackgirlmagic #blackhistory #blackhistorymonth2022 #blackhistorymonth #blacklivesmatter #blackexcellence #blackgirlmagic #blackculture https://***IY', '@r***n @t***t @A***s Weird how it happened on the first day of #BlackHistoryMonth #BlackLivesMatter', '-']",tweet_B,-,retweet
t2740,u1377,2022-02-14 12:20:03+00:00,BlackLivesMatter,W***s,"This #BlackHistoryMonth, read for free the special issue, The Black Lives Matter Movement: Implications for Anti‐Racist Adult Education, from New Directions for Adult and Continuing Education. &gt;&gt; https://***eL https://***TL","[""Is he another example of the neo-colonialist hegemony that has captured the political landscape of Britain? Isn't this the 'Bernard Manning' type of anachronistic anthropology that once justified racism? Craniology next #BLMUK #BlackLivesMatter #BlackTwitterSpace #Windrush https://***eh"", '#BlackLivesMatter #saytheirnames #IndigenousLivesMatter #defundthepolice #balancethefunding #guncontrolnotgunscontrol #UyghurLivesMatter #stopasianhate #SaveSheikhJarrah #stopdiscrimination #mentalhealthmatters #GETVACCINATED', 'This #BlackHistoryMonth, read for free the special issue, The Black Lives Matter Movement: Implications for Anti‐Racist Adult Education, from New Directions for Adult and Continuing Education. &gt;&gt; https://***eL https://***TL', '-']",-,content_C,post
t0722,u1876,2020-08-18 19:02:49+00:00,BlackLivesMatter,j***t,'Mind the Gap' by Malone Mukwende. Such revolutionary milestone this is in the history of #medicine #BlackLivesMatter https://***Yq,"['Two Alabama doctors support Black Lives Matter movement by wearing black... https://***FU via @Y***e. #blackscrubs4blacklives. #blackscrubsforblacklives. Let’s join in to support each other with a simple visual sign on August 28! #dresslikeasurgeon', ""'Mind the Gap' by Malone Mukwende. Such revolutionary milestone this is in the history of #medicine #BlackLivesMatter https://***Yq"", ""Telegraph's Facebook page, full of racists talking about George Floyd's death and justifying killing by the police #BlackLivesMatter #blacklivesmatteruk #GeorgeFloyd https://***7B https://***nk @T***h https://***Ru https://***gw"", '-']",-,content_B,post
t0737,u1276,2020-08-27 17:39:54+00:00,BlackLivesMatter,y***z,"If you judge protests by their violent minorities but do not judge the police for their most violent cops, then you need to question your line of reasoning. The US is wounded and in dire need of sensible leadership. Whatever y'all doing is broken #BlackLivesMatter #JacobBlake","[""If you judge protests by their violent minorities but do not judge the police for their most violent cops, then you need to question your line of reasoning. The US is wounded and in dire need of sensible leadership. Whatever y'all doing is broken #BlackLivesMatter #JacobBlake"", 'No. Unacceptable excuse. WE DEMAND CHANGE. #BlackLivesMatter https://***31', '👏🏼 #BlackLivesMatter https://***pE', '-']",-,content_A,post
t3806,u1774,2022-03-04 00:11:36+00:00,BlackLivesMatter,l***d,-,"['As his attack falters, Putin could become more brutal – and even more irrational https://***aH #HolocaustMemorialDay #MLK #GrenfellTower #BlackLivesMatter #BidenHarris #oprahmeghanharry #ReparationsNow', 'Liberal states like New York and California might be nominally progressive, but their institutions are still, in many ways, small-c conservative—with plenty of nominal progressives working to make sure they stay that way. They must be stopped.', '@M***D #BlackLivesMatter https://***xe', '-']",tweet_C,-,retweet
t2568,u3253,2022-02-10 10:49:48+00:00,BlackLivesMatter,C***r,-,"['Well with the recent controversies going on with Coronavirus, Joe Rogan, #KyleRittenhouse &amp; Trucker Convoy going on in Canada, I want to make sure that these things is what I still stick to without the need for Infighting,', '14 more of our neighbors are reported lost to #COVID19. May their memories be a blessing. #NHPolitics https://***Rl', 'Naomi Osaka is a 4x Grand Slam singles champ, was ranked No. 1 by the Women’s Tennis Association, &amp; topped Forbes list of highest-paid female athletes! In 2019, Barbie released a doll made in her image. Osaka shows activism with support for the Black Lives Matter movement! #BHM https://***vg', '-']",tweet_C,-,retweet
t2378,u0059,2022-02-04 12:57:13+00:00,BlackLivesMatter,i***s,Huge thank you to @N***g who identified #TheBlackAgendaBook as a worthy subject for such a large platform before her departure to @v***x. Black women and women of color stay undefeated. #BlackHistoryMonth #BHM #BlackGirlMagic #BlackLivesMatter https://***DK,"['Huge thank you to @N***g who identified #TheBlackAgendaBook as a worthy subject for such a large platform before her departure to @v***x. Black women and women of color stay undefeated. #BlackHistoryMonth #BHM #BlackGirlMagic #BlackLivesMatter https://***DK', 'Me: Black Lives Matter. Other guy: Actually, ALL lives matter. Me: Christ. What’s your problem? If someone had, say, a breast cancer tee shirt on, would you say ALL cancers matter? Other guy: You’ve got a point... (starts shirt company) https://***s0', 'RIP #OfficerMora He saved lives in life and in death. #Hero #BlueLivesMatter https://***Ye', '-']",tweet_C,content_A,reply
t0646,u2429,2020-06-30 16:06:04+00:00,BlackLivesMatter,P***g,"In case you missed it, Pachamama Alliance recently hosted a series of discussions inspired by Black Lives Matter. You can learn more and watch the recordings, here: https://***QN","['The typical socialist today is not a union guy seeking higher wages but an eco-feminist who marches in #BlackLivesMatter rallies, burns the American flag and throws cement blocks at her political opponents https://***xX', 'In case you missed it, Pachamama Alliance recently hosted a series of discussions inspired by Black Lives Matter. You can learn more and watch the recordings, here: https://***QN', '@u***m We appreciate your standing beside us against the Israeli annexation project, and this means a lot to Palestinians.💖🇵🇸 #BlackLivesMatter #PalestinianLivesMatter', '-']",-,content_B,post
t3936,u2915,2022-03-08 19:56:57+00:00,BlackLivesMatter,I***A,“Some” people stopped being violent &amp; Democrats to keep other people oppressed. They decided to become Republicans &amp; pass laws to oppress them so the police could be the violent ones.😏 -&amp; the beat-ings go on.🙄 #BlackLivesMatter #VoteBlueIn22 https://***lx,"['📣 Black Lives Matter 📣 Placards used in #BlackLivesMatter demonstrations across Wales are now on display in the ‘Wales Is’ gallery at @S***m The placards were donated to the collection following demonstrations in the summer of 2020. https://***y2 https://***pf', 'Jay-Z Told NFL He Would Quit If They Didn’t Let Dr. Dre, Eminem and More Play Super Bowl Halftime Show, Snoop Dogg Reveals https://***IR @X***L #BlackLivesMatter #BlackTwitter', '“Some” people stopped being violent &amp; Democrats to keep other people oppressed. They decided to become Republicans &amp; pass laws to oppress them so the police could be the violent ones.😏 -&amp; the beat-ings go on.🙄 #BlackLivesMatter #VoteBlueIn22 https://***lx', '-']",-,content_C,post
t1637,u3067,2021-02-13 14:33:12+00:00,BlackLivesMatter,v***r,-,"['Don\'t forget A Virtual WOCSpace Book Club is happening right now! Join us for group check-in and popcorn style reading. We are continuing ""Sister Outsider"" by Audre Lorde. #WOCinSTEM #ListenToBipoc #supporteachother #AmplifyWOC #BlackLivesMatter #BIPOC https://***TA', 'Join Me Weekly For Hot Topics, News, Meet New Artists, Influencers and Activist... https://***SM via @Y***e #MichaelBaisden #News #thursdayvibes #baisdenafterdark #thursdaymorning #BlackHistoryMonth #BlackLivesMatter', 'TODAY at 6:30pm! What does CRT really say about education and schooling? What connection does CRT have to the #BlackLivesMatter movement and global Black radical traditions? Register for the event here: https://***Lb', '-']",tweet_A,-,retweet
t3778,u0304,2022-03-03 15:37:19+00:00,BlackLivesMatter,E***R,"🇨🇦 At @A***w, we support the @B***n to bring justice to Black federal employees in #Canada, who have faced dehumanizing experiences of racist exclusion at the hands of #Canada's government. #BlackLivesMatter https://***Jk","['Ding. DING, ding? #PennState #BlackLivesMatter #JusticeForAll', ""🇨🇦 At @A***w, we support the @B***n to bring justice to Black federal employees in #Canada, who have faced dehumanizing experiences of racist exclusion at the hands of #Canada's government. #BlackLivesMatter https://***Jk"", '#German #police stopped train of #refugees from #Ukraine 🇺🇦 at border with #Poland, pulled black people out, supposedly due to lack of papers. Video from ca. 23:00 Weds. 2 March. Thanks for RTs #UkraineRefugees #StandWithUkraine #BlackLivesMatter https://***KK', '-']",-,content_B,post
t0549,u1662,2020-06-05 22:42:31+00:00,BlackLivesMatter,J***l,Let them go. They don't get it #BlackLivesMatter https://***lD,"[""As a doctor and protestor during the pandemic... If you're going to #BlackLivesMatter protest in Hyde Park today I humbly ask you to pls consider ways in which to travel &amp; protest in safe, socially distant manner. ✔️ Wear face coverings. ✔️ Protect yourself, protect others ✔️"", ""Let them go. They don't get it #BlackLivesMatter https://***lD"", 'The difference between them &amp; us. #BlackLivesMatter #BLACK_LIVES_MATTER https://***cK', '-']",-,content_B,post
t3524,u0591,2022-02-26 05:55:10+00:00,BlackLivesMatter,J***S,#FarmersProtest #FarmerProtests #SaveLakshadweep #FarmerLivesMatter #BlackLivesMatter #freepalastine #FreePalestine #freejugrajsingh #freehawara #FreeJaggiNow #bapusuratsinghjikhalsa .ਪ੍ਰਣਾਮ ਸ਼ਹੀਦਾ ਨੂੰ .ਸਰਬੱਤ ਦਾ ਭਲਾ 🙏🏼#KisanMajdoorEktaZindabaad #WhereAreMissingFarmers,"['""It is EASIER to build STRONG children...Than to repair broken men."" - Frederick Douglass #BlackHistoryMonth #BlackTwitter #Quotes #BlackLivesMatter #Quote #Quotestoliveby #BlackLivesMatter https://***Ea', 'My #PaperoftheWeek is from @A***D. “Black participants at both the highest &amp; lowest education levels experienced the least ideal \U0001fac0 indices. Asian &amp; Hispanic participants did not obtain the same degree of \U0001fac0 benefit as their White counterparts.” https://***Ih https://***Yp', '#FarmersProtest #FarmerProtests #SaveLakshadweep #FarmerLivesMatter #BlackLivesMatter #freepalastine #FreePalestine #freejugrajsingh #freehawara #FreeJaggiNow #bapusuratsinghjikhalsa .ਪ੍ਰਣਾਮ ਸ਼ਹੀਦਾ ਨੂੰ .ਸਰਬੱਤ ਦਾ ਭਲਾ 🙏🏼#KisanMajdoorEktaZindabaad #WhereAreMissingFarmers', '-']",-,content_C,post
t0532,u0837,2020-06-05 07:14:11+00:00,BlackLivesMatter,k***o,"#BlackLivesMatter, that much is obvious. Condemning racial violence and discrimination should be easy to do, because it’s the right thing to do. #GeorgeFloyd deserves justice, and those complicit in his murder are just as disgusting. There are other thin… https://***8O https://***1G","['ORLANDO... TOGETHER! Peacefully Protesting! WE MATTER! #BlackOutTuesday #BlackLivesMatter https://***jc', 'We stand with the black community against racism and inequality. Humanity only wins when we all win #blacklivesmatter https://***VR', '#BlackLivesMatter, that much is obvious. Condemning racial violence and discrimination should be easy to do, because it’s the right thing to do. #GeorgeFloyd deserves justice, and those complicit in his murder are just as disgusting. There are other thin... https://***8O https://***1G', '-']",-,content_C,post
t2337,u3054,2022-02-02 14:22:25+00:00,BlackLivesMatter,a***z,-,"['@F***h The Black Lives Matter leader should be a black male. I don’t care about anything that is said until a man runs it.', 'Khan Academy laid off all the folks who wrote this content, and it did it in September 2020, after a summer of Black Lives Matter uprisings. https://***34', 'Wie nutzen Bewegungen wie #MeToo oder #BlackLivesMatter digitalen Protest? Welche Rolle spielen dabei Aktivistinnen und Politikerinnen? Darum geht es in der aktuellen Folge von ""Shift – Leben in der digitalen Welt"": https://***I8', '-']",tweet_C,-,retweet
t0603,u0022,2020-06-12 17:39:43+00:00,BlackLivesMatter,_***s,"We, the Players, stand together with the singular objective of eradicating racial prejudice wherever it exists, to bring about a global society of inclusion, respect, and equal opportunities for All, regardless of their colour or creed. #blacklivesmatter #playerstogether https://***4U","['#ShutDownSTEM for #BlackLivesMatter but NO to shutting down funding opportunities due to #racial prejudice. https://***DA', 'We are committed to keeping racial justice front and center as we train future leaders in #neuroscience and stand in solidarity with #ShutDownSTEM #ShutDownAcademia #BlackLivesMatter #Strike4BlackLives #BlackNeuroscientist #BlackandSTEM', 'We, the Players, stand together with the singular objective of eradicating racial prejudice wherever it exists, to bring about a global society of inclusion, respect, and equal opportunities for All, regardless of their colour or creed. #blacklivesmatter #playerstogether https://***4U', '-']",-,content_C,post
t0708,u0847,2020-08-05 02:10:00+00:00,BlackLivesMatter,A***p,"Even those in uniform aren't safe from racism... This Black FEDERAL OFFICER got racially profiled in Alabama by another police officer. “Had I been in civilian clothes, things would have ended differently... I’m Black Lives Matter Before Blue Lives Matter” https://***Uu https://***7w","['Black Lives Matter yesterday, today and forever ✊🏾🖤 #EndRacism #JUSTICEFORBREONNATAYLOR https://***K6', ""Even those in uniform aren't safe from racism... This Black FEDERAL OFFICER got racially profiled in Alabama by another police officer. “Had I been in civilian clothes, things would have ended differently... I’m Black Lives Matter Before Blue Lives Matter” https://***Uu https://***7w"", 'The #BlackLivesMatter sign is back up! 4+ positive interactions just today. A shirtless, white hippie driving an RV honked and waved his fist wildly. The host at Missouri Hdwtrs SP said using #BLM instead could comfortably be read as https://***cb for those so inclined! https://***ub', '-']",-,content_B,post
t0434,u2610,2020-05-31 23:17:23+00:00,BlackLivesMatter,a***a,“Injustice anywhere is a threat to justice everywhere” - Martin Luther King Jr. #BLACKLIVESMATTER We must keep working together to rip up the roots of institutionalized racism across the nation. We are always the… https://***eV,"['“Neither love nor terror makes one blind: indifference makes one blind.” – James Baldwin We stand with our Black colleagues, employees, fans, actors, storytellers — and all affected by senseless violence. #BlackLivesMatter', 'Support @B***e #BlackLivesMatter https://***Df', '“Injustice anywhere is a threat to justice everywhere” - Martin Luther King Jr. #BLACKLIVESMATTER We must keep working together to rip up the roots of institutionalized racism across the nation. We are always the... https://***eV', '-']",-,content_C,post
t1597,u1745,2021-01-06 22:02:06+00:00,BlackLivesMatter,D***s,Let this sink in! Today certainly wasn’t about #voterfraud. #Racism #whiteprivilege #DomesticTerrorists #ImpeachTrump #ThisIsAmerica #BlackLivesMatter https://***JU,"['Imagine if Black Lives Matter violently stormed the Capitol Building during a joint session of Congress. Trump — and his supporters — are a cancer for the United States. This is on you.', 'Let this sink in! Today certainly wasn’t about #voterfraud. #Racism #whiteprivilege #DomesticTerrorists #ImpeachTrump #ThisIsAmerica #BlackLivesMatter https://***JU', 'This is a picture of police presence at the capitol during Black Lives Matter protests. Please compare it to the police presence now during the trump supporter protests. Can you spot the differences? https://***wi', '-']",-,content_B,post
t3257,u1668,2022-02-21 13:31:03+00:00,BlackLivesMatter,F***a,NEW: Black Lives Matters Endures. Black Lives Matter has been the largest protest movement in American history. New polling from Carolina Forward shows that #BLM still enjoys net-positive support among NC voters: https://***uL #ncpol https://***SY,"['*68x Sixty eight times more likely to die. Dear #antivaxx #antivaxxers #AntiVaxxer #AntiVaccine #antimandate #antimask #COVIDIOT #nodiscrimination #AllLivesMatter #GetVaccinated 💉💉💉 #WearAMask 😷 #COVID19 ☠️☠️', 'Tue Jun 02 2020 Lewisville, Texas - Officers deploy tear gas against peaceful protesters WATCH: https://***6e #LewisvilleTexas #LPD #blacklivesmatter #blm #defundthepolice #abolishthepolice', 'NEW: Black Lives Matters Endures. Black Lives Matter has been the largest protest movement in American history. New polling from Carolina Forward shows that #BLM still enjoys net-positive support among NC voters: https://***uL #ncpol https://***SY', '-']",-,content_C,post
t0425,u2219,2020-05-31 15:55:44+00:00,BlackLivesMatter,P***y,Just come back from photographing the #London #BlackLivesMatter demo and one of the placards read: “Silence IS Complicity” I thought that spoke so eloquently to the structural #racism that is a daily part of #UKUniversities. @S***d @t***r #Sociology https://***kj,"['Just come back from photographing the #London #BlackLivesMatter demo and one of the placards read: “Silence IS Complicity” I thought that spoke so eloquently to the structural #racism that is a daily part of #UKUniversities. @S***d @t***r #Sociology https://***kj', 'I just unfollowed @j***t until he explain why would he choose this particular time to make unnecessary racial jokes. After reviewing his timeline, he seems more interested in gathering followers and getting on trends than actually transferring knowledge. #BlackLiveMatters https://***aI', 'While a lot focus is rightfully on the situation in the US, let’s not forget that police brutality targeting minorities is rampant all over the world. In Germany, families of Oury Jalloh, Aamir Ageeb, Matiullah Jabarkhil, and many many more still wait for justice... https://***Ya', '-']",-,content_A,post
t0528,u1332,2020-06-05 00:57:47+00:00,BlackLivesMatter,a***s,"Black Lives Matter #BLM #BlackLivesMatter 3 cop cars, 8 cops just arrested my neighbor for having a smoke outside her own apartment in Alphabet City. I filmed from my 1st floor window. Whole block was yelling to let her go. It felt like they chose someone random. To scare us.","['@r***p Donald Trumps Unifying Message, That Twitter Censored! Please Retweet! #BlackLivesMatter #GeorgeFloyd https://***1o', 'Black Lives Matter #BLM #BlackLivesMatter 3 cop cars, 8 cops just arrested my neighbor for having a smoke outside her own apartment in Alphabet City. I filmed from my 1st floor window. Whole block was yelling to let her go. It felt like they chose someone random. To scare us.', 'During #blacklivesmatter protests at the Barclays Center in Brooklyn, New York, Muslim protestors performed their Salah whilst others stood around in silence to respect their prayers. Photo by @s***z #blm #salah #prayer #mvslim #muslim https://***Af', '-']",-,content_B,post
t0490,u1662,2020-06-03 02:25:48+00:00,BlackLivesMatter,J***l,-,"['A message of solidarity against racism from #UAlberta president David H. Turpin. https://***GL #BlackLivesMatter https://***pl', 'If you have a platform of any kind, choosing to be silent is the worst thing you can do. I stand with those protesting for justice and peace and accountability to those in power that have abrogated their responsibility. #BlackLivesMatter', 'We stand with you for justice and change but more importantly against racial discrimination. #georgefloyd #justiceforgeorgefloyd #justiceforahmaud #justiceforbreonnataylor #blacklivesmatter I STAND with... https://***DX', '-']",tweet_B,-,retweet
t1989,u0141,2021-12-04 16:53:01+00:00,BlackLivesMatter,a***_,"However with the influx of western feeding habit, we have messed up our feeding system. African food is life. Eat African and stay African. From @a***1 #african #food #black #goodfood #blacklivesmatter #blackculture #blackexcellence #africanmap #blackculture #AbiyAhm","[""The left threatens #cancelculture again! #BlackLivesMatter demands that black people boycott white businesses for the remainder of 2021! We're talking about it and have special guest Senator @R***l. See you at 10AM ET on YouTube and #MugClub!"", 'However with the influx of western feeding habit, we have messed up our feeding system. African food is life. Eat African and stay African. From @a***1 #african #food #black #goodfood #blacklivesmatter #blackculture #blackexcellence #africanmap #blackculture #AbiyAhm', 'Calling BS on Alice Sebold. #BlackLivesMatter https://***H5', '-']",tweet_B,content_B,reply
t2137,u0289,2022-01-13 03:29:01+00:00,BlackLivesMatter,m***o,"@B***s Sadly, that perspective can also apply to: global warming, Black Lives Matter, non-universal healthcare… ugh. Sometimes it feels like there’s little compassion left in the world.","['#MutualAidRequest #BlackLivesMatter #DOC #T1DLooksLikeMe #InsulinOrDeath #DiabetesMutualAid @M***s @t***c', '@B***s Sadly, that perspective can also apply to: global warming, Black Lives Matter, non-universal healthcare... ugh. Sometimes it feels like there’s little compassion left in the world.', '@A***1 @J***6 @W***_ @K***l That discussion is due to take place at the same time as the discussions about middle class white kids shooting up schools. So no kids can go to school and feel safe to learn! #BlackLivesMatter', '-']",tweet_C,content_B,reply
t2522,u2843,2022-02-09 14:54:47+00:00,BlackLivesMatter,C***N,"A 12-year-old Black swimmer was nearly disqualified from a meet in Superior, Wisconsin, for wearing a Black Lives Matter swimsuit https://***c0","['Bäm, was für starke Worte. 💥 Hier ist einfach alles gesagt, danke @n***y! ♥️ #blacklivesmatter #blackhistorymonth https://***FK', 'A 12-year-old Black swimmer was nearly disqualified from a meet in Superior, Wisconsin, for wearing a Black Lives Matter swimsuit https://***c0', 'Not news or surprising. Annoying that it took nearly two years of division to come to this moment. Lock up all the co-conspirators now. #TuesdayThoughts #TuesdayMotivation #WritingCommunity #BlackLivesMatter #amwritingfiction #KindnessMatters #StrongerTogether #Resist https://***3k', '-']",-,content_B,post
t0718,u0046,2020-08-14 18:26:08+00:00,BlackLivesMatter,b***y,"This is a must-watch not only for every rugby fan, but for every single person. This is why black lives matter. We must all stand united in the fight against racism. Every. Single. Day. Thank you to @u***e, @m***e and @E***e for sharing their important stories. https://***Uy","['Democrats tweet about COVID-19 and Black Lives Matter far more than Republicans. Democrats tend to discuss public health issues in tweets about the pandemic, Republicans tend to tweet about its economic impacts. Work by @a***_ and @d***h https://***OJ https://***sb', 'Black Lives Matter Mob Demands White People Give Up Their Homes - https://***L9', 'This is a must-watch not only for every rugby fan, but for every single person. This is why black lives matter. We must all stand united in the fight against racism. Every. Single. Day. Thank you to @u***e, @m***e and @E***e for sharing their important stories. https://***Uy', '-']",-,content_C,post
t1750,u0601,2021-05-25 20:24:27+00:00,BlackLivesMatter,D***L,"It has been one year today since George Floyd’s murder. Those horrifying 9 minutes and 29 seconds shocked the country into action. While we have made progress, there is much to be done to address necessary police reforms and to affirm that #BlackLivesMatter .","['On this one year anniversary of #GeorgeFloyd murder let’s continue to actively fight against racism and bigotry in all its forms, and commit to being humble enough to learn what we don’t know and constantly evolve #BlackLivesMatter https://***tv', 'It has been one year today since George Floyd’s murder. Those horrifying 9 minutes and 29 seconds shocked the country into action. While we have made progress, there is much to be done to address necessary police reforms and to affirm that #BlackLivesMatter .', 'TODAY at 6pm. #Brighton Level. #BlackLivesMatter ✊✊🏾✊🏻 https://***SH', '-']",-,content_B,post
t0454,u2619,2020-06-01 21:00:10+00:00,BlackLivesMatter,N***n,we are all part of the change #blacklivesmatter ✊🏿✊🏾✊🏽✊🏼✊🏻 https://***4X,"['More ways to take action now - most of these are adaptable to other professions #blacklivesmatter https://***yg', 'we are all part of the change #blacklivesmatter ✊🏿✊🏾✊🏽✊🏼✊🏻 https://***4X', '📢 TODAY Wear masks and follow social distancing. #blacklivesmatter #policebrutality #policeracismisterrorism #ldnblm https://***gW', '-']",-,content_B,post
t3288,u0374,2022-02-21 21:31:09+00:00,BlackLivesMatter,D***_,-,"['This moment sums up the #MAGA movement—a lashing out by entitled whites to maintain the white supremacist society. #BlackLivesMatter #FluTruxKlan #BLM #TrumpCult #January6th https://***GA', 'The UK\'s Department for Education has issued ""Political impartiality in schools"" guidance, which says that modern historical events including the ongoing #Palestine-Isr*el conflict and Black Lives Matter must be dealt with in a ""balanced"" way. https://***HD', "". . . and I'm getting an all black #runner version of this... The 2022 Harley-Davidson Pan America Special w/ #Revolution #MAX #rolling #THUNDER in it!!! Cuz.... $DTPT @D***n #DefundThePolice #BlackLivesMatter #ALTFED https://***Zq . https://***L1"", '-']",tweet_C,-,retweet
t1828,u1404,2021-09-09 17:51:31+00:00,BlackLivesMatter,B***r,"Guess the Taliban is not down with the whole ""Black Lives Matter"" thing. Big surprise there. ""Taliban Paints over George Floyd Mural in Kabul with ‘Victory Slogans‘"" https://***3g","['Please sign our petition to remove armed police from South Bend, IN schools 👇🏿#BlackLivesMatter https://***ju', '@n***s Afghanistan is a free and different society they dont need your satanic suggestions. Did the Taliban impose their ideology to others? Like you west always do. You should solve your black live matters type problems instead of teaching other.', 'Guess the Taliban is not down with the whole ""Black Lives Matter"" thing. Big surprise there. ""Taliban Paints over George Floyd Mural in Kabul with ‘Victory Slogans‘"" https://***3g', '-']",-,content_C,post
t2993,u1038,2022-02-17 17:02:03+00:00,BlackLivesMatter,J***6,-,"['@R***p UNTIL... #seethefaces #TheBigLie #DomesticTerrorist #BlueLivesMatter #lockthemup #MerryChristmas #TheyWouldChargeMe #Treason #FoxPlayedAPart #Follow #trainedgangs #stupidsonofabitch #StupidSOB https://***pP', 'Court Overturns Conviction Of Cop Who Shot Caregiver With Hands Up While Trying To Shoot Autistic Man Holding Toy Truck - The Police Tribune https://***aL Follow @b***r #BlueLivesMatter #BackTheBlue #lawenforcement #PoliceTribune', '@w***i RACISM DOES NOT CHANGE THE MIND OF THE RACIST / THE RACIST ONLY CHANGES ITS FORM!!️ White Supremest and Kiddie Fiddler Steve Karpovitz #Baltimore #Atlanta #BlackLivesMatter #Providence #RhodeIsland #ForThePeople #BOLO #Boston #Massachusetts #Mississippi #FBA #BlackAdam https://***3u', '-']",tweet_B,-,retweet
t0502,u2897,2020-06-03 18:26:27+00:00,BlackLivesMatter,o***t,We Stand In Solidarity with Black Lives Matter. #blacklivesmatter #solidarity https://***6E,"['We Stand In Solidarity with Black Lives Matter. #blacklivesmatter #solidarity https://***6E', 'A message from our executive board #BlackLivesMatter #JusticeForGeorgeFloyd https://***3g', 'We will never truly understand the depth &amp; magnitude of the pain black people have had to endure for years, but we hope we can use our voice and this platform to show our support &amp; solidarity. More importantly, we are here to listen &amp; learn how we can do better. #blacklivesmatter https://***JT', '-']",-,content_A,post
t0487,u0965,2020-06-02 22:32:51+00:00,BlackLivesMatter,D***s,"Now is the time to affirm national support for #BlackLivesMatter, acknowledge systemic racism, and reaffirm our shared commitment to finally remove the cancer from our body politic.","['Now is the time to affirm national support for #BlackLivesMatter, acknowledge systemic racism, and reaffirm our shared commitment to finally remove the cancer from our body politic.', 'Black Lives Matter. To realize this yes, physical violence must end. So must white supremacy culture in our orgs. A friend (req anon) shared Jones &amp; Okun w me after Ferguson: https://***en When I read this, I see so much of academia. White people: we have work to do.', 'Stop with the racism, and acknowledge that Black Lives Matter.', '-']",-,content_A,post
t0551,u0455,2020-06-06 03:59:30+00:00,BlackLivesMatter,A***e,-,"['I pledge to oppose racism and hate through active allyship, continuous unlearning, learning, and listening. Join me by nominating 5 others to do the same. #BlackLivesMatter @L***b @b***s @B***b @S***b @B***h https://***Co', '💔 ‘Breath’ has been out for about a week now and it’s #BandcampFriday so for today and for the foreseeable future 100% of bandcamp proceeds will go to #BlackLivesMatter https://***Mu', 'Now that we’re making demands. We’d like to amend the 13th Amendment, change the name of Plantation Florida, Oh yeah and negotiate with Japan...we want our own Pokémon. Blackachu! 😂 #BlackLivesMatter', '-']",tweet_B,-,retweet
t3004,u2116,2022-02-17 18:59:31+00:00,BlackLivesMatter,A***Q,"Black History Month was created to honor the achievements of African Americans and their central, though often overlooked, role in US History. #BlackMonthHistory #BlackCommunity #BlackHistory #AfricanAmericanHistory #AfricanAmericans #MinorityCommunity #BlackLivesMatter #APAPA https://***SI","['this is a track of a generation! https://***ye #blacklivesmatter #BlackPanthers', 'First #black #Congressman #Honored at #USA #Capitol #BlackHistoryMonth #BlackLivesMatter https://***K5', 'Black History Month was created to honor the achievements of African Americans and their central, though often overlooked, role in US History. #BlackMonthHistory #BlackCommunity #BlackHistory #AfricanAmericanHistory #AfricanAmericans #MinorityCommunity #BlackLivesMatter #APAPA https://***SI', '-']",-,content_C,post
t3394,u1694,2022-02-23 16:47:15+00:00,BlackLivesMatter,V***y,"This #BlackHistoryMonth we celebrate the courageous, creative &amp; visionary Black activists who make up our movement Support #TonyPorter’s (Activist/Co-Founder @a***n) path-making work: https://***xb #BlackFuturesMonth #BlackLivesMatter #BLM #1BillionRising #VDay https://***1v","['Ladies can now Break Bad Habits, Set Goals, Meal Plan and Get Organized https://***Po #blackwomen #blackgirlmagic #melanin #blackmen #blacklivesmatter #blacklove #blackexcellence #blackgirlsrock #melaninpoppin #Blackculture https://***72', 'There will be no outcry what so ever, simply because ONLY black lives matter. https://***Il', 'This #BlackHistoryMonth we celebrate the courageous, creative &amp; visionary Black activists who make up our movement Support #TonyPorter’s (Activist/Co-Founder @a***n) path-making work: https://***xb #BlackFuturesMonth #BlackLivesMatter #BLM #1BillionRising #VDay https://***1v', '-']",-,content_C,post
t1230,u1101,2020-10-12 04:00:58+00:00,BlackLivesMatter,a***x,17 years and counting.... 👑#kingjames #blacklivesmatter #nbaplayoffs #mvp #lebronjames #anthonydavis #rondo #kcp https://***ly,"['17 years and counting.... 👑#kingjames #blacklivesmatter #nbaplayoffs #mvp #lebronjames #anthonydavis #rondo #kcp https://***ly', '#blacklivesmatter 🖤 @s***d @ Anantara The Palm Dubai Resort https://***qj', 'Dear @G***e during the Black Lives Matter Protests, you changed your avatar to support the movement. It is only fair that you change your avatar to #EndSarsProtests in solidarity for the Nigerian Youths. Our lives matter too. Keep RTing this!', '-']",-,content_A,post
t0580,u0882,2020-06-09 22:45:48+00:00,BlackLivesMatter,D***h,Tomorrow we will be joined by @A***y to talk about the global #blacklivesmatter movement and why we need to organise in the fight against racism. https://***8v,"['Okay this is LA’s #BlackLivesMatter protest today. https://***Np', 'In case you still didn’t understand. #seattleprotests #protest #BlackLivesMatter #BLM https://***TL', 'Tomorrow we will be joined by @A***y to talk about the global #blacklivesmatter movement and why we need to organise in the fight against racism. https://***8v', '-']",-,content_C,post
t2565,u0099,2022-02-10 10:28:43+00:00,BlackLivesMatter,S***1,-,"['Support #indieAuthors #indiebooks #AuthorUpROAR #indieAuthorChat #bookstan #novelist #bookworm #booktrailer #booklover #BookBuzz #books #BookBangs #BookBoost #AuthorsOfTwitter #authorRT #WritingCommunity #BlackLivesMatter #WriterWedn... https://***eL', ""The treatment Zouma is being subjected to defies logic. Considering that some players have been accused of almost the same crimes yet received minor punishment. I don't condone what he did, I simply wish that fairness reigns in such cases #BlackLivesMatter"", 'Dream Deferred | The #Holocaust forgotten black victims – the ‘Rhineland Bastards’ #blm #blacklivesmatter https://***Sx', '-']",tweet_C,-,retweet
t0394,u1950,2020-05-27 23:01:46+00:00,BlackLivesMatter,t***r,"If you are a white person who is angry about the horrific murder of George Floyd, here is a Google Doc with lots of anti-racism resources for white people. It's not enough to be ""not racist,"" we have to actively fight against racism. #BlackLivesMatter https://***C2","['Here we are once again. #GeorgeFloyd #SayHisName #BlackLivesMatter https://***yg', 'If you are a white person who is angry about the horrific murder of George Floyd, here is a Google Doc with lots of anti-racism resources for white people. It\'s not enough to be ""not racist,"" we have to actively fight against racism. #BlackLivesMatter https://***C2', '#BlackLivesMatter https://***61', '-']",-,content_B,post
t1742,u0131,2021-05-15 05:08:45+00:00,BlackLivesMatter,J***g,A Country has become a Cinema Other countries has become the audience No one wants to leave No one wants to pause the movie nor stop the movie And I can tell from the look of things that this movies is so very interesting. #Nigeria #Nigerians #freedom #love #BlackLivesMatter,"['Devastating. Mississippi has some of the worst health outcomes in the country. #MedicaidExpansion would save lives. Period. #BlackLivesMatter #maternalhealth #healthcare https://***Jn', 'A Country has become a Cinema Other countries has become the audience No one wants to leave No one wants to pause the movie nor stop the movie And I can tell from the look of things that this movies is so very interesting. #Nigeria #Nigerians #freedom #love #BlackLivesMatter', 'People marched all over the US last summer for Black Lives Matter but it doesn’t seem the case when it’s for the Palestinians. It’s quite gross they’ve been living as second class citizens and forcefully moved out of their homes and getting bombed without a place to go to', '-']",-,content_B,post
t1594,u2131,2021-01-06 14:58:35+00:00,BlackLivesMatter,c***e,"Place your bets: Black Lives Matter - even money Antifa - 3/2 DSA / AOC - 2:1 Black people generally - 5:1 The working poor - 5:1 Trump, somehow - 7:1 Joe Manchin - 10:1 Wall St. / Corporate donors - 25:1 Nancy Pelosi - 100:1 The two party system - 250:1 Capitalism - 10,000:1 https://***3R","['Capitol Hill during Black Lives Matter v. Capitol Hill today. No words needed. https://***eU', 'BREAKING: We are suing the Proud Boys and their members for the racist attack on Metropolitan AME church in Washington DC. This attack was one of several levied against churches targeted for their support of the Black Lives Matter movement. The Proud Boys are NOT above the law. https://***wH', 'Place your bets: Black Lives Matter - even money Antifa - 3/2 DSA / AOC - 2:1 Black people generally - 5:1 The working poor - 5:1 Trump, somehow - 7:1 Joe Manchin - 10:1 Wall St. / Corporate donors - 25:1 Nancy Pelosi - 100:1 The two party system - 250:1 Capitalism - 10,000:1 https://***3R', '-']",-,content_C,post
t3661,u0474,2022-03-01 16:35:56+00:00,BlackLivesMatter,W***4,Why are they restricting Africans from leaving Ukraine 🇺🇦? #BlackLivesMatter too!! I am sorry for what’s happening but we all should be treated equal #UkraineRussiaWar #UkraineInvasion,"['Why are they restricting Africans from leaving Ukraine 🇺🇦? #BlackLivesMatter too!! I am sorry for what’s happening but we all should be treated equal #UkraineRussiaWar #UkraineInvasion', 'Read “Black Lives Matter: Revisiting Charles Henry Turner’s experiments on honey bee color vision” from @C***y (ARTICLE): https://***ug', ""Who else is INSPIRED to see brave Russians flooding the streets, facing jail or even DEATH to protest Putin's invasion of Ukraine?"", '-']",-,content_A,post
t3432,u1880,2022-02-24 07:59:11+00:00,BlackLivesMatter,J***1,Jacob Rees-Mogg says senior civil servants should not endorse Black Lives Matter..#Britain..#Tories..,"[""What I don't hear is a general outcry ala #Windrush and why not? After all, the result could be the same thing. In my own view, this is ethnic cleansing by stealth. #BLMUK #BlackLivesMatter #BlackTwitter #UKPolitics https://***V1"", 'Jacob Rees-Mogg says senior civil servants should not endorse Black Lives Matter..#Britain..#Tories..', 'This #BlackHistoryMonth we celebrate the courageous, creative &amp; visionary Black activists who make up our movement Support #TonyPorter’s (Activist/Co-Founder @a***n) path-making work: https://***xb #BlackFuturesMonth #BlackLivesMatter #BLM #1BillionRising #VDay https://***1v', '-']",-,content_B,post
t3620,u2211,2022-02-28 15:57:25+00:00,BlackLivesMatter,m***n,@c***k @U***Y @N***R &gt;Congratulations !! &gt; BE AWARE @t***s/media will turn your image into #brainwashing for #Black women !! &gt; Sheila Jackson Lee signature hairstyle GREAT Nice braided bun SUPERB &gt; NO negligence/NO puppet #BlackHistoryMonth #BlackLivesMatter @B***T #Africa https://***8T,"['@c***k @U***Y @N***R &gt;Congratulations !! &gt; BE AWARE @t***s/media will turn your image into #brainwashing for #Black women !! &gt; Sheila Jackson Lee signature hairstyle GREAT Nice braided bun SUPERB &gt; NO negligence/NO puppet #BlackHistoryMonth #BlackLivesMatter @B***T #Africa https://***8T', '@H***n @C***n #machinelearning #causaltwitter #indiedev #devupdate #ChatBot #opensource #perl #NodeJs #SupremeCourt #PHP #java #BackTheBlue #antifa #Anonymous #blmprotest #BLM #BlackLivesMatter #AllLivesMatter #Trump #Covid19 #Variant #Democrats #Democracy https://***Ws', 'Even in times of war, racism is evident. Some people more equal than others. #BlackLivesMatter', '-']",tweet_A,content_A,reply
t3949,u3173,2014-11-25 03:09:04+00:00,BlackLivesMatter,d***k,Stats. #BlackLivesMatter | @F***t It's Incredibly Rare For A Grand Jury To Do What Ferguson's Just Did http://***m7,"['If you need this long to explain and 100 days, maybe you need an actual trial. #BlackLivesMatter', 'Communities of color are not the enemy #thisiswhattheologylookslike #BlackLivesMatter #Ferguson http://***dn', ""Stats. #BlackLivesMatter | @F***t It's Incredibly Rare For A Grand Jury To Do What Ferguson's Just Did http://***m7"", '-']",-,content_C,post
t0540,u1960,2020-06-05 17:58:27+00:00,BlackLivesMatter,M***y,-,"['#blacklivesmatter #yourlifematters #alllivesmatter #theirlivesmatter too. @w***e my world, my circle will hear the names of these children. Praying for all their families and for the family George Floyd. We need Jesus! https://***fC', '👍 on @Y***e: TimcastIRL - Black Lives Matter Leader Plans Armed Patrols, Liberals Buying Guns Like CRAZY https://***md', 'Today, at 3:45 p.m. ET / 12:45 p.m. PT, I will be silent for 8 minutes, 46 seconds -- to remember George Floyd as Minneapolis gathers for his memorial service. Please join in this time of silence. Rest in power, beautiful. #BlackLivesMatter #GeorgeFloyd https://***wy', '-']",tweet_C,-,retweet
t2783,u1847,2022-02-15 02:19:48+00:00,BlackLivesMatter,b***r,Cash Reward Offered To Catch Vandals Threatening Cops And Their Wives - The Police Tribune https://***YC Follow @b***r #BlueLivesMatter #BackTheBlue #lawenforcement #PoliceTribune,"['#indigenouslivesmatter #blacklivesmatter #honk #nottoday #Gaslighting #settlers https://***tz', 'When blue lives matter meets Black Lives Matter https://***Hu', 'Cash Reward Offered To Catch Vandals Threatening Cops And Their Wives - The Police Tribune https://***YC Follow @b***r #BlueLivesMatter #BackTheBlue #lawenforcement #PoliceTribune', '-']",-,content_C,post
t0481,u1502,2020-06-02 18:27:20+00:00,BlackLivesMatter,D***c,En México se subieron al tren del mame de ‘Black lives matter’ cuando hay gente que le habla horrible a sus muchachas y les vale tipoooo . No entiendo .,"['En México se subieron al tren del mame de ‘Black lives matter’ cuando hay gente que le habla horrible a sus muchachas y les vale tipoooo . No entiendo .', 'It has been so uplifting to see the many inspiring posts by so many wonderful scientists as part of #BlackInNature #BlackBirdersWeek and #BlackInSTEM. Thank you for sharing your stories. #BlackLivesMatter', 'Particularly as a band that has always celebrated and embraced diversity, we stand in solidarity with the #BlackLivesMatter movement and all of those fighting for justice, liberation and freedom. Please click here to find out how you can make a difference: https://***42 https://***Mw', '-']",-,content_A,post
t2417,u2377,2022-02-06 13:58:54+00:00,BlackLivesMatter,p***p,"One discovers the light in darkness, that is what darkness is for; but everything in our lives depends on how we bear the light. James Baldwin #Baldwin #sundaysentence #February2022 #february #BlackHistoryMonth #BlackLivesMatter #writerscommunity #WritingCommunity #writingprompt","['""A Champion Named ‘Black Lives Matter’"" Story by @D***l: https://***yz', 'Theme: a Black man and a Black woman https://***aO', 'One discovers the light in darkness, that is what darkness is for; but everything in our lives depends on how we bear the light. James Baldwin #Baldwin #sundaysentence #February2022 #february #BlackHistoryMonth #BlackLivesMatter #writerscommunity #WritingCommunity #writingprompt', '-']",-,content_C,post
t0665,u2070,2020-07-12 14:50:20+00:00,BlackLivesMatter,B***6,Representative Marcia L. Fudge: Introduce The Black Lives Matter Act! - Sign the Petition! https://***ei via @C***e,"['https://***S5 I don’t want the police to drop this case. She didn’t follow the social distance, spat on me, if she had coronavirus, she would be able to kill me. @E***C @V***e @s***e #BlackLivesMatter #BlackLivesMatterUK', 'Representative Marcia L. Fudge: Introduce The Black Lives Matter Act! - Sign the Petition! https://***ei via @C***e', 'Do black lives matter only when the killer is white? We have a bigger problem then. #LivesMatter #riptiktok', '-']",-,content_B,post
t0585,u2059,2020-06-10 18:51:43+00:00,BlackLivesMatter,e***k,-,"[""I'm joining the #RhodesMustFall protest at 5pm in Oxford today. I'll stay 2m from other people. But this is important. This is a historical tipping point, which could change the way we see ourselves and each other. Hope to see you there. Love and courage. #BlackLivesMatter"", 'When @a***o is doing better journalism than actual news channels https://***nc #BlackLivesMatter #TruthMatters', ""No Taxation Without Representation = No Social Contract Without Representation = Black Lives Matter So, if you're against #BLM, you are unAmerican #BlackLivesMatter"", '-']",tweet_B,-,retweet
t0636,u2879,2020-06-24 17:18:39+00:00,BlackLivesMatter,a***m,"for the inaugural issue of @t***g i wrote about Black Lives Matter, and got to do some editing too https://***oM","['Brace yourself, Ep.2 of #MetalheadPolitics is coming on July 1st.@e***u and I will be talking about Hong Kong, Black Lives Matter, and racial discrimination in Taiwan. Stay tuned. https://***lV', 'for the inaugural issue of @t***g i wrote about Black Lives Matter, and got to do some editing too https://***oM', 'Farah said it, you can quote her ;) “It’s because of civic engagement that love is love, #metoo has become a movement, women’s marches are known, black lives matter, we continue to listen and support those who have something to say, and dreamers are here to stay.” #letsdothis https://***1K', '-']",-,content_B,post
t3848,u2865,2022-03-04 18:40:28+00:00,BlackLivesMatter,B***K,"""We have to ensure that that Black lives matter in times of war and in times of peace"" https://***F9","['Le photographe Hugo Comte revisite nos mythologies à l’heure de Black Lives Matter - https://***Ph https://***xI', '@W***0 Reminder that DeSantis doesn’t support #BlueLivesMatter #FloridaMan', '""We have to ensure that that Black lives matter in times of war and in times of peace"" https://***F9', '-']",-,content_C,post
t0418,u0898,2020-05-31 01:49:31+00:00,BlackLivesMatter,s***s,“A #riot is the language of the unheard.” - #martinlutherkingjr #civilrights #blacklivesmatter #nojusticenopeace #tonymcdade #georgefloyd #yassinmohamed #finanhberhe #seanreed #stevendemarcotaylor #arianemccree… https://***dh,"[""Hate racism in any form, but pls don't hate people 🙏, US is truly an exceptional country, the more people from diff background learn, understand, appreciate, respect each other, less racism will be. #BlackLiveMatter"", 'Yes. #JusticeForGeorgeFloyd #ICantBreathe #BlackLivesMatter https://***Vw', '“A #riot is the language of the unheard.” - #martinlutherkingjr #civilrights #blacklivesmatter #nojusticenopeace #tonymcdade #georgefloyd #yassinmohamed #finanhberhe #seanreed #stevendemarcotaylor #arianemccree... https://***dh', '-']",-,content_C,post
t1697,u1822,2021-04-09 15:16:44+00:00,BlackLivesMatter,k***r,⁦@Y***e⁩ ⁦@G***e⁩ this just too much. You also blocked “black in tech”? Why??—- Google Blocks Advertisers from Targeting Black Lives Matter YouTube Videos – The Markup https://***gU,"['\u2066@Y***e\u2069 \u2066@G***e\u2069 this just too much. You also blocked “black in tech”? Why??—- Google Blocks Advertisers from Targeting Black Lives Matter YouTube Videos – The Markup https://***gU', ""Fictional plot of POLTERGEIST unfolding for real in Virginia— only it's a slave graveyard they want to build houses on. #BlackLivesMatter #BlackHistoryMatters https://***t4"", 'Black Lives Matter protesters have reportedly blocked traffic outside the Hennepin County Government Center and forced people to honk their horns “for justice.” https://***vI', '-']",-,content_A,post
t2330,u1228,2022-02-02 02:11:29+00:00,BlackLivesMatter,m***s,-,"['In celebration of #BlackHistoryMonth in the US, we believe there are the women you ought to know about. Marie Daly, was an American biochemist and the first African American woman in the United States to earn a Ph.D. in chemistry 🧬 #BlackLivesMatter #WomeninSTEM https://***av', '#CallToAction 👇🏽 #FreePervis #FreePervisPayne #JusticeForPervis #JusticeForPervisPayne #BringPervisHome #BringPervisPayneHome #TeamPayne #BlackLivesMatter https://***4j', ""That's why, in celebration of #BlackHistoryMonth , it's important that we continue to stand together to #erasethehate. By donating to my #Cauze, you are supporting and funding nonprofit organizations dedicated to #eradicatingracism."", '-']",tweet_B,-,retweet
t2998,u1082,2022-02-17 18:11:48+00:00,BlackLivesMatter,e***d,Vocal and consistent opposition to Black Lives Matter has become the prominent position among Congressional Republicans and will likely be a core feature of their argument in the midterms. Here is McConnell's full floor speech: https://***hy https://***pK,"['SERIOUS medical EMERGENCY!!!! DONATE: Vm: WebbWilson CA: $DaunderDogg #MutualAid #MutualAidRequest #Urgent #Disability #ChronicIllness #Emergency #Help #Donate #Donations #BlackLivesMatter #BHM https://***oD', 'TODAY at 4PM: Art, Museums, and the Fear of a Black Planet Scholar/curator Bridget R. Cooks will discuss art, museums, and demands for change in the age of #BlackLivesMatter with Lois D. Conley of the STL Griot Museum of Black History. Event Details: https://***1d https://***zd', ""Vocal and consistent opposition to Black Lives Matter has become the prominent position among Congressional Republicans and will likely be a core feature of their argument in the midterms. Here is McConnell's full floor speech: https://***hy https://***pK"", '-']",-,content_C,post
t0404,u1077,2020-05-29 21:50:52+00:00,BlackLivesMatter,l***y,We need to change. #blacklivesmatter #GeorgeFlyod https://***1U,"['We need to change. #blacklivesmatter #GeorgeFlyod https://***1U', '@y***t @h***r #BlackLivesMatter', 'i know this is a small account but if you see this please rt/rep with #BlackLivesMatter https://***00', '-']",-,content_A,post
t0663,u0041,2020-07-10 20:06:43+00:00,BlackLivesMatter,p***t,And we’ll say it again. Black Lives Matter. https://***vC,"['Proud of @C***y &amp; @D***m caring for all in our community. #BlackLivesMatter', '“The data exposes that Black women suffer from exclusion at work more than their counterparts. It’s time for leaders to act.” @G***S #BlackLivesMatter #RacismIsAPublicHealthCrisis https://***GA', 'And we’ll say it again. Black Lives Matter. https://***vC', '-']",tweet_A,content_C,reply
t1691,u1698,2021-04-02 07:06:40+00:00,BlackLivesMatter,k***3,"Mother, mother There's too many of you crying Brother, brother, brother There's far too many of you dying “Whats Going On” – Marvin Gaye (b. April 2, 1939) #HappyBirthday #MarvinGaye #StopAsianHate #BlackLivesMatter #musica #musicislife https://***to","['Florida Republicans are advancing a controversial anti-riot bill, their response to Black Lives Matter protests over the killing of George Floyd. @r***N reports. https://***GC', ""Mother, mother There's too many of you crying Brother, brother, brother There's far too many of you dying “Whats Going On” – Marvin Gaye (b. April 2, 1939) #HappyBirthday #MarvinGaye #StopAsianHate #BlackLivesMatter #musica #musicislife https://***to"", ""The @G***K Commission on Race and Ethnic Disparities believes #institutionalracism doesn't exist in a country built on #colonialism and #WhiteSupremacy and naturally front page news on @D***K. Ridiculous. #BlackLivesMatter https://***Be https://***tp"", '-']",-,content_B,post
t1473,u0174,2020-11-24 17:52:35+00:00,BlackLivesMatter,L***H,"3⃣ Invite new participants through community partnerships with @a***h @I***H @w***n @P***e @w***a @C***m, SisterFriend, and countless others. #PittsburghProud #allforall #BlackLivesMatter","['Get a limited edition, signed &amp; numbered silkscreen print. Support the fight for social justice and help put an end to systemic racism. Follow the project and find out more at https://***7T #BlackLivesMatter #BLM #socialjustice #love https://***3v', '3⃣ Invite new participants through community partnerships with @a***h @I***H @w***n @P***e @w***a @C***m, SisterFriend, and countless others. #PittsburghProud #allforall #BlackLivesMatter', 'The summer of 2020 saw a surge in demonstrations and activism for the rights of black people as well as countless other marginalized groups. As a result, the term BLACK LIVES MATTER, as well as its abbreviation BLM, soared in usage beginning in June of this year... https://***GQ', '-']",tweet_C,content_B,reply
t0711,u1541,2020-08-06 18:43:45+00:00,BlackLivesMatter,S***s,-,"['For the last few months, I’ve avoided social media to maintain good mental health during quarantine, but I want to let you all know where I stand on a few things. -#BlackLivesMatter -Racism is unacceptable and should be actively fought in all of its forms. -Wear a damn mask.', '📷 Beautiful drawing by @j***i in honor of James Baldwin’s birthday, August 2nd #jamesbaldwin #blacklivesmatter #sfart #drawing #lgbtqpride (at San Francisco, California)... https://***Pm', 'Important read on Black Lives Matter and lessons from Palestine by my friend \u2066@n***r\u2069 https://***9T', '-']",tweet_C,-,retweet
t3546,u0511,2022-02-26 18:00:01+00:00,BlackLivesMatter,M***e,LISTEN AND SHARE!!! Rockford Reading Daily Podcast 016 - Have Black Lives Ever Mattered by Mumia Abu-Jamal #apple #applepodcasts #podcast #BlackLivesMatter #BLM https://***6f,"[""We're giving recommendations on what to watch all #BlackHistoryMonth! #6Streets documents the creation of six street murals, honoring the Black Lives Matter movement in neighborhoods across Kansas City. Watch as art comes to life. Streaming NOW: https://***5."", 'LISTEN AND SHARE!!! Rockford Reading Daily Podcast 016 - Have Black Lives Ever Mattered by Mumia Abu-Jamal #apple #applepodcasts #podcast #BlackLivesMatter #BLM https://***6f', '#Maddow #Bitcoin #CNN #ElizabethWarren #Manchin #Covid_19 #Pelosi #TheSquad #NYC #AOC #FoxNews #MSNBC #BernieSanders #BlackLivesMatter #Democrats #Biden #Russia killed children now, apt bldgs hit many children killed, Russia is EVIL #SaveUkraine #Ukraine https://***1Q', '-']",-,content_B,post
t0518,u1112,2020-06-04 14:29:00+00:00,BlackLivesMatter,Y***B,"@a***a How to put into words the revulsion I feel... No, I won't put it into words. I'm putting my outrage into action for change. #DefundThePolice #BlackLivesMatter","[""@a***a How to put into words the revulsion I feel... No, I won't put it into words. I'm putting my outrage into action for change. #DefundThePolice #BlackLivesMatter"", '#blacklivesmatter✊🏽✊🏾✊🏿 @ Braamfontein https://***yt', ""As a doctor and protestor during the pandemic... If you're going to #BlackLivesMatter protest in Hyde Park today I humbly ask you to pls consider ways in which to travel &amp; protest in safe, socially distant manner. ✔️ Wear face coverings. ✔️ Protect yourself, protect others ✔️"", '-']",tweet_C,content_A,reply
t1719,u0259,2021-04-20 21:35:19+00:00,BlackLivesMatter,b***i,"Thankful for the guilty verdict by the jury in the Chauvin Trial. Still, we have plenty of work to do if we are to see justice. #BlackLivesMatter #GeorgeFloyd Life Mattered https://***aE","['GUILTY #BlackLivesMatter', 'Thankful for the guilty verdict by the jury in the Chauvin Trial. Still, we have plenty of work to do if we are to see justice. #BlackLivesMatter #GeorgeFloyd Life Mattered https://***aE', 'Accountability. #BlackLivesMatter', '-']",-,content_B,post
t3258,u0650,2022-02-21 13:45:02+00:00,BlackLivesMatter,A***n,"Black Lives Matter Case &amp; Skin for Samsung Galaxy https://***TE Black Lives Matter, today and every day #blacklivesmatter #equality #feminism #black #activism #feminist #activist #socialjustice #liberal https://***Wu","['Learning never ends #woposts #funnyjokes #funnymemes #memes #jokes #memes😂 #nnpc #baeu #saliva#Assustrike #blacklivesmatter #ibadan #nairaland #abbakyari #futo #loml #asuu #fuelscarcity #mercyeke #kingsleyobiekwu #ipob #Mrsalabi #KDB #lekki #IELTS #Federalgovernment https://***Rl', 'A sign says the name\'s ""clearly temporary"" and ""suggestions welcome."" A chalk board underneath bears the message, ""We are listening. Black lives matter."" A reminder that renaming things is not ""erasing history."" It is, in large part, how we write it down. https://***78 https://***u4', 'Black Lives Matter Case &amp; Skin for Samsung Galaxy https://***TE Black Lives Matter, today and every day #blacklivesmatter #equality #feminism #black #activism #feminist #activist #socialjustice #liberal https://***Wu', '-']",-,content_C,post
t0742,u2040,2020-09-06 06:43:53+00:00,BlackLivesMatter,s***y,The resolve will not weaken. We will be back. Every night. #blacklivesmatter #DanielPrude https://***TD,"[""If you've learned nothing else from us, please remember that your voice matters. Your vote matters. YOU matter. That's the core of the Tylt. Change is up to you! Go out there and vote! Keep demanding justice for Breonna Taylor and always remember that Black Lives Matter! https://***vm"", 'Trump attacked 17-year-old Greta Thunberg for fighting to save our burning planet, but defended Kyle Rittenhouse, a 17-year-old charged with murdering Black Lives Matter protesters. Tells you all you need to know.', 'The resolve will not weaken. We will be back. Every night. #blacklivesmatter #DanielPrude https://***TD', '-']",-,content_C,post
t3340,u2262,2022-02-22 19:28:09+00:00,BlackLivesMatter,H***g,Arbery's Murderers Found Guilty of Federal Hate Crimes https://***XZ #BlackLivesMatter https://***7q,"['Australian Elder and Labor only voter, turns back on @A***P @A***r @L***P @g***y due #labor #lies #deception #michaelgunner #nt #blacklivesstillmatter #BlackLivesMatter #aussies #fyp #badvibes #climate #covid #laborliars #scomo #LGBTQI #FYP https://***pm', ""Arbery's Murderers Found Guilty of Federal Hate Crimes https://***XZ #BlackLivesMatter https://***7q"", '⚡️#BreakingNews @B***a @M***a @V***P @O***h @R***y @O***C @O***D @_***C @O***d @U***M @B***6 🌍🎉✨👸🏾🤴🏾✨🎊 #BlackLivesMatter #BlackHistoryMonth Only in The #CLE🌇 #OHiO🌃 https://***7z', '-']",-,content_B,post
t3110,u0966,2022-02-19 15:00:00+00:00,BlackLivesMatter,I***C,"""While Amazon has used the Black Lives Matter logo on its anti-union literature, the fact remains that unions do more than any other organization to reduce racial and gender inequities on the job."" New from @m***5 &amp; our @M***d @T***t: https://***vl","['Ding? Ding^ ding* ding* Ding, ding &amp; DING^ DING. Ding... ding... #PennState #BlackLivesMatter #JusticeForAll', 'of workforce &amp; wider population % of BAME population in TH is around 55% so that 59% of Council employees are BAME is slightly above TH as a whole That we have these declines in BAME, female &amp; disabled over £60k pay is reflective also of wider managerial problems So despite 6/ https://***JE', '""While Amazon has used the Black Lives Matter logo on its anti-union literature, the fact remains that unions do more than any other organization to reduce racial and gender inequities on the job."" New from @m***5 &amp; our @M***d @T***t: https://***vl', '-']",-,content_C,post
t3934,u0817,2022-03-08 16:16:19+00:00,BlackLivesMatter,m***e,"D.C.'s Black Lives Matter Plaza on 16th Street NW proves that such government-sponsored statements are indeed legal and possible, and since the city already needled the Russians by symbolically naming that stretch of Wisconsin Ave. after a slain Putin critic... https://***ej","['How many people are too happy to say, “Them, not me”?🤔 #BlackLivesMatter #IStandWithUkraine️ https://***um', 'First smoke outside 🥵💨 💙🖤 #BackTheBlue #BlueLivesMatter #JasonRivera #WilbertMora #NeverForget https://***Fd', ""D.C.'s Black Lives Matter Plaza on 16th Street NW proves that such government-sponsored statements are indeed legal and possible, and since the city already needled the Russians by symbolically naming that stretch of Wisconsin Ave. after a slain Putin critic... https://***ej"", '-']",-,content_C,post
t2750,u2527,2022-02-14 15:36:45+00:00,BlackLivesMatter,A***n,@U***t @j***g @R***y Today is the the 11th ananvarssary of #Bharain #PearlRevolution that was crushed with your help. How does it feel to help kill protesters and jail 1000s in such a small country? You are actively helping #Khalifa #Aparthide clan. #BlackLivesMatter,"['UFC Fighter Israel Adesanya Defends Joe Rogan At Press Conference VIDEO:https://***F... #UFC #JoeRoganExperience #JoeRogan #AdesanyaWhittaker2 #UFC271 #Martinez #blm #blacklivesmatter #viral #viralvideo #trending #trendingnow #COVID19', 'I saw four angels standing on the four corners of the earth, holding the four winds of the earth, that the wind should not blow on the earth nor on the sea, nor on any tree #HolocaustMemorialDay #MLK #GrenfellTower #BlackLivesMatter #BidenHarris #oprahmeghanharry #ReparationsNow https://***5r', '@U***t @j***g @R***y Today is the the 11th ananvarssary of #Bharain #PearlRevolution that was crushed with your help. How does it feel to help kill protesters and jail 1000s in such a small country? You are actively helping #Khalifa #Aparthide clan. #BlackLivesMatter', '-']",tweet_A,content_C,reply
t2142,u1226,2022-01-13 17:56:50+00:00,BlackLivesMatter,d***y,"In my latest for the @l***s, I profiled #BlackLivesMatter co-founder Patrisse Cullors. She opened up about the trials and tribulations that came with being the face of a movement, how the pressures of 2020 almost killed her. https://***ys","['In my latest for the @l***s, I profiled #BlackLivesMatter co-founder Patrisse Cullors. She opened up about the trials and tribulations that came with being the face of a movement, how the pressures of 2020 almost killed her. https://***ys', '#MutualAidRequest #BlackLivesMatter #DOC #T1DLooksLikeMe #InsulinOrDeath #DiabetesMutualAid @M***s @t***c', 'Have you checked out our extended special section on #BlackLivesMatter? Free to read and a great collection! https://***c5', '-']",-,content_A,post
t3600,u2019,2022-02-28 06:47:37+00:00,BlackLivesMatter,A***e,@M***e Are there Africans in this fray? Get your focus on!!!! #Blacklivesmatter,"['Dit keer vertelt Gen Z wat het betekent om op te groeien als zwarte vrouw in het Vlaanderen na de Black Lives Matter-protesten van 2020. “Het is tijd voor de jongere generatie. Het is tijd voor ‘Us, (k)now.’” @S***a https://***7z', '@M***e Are there Africans in this fray? Get your focus on!!!! #Blacklivesmatter', 'Police cracked down on anti-war protesters in St. Petersburg Friday as Russia continued its deadly invasion of Ukraine https://***x2 https://***UX', '-']",tweet_A,content_B,reply
t0407,u0802,2020-05-30 01:30:20+00:00,BlackLivesMatter,C***s,"My heart is broken for my community. The weight of centuries of struggle is heavy. Let’s build, let’s learn, let’s lead, let’s get elected, let’s make the ancestors proud. #BlackLivesMatter #JusticeForGeorgeFloyd #AtlantaRiot","['My heart is broken for my community. The weight of centuries of struggle is heavy. Let’s build, let’s learn, let’s lead, let’s get elected, let’s make the ancestors proud. #BlackLivesMatter #JusticeForGeorgeFloyd #AtlantaRiot', '@6***n @g***s trend pls #BlackLivesMatter', 'The fact that the store in the background of this video is named “Integrity”... I just can’t. #BlackLivesMatter https://***qp', '-']",-,content_A,post
t3952,u0497,2016-07-16 14:46:12+00:00,BlackLivesMatter,C***h,M.I.A booted from music festival over Black Lives Matter comments: M.I.A. is earning a reputation as one of t... https://***Tg,"['M.I.A booted from music festival over Black Lives Matter comments: M.I.A. is earning a reputation as one of t... https://***Tg', 'Protest on the Pentacrest. #BlackLivesMatter #uiowa', '#BlackLivesMatter', '-']",-,content_A,post
t3591,u2256,2022-02-28 02:34:49+00:00,BlackLivesMatter,a***y,A2: #oklaed We've got to stay in good trouble or those who don't truly believe #AllLivesMatter wins. https://***Aq,"['Can’t stop crying. 😭🥰When We Say Black Lives Matter, read by a first grade class at Crete Academy in Los Angeles California, to celebrate Black History Month. https://***v5', 'https://***V... SIGN THE ABOVE #Petition 🙏🏻 For #NoahDonohoe, for #CrimesAgainstChildren EVERYWHERE!! Be part of #CHANGE! #SundayMorning #SundayThoughts #SundayMotivation #EndRacism #BLM #BlackLivesMatter 🛑 #CORRUPTION #Ireland #Scotland #UnitedKingdom #USA https://***eL', ""A2: #oklaed We've got to stay in good trouble or those who don't truly believe #AllLivesMatter wins. https://***Aq"", '-']",-,content_C,post
t2841,u0626,2022-02-15 18:00:32+00:00,BlackLivesMatter,K***n,@A***C @A***C RACISM DOES NOT CHANGE THE MIND OF THE RACIST / THE RACIST ONLY CHANGES ITS FORM‼️ White Supremest and Kiddie Fiddler Steve Karpovitz #Baltimore #Atlanta #BlackLivesMatter #Providence #RhodeIsland #ForThePeople #BOLO #Boston #Massachusetts #GalaxyS22 #Mississippi #Fedex https://***RX,"['@A***C @A***C RACISM DOES NOT CHANGE THE MIND OF THE RACIST / THE RACIST ONLY CHANGES ITS FORM!!️ White Supremest and Kiddie Fiddler Steve Karpovitz #Baltimore #Atlanta #BlackLivesMatter #Providence #RhodeIsland #ForThePeople #BOLO #Boston #Massachusetts #GalaxyS22 #Mississippi #Fedex https://***RX', 'https://***Ng RT-8 #blackandproud #imblackandimproud #BlackTwitter #racism #blackamericaweb #WhitePrivilege #BlackLivesMatter #DonLemon #WeAreBetterThanThis #leftwing', '#BBCWorld #MurdochGutterMedia # RussianDick #FoxNews So who’s on the halftime show with Snoop? #SuperBowl #BlackLivesMatterUK #BlackLivesMatter # #msnbc #JohnsonOut20 #london #SnoopDogg https://***iQ', '-']",tweet_A,content_A,reply
t3754,u0122,2022-03-03 03:04:10+00:00,BlackLivesMatter,G***a,-,"['@r***a #BlueLivesMatter? https://***7H', '@T***s @b***x @A***_ @O***e @B***_ @B***x @N***K @M***A #ReparationsMasons to set up secret offices in #Tottenham #Haringey #N15 #AdamJogee #HolyQubticChurch #BlackLivesMatter #GAGUT #TheSolutionRoom #hmptv #GotKushTV #RaceFirst #rematriation #planetrepairs #mzxosei #EstherStanfordXosei #stopthemaangamizi https://***CG', 'A young male goes into a store and learns the hard way about being racially profiled because of his color and uses the tips he learned from his parents to get through it. #BlackHistoryMonth #childrensbook #blacklivesmatter https://***TQ @a***n', '-']",tweet_A,-,retweet
t0679,u1585,2020-07-16 16:46:35+00:00,BlackLivesMatter,T***z,-,"['A statue of Jen Reid, a Black Lives Matter protester, now stands in place of a monument to the 17th-century slave trader Edward Colston in Bristol, England https://***Y5', 'https://***S5 @E***S @E***f #BlackLivesMatter #BlackLivesMatterUK Eastbourne is the worst place to live. This must be white-only. Asians and Black people are abused, spat at, and thrown stones on a road. They are living in 18 centuries, not in 21 st.', 'Sharing from @B***A - Check out local actions through the end of the week! #blacklivesmatter https://***13', '-']",tweet_C,-,retweet
t0685,u3132,2020-07-22 13:06:09+00:00,BlackLivesMatter,c***z,BLACK LIVES MATTER ✊🏿✊🏾✊🏽👑 never forget until we see magnificent changes❗❗ #blacklivesmatter,"['The fact that the counter chant to “Black Lives Matter” is “USA” tells you what you need to know', ""First protest but it won't be my last. #BlackLivesMatterPDX #WallofMoms à Multnomah County Justice Center https://***7j"", 'BLACK LIVES MATTER ✊🏿✊🏾✊🏽👑 never forget until we see magnificent changes❗❗ #blacklivesmatter', '-']",-,content_C,post
t2217,u0185,2022-01-23 09:02:30+00:00,BlackLivesMatter,B***r,This family weeps as they approach the first year anniversary of Mouayed's passing. Let our solidarity lift them up. Save the date @J***d @j***d @J***a @W***r @O***e @B***x @k***1 @B***n #socialistsunday #blacklivesmatter https://***RS,"[""This family weeps as they approach the first year anniversary of Mouayed's passing. Let our solidarity lift them up. Save the date @J***d @j***d @J***a @W***r @O***e @B***x @k***1 @B***n #socialistsunday #blacklivesmatter https://***RS"", 'Some white people don’t want to hear about slavery at plantations built by slaves #BLM #BlackLivesMatter https://***Ln https://***z9', ""Sheila Cherfilus-McCormick has been sworn in as the nation's newest member of the House of Representatives, setting *new records* for: -Women in Congress (145) -Women in the House (121) -Black women in the House (26) https://***K3"", '-']",-,content_A,post
t0401,u2280,2020-05-29 14:29:06+00:00,BlackLivesMatter,B***s,-,"['Frustrated, angry and sad at what’s going on in America. Love and full support to all my black brothers and sisters there. #JusticeForGeorgeFloyd #BlackLivesMatter #Minneapolis #icantbreathe', 'I might not have the biggest platform but I was inspired by my friends helping so if I can do that for someone else then I’ve accomplished my goal. Donate if you can, sign petitions, and just spread the word. https://***Gi #BlackLivesMatter #GeorgeFloyd https://***5h', 'On behalf of the entire @_***n family, I condemn in the strongest terms the murder of #GeorgeFloyd at the hands of law enforcement officers in the United States of America. See my full statement here: https://***HN', '-']",tweet_C,-,retweet
t3154,u2497,2022-02-19 23:06:08+00:00,BlackLivesMatter,i***K,Alexei Navalny faces 15 more years in prison as new trial starts https://***tK #HolocaustMemorialDay #MLK #GrenfellTower #BlackLivesMatter #BidenHarris #oprahmeghanharry #ReparationsNow,"['#FarmersProtest #FarmerProtests #SaveLakshadweep #FarmerLivesMatter #BlackLivesMatter #freepalastine #FreePalestine #freejugrajsingh #freehawara #FreeJaggiNow #bapusuratsinghjikhalsa .ਪ੍ਰਣਾਮ ਸ਼ਹੀਦਾ ਨੂੰ .ਸਰਬੱਤ ਦਾ ਭਲਾ 🙏🏼#KisanMajdoorEktaZindabaad #WhereAreMissingFarmers', 'Alexei Navalny faces 15 more years in prison as new trial starts https://***tK #HolocaustMemorialDay #MLK #GrenfellTower #BlackLivesMatter #BidenHarris #oprahmeghanharry #ReparationsNow', 'Kim Potter just received 16 months and a $1,000 fine for the murder of Daunte Wright. This is a fucking disgrace.', '-']",-,content_B,post
t0553,u1762,2020-06-06 11:56:00+00:00,BlackLivesMatter,I***s,London to host Black Lives Matter protest https://***3f via @u***e,"['Thank you for all of those members of @h***o who joined. Racism is a public health emergency, so we as physicians must not remain silent. This is our lane. #thisisourlane #blacklivesmatter #blm #bwhtakesaknee https://***an', 'London to host Black Lives Matter protest https://***3f via @u***e', 'A Change is Gonna Come outside the White House today #dcprotest #BlackLivesMatterDC https://***np', '-']",-,content_B,post
t2866,u1484,2022-02-16 00:58:17+00:00,BlackLivesMatter,G***A,-,"['I’m not black, but I see you. I’m not black, but I hear you. I’m not black, but I will kneel with Colin Kaepernick and Eminem to support Black Lives Matter. am I alone?', 'All sorts of NO. #roguesouls #BlackLivesMatter #StopAsianHate #grammys #GramFam #FlyGirls https://***tZ', '#NBCNightlyNews perhaps, now do one for BBC...#BBCWorld #FoxNews So who’s on the halftime show with Snoop? #SuperBowl #JohnsonOut20 #BlackLivesMatter #Ottawa #MurdochGutterMedia #BlackHistoryMonth #SnoopDogg #BBCSport #bbcnews #london #msnbc #cnbc https://***xg', '-']",tweet_B,-,retweet
t2674,u1042,2022-02-12 17:36:06+00:00,BlackLivesMatter,A***e,-,"['@f***u #BlackLivesMatter #BlackHistoryMonth #DrMartinLutherKingJr #ReparationsNow 🇺🇸', '.@t***u #BHM #BlackHistoryMonth #BlackLivesMatter #BLM #GrenfellTowerFire #Caribbeans #Jamaicans #BlackBritons #BlackBritish #Racists #Racism #Windrush #WindrushGeneration #IllegalDeportations #InstitutionalRacism #PritiPatel #Immigration #RefugeesWelcome #StopIllegalWars https://***wS', 'Pastor’s Son Impregnates Another Pastor’s Daughter, forces her to Abort 5-month Pregnancy https://***AN #Elevy #Oxlade #Sark #Mane #LaryeaKingston #PickNPlayOnY #WakeNBake #Newsfile #Liverpool #YentuaElevy #Banku #Coup #BlackLivesMatter #Adidas #LoveInTheCiti', '-']",tweet_C,-,retweet
t3368,u0894,2022-02-23 04:16:38+00:00,BlackLivesMatter,M***n,Cahokia students walk out of class after BLM removed from mural https://***xG #BlackHistoryMonth #BlackLivesMatter #alm,"['World Premier! Our song, The Dedication, with moving video! @G***g @C***r @t***t @R***f @A***C #ahimsa #animalrights #progressive #lgbtq #equality #environment #feminism #peacelove #vegan #blm #blacklivesmatter #antifa #resist https://***eh', 'Cahokia students walk out of class after BLM removed from mural https://***xG #BlackHistoryMonth #BlackLivesMatter #alm', '@N***A @c***s @K***s @U***M @B***6 🏀⛹🏾♂️🌍🎉✨👸🏾🤴🏾✨🎊 #BlackLivesMatter #CLE🌇 #ThisIsCLE🏙 #NBAALLSTAR #Weekend 2022, #Cleveland🌃 #NBA2K22 #NBA75 #NBATwitter #LetEmKnow #BLKBizEXPO #This is 💯% Pure #BLACKPOWER❤️🔥🖤💚 https://***kx', '-']",-,content_B,post
t2982,u2739,2022-02-17 14:24:51+00:00,BlackLivesMatter,T***d,10 Things I Want To Say To A Black Woman by Joshua Bennett (Captioned) https://***7A via @Y***e #RespectBlackWomen #PayBlackWomen #StandwithBlackWomen #HappyBlackHistoryMonth #BlackLivesMatter,"[""Its February so you know what that means right? It's Black History Month. Equal Rights are Human Rights! Support LGBTQ+, POC because Black Lives Matter! LOVE is LOVE because LOVE WINS @s***1@B***D https://***KW https://***5v https://***7B https://***4t"", '📣📢⚠️➡️705+ DAYS SINCE #BreonnaTaylor 👑🕊 WAS MURDERED. 0 CHARGED. @d***n DENIAL TO SEEK JUSTICE IS ‘DISGUSTING’ JUSTICE DELAYED IS JUSTICE DENIED #InvestigateDanielCameron #JusticeforBreonnaTaylor 👑🕊 #SayTheirNames 👑 #BlackLivesMatter https://***eO', '10 Things I Want To Say To A Black Woman by Joshua Bennett (Captioned) https://***7A via @Y***e #RespectBlackWomen #PayBlackWomen #StandwithBlackWomen #HappyBlackHistoryMonth #BlackLivesMatter', '-']",-,content_C,post
t0399,u3255,2020-05-29 05:11:21+00:00,BlackLivesMatter,r***4,"I wanted to tweet today about a preprint of mine on arxiv but it seems pointless. Instead, listen to Bilal and Black Thought's powerful rendition of ""It Ain't Fair"" - https://***B1 #BlackLivesMatter","['I wanted to tweet today about a preprint of mine on arxiv but it seems pointless. Instead, listen to Bilal and Black Thought\'s powerful rendition of ""It Ain\'t Fair"" - https://***B1 #BlackLivesMatter', ""The situation in the US might not affect you directly, but the fundamental evil of it all does. Racism is NOT freedom of speech. Racism is NOT joke. Racism kills. It's about time we stop giving power to those who contribute to it. #BlackLivesMatter"", 'Here we are once again. #GeorgeFloyd #SayHisName #BlackLivesMatter https://***yg', '-']",-,content_A,post
t2353,u0717,2022-02-03 01:51:22+00:00,BlackLivesMatter,S***e,-,"['This #BlackHistoryMonth, the govt of #Ethiopia is still blocking food and medicine from the #Tigray region. 2.2 million people ""are suffering an extreme lack of food"". #BlackLivesMatter #EndTigraySiege @T***s @R***s @J***8 https://***OJ', 'Rest In Peace Bridgewater College PD PO John Painter and civilian CSO JJ Jefferson who were shot &amp; killed on 2/1/22 while responding to suspicious person. They were known as the “Dynamic Duo.” Please retweet to honor them 😞💙🖤 #BlueLivesMatter #BackTheBlue #StopKillingUs https://***ix', 'RIP #OfficerMora He saved lives in life and in death. #Hero #BlueLivesMatter https://***Ye', '-']",tweet_C,-,retweet
t2660,u1313,2022-02-12 00:44:09+00:00,BlackLivesMatter,t***u,.@t***u #BHM #BlackHistoryMonth #BlackLivesMatter #BLM #Racists #Racism #IllegalDeportations #InstitutionalRacism #ICEdeportations #Tesla #ElonMusk This is why rich black people HAVE to STOP supporting non-black owned brands #Segregation #BlackWorkers #Slaves #SlaveTrade https://***Ei https://***mo,"['This is shocking in that the guard was hired and knew he was working at a museum. Disrespect and vandalism should not be tolerated. Horrible. #ThursdayMotivation #WritingCommunity #BlackLivesMatter #amwriting #amwritingfiction #KindnessMatters #StrongerTogether #Resist https://***cE', '@N***a (and @s***k ) says step correct or kick asteroids. #BlackLivesMatter #BlackHistoryMonth #BlackTwitter #roguesouls #noconsent #blacksploitation #bekind or #begone #MadeInUSA #KorruptLabel 😍👽🏳️🌈 https://***CF', '.@t***u #BHM #BlackHistoryMonth #BlackLivesMatter #BLM #Racists #Racism #IllegalDeportations #InstitutionalRacism #ICEdeportations #Tesla #ElonMusk This is why rich black people HAVE to STOP supporting non-black owned brands #Segregation #BlackWorkers #Slaves #SlaveTrade https://***Ei https://***mo', '-']",-,content_C,post
t0433,u3051,2020-05-31 21:55:46+00:00,BlackLivesMatter,A***e,"Pro Tip: For the academics, please do not try to use this moment to advance your CVs and build publications off of our pain. Respectfully, if you are not going to ask us how we are doing, leave us alone. #BlackLivesMatter #Blacademic #BlackSociologist","['Pro Tip: For the academics, please do not try to use this moment to advance your CVs and build publications off of our pain. Respectfully, if you are not going to ask us how we are doing, leave us alone. #BlackLivesMatter #Blacademic #BlackSociologist', 'matching donations up to 10k to @B***r - https://***kl send me receipts and lets raise some money as its the absolute least some of us can do. #blacklivesmatter #dowhateveryoucan', 'I am appalled by the ongoing racism in this country. I wanted my Twitter to be about science but cannot be quiet. #BlackLivesMatter . I am also appalled by the police brutality. https://***IC', '-']",-,content_A,post
t3706,u1246,2022-03-02 14:45:26+00:00,BlackLivesMatter,R***y,"Black Lives Matter und Rassismusvorwürfe - alles nur ein riesiger Spendenbetrug, in Immobilien versteckt? https://***JV","['Black Lives Matter und Rassismusvorwürfe - alles nur ein riesiger Spendenbetrug, in Immobilien versteckt? https://***JV', '@b***o I really don’t know what else to say at this point @b***o and @M***i. Why is it that as Black people we’re continually having to justify our existence and prove our humanity when we didn’t do anything wrong? #BlackLivesMatter.', 'ding DING Ding... #PennState #BlackLivesMatter #JusticeForAll', '-']",-,content_A,post
t3209,u1945,2022-02-20 16:33:06+00:00,BlackLivesMatter,m***e,"In case you STILL don’t understand why #ColinKaepernick knelt, why we kneel. #Racism is alive and well. Believing otherwise is willful ignorance and weak. #BlackLivesMatter https://***QP","['.. nation shall not lift up sword against nation, neither shall they learn war any more. Isaiah 2:4 #HolocaustMemorialDay #MLK #GrenfellTower #BlackLivesMatter #BidenHarris #oprahmeghanharry #ReparationsNow https://***yD', '"" when we hear that song, 🎶 🎵 it puts you behind the gun"" #getthestrap #musictobemurderedby #incitingviolence #incitingmurder #hurtfulwords #BlackLivesMatter #attemptedmurder 🖤🖤🖤🖤🚔🖤🚔🖤🚔🖤🚔🖤🚔🖤🚔🖤🚔🖤🚔🖤🚔🖤🖤🚔🚔🖤🚔🖤🚔🖤🚔🖤🚔🖤🚔🖤🖤🚔🖤🚔🖤🚔🚔🖤🖤🚔🚔🖤🚔 https://***SK', 'In case you STILL don’t understand why #ColinKaepernick knelt, why we kneel. #Racism is alive and well. Believing otherwise is willful ignorance and weak. #BlackLivesMatter https://***QP', '-']",-,content_C,post
t0507,u1851,2020-06-03 23:29:00+00:00,BlackLivesMatter,M***o,"Believe me, I KNOW about the systemic discrimination against people of color in north America. Yet, my first home in Canada, #KitchenerWaterloo has always showed me rays of hope of social justice. I'm proud of them and all the folks making #BlackLivesMatter heard. https://***bH","['The Rosetta Commons is a consortium of &gt;60 labs around the world that develop the Rosetta program for protein structure prediction &amp; design. We have put together a ""Black Lives Matter Statement."" It\'s been signed by 297 RC members incl. 64 PIs. Please RT! https://***Um https://***v3', 'Conectada con el sentir del hermano 🖤... Estoy en modo evitación de las noticias. https://***Al', ""Believe me, I KNOW about the systemic discrimination against people of color in north America. Yet, my first home in Canada, #KitchenerWaterloo has always showed me rays of hope of social justice. I'm proud of them and all the folks making #BlackLivesMatter heard. https://***bH"", '-']",-,content_C,post
t3742,u1679,2022-03-02 23:22:44+00:00,BlackLivesMatter,2***1,-,"['https://***pr #mikesrandomthoughts #RedWave2022 #redwave2024 #JoeBidensAmerica #ChinaJoeBiden #bluelivesmatter #Senate #Congress #houseofrepresentatives #JoeBiden #KamalaHarris #CandaceOwens #antifascist #BLM #blacklivesmatter #veterans #secondamendment #ATWA #atwar', 'In September of 2020, Phoenix rejected mural organizer Gizette Knight’s plan to paint the words “Black Lives Matter” on a street downtown. Since the city wouldn’t let her have the one mural — she says she decided to try to paint 28 instead. https://***Uu', '#BlackLivesMatter', '-']",tweet_C,-,retweet
t0601,u2562,2020-06-12 17:27:04+00:00,BlackLivesMatter,2***A,"This symbol is a sign of unity from all Players, all Staff, all Clubs, all Match Officials and the Premier League #blacklivesmatter #playerstogether","['We, the Players, stand together with the singular objective of eradicating racial prejudice wherever it exists, to bring about a global society of inclusion, respect, and equal opportunities for All, regardless of their colour or creed. #blacklivesmatter #playerstogether https://***4U', 'This symbol is a sign of unity from all Players, all Staff, all Clubs, all Match Officials and the Premier League #blacklivesmatter #playerstogether', '#Racism in #science is not only limited to people of African descent #BlackLivesMatter, it also affects other minority ethnic groups. We need to stop discriminating against researchers from all minority ethnic groups. Read @C***s editorial: https://***mQ', '-']",-,content_B,post
t1217,u0823,2020-10-09 14:27:43+00:00,BlackLivesMatter,d***i,-,"['Dear @A***e during the Black Live Matter protest, you restricted us from streaming music as your part to support the movement,It is only fair that you do the needful and support the #EndSARSProtest cos most of your customers are Nigerians and they’re killing us for using iPhones https://***Ut', 'Let’s reiterate: ✅ science matters ✅ facts matter ✅ Black lives matter ✅ your vote matters #VPDebate', 'I don’t know who needs to hear this but just imagine the reaction if it would have been discovered that anyone connected to Black Lives Matter was plotting to kidnap a United States Governor.', '-']",tweet_C,-,retweet
t3060,u2527,2022-02-18 16:10:16+00:00,BlackLivesMatter,A***n,@U***8 @b***q Now it's your turn to speak openly about your Gulf allies official #racism . I demand public action on this issue. FYI: @R***s #BlackHistoryMonth #BlackLivesMatter,"[""@U***8 @b***q Now it's your turn to speak openly about your Gulf allies official #racism . I demand public action on this issue. FYI: @R***s #BlackHistoryMonth #BlackLivesMatter"", 'https://***s... and not to back #BlackLivesMatter #RootCauses #ClimateCrisis #ClimateJustice v. #BadEducation: #EndOnGoingForcedAssimilationOfIndigenousPeoplesCA_NZ_AUS_Worldwide #EndSARS #FridaysForFuture #ActNow #TelltheTruth #BeTheChange #SixthMassExtinctionRebellion', 'Listen to ""Amazon BANS BLM from its Charity Funding Platform! BLACK LIVES MATTER in SERIOUS TROUBLE!"". ⚓ https://***jr', '-']",tweet_C,content_A,reply
t2936,u3256,2022-02-16 23:48:48+00:00,BlackLivesMatter,I***a,"🗣🚨Head over to the #IUICArkansas #YouTube channel #RIGHTNOW for an #ALLNEW camp video‼️🚨 Link below ⬇️ https://***nr Leave a comment! Also Like👍🏽, Share ♻️, &amp; Subscribe🛎‼️ #WakeUpSleepyHead #BLM #BlackLivesMatter #BibleBelt #LastDays #ChildrenOfGod https://***ew","['🗣🚨Head over to the #IUICArkansas #YouTube channel #RIGHTNOW for an #ALLNEW camp video!!️🚨 Link below ⬇️ https://***nr Leave a comment! Also Like👍🏽, Share ♻️, &amp; Subscribe🛎!!️ #WakeUpSleepyHead #BLM #BlackLivesMatter #BibleBelt #LastDays #ChildrenOfGod https://***ew', '#FreedomForCatalonia #StandWithCatalonia #Amnesty #CataloniaIsNOTSpain #CatalanExiles #Katalonien #Catalonia #Catalogne #HongKong #GiletsJaunes #FreeAssange #Chile #RiseUp4Rojava #Myanmar #BlackLivesMatter #Scotland #FreePalestine #Afganisthan https://***8t', '#blacklivesmatter', '-']",-,content_A,post
t2973,u0499,2022-02-17 11:30:35+00:00,BlackLivesMatter,Q***m,"Greatness occurs when your children love you, when your critics respect you and when you have peace of mind #QuincyJones #blackhistorymonth #blackhistory #EnoughisEnough #QuarantineRacism #BlackLivesMatter #AnthonyDavis #hobi https://***pX https://***9N","[""@w***k @c***k @U***E @P***t @S***2 @S***n When America's #INTOLERANT far-right beliefs creep across the border it's an #EMERGENCY! #TakeTheKnee #BlackLivesMatter #SillyTruckers @c***k @U***E @P***t @S***2 @S***n"", 'Greatness occurs when your children love you, when your critics respect you and when you have peace of mind #QuincyJones #blackhistorymonth #blackhistory #EnoughisEnough #QuarantineRacism #BlackLivesMatter #AnthonyDavis #hobi https://***pX https://***9N', 'Texts show Ahmaud Arbery murderers repeatedly using #racial slurs, FBI analyst tells court • Travis McMichael described violence against Black people and made frequent racist comments, FBI analyst testified #Racism #BlackLivesMatter https://***Sb', '-']",-,content_B,post
t2212,u0238,2022-01-22 18:00:24+00:00,BlackLivesMatter,J***o,please support #LaurenSmithFields’ family’s gofundme so they can hire a private investigator to get the answers they deserve 🔗https://***kL #SayHerName #JusticeForLauren #JusticeForLaurenSmithFields #WhatHappenedToLaurenSmithFields #BlackLivesMatter #Bridgeport #CT https://***dF,"['At #BlackLivesMatter protests, police wore military fatigues, leaving demonstrators unable to tell what type of law enforcement was on the streets. I introduced a bill to prohibit police from wearing camouflage on duty, making them easily identifiable. 2/3 https://***Dj', 'please support #LaurenSmithFields’ family’s gofundme so they can hire a private investigator to get the answers they deserve 🔗https://***kL #SayHerName #JusticeForLauren #JusticeForLaurenSmithFields #WhatHappenedToLaurenSmithFields #BlackLivesMatter #Bridgeport #CT https://***dF', 'Three illustrations showing Peter after his escape, the welts from being whipped upon his back, and in uniform after he had joined the Union Army, featured in McPherson and Oliver in July 1863. Library of Congress #BLM #BlackLivesMatter #BlackLivesHistory https://***J3', '-']",tweet_A,content_B,reply
t1149,u1455,2020-10-01 04:31:51+00:00,BlackLivesMatter,K***s,We see you Mr President. Thank you!!! @M***e #Blacklivesmatter https://***to,"['❤ this society! If you identify as URM, LGBTQIA+, disabled or a woman in chronobiology do sign up and get more visibility for you and your work. #RepresentationMatters 🏳️🌈🏳️⚧️♿✊🏾 #BlackLivesMatter https://***wz', 'In this house BLACK LIVES MATTER and we denounce everyone that supports white supremacy https://***C8', 'We see you Mr President. Thank you!!! @M***e #Blacklivesmatter https://***to', '-']",-,content_C,post
t2332,u1825,2022-02-02 03:01:46+00:00,BlackLivesMatter,d***i,What a powerful conversation on black lives mattering at school. So many gems dropped! #HipHopEd @c***n thanks for leading this space with your co-host! Will definitely be listening!,"['happening now. tune in. #dtk12chat #HipHopEd https://***pL', 'What a powerful conversation on black lives mattering at school. So many gems dropped! #HipHopEd @c***n thanks for leading this space with your co-host! Will definitely be listening!', 'At the height of the race riots in the summer of 2020, Seattle Mayor Jenny Durkan (D-Wash.) allegedly considered handing over control of a police precinct building to the Black Lives Matter rioters who had destroyed much of the city. https://***ak', '-']",-,content_B,post
t0682,u0481,2020-07-20 16:57:19+00:00,BlackLivesMatter,t***_,-,"['The latest STEM News and Beyond ! https://***6L Thanks to @N***s @B***s #blacklivesmatter #marinedebris', 'Does anyone know where I can find a black lives matter flag? **No to amazon, or any corporation**', '@P***s “Nobody’s free until everybody’s free” - Fannie Lou Hamer #BlackLivesMatter', '-']",tweet_A,-,retweet
t2416,u3049,2022-02-06 12:53:56+00:00,BlackLivesMatter,J***T,-,"['The hardest part of this battle is that it is unseen. It is real but invisible. Ask those dying or suffering. Sad situation. #SaturdayThoughts #SaturdayMotivation #WritingCommunity #BlackLivesMatter #amwriting #amwritingfiction #KindnessMatters #StrongerTogether #Resist https://***84', 'We will keep fighting for young Black children to breathe, to live, AND to thrive. And we know you stand with us. ✊🏾💞 #SayHisName #BlackLivesMatter https://***D7', '4 Apologies a Christian need not make about the idea that black lives matter, [2017] https://***7y https://***RD', '-']",tweet_B,-,retweet
t2773,u2252,2022-02-14 21:26:29+00:00,BlackLivesMatter,R***w,#BBCWorld #ContextBBC #BBCSport #FoxNews So who’s on the halftime show with Snoop? #SuperBowl #BlackLivesMatterUK #BlackLivesMatter #100Devs #MurdochGutterMedia #BlackTwitter #JohnsonOut20 #london #OttawaStrong #accuweather #bbcweather #weatherchannel #msnbc #cnbc https://***Pi,"['I’m sending love to @s***s today and wondering: Why are we still platforming unrepentant abusers? Does #MeToo matter? And if #BlackLivesMatter why did artists in the #SuperBowl HalfTimeShow take a knee with @K***7 only to rock the mic for an unrepentant NFL? https://***k6', '“You must never be fearful about what you are doing when it’s right.” - #RosaParks #NotAlone #MentalHealthForAll #NAMIJC #NAMI #NAMIWalks #StopTheStigma #Support #BlackHistoryMonth #BlackHistory #BlackExcellence #BHM #CelebrateBlackLives #BLM #BlackLivesMatter #BlackMentalHealth https://***dj', '#BBCWorld #ContextBBC #BBCSport #FoxNews So who’s on the halftime show with Snoop? #SuperBowl #BlackLivesMatterUK #BlackLivesMatter #100Devs #MurdochGutterMedia #BlackTwitter #JohnsonOut20 #london #OttawaStrong #accuweather #bbcweather #weatherchannel #msnbc #cnbc https://***Pi', '-']",-,content_C,post
t2864,u1161,2022-02-15 22:28:23+00:00,BlackLivesMatter,W***E,BLACK HISTORY MONTH..... STATE FARM! YOU WILL CHANGE YOUR WAYS AFTER THIS. #blacklivesmatter #RacismNotWelcome #draintheswamp 😡 RETWEET! Let everyone know who state farm really is....... #blacklivesstillmatter https://***u8,"['UPDATE: The #BlackLivesMatter group has moved their protest in sympathy to Amir Locke and all social injustice to the intersection of Park Avenue and Berkeley Street. They are going on and off letting cars pass through after chanting. #ROC https://***j4', 'OUT TODAY: New Yorkers targeted with racist stop-and-frisk policing are more at risk of discriminatory facial recognition surveillance. We crowd-sourced and analysed data on CCTV in NYC. Huge props to @D***i @s***r for leading this! 🙌https://***It', 'BLACK HISTORY MONTH..... STATE FARM! YOU WILL CHANGE YOUR WAYS AFTER THIS. #blacklivesmatter #RacismNotWelcome #draintheswamp 😡 RETWEET! Let everyone know who state farm really is....... #blacklivesstillmatter https://***u8', '-']",-,content_C,post
t3718,u0730,2022-03-02 17:20:11+00:00,BlackLivesMatter,M***O,"#ALMBLMAW #Women #BlackHistory #WomensHistory #WHM 📖 #BlackLivesMatter©®™ 1ST CORINTHIANS 13 💞⚔️IT'S MY JOB🛡️ 📰🎥 #GoodNews 📸 GOD GAVE ME A VISION, SO I AM THE COPYRIGHTER WHO WROTE IT &amp; MadeItPlain ..FOR GOOD RUNNERS~ 💡WHO RUN WHEN WE HEAR GOD! #ThankGod💞=🌎🕊️Amen!","[""#ALMBLMAW #Women #BlackHistory #WomensHistory #WHM 📖 #BlackLivesMatter©®TM 1ST CORINTHIANS 13 💞⚔️IT'S MY JOB🛡️ 📰🎥 #GoodNews 📸 GOD GAVE ME A VISION, SO I AM THE COPYRIGHTER WHO WROTE IT &amp; MadeItPlain ..FOR GOOD RUNNERS~ 💡WHO RUN WHEN WE HEAR GOD! #ThankGod💞=🌎🕊️Amen!"", 'DING, ding... Ding &amp; ding^ DING... ding ding ding &amp; ding ding &amp; DING #PennState #BlackLivesMatter #JusticeForAll', ""On March 31, we're pleased to present Other Forms of Love: a musical performance + poetry reading feat. acclaimed American poet Roger Reeves &amp; the @n***l String Quartet. The poems take their inspiration from the #BlackLivesMatter movement. RSVP: https://***9D"", '-']",tweet_C,content_A,reply
t2367,u3250,2022-02-03 23:01:50+00:00,BlackLivesMatter,G***d,"Untitled, Chicago, Illinois, 1963⁠ .⁠ .⁠ .⁠ #blackculture #blacklove #blackisbeautiful #socialjustice #freedom #endinjustice #speakup #speakout #blacklivesmatter #blm https://***jm","['We are tweeting and speaking so come join us #HipHopEd #BlackLivesMatter #HipHopEd https://***Di', 'Untitled, Chicago, Illinois, 1963 . . . #blackculture #blacklove #blackisbeautiful #socialjustice #freedom #endinjustice #speakup #speakout #blacklivesmatter #blm https://***jm', 'There are 35K #NYPD cops in NYC. This is 3 hours. Many off duty, other agencies, representing over 850K sworn LEOs in this country Shame on you @S***n 2 young Dominican cops were killed &amp; you spread anti police rhetoric You’re a disgusting person #BlueLivesMatter https://***op', '-']",-,content_B,post
t2873,u0660,2022-02-16 03:47:14+00:00,BlackLivesMatter,Y***e,"I sure wish @H***y take em to Chuurch with the ""I'm Not Perfect"" remix with @I***s ! #Verzuz 🎶🎤👏🏾🙏🏾 #ForTheCulture ✊🏾 #ForUsByUs #BlackHistoryMonth #BlackLivesMatter","['Cash Reward Offered To Catch Vandals Threatening Cops And Their Wives - The Police Tribune https://***YC Follow @b***r #BlueLivesMatter #BackTheBlue #lawenforcement #PoliceTribune', 'Your race should not determine your worth #blacklivesmatter #nototrump #elections2016#dumptrump', 'I sure wish @H***y take em to Chuurch with the ""I\'m Not Perfect"" remix with @I***s ! #Verzuz 🎶🎤👏🏾🙏🏾 #ForTheCulture ✊🏾 #ForUsByUs #BlackHistoryMonth #BlackLivesMatter', '-']",-,content_C,post
t3863,u1524,2022-03-05 05:30:40+00:00,BlackLivesMatter,m***y,-,"['To all those saying we shouldn’t categorise the dead today as Shia, they were Shia. That’s the point. They were targeted because of their faith. Stop this #AllLivesMatter bullshit &amp; call a spade a spade.', 'ScienceMagazine: Black Lives Matter protests may have helped sway an estimated 7.6% of voters who favored Donald Trump in 2016 to vote for Joe Biden in 2020, according to a new study in @S***s. https://***OG https://***Vt', 'Le photographe Hugo Comte revisite nos mythologies à l’heure de Black Lives Matter - https://***Ph https://***xI', '-']",tweet_B,-,retweet
t0643,u3177,2020-06-29 22:41:14+00:00,BlackLivesMatter,p***s,"How UK Museums are Responding to Black Lives Matter https://***7M #BLM #pandemic When #museums in the #UK start to reopen next month it will be to a new world: not just one of #socialdistancing and mask-wearing, but one possibly entering a different cultural epoch.","['S I L V E R • S E R I E S . . Y cuál sería tu combinación perfecta? . . . . . #landante #landantebikes #green #coffee #blacklivesmatter #greenbike #biciverde #rin700 #700c #bogota🇨🇴 #bogotaenbici #labicidetussueños... https://***Ih', 'How UK Museums are Responding to Black Lives Matter https://***7M #BLM #pandemic When #museums in the #UK start to reopen next month it will be to a new world: not just one of #socialdistancing and mask-wearing, but one possibly entering a different cultural epoch.', '@a***o Unbelievable, anything for attention...#AllLivesMatter NOT just black!', '-']",-,content_B,post
t0607,u1811,2020-06-14 13:56:21+00:00,BlackLivesMatter,e***g,Desde Puerto Rico a Nueva York #BlackLivesMatter #YoSoyBoricua2020 #PuertoRicanDay2020 #FreePuertRico https://***sL,"['Business people need to do more than just say #BlackLivesMatter. They need to walk the talk. Jerry and I are calling on founders, owners, and executives to sign-on to a letter in support of Rep. @j***h and @R***y bill to end qualified immunity https://***nz', 'Desde Puerto Rico a Nueva York #BlackLivesMatter #YoSoyBoricua2020 #PuertoRicanDay2020 #FreePuertRico https://***sL', 'We, the Players, stand together with the singular objective of eradicating racial prejudice wherever it exists, to bring about a global society of inclusion, respect, and equal opportunities for All, regardless of their colour or creed. #blacklivesmatter #playerstogether https://***ZO', '-']",-,content_B,post
t0669,u0089,2020-07-14 01:03:29+00:00,BlackLivesMatter,U***i,-,"['The author of this medium blog articulated in simple languages why black lives matter is tremendously important in the USA and there should be and will be similar movements across the globe for the historically oppressed. https://***DX', 'God bless this police officer, murdered while doing a job he loved. And God please bring comfort to @s***v and her family during this heartbreaking time. #ProtectAndServe #BlueLivesMatter💙🖤 https://***OM', 'Starting tomorrow: virtual event discussing the barriers facing Black scholars in STEM fields with the goal of inspiring and challenging participants to take action to address racial inequities in STEM #BlackintheIvory #BlackLivesMatter https://***Yg', '-']",tweet_A,-,retweet
t2495,u0331,2022-02-08 20:20:23+00:00,BlackLivesMatter,B***a,UNCF Presents: A Fireside Chat with NBA All-Star and HBCU Supporter Chris Paul - UNCF https://***du #melaninpoppin #college #hbcubuzz #classof #hbcumade #hbcupride #blacklivesmatter #explorepage #hbcu #hbcualumni,"['UNCF Presents: A Fireside Chat with NBA All-Star and HBCU Supporter Chris Paul - UNCF https://***du #melaninpoppin #college #hbcubuzz #classof #hbcumade #hbcupride #blacklivesmatter #explorepage #hbcu #hbcualumni', 'Deranged White Cop Loses It On Innocent Black Family (VIDEO) https://***B0 #BlackLivesMatter #Philadelphia #Police', 'Each day of Black History month we want to highlight black innovators. Today we highlight Sidney Poitier a Bahamian-American actor. @U***A @R***E @N***E #utsa #nsbe #classof2025 #blacklivesmatter% #BHMy #blackhistory #blackhistorymonth #classof2024 #classof2023 #birdsup https://***CC', '-']",-,content_A,post
t0657,u2220,2020-07-06 21:42:01+00:00,BlackLivesMatter,S***s,"A key takeaway from the panel discussion on ""Black Lives Matter and Neuroscience: Why This Moment Matters"" Watch the entire conversation on-demand and share your key takeaways with us - https://***vn #BLMandNeuro #SfNDiversity https://***3N","['#BorisJohnson Says he Would Not Take Knee for #blacklivesmatterlondon #TheQueenApology https://***Ba', 'In my newest piece in @T***c, I assert that to defend Black lives, rights and dignity, #FacialRecognition, like American policing as we know it, must go. If you feel me, pass it on. #BlackLivesMatter #DefundPolice https://***lw', 'A key takeaway from the panel discussion on ""Black Lives Matter and Neuroscience: Why This Moment Matters"" Watch the entire conversation on-demand and share your key takeaways with us - https://***vn #BLMandNeuro #SfNDiversity https://***3N', '-']",-,content_C,post
t0430,u2872,2020-05-31 19:58:08+00:00,BlackLivesMatter,s***n,I have learned so much from @s***e. #BlackLivesMatter https://***ii,"['Say his name. Demand Justice. Donate. #JusticeForGeorgeFloyd #BlackLivesMatter (art by Natalie Bui) https://***m6', 'This is @b***n who will start her faculty position next January @C***a and @Z***n showing true leadership and reaching out to others. Thank you Bianca! Your science and your voice make a difference. Every day. https://***JH', 'I have learned so much from @s***e. #BlackLivesMatter https://***ii', '-']",-,content_C,post
t3210,u1934,2022-02-20 16:47:46+00:00,BlackLivesMatter,C***f,-,"[""It's not #censorship it's #abuse #musictobemurderedby. Music 🎶 🎵 can't call us names and talk about killing us #SuperBowlHalftimeShow #wedontwanttogetshot #BlackLivesMatter 🖤🚔🖤🚔🚔🖤🚔🖤🚔🖤🚔🖤🚔🖤🚔🖤🚔🖤🚔👁🚔👁🚔👁🚔🚔👁🚔👁🚔👁🚔👁#nycmayor #hurtfulwords #inciting 👁👁 https://***Qa"", '#BHM #BHM2022 #BlackLivesMatter https://***v3', '""Black Lives Matter did not go through the government crackdown the Trucker Convoy is being attacked with"" 🤡🤡 https://***IW', '-']",tweet_C,-,retweet
t0476,u0624,2020-06-02 15:33:26+00:00,BlackLivesMatter,G***K,We stand in solidarity with the Black community and those protesting for the change we desperately need. We must continue to fight the blatant racism and injustices that are so alive in our country. There will be a link in our bio to donate to @p***d #BlackLivesMatter https://***aJ,"['We stand in solidarity with the Black community and those protesting for the change we desperately need. We must continue to fight the blatant racism and injustices that are so alive in our country. There will be a link in our bio to donate to @p***d #BlackLivesMatter https://***aJ', '#BlackLivesMatter https://***zA', 'I hate social media. But I’m learning that quietly signing petitions, donating to bail funds, and educating myself about systemic racism isn’t enough; I need to vocalize my support for the Black community in this and all times. #BlackLivesMatter I’m sorry I’ve been quiet so long.', '-']",-,content_A,post
t1818,u3047,2021-08-26 23:48:04+00:00,BlackLivesMatter,R***O,-,"[""Event mark to the 18th annv of the killing of Mikey Powell, celebrating 5 years of the National Memorial Family Fund + screening @k***o's new film ULTRAVIOLENCE. #BlackLivesMatter #ShekuBayoh BOOK HERE: https://***1d"", '@p***9 @s***y Also, fwis, shared it, and your piece on productivity apps, in my last newsletter: https://***ld', '@L***s Your list ends at 2005? Really? Like - the entire Black Lives Matter movement, metoo, and MAGA never happened? Or just didn’t count? Wow. https://***o9', '-']",tweet_A,-,retweet
t3412,u0218,2022-02-23 22:35:40+00:00,BlackLivesMatter,S***D,-,"['Activism in the workplace can become a powerful catalyst of change. Discover how at the #HECinTheUK masterclass by #HECprof @S***j. On February 22 at 7 pm (GMT). Book your spot now ➡️ https://***D? #ClimateChange #MeToo #BlackLivesMatter https://***53', ""NAACP #BlackLivesMatter #Blackhistorymonth2022 #blackhistory #blackhistory365 #metootheatre #metoomovement #BlackGirlTragic #BlackGirlTragic #blackgirlscode little black girl, black teenager and 20 something AA♀️ is society saying it's impossible for an AA♀️ to be a VIRGIN?"", 'Do you think Donald Trump will ever apologize to the American people?', '-']",tweet_C,-,retweet
t3111,u0587,2022-02-19 15:25:41+00:00,BlackLivesMatter,J***8,"The poor Black population of Richmond is ""falling behind,"" while millions of dollars are spent to remove public art. Like always, #BlackLivesMatter has failed its constituency. Vengeance is just too important to them. #cancelculture #woke #wokeism https://***dV","['Everything is quantum. “Q System can evolve, at the same time, towards the past and the future.” #Q_DAY #QM #4IR #KKK #🧬 #🔥 #👹 #MedicalAidRacialProfiling 🥼🩺💊 @P***A #CMSCares4u @I***L @G***1 Spirituality #BlackLivesMatter #BlackHistoryMonth #EFFvsAfriforum https://***JO', '#BBCWorldNews #FoxNewsSunday #RupertMurdoch #foxnews Russian Dicks, What level of pure cuntery is this,smirking venomous #johnsonout26 #Ottawa #bbcweather #weatherchannel #accuweather #MSNBC #London #Ottawa #BlackLivesMatter #seattle #waleg #pdx #orleg https://***Ap', 'The poor Black population of Richmond is ""falling behind,"" while millions of dollars are spent to remove public art. Like always, #BlackLivesMatter has failed its constituency. Vengeance is just too important to them. #cancelculture #woke #wokeism https://***dV', '-']",-,content_C,post
t0610,u3211,2020-06-15 04:17:40+00:00,BlackLivesMatter,k***i,-,"['Being Black is having to search what the racism is like in cities and at institutions where you want to apply to for medical school and residency. #MedTwitter #BlackintheIvory #BlackLivesMatter #BLM', 'This doesn\'t go away with time @w***z. Elie Wiesel spoke about situations like this, ""We must always take sides. Neutrality helps the oppressor, never the victim."" Phantom Gourmet ‘on hiatus’ following co-host’s remarks on Black Lives Matter protests https://***qT', 'Everyone has a story to share. It’s time we listen #BlackLivesMatter #peace', '-']",tweet_B,-,retweet
t3639,u0618,2022-03-01 00:00:01+00:00,BlackLivesMatter,O***l,Ding Ding* ding. ding! ding! ding Ding* #PennState #BlackLivesMatter #JusticeForAll,"['#Haiti #haitian #NoMore #NoMoreNeocolonialism #AfricaUnite #African #oneafrica #PasPlus #TwitterRacism #TwitterTerrorism #AfricansinUkraine #FBA #ADOS #BlackTwitter #WikiLeaks #BlackLivesMatter https://***Uu', 'Ding Ding* ding. ding! ding! ding Ding* #PennState #BlackLivesMatter #JusticeForAll', ""@p***4 So sorry to hear your sad news, am sure he had a brilliant(&amp;very long) life. At least he's out of his pain &amp; playing in cat heaven"", '-']",-,content_B,post
t0620,u2556,2020-06-17 22:46:57+00:00,BlackLivesMatter,C***i,"Editorial by @S***b copublished by @A***i and @J***S calling for actions (in addition to words) that promote diversity, equity and inclusion in chemistry #BlackLivesMatter #WomenInSTEM https://***1S","['My 75-year-old dad and his one man Black Lives Matter protest ❤️ Third day in a row. https://***JQ', 'AMERICAN UPRISING (After Delacroix’s Liberty “Leading the People”) by @K***n for @R***e PRINTS @ https://***BW in #americanuprising #artivism #kadirnelson #delacroix #libertyleadingthepeople #blacklivesmatter 📷 by @j***a https://***c5', 'Editorial by @S***b copublished by @A***i and @J***S calling for actions (in addition to words) that promote diversity, equity and inclusion in chemistry #BlackLivesMatter #WomenInSTEM https://***1S', '-']",-,content_C,post
t1777,u0178,2021-07-02 15:07:45+00:00,BlackLivesMatter,G***y,Well done to @T***A for again exposing #racism in the #NHS: Sewell report ‘ignored evidence of NHS racism’ say doctors. @M***s @s***v @y***1 @A***y @t***s @S***d @S***d #BlackLivesMatter https://***jE,"['Richmond man who allegedly drove into Black Lives Matter protest could have charges dismissed https://***EJ', '@S***o @P***s Is this true they banned Black Lives Matter?', 'Well done to @T***A for again exposing #racism in the #NHS: Sewell report ‘ignored evidence of NHS racism’ say doctors. @M***s @s***v @y***1 @A***y @t***s @S***d @S***d #BlackLivesMatter https://***jE', '-']",-,content_C,post
t0527,u1380,2020-06-04 20:25:41+00:00,BlackLivesMatter,S***h,-,"['خوش به حالتون انقدر آمریکایی شدین که پست سیاه و هشتگ میذارین ولی وقتی مهاجر افغانی رو غرق کردن لال بودین. ارواح خیکتون که #AllLivesMatter .', '#BlackLivesMatter https://***oO', 'Our spirits so needed this. Houston riders arriving like they’re defending Helms Deep. #LOTR #GeorgeFloyd #BlackLivesMatter https://***Lu', '-']",tweet_B,-,retweet
t2122,u0594,2022-01-10 19:15:47+00:00,BlackLivesMatter,B***r,Difficult to fully appreciate what an important #icon #SidneyPoitier was -- an appreciation! #Diversity #AcademyAwards #BlackLivesMatter #Poitier #film #movies #television #History @d***t https://***Jx,"['Join us next Wednesday for our event: #Equality in #Education. #antiracism #BlackLivesMatter #ShowRacismtheRedCard @c***v @D***U @E***n @S***p @k***s @M***e https://***3J', 'Today we remember @j***d 40 cops questioned, six under investigation. Refuse to #ReleaseTheBodyCam enabling plausible denial and a legal defence. We ask @G***t can we JR @I***p refusal? #Justice4MohamudHassan #BlackLivesMatter https://***9U', 'Difficult to fully appreciate what an important #icon #SidneyPoitier was -- an appreciation! #Diversity #AcademyAwards #BlackLivesMatter #Poitier #film #movies #television #History @d***t https://***Jx', '-']",-,content_C,post
t3536,u1582,2022-02-26 14:21:43+00:00,BlackLivesMatter,b***r,"@C***t ""Tony Perkins' and Family Research Council's ties to White Supremacists Still Unmentioned In News Reports"" https://***da #BLM #BlackLivesMatter #Christianity #FamilyResearchCouncil #DylannRoof #TonyPerkins #Whitesupremacy","['Check out this new drawing that I uploaded to #BlackLivesMatter https://***T! https://***E3', '@C***t ""Tony Perkins\' and Family Research Council\'s ties to White Supremacists Still Unmentioned In News Reports"" https://***da #BLM #BlackLivesMatter #Christianity #FamilyResearchCouncil #DylannRoof #TonyPerkins #Whitesupremacy', ""It's been 10 years since 17-year-old Trayvon Martin was killed. We’ll continue to honor his life every day in our fight for racial justice. Black children deserve to grow up. #BlackLivesMatter https://***Og"", '-']",tweet_A,content_B,reply
t2763,u2252,2022-02-14 18:53:19+00:00,BlackLivesMatter,R***w,"#NBCNightlyNews perhaps, now do one for BBC...#BBCWorld #FoxNews So who’s on the halftime show with Snoop? #SuperBowl #JohnsonOut20 #BlackLivesMatter #Ottawa #MurdochGutterMedia #BlackHistoryMonth #SnoopDogg #BBCSport #bbcnews #london #msnbc #cnbc https://***xg","['What we’re not gonna do is be silent!!!!! #girlpower #BlackLivesMatter https://***JK', '#NBCNightlyNews perhaps, now do one for BBC...#BBCWorld #FoxNews So who’s on the halftime show with Snoop? #SuperBowl #JohnsonOut20 #BlackLivesMatter #Ottawa #MurdochGutterMedia #BlackHistoryMonth #SnoopDogg #BBCSport #bbcnews #london #msnbc #cnbc https://***xg', 'Artwork from the Black Lives Matter memorial has a new home: the Library of Congress https://***KX', '-']",-,content_B,post
t1498,u1432,2020-12-01 16:31:12+00:00,BlackLivesMatter,L***r,"#GivingTuesday Your generosity will help us preserve and honor these sacred African American burial grounds in Georgetown, Washington DC (active 1809-1950), which also served as a stop on the Underground Railroad for freedom seekers. https://***V0 #blacklivesmattered","['Black Lives Matter also means: 1) Any vaccine must have efficacy for those w high blood pressure &amp; diabetes 2) Priority distribution to communities hardest hit by COVID-19 3) A strategy to combat Black Americans vaccine fears &amp; skepticism because of the Tuskegee Experiment etc.', '#GivingTuesday Your generosity will help us preserve and honor these sacred African American burial grounds in Georgetown, Washington DC (active 1809-1950), which also served as a stop on the Underground Railroad for freedom seekers. https://***V0 #blacklivesmattered', 'It’s exactly 6 months since the #1 public university let police use its iconic #JackieRobinson Stadium as a field jail to hold #BlackLivesMatter protesters as prisoners. Hear for the first time from detainees held @U***A &amp; organizers demanding #CopsOffCampus #AbolitionNOW ! https://***SO', '-']",-,content_B,post
t3005,u0652,2022-02-17 19:00:26+00:00,BlackLivesMatter,V***h,-,"[""@L***i @t***t The 'Biased' view that Black lives matter. Yikes."", 'Why is Rudy Giuliani, a guy who spread WILD accusations about Hugo Chavez, about George Soros, about Antifa, and wait for it.... Black Lives Matter, reconsidering testifying? What has changed since just last month when he was subpoenaed and refused to cooperate?', ""In honor of Black History Month, we're revisiting @j***a's interview with Russian journalist, talk show host, and author Yelena Khanga on her family's story, growing up Black in the USSR, and the #BlackLivesMatter movement in America. Listen now: https://***qD"", '-']",tweet_B,-,retweet
t0455,u2552,2020-06-01 21:07:21+00:00,BlackLivesMatter,M***s,"Despite the tragedy of last week, there are reasons for hope and optimism! Here are some inspiring moments of people that are standing up and speaking out against the heart-breaking death of George Floyd #blacklivesmatter #georgefloyd #justiceforgeorgefloyd #justiceforfloyd https://***Pe","['#blacklivesmatter a guide to white privilege https://***bP', '“If you are neutral in situations of injustice, you have chosen the side of the oppressor” - Desmond Tutu #blacklivesmatter #blm #stonewallwasariot ✊🏽🖤 https://***QT', 'Despite the tragedy of last week, there are reasons for hope and optimism! Here are some inspiring moments of people that are standing up and speaking out against the heart-breaking death of George Floyd #blacklivesmatter #georgefloyd #justiceforgeorgefloyd #justiceforfloyd https://***Pe', '-']",-,content_C,post
t2849,u0663,2022-02-15 18:20:09+00:00,BlackLivesMatter,P***s,“Can anyone name one black person or black family #BlackLivesMatter has helped with its more than $90 million dollars in donations?” wonders Project 21's Greg Parker. “Even leftist states are questioning where all the money has gone.” #BLM https://***z7 https://***aA,"['#blacklivesmatter #blackexcellence #blackhistory #BlackInAmerica https://***0Q', '.@B***l #BotSentinel #SussexSquad #Twitter #Youtube #StopAsianHateCrimes #StopAsianHate #BLM #BlackLivesMatter #Misogyny #Misogynoir #WomenOfColor https://***oV', ""“Can anyone name one black person or black family #BlackLivesMatter has helped with its more than $90 million dollars in donations?” wonders Project 21's Greg Parker. “Even leftist states are questioning where all the money has gone.” #BLM https://***z7 https://***aA"", '-']",-,content_C,post
t3889,u1371,2022-03-06 00:47:46+00:00,BlackLivesMatter,M***s,"Because I’ve not tweeted it on main: the plane banner was daft and disrespectful, and while I doubt it was intended as such it’s always disappointing when things take the piss out of Black Lives Matter. Better ways to do that (incl. taking a blow-up cat in the ground).","['Because I’ve not tweeted it on main: the plane banner was daft and disrespectful, and while I doubt it was intended as such it’s always disappointing when things take the piss out of Black Lives Matter. Better ways to do that (incl. taking a blow-up cat in the ground).', ""@N***g @R***e Sounds more like #BlackLivesMatter . That's who got rich."", ""🚨🚨 @C***s is now available to speak on YOUR campus! 🚨🚨 If your school is promoting Black Lives Matter, Marxism, or the 1619 Project, it's time to stand up to their wokeness and defend America! Request James Lindsay to speak at your school: https://***l9 https://***Zz"", '-']",-,content_A,post
t3236,u2904,2022-02-21 04:31:12+00:00,BlackLivesMatter,u***d,"⚡️#BreakingNews @B***a @M***a @V***P @O***h @R***y @O***C @O***D @_***C @O***d @U***M @B***6 🌍🎉✨👸🏾🤴🏾✨🎊 #BlackLivesMatter #CLE🌇 #ThisIsCLE🏙 #NBAALLSTAR NBA ALL-STAR #Weekend 2022, #Cleveland🌃 #NBAAllStar #NBA2K22 #NBA75 #NBATwitter #LetEmKnow https://***no","['Behold, I come as a thief. Blessed is he that watcheth, and keepeth his garments, lest he walk naked, and they see his shame. Revelation 16:15 #HolocaustMemorialDay #MLK #GrenfellTower #BlackLivesMatter #BidenHarris #oprahmeghanharry #ReparationsNow https://***Uk', 'The UK\'s Department for Education has issued ""Political impartiality in schools"" guidance, which says that modern historical events including the ongoing Palestine-Israel conflict and Black Lives Matter must be dealt with in a ""balanced"" way. https://***kC', '⚡️#BreakingNews @B***a @M***a @V***P @O***h @R***y @O***C @O***D @_***C @O***d @U***M @B***6 🌍🎉✨👸🏾🤴🏾✨🎊 #BlackLivesMatter #CLE🌇 #ThisIsCLE🏙 #NBAALLSTAR NBA ALL-STAR #Weekend 2022, #Cleveland🌃 #NBAAllStar #NBA2K22 #NBA75 #NBATwitter #LetEmKnow https://***no', '-']",-,content_C,post
t2995,u0028,2022-02-17 17:05:20+00:00,BlackLivesMatter,K***5,-,"['When blue lives matter meets Black Lives Matter https://***Hu', 'https://***NX RT-8 #blackandproud #imblackandimproud #BlackTwitter #racism #blackamericaweb #WhitePrivilege #BlackLivesMatter #DonLemon #WeAreBetterThanThis #leftwing', ""DA's Policies Blamed For Stalking, Murder Of 35-Year-Old Woman In Chinatown - The Police Tribune https://***Ev Follow @b***r #BlueLivesMatter #BackTheBlue #lawenforcement #PoliceTribune"", '-']",tweet_B,-,retweet
t3500,u3091,2022-02-25 18:50:11+00:00,BlackLivesMatter,e***e,-,"['Thanks @d***y for highlighting me this month. We must celebrate #blackdoctors. #BlackHistoryMonth #BlackLivesMatter @M***s @M***e @m***c @M***e @M***s @M***I @H***C @H***L @N***n @A***n #MedTwitter https://***pz', 'One America News Video: David Horowitz Exposes Black Lives Matter | Frontpagemag https://***sK', 'WE MUST NEVER FORGET ✊🏿💯 THE BLACK HOLOCAUST 💯 #BlackHistoryMonth #BlackHistory #BlackLivesmatter https://***X9', '-']",tweet_C,-,retweet
t3286,u0696,2022-02-21 20:53:37+00:00,BlackLivesMatter,I***r,This is day 646 of strikeing for #SaveCongoRainforest and #GlobalClimateJustice to say that #AfricaMatters #BlackLivesMatter #blackTRANSlivesmatter #IndigenousLifesMatter #loveislove and that we got to #DefendTheDefenders #BuildBackBetter and #StopPoliceBrutalityInUganda and 1/7 https://***oU,"['This is day 646 of strikeing for #SaveCongoRainforest and #GlobalClimateJustice to say that #AfricaMatters #BlackLivesMatter #blackTRANSlivesmatter #IndigenousLifesMatter #loveislove and that we got to #DefendTheDefenders #BuildBackBetter and #StopPoliceBrutalityInUganda and 1/7 https://***oU', 'Every year, an estimated 15 million babies are born preterm (before 37 completed weeks of gestation), and this number is rising. #blackhistorymonth #blackhistory #blacklivesmatter #blackexcellence #blackpower #melanin #black #blackwomen #blacklove #blackisbeautiful https://***Or', 'Sat Jun 20 2020 Las Vegas, Nevada - Police charge and shove protesters WATCH: https://***an #LasVegasNevada #LVPD #blacklivesmatter #blm #defundthepolice #abolishthepolice', '-']",-,content_A,post
t1842,u2164,2021-09-22 13:16:41+00:00,BlackLivesMatter,i***u,"I ask, the #BlackLivesMatter Movement, where are you while #Ethiopia, a pride of the Black People, calling for your help and in need of your support in time of its call for help ⁉️ https://***qX","['All eyes on December 1- for the unborn who can’t speak, their lives matter. #alpolitics #alllivesmatter #Heartbeat https://***Rd', 'This nut job is running for the US Senate... How low can voters go? Pro-Trump lawyers who brandished guns at Black Lives Matter protesters may lose their licences #SmartNews v https://***xR', 'I ask, the #BlackLivesMatter Movement, where are you while #Ethiopia, a pride of the Black People, calling for your help and in need of your support in time of its call for help !?️ https://***qX', '-']",-,content_C,post
t2506,u2754,2022-02-09 03:37:03+00:00,BlackLivesMatter,T***n,"YOU LOVE TO SEE IT 👇 The Missouri Supreme Court indefinitely suspended the law licenses of two batshit St. Louis attorneys, Mark McCloskey and Patricia McCloskey, who waved guns at Black Lives Matter protesters in 2020. #BlackLivesMatter https://***el","['Wed 9th Feb in Edinburgh, family of #Shekubayoh will attend 9.30am for prelim hearing, Public Inquiry to hear lawyers for Lord Advocate, PIRC, Police Federation, Chief Constable &amp; multiple officers. You can watch via: https://***nu #BlackLivesMatter #BlackHistoryMonth https://***is', ""Happy #Blackhistorymonth2022 to all my black sisters and brothers. I say let's continue to celebrate our black history, our skin, our hair and how much we continue to be more powerful each and everyday. #BlackHistoryMonth #BlackLivesMatter https://***c1"", 'YOU LOVE TO SEE IT 👇 The Missouri Supreme Court indefinitely suspended the law licenses of two batshit St. Louis attorneys, Mark McCloskey and Patricia McCloskey, who waved guns at Black Lives Matter protesters in 2020. #BlackLivesMatter https://***el', '-']",-,content_C,post
t3158,u1847,2022-02-20 00:02:34+00:00,BlackLivesMatter,b***r,"California Cop Gets Shot In Short-Range Gunfight, Kills His Attacker - The Police Tribune https://***ep Follow @b***r #BlueLivesMatter #BackTheBlue #lawenforcement #PoliceTribune","['Our immigration system is a reflection of the anti-Blackness and racism that runs rampant in our criminal justice system. #ImmigrationIsABlackIssue #BlackLivesMatter https://***x1', 'California Cop Gets Shot In Short-Range Gunfight, Kills His Attacker - The Police Tribune https://***ep Follow @b***r #BlueLivesMatter #BackTheBlue #lawenforcement #PoliceTribune', '""What we\'re not going to do in this @M***s is exclude women from the conversation about anti-black racism. What we\'re not going to do in this Masterclass is assume that questions of gender happen somewhere else, this is just about race."" #BlackLivesMatter #BlackHistoryMonth https://***na', '-']",-,content_B,post
t0586,u1997,2020-06-10 22:34:34+00:00,BlackLivesMatter,j***l,"How do you discuss racism, privilege, model minority and #BlackLivesMatter with kids? @W***a staff member @m***8 shares some insights. These are hard and necessary talks. #bridgethegap #Equality https://***Ta","['This Wednesday, June 10th we will join the call to #ShutDownSTEM! We urge all scientists and STEM workers to stop business as usual for a day to focus on actionable plans that work towards ending anti-Black racism. #Strike4BlackLives #BlackLivesMatter #ShutDownAcademia https://***ho', ""I'm joining the #RhodesMustFall protest at 5pm in Oxford today. I'll stay 2m from other people. But this is important. This is a historical tipping point, which could change the way we see ourselves and each other. Hope to see you there. Love and courage. #BlackLivesMatter"", 'How do you discuss racism, privilege, model minority and #BlackLivesMatter with kids? @W***a staff member @m***8 shares some insights. These are hard and necessary talks. #bridgethegap #Equality https://***Ta', '-']",-,content_C,post
t0689,u2096,2020-07-23 17:37:03+00:00,BlackLivesMatter,o***k,Any local artists want to do a cleat design for me this year? I can come to you with the spikes today. I’m thinking #BlackLivesMatter themed design,"['Any local artists want to do a cleat design for me this year? I can come to you with the spikes today. I’m thinking #BlackLivesMatter themed design', 'The @N***D board has announced its vision and plan to champion equity and social justice for Black students in #gifted #education. All gifted students won’t matter until all Black gifted students matter, too. https://***OH #GiftedMinds #GiftedEd #BlackLivesMatter', '#BLACKLIVESMATTER https://***Qs', '-']",-,content_A,post
t3322,u1523,2022-02-22 15:25:22+00:00,BlackLivesMatter,A***e,-,"['3/ If those were #BlackLivesMatter protesters clogging the goddamn Capitol with trucks, they’d be arrested, beaten the first day. We all know it. White supremacy leaflets littered streets. Protest my butt. Laws are laws. Hell, truckers got hugged by cops in #OttawaOccupation', 'I should not be allowed in bookstores unsupervised #BlackLivesMatter #BlackHistory https://***Lz', ""#AGrooveAlmostEverydayWillPlayTillThePandemicGoAway #tuesdaymotivations #BlackHistoryMonth #1619Project #briannataylor #ElijahMcClain #NoJusticeNoPeace #COVID19 #CDC #blacklivesmatter #CoronavirusPandemic 🎵🎸🎤🇺🇸 Don't Hold Back https://***NU via @Y***e"", '-']",tweet_C,-,retweet
t3954,u2815,2016-07-27 14:06:00+00:00,BlackLivesMatter,b***l,"Got scared tdy with 4 officers and hubby in Bagel shop. I should of felt safe, but I can't... not for my hubby or son #BlackLivesMatter","['This is a call to action for #BlackLivesMatter @D***e @M***n We need to come togther. PLEASE SHARE https://***9R', 'Our implicit biases, our role in systemic racism, and what we, as white people, can do: https://***X5 #BlackLivesMatter', ""Got scared tdy with 4 officers and hubby in Bagel shop. I should of felt safe, but I can't... not for my hubby or son #BlackLivesMatter"", '-']",-,content_C,post
t2933,u1793,2022-02-16 23:31:26+00:00,BlackLivesMatter,F***e,I am thoroughly disgusted. CPD needs to be held accountable. This is another #SandraBland story all over again in real time #IreneChavez #SayHerName #BlackLivesMatter #BlackHistoryMonth #AbolishThePolice,"['Black Lives Still and Always Will, Matter. Pass it on. 🌸 #BlackLivesMatter #blacklivesstillmatter', 'I am thoroughly disgusted. CPD needs to be held accountable. This is another #SandraBland story all over again in real time #IreneChavez #SayHerName #BlackLivesMatter #BlackHistoryMonth #AbolishThePolice', '#Africa just a reminder #SouthAfrica #CapeTown #eff #anc #BlackLivesMatter #BlackHistoryMonth #Winning season :) 😌#eff #Malema #anc #Ramaphosa #sabc https://***MF', '-']",tweet_B,content_B,reply
t0628,u3196,2020-06-22 13:43:16+00:00,BlackLivesMatter,S***e,"Those who organized the #BlackLivesMatter protest in Flemington are being intimidated, threatened, and doxxed. To those fighting for #BLM , keep going. To those fighting against change, what are you afraid of? https://***nH","['Those who organized the #BlackLivesMatter protest in Flemington are being intimidated, threatened, and doxxed. To those fighting for #BLM , keep going. To those fighting against change, what are you afraid of? https://***nH', '.@G***m launches Granite CANDID to promote diversity. #blacklivesmatter https://***YY', 'Black Lives Matter movement through the lens of leadership: What are the values and characteristics of a good leader? https://***Ke @W***n https://***p7', '-']",tweet_A,content_A,reply
t0578,u0148,2020-06-09 19:39:39+00:00,BlackLivesMatter,t***y,"In response to a call to action from @M***s we’re running a projector rally outside the gallery terrace on Hope Street at Olympic from 9-10PM this week, looping ‘Defund LAPD’ this short video by Huntrezz - Pass by in DTLA #blacklivesmatter #DefundPolice #PeoplesBudgetLA https://***Vb","['❤️💛💙💚💜 #BLM #BlackLivesMatter #BLACK_LIVES_MATTER #BlackInSTEM #ALLLIVESMATER #blackoutuesday #BlackTwitter #AllBlackLivesMatter #humanitarian #muted #mutedandlistening #mutedbutlistening #tuesdayvibes #WednesdayWisdom #ThursdayThoughts #FridayMotivation #SaturdayMorning https://***rQ', 'Why did they just remove @s***n #blacklivesmatter message on Fame by Sheeraz Billboard on Sunset Blvd 😢 https://***O2', 'In response to a call to action from @M***s we’re running a projector rally outside the gallery terrace on Hope Street at Olympic from 9-10PM this week, looping ‘Defund LAPD’ this short video by Huntrezz - Pass by in DTLA #blacklivesmatter #DefundPolice #PeoplesBudgetLA https://***Vb', '-']",-,content_C,post
t3668,u2494,2022-03-01 19:25:01+00:00,BlackLivesMatter,C***g,Wtf? Earth is currently horrific. https://***e2 #AfricansInUkraine #BlackLivesMatter #war #racism,"['🤬🤬🤬🤬🤬🤬🤬🤬🤬🤬🤬🤬🤬 I’m so tired of this BS. #ShameonUkraine #racisminukraine #BlackLivesMatter #AfricanLivesMatter #poclivesmatter #peopleofcolorlivesmatter #racisminwar https://***cg', 'WE MUST NEVER FORGET ✊🏿💯 THE BLACK HOLOCAUST 💯 #BlackHistoryMonth #BlackHistory #BlackLivesmatter https://***d3', 'Wtf? Earth is currently horrific. https://***e2 #AfricansInUkraine #BlackLivesMatter #war #racism', '-']",-,content_C,post
t0650,u0090,2020-07-02 15:07:44+00:00,BlackLivesMatter,e***n,-,"[""raise your hand if you'd like to see the town of Palm Beach put up a huge BLACK LIVES MATTER sign right across the street from Mar-a-Lago"", 'So proud of my niece in Lubbock attending protest supporting #BlackLivesMatter and #GeorgeFloyd https://***vV', 'Springfield police detective Florissa Fuentes fired over pro-Black Lives Matter social media post https://***Js', '-']",tweet_B,-,retweet
t3234,u1251,2022-02-21 02:45:02+00:00,BlackLivesMatter,L***y,Apparently even Amazon now realizes that Black Lives Matter duped millions of Americans and countless corporations. Whoops. https://***iw,"['Apparently even Amazon now realizes that Black Lives Matter duped millions of Americans and countless corporations. Whoops. https://***iw', 'This law could be used against you if you supported ""Stop the Steal"" as well as if you supported ""Black Lives Matter"". And I don\'t think the statute of limitations will be something you can easily put your faith in. Very dangerous law. https://***rn', ""Don't let emotions take over what we say but allow Holy Spirit to take over The way we talk/react to people can have negative or positive result https://***9... #HolocaustMemorialDay #MLK #GrenfellTower #BlackLivesMatter #BidenHarris #oprahmeghanharry #ReparationsNow"", '-']",-,content_A,post
t0423,u2870,2020-05-31 12:07:57+00:00,BlackLivesMatter,m***a,"This weekend, I keep thinking of Gil Scott-Heron’s “Whitey on the Moon”. https://***ia #BlackLivesMatter","['I wanted to tweet today about a preprint of mine on arxiv but it seems pointless. Instead, listen to Bilal and Black Thought\'s powerful rendition of ""It Ain\'t Fair"" - https://***B1 #BlackLivesMatter', 'If you do not recognise that white privilege is a very real and tangible phenomenon, you are part of the problem. #BlackLivesMatter', 'This weekend, I keep thinking of Gil Scott-Heron’s “Whitey on the Moon”. https://***ia #BlackLivesMatter', '-']",-,content_C,post
t3526,u2696,2022-02-26 06:04:04+00:00,BlackLivesMatter,O***e,"I have a new found LOVE for this beautiful Human @B***n Her show - ""My Road to Adventure"" @b***1 and how she Acknowledges and recognises the history Original Owners of the Land she is filming on. #BlackLivesMatter 🖤💛💘 https://***D8 https://***ta","['https://***L6 bravery on display can you imagine cowards like @T***n on the front lines - of course not they are only bold and brave behind microphones #BlackLivesMatter #BlackMentalHealth #UkraineUnderAttack #UkraineRussiaWar #PutinIsaWarCriminal 🔥🔥🔥🔥', 'I have a new found LOVE for this beautiful Human @B***n Her show - ""My Road to Adventure"" @b***1 and how she Acknowledges and recognises the history Original Owners of the Land she is filming on. #BlackLivesMatter 🖤💛💘 https://***D8 https://***ta', ""@T***w @s***n I'm a FAR better singer than @s***n. I have a MUCH better range. I have a jazz background so my improvisational skills far out strip him. Just FYI, East Coast @t***z #LosAngeles #WestCoast #EntertainmentNews #Entertainment #singers #music #musicNFTs #BlackHistoryMonth #blm"", '-']",-,content_B,post
t0474,u1922,2020-06-02 13:38:06+00:00,BlackLivesMatter,T***s,#BlackLivesMatter we shouldn’t even have to be saying these words!!! But we do. And we mean every word of it! https://***JE,"['#BlackLivesMatter we shouldn’t even have to be saying these words!!! But we do. And we mean every word of it! https://***JE', '#BlackLivesMatter. #IndigenousLivesMatter. Our organization is not perfect, but we want to help spread these beliefs as far and wide as possible. We promise to help where we can, and remain true to our values of inclusion, comraderie, and accountability. https://***JL', 'We pledge to continue opposing racism &amp; hate. Join us by nominating at least 5 others to do the same. #BlackLivesMatter @U***a @B***A @C***A @W***A @U***g @U***t @U***d https://***Ps', '-']",-,content_A,post
t0597,u0380,2020-06-11 21:23:18+00:00,BlackLivesMatter,J***d,The ICML board agrees that Black Lives Matter. See statement here: https://***hS,"['British media reporting on the Black Lives Matter protests tomorrow. 🗞🤦🏽♂️ https://***nk', ""John Cena announced he's matched BTS Army's $1 million donation to the Black Lives Matter Foundation https://***cV"", 'The ICML board agrees that Black Lives Matter. See statement here: https://***hS', '-']",-,content_C,post
t0493,u0852,2020-06-03 08:04:12+00:00,BlackLivesMatter,i***e,"THREAD: Following our #BlackLivesMatter tweet on Monday, many members of our community have been in touch to ask - rightfully - what we are doing to help fight racism and inequality at Imperial and better-support our Black students and staff","['THREAD: Following our #BlackLivesMatter tweet on Monday, many members of our community have been in touch to ask - rightfully - what we are doing to help fight racism and inequality at Imperial and better-support our Black students and staff', '人種差別は悲しい事。黒人やラテン系起業家の成功を妨げる不公平な世の中を打開すべく、SBグループは1億ドル(100億円)のファンド (Opportunity Growth Fund)を立ち上げます。#BlackLivesMatter', '#sheriffsoffice #stop #economy #stopeconomy #deputysheriff #serveandprotect #blacklivesmatter #georgefloyd #protesting #policebrutality #racism @ The world https://***zC', '-']",-,content_A,post
t0627,u3196,2020-06-22 13:33:49+00:00,BlackLivesMatter,S***e,"Grew up in Hunterdon County where you can put a White History Month sign in your business window, but a Black Lives Matter poster must be taken down and a blue line painted down Main Street lest anyone think we value Black lives above Blue lives. https://***ZC","['Both the coronavirus pandemic and the Black Lives Matter movement create opportunities to reshape cities in more equitable ways.. https://***Ew #cities #city #equity #futurecity #resilience #density #urban #metropolitan #housing #gentrification #community https://***Jv', ""Salute to the @H***s New Orleans on St. Charles. Can't wait to come back and stay here. #BlackLivesMatter https://***zR"", 'Grew up in Hunterdon County where you can put a White History Month sign in your business window, but a Black Lives Matter poster must be taken down and a blue line painted down Main Street lest anyone think we value Black lives above Blue lives. https://***ZC', '-']",-,content_C,post
t1892,u0826,2021-10-25 04:27:23+00:00,BlackLivesMatter,A***0,"How did you spend your #UNDay yesterday? For me, I climbed to the top of Kilimanjaro to promote the universal availability of #vaccines, to declare that #BlackLivesMatter , and to bring Ellie the Elephant from Carmuirs Primary School in Falkirk, Scotland to the top of #Africa. https://***EE","['How did you spend your #UNDay yesterday? For me, I climbed to the top of Kilimanjaro to promote the universal availability of #vaccines, to declare that #BlackLivesMatter , and to bring Ellie the Elephant from Carmuirs Primary School in Falkirk, Scotland to the top of #Africa. https://***EE', 'BREAKING: Lowri, a young #BlackLivesMatter campaigner from south Wales, bravely managed to record a police officer’s attempt to recruit her as an informant. We believe such intimidating tactics are under-reported and more common than most people realise https://***rq', ""@e***A All non white communities, as we were once called - must not buy nando's until they Address this matter, we need quick response as this matter is urgent #BlackLivesMatter this attitude of being treated like secondary citizens in our country must come to an end"", '-']",-,content_A,post
t3575,u2454,2022-02-27 16:55:19+00:00,BlackLivesMatter,H***9,"3)Add a ""stay at home"" logo to your FB profile whilst posting numerous photos of your family cooking&amp;larking about in the kitchen 4)Rave about Captain Tom on FB whilst posting numerous times about how much youve donated 5)Change profile photo temporarily to ""black lives matter""","['3)Add a ""stay at home"" logo to your FB profile whilst posting numerous photos of your family cooking&amp;larking about in the kitchen 4)Rave about Captain Tom on FB whilst posting numerous times about how much youve donated 5)Change profile photo temporarily to ""black lives matter""', ""Of course, one can't say that I have ignored the plights of either side. It's just that I understand that Police are actually some of our most traumatized people. The really unfortunate thing about that is that they don't realize how their presence can traumatize some people (1)"", ""It's still #BlackHistoryMonth #BlackLivesMatter don't forget"", '-']",tweet_C,content_A,reply
t3403,u1847,2022-02-23 18:05:59+00:00,BlackLivesMatter,b***r,Home Invader Breaks Through Bedroom Window Of Armed Couple; He's Dead Now - The Police Tribune https://***cU Follow @b***r #BlueLivesMatter #BackTheBlue #lawenforcement #PoliceTribune,"['I\'m still furious that the initial press release from the Portland police about the shooting at the Black Lives Matter protest referred to it as (paraphrasing) ""between a homeowner* and protestors."" They want him to seem like the REAL victim, not the unarmed woman. *He wasn\'t.', ""Home Invader Breaks Through Bedroom Window Of Armed Couple; He's Dead Now - The Police Tribune https://***cU Follow @b***r #BlueLivesMatter #BackTheBlue #lawenforcement #PoliceTribune"", 'Infant mortality rates are an indication of overall health. Leading causes of infant death include birth defects, prematurity, low birth weight, maternal complications and sudden infant death syndrome. #blackhistorymonth #blackhistory #blacklivesmatter #blackexcellence https://***y8', '-']",-,content_B,post
t0632,u1112,2020-06-23 15:30:18+00:00,BlackLivesMatter,Y***B,"""I hope this moment is a real wake-up call for white people, for our allies...and that they stay awake. Because that's where the only real change can come from."" @B***e @C***N https://***qr #listen #learn #stepup #allyship #BlackLivesMatter","['""I hope this moment is a real wake-up call for white people, for our allies...and that they stay awake. Because that\'s where the only real change can come from."" @B***e @C***N https://***qr #listen #learn #stepup #allyship #BlackLivesMatter', 'Brace yourself, Ep.2 of #MetalheadPolitics is coming on July 1st.@e***u and I will be talking about Hong Kong, Black Lives Matter, and racial discrimination in Taiwan. Stay tuned. https://***lV', 'In Solidarity with #BlackLivesMatter and Call for Dismantling Structural Racism in Germany @A***o @N***m @c***o - https://***c4', '-']",-,content_A,post
t1786,u0422,2021-07-13 05:00:28+00:00,BlackLivesMatter,n***r,"When you see racial injustices, do you get overwhelmed wondering, ""what do I do?"" #blacklivesmatter #blackjoy #georgefloyd #onlyness #rights https://***K2","['With all this freezing weather ningepanda kuuliza comrades @a***x kama bado wako loyal to the teacher ama wali backslide 😂😂😂 #EURO2020 #BlackLivesMatter #construction Naivasha safaricom pole kikuyu kibaki kenyapower #MainaAndKingangi', 'Valiant Souls . . We stand against racism ✊🏾 . . #racism #EURO2020 #EURO2020 #englandfans #euro2021final #AllLivesMatter #BlackLivesMatter https://***Q0', 'When you see racial injustices, do you get overwhelmed wondering, ""what do I do?"" #blacklivesmatter #blackjoy #georgefloyd #onlyness #rights https://***K2', '-']",-,content_C,post
t2275,u0429,2022-01-28 15:23:43+00:00,BlackLivesMatter,A***3,"BLACK LIVES MATTER AT SCHOOL!! Join our AiRs and educators of the Black Educators Caucus MKE as they share lessons that can be used to center the history, lives, and experiences of Black students. RSVP: https://***qc #ATN1863 #BLMAS #Blackteachers #teachfortheculture https://***5q","['BLACK LIVES MATTER AT SCHOOL!! Join our AiRs and educators of the Black Educators Caucus MKE as they share lessons that can be used to center the history, lives, and experiences of Black students. RSVP: https://***qc #ATN1863 #BLMAS #Blackteachers #teachfortheculture https://***5q', 'It’s fascinating that burning an American flag is protected by the 1st Amendment, but burning a BLM flag is not. 128 days in jail for “pleading guilty in August 2021 to burning a Black Lives Matter Flag and possessing high-capacity firearm magazines.” https://***qf', 'After this space,Black lives matter movement is giving a different impression TBVH. So y’all’ were really all about “FBA” and not all Black people in America?? #SecureTheTribe https://***Uq', '-']",-,content_A,post
t2945,u2334,2022-02-17 03:40:01+00:00,BlackLivesMatter,W***s,Louisville woman questions anti-Black Lives Matter letter found in front yard: https://***Vd | @k***v https://***UQ,"[""Should teachers be allowed to express their political beliefs in the classroom? The Education Secretary, Nadhim Zahawi, wants schools to avoid teaching any contentious ideas and theories as fact. It means staff won't be allowed to promote Black Lives Matter. Is he wrong? https://***Vk"", 'Encerramos com a 5a vitória seguida do líder do Leste, os Bulls bateram os #Kings por 125x118. DeMar DeRozan com 38 pontos foi o cestinha mais uma vez. Pegam os #Hawks dia 24/02. #BullsNation #NBA75 #NBA75 #BlackLivesMatter. 📸: @c***s. https://***T5', 'Louisville woman questions anti-Black Lives Matter letter found in front yard: https://***Vd | @k***v https://***UQ', '-']",-,content_C,post
t0488,u2771,2020-06-02 22:36:18+00:00,BlackLivesMatter,N***h,-,"['Todo nuestro rechazo a cualquier expresión de discriminación. #StopRacism #BlackoutTuesday #BlackLivesMatter 🙌🏿 https://***IZ', 'the uk isn’t innocent man. ACAB! #BlackLivesMatter https://***da', 'Black Lives Matter #BlackoutTuesday https://***cO', '-']",tweet_C,-,retweet
t2634,u0038,2022-02-11 11:41:31+00:00,BlackLivesMatter,I***m,Same Adidas that killed millions of animals to make shoes and belt is terminating someone contract because the person kicked a cat. Make it make sense. I stand with Zouma #BlackLivesMatter https://***wG,"['Same Adidas that killed millions of animals to make shoes and belt is terminating someone contract because the person kicked a cat. Make it make sense. I stand with Zouma #BlackLivesMatter https://***wG', 'Adidas #BlackLivesMatter https://***od', ""#BBCQT About policing, this isn't just a matter far away from London; we in Wales have similar problems. For example, look at the black men who have died in police custody in Gwent and South Wales Police. #Blacklivesmatter #Windrush #BLMUK"", '-']",-,content_A,post
t3143,u1534,2022-02-19 19:59:16+00:00,BlackLivesMatter,m***t,"Next weekend, the University of Kentucky Department of Theatre and Dance will present four performances of ""Black Lives Matter: 1619 to Now."" https://***RV via @B***d","['Shirley Chisholm “Service is the rent that you pay for room on this earth.” #ServiceIsUniversal #BlackHistoryMonth #PearlOnNetflix #MeghanMarkle #BlackLivesMatter https://***uy', 'Next weekend, the University of Kentucky Department of Theatre and Dance will present four performances of ""Black Lives Matter: 1619 to Now."" https://***RV via @B***d', '@J***u #ClintonPedoRing #clintonISrape #HitleryForPrison #HitleryClitery #Hitlerybyebye #HeilHitlery #HitleryPedoRing #NoVax #UnVaxxed #AntiVax #NoVaxDjoCovid #UnVaxxed #VaxFraud #VaxOff #imprisonBLMterroristsNOW #BLMracistTHIEVES #BLMisMURDER #BLMsorosFUNDED #AllLivesMatter', '-']",-,content_B,post
t1699,u1317,2021-04-12 16:30:37+00:00,BlackLivesMatter,r***s,Systemic racism in this country has not disappeared just because the hashtags did. #BlackLivesMatter https://***45,"['this is so heartbreaking 💔 #DaunteWright #BlackLivesMatter https://***PD', 'Bereft at this news #BlackLivesMatter #DaunteWright https://***Fs', 'Systemic racism in this country has not disappeared just because the hashtags did. #BlackLivesMatter https://***45', '-']",-,content_C,post
t2938,u0714,2022-02-17 01:23:25+00:00,BlackLivesMatter,I***e,"🗣🚨Head over to the #IUICArkansas #YouTube channel #RIGHTNOW for an #ALLNEW camp video‼️🚨 Link below ⬇️ https://***xs Leave a comment! Also Like👍🏽, Share ♻️, &amp; Subscribe🛎‼️ #WakeUpSleepyHead #BLM #BlackLivesMatter #BibleBelt #LastDays #ChildrenOfGod https://***EF","['@K***r of @U***r Party DISRESPECTFULLY RIDICULED Black Lives Matter (BLM). British BLM group closes down after police infiltration attempt Supporters scared to join #Erdington #labourdoorstep https://***nd', '🗣🚨Head over to the #IUICArkansas #YouTube channel #RIGHTNOW for an #ALLNEW camp video!!️🚨 Link below ⬇️ https://***xs Leave a comment! Also Like👍🏽, Share ♻️, &amp; Subscribe🛎!!️ #WakeUpSleepyHead #BLM #BlackLivesMatter #BibleBelt #LastDays #ChildrenOfGod https://***EF', ""Some people don't just know how to use English word 🙄😂 #woposts #funnyjokes #funnymemes #memes #jokes #memes😂 #mysmallbusiness #olosho #nnpc #baeu #saliva #unilag #oxlaid #Assustrike #blacklivesmatter #ibadan #nairaland #abbakyari #futo #loml #asuu https://***an"", '-']",-,content_B,post
t3058,u1326,2022-02-18 15:46:08+00:00,BlackLivesMatter,d***s,"Yesterday evening, Austin City Manager Spencer Cronk released the following statement after indictments were made against 19 Austin Police Officers for injuring protestors during the May 2020 Black Lives Matter protests. https://***CE","[""Maybe. But he'll reinstate them within a few days of re-election. It's difficult to undo a #dictatorship and #Totalitarianism is the new Canadian way. We bought it, we own it. #DougFord #onpoli #mandates https://***Rg"", '🙏🚨🙏 MISSING 🙏🚨🙏 Arizona Locals Please Help #FeliceParham #MissingPersons #MissingPerson #Missing #ArizonaState #Arizona #Chandler #BlackLivesMatter https://***3O', 'Yesterday evening, Austin City Manager Spencer Cronk released the following statement after indictments were made against 19 Austin Police Officers for injuring protestors during the May 2020 Black Lives Matter protests. https://***CE', '-']",-,content_C,post
t2900,u1921,2022-02-16 14:50:05+00:00,BlackLivesMatter,s***t,"Vandaag gelanceerd! Wat is dé beste Protestslogan van 2021? Stem op jouw favoriet van #Woonprotest, #BlackLivesMatter, #Klimaatmars, #Boerenprotest of #Coronaprotest op https://***C. Lees hier ons persbericht: https://***i.","[""#AGrooveAlmostEverydayWillPlayTillThePandemicGoAway #tuesdayvibe #BlackHistoryMonth #1619Project #briannataylor #ElijahMcClain #NoJusticeNoPeace #COVID19 #CDC #blacklivesmatter 🎼🎸🎤🇺🇸 Earth, Wind &amp; Fire - Love's Holiday (Official Audio) https://***Qv via @Y***e"", 'Two Americas. Right here on tape. These police officers didn’t even pretend to treat these two boys equally. Even knowing they were being filmed, they made it clear who was the citizen and who was the subject. This is your answer to “why do they kneel.” https://***HA', 'Vandaag gelanceerd! Wat is dé beste Protestslogan van 2021? Stem op jouw favoriet van #Woonprotest, #BlackLivesMatter, #Klimaatmars, #Boerenprotest of #Coronaprotest op https://***C. Lees hier ons persbericht: https://***i.', '-']",-,content_C,post
t0408,u0130,2020-05-30 04:09:52+00:00,BlackLivesMatter,r***i,honor pain &amp; honor solidarity #JusticeForFloyd #JusticeforBreonnaTaylor #BlackLivesmatter,"[""You don't need to be black to fight racism #BlackLivesMatter #JusticeForGeorgeFlyod # https://***lT"", 'honor pain &amp; honor solidarity #JusticeForFloyd #JusticeforBreonnaTaylor #BlackLivesmatter', ""Black Lives Matter. Let's fix the US with something other than facism."", '-']",tweet_C,content_B,reply
t3723,u2532,2022-03-02 18:33:06+00:00,BlackLivesMatter,P***V,Black Lives Matter’s Financial Scandal May Be Significantly Worse Than We Thought https://***Vr,"[""@C***h DEFEND THE #IPO: BLACK LIVES MATTER ©®TM MAMA! 🌎🕊️ #ALMBLMAW WEEK I'M UKRAINE &amp; #BIDEN GLOBAL NETWORK IN DELAWARE APPLIES FOR MY TMs (FELONY); DEFAMES MY VISION &amp; USES MY #BLM©®TM LIKE IT'S HIS! END PIRACIES &amp; PUNISH RACKETEERS WHO ROB GOD, WHO SEES ALL, LIKE MY IPO EXCLUSIVITY"", ""BP's forgotten pensioners @D***y @b***s https://***E5 #petition #blacklivesmatter https://***RL"", 'Black Lives Matter’s Financial Scandal May Be Significantly Worse Than We Thought https://***Vr', '-']",-,content_C,post
t0417,u1708,2020-05-31 01:20:28+00:00,BlackLivesMatter,j***k,-,"['Black Lives Matter. Always. https://***vF', ""🇺🇸 ALERTE - Une personne a été tuée par balles cette nuit dans le centre d'#Indianapolis, alors qu'une manifestation #BlackLivesMatter s'y déroulait. Les autorités demandent aux manifestants de rentrer chez eux. Une enquête est ouverte. (chef de la #police) #riots2020 #Indiana"", 'No justice:No peace #Floyd #BlackLivesMatter #RAISETHEDEGREE #ALGERIA https://***nX', '-']",tweet_C,-,retweet
t2390,u1734,2022-02-04 19:00:01+00:00,BlackLivesMatter,S***N,This paper provides insights into the evolution of #BlackLivesMatter movement and its counter-movements on #Facebook from their inception to the present: 📄 https://***Mv @s***1 @S***r @D***c &amp; Ashley Lee @B***d #BlackHistoryMonth,"['Life Storage is proud to celebrate Black History Month! In honor of the critical contributions African Americans have made to our country, Life Storage will be donating $20,000 to #AfricianAmerican nonprofits. #BlackHistoryMonth #BlackHistory #BlackLivesMatter #BlackExcellence https://***zX', 'Amir should still be with us. #BlackLivesMatter https://***Os', 'This paper provides insights into the evolution of #BlackLivesMatter movement and its counter-movements on #Facebook from their inception to the present: 📄 https://***Mv @s***1 @S***r @D***c &amp; Ashley Lee @B***d #BlackHistoryMonth', '-']",-,content_C,post
t1677,u2475,2021-03-15 14:30:09+00:00,BlackLivesMatter,L***h,"@G***g when u don't know about India how can u describe India.. U didn't said about ""#BlackLivesMatter "" u didn't tweet about ""#Rohingyas "" and u just jump on what u don't know.. We r Indians we have issues BUT ""VASUDEV KUTUMBKAM"".. 🙏 🙏","['@G***g when u don\'t know about India how can u describe India.. U didn\'t said about ""#BlackLivesMatter "" u didn\'t tweet about ""#Rohingyas "" and u just jump on what u don\'t know.. We r Indians we have issues BUT ""VASUDEV KUTUMBKAM"".. 🙏 🙏', ""This. Is. Racism. “Sen. Ron Johnson: Capitol rioters 'love this country' but I would've been concerned if they'd been Black Lives Matter” #BLM https://***Zo"", ""Silencing Black Lives Matter: Priti Patel's anti-protest law - https://***HA https://***ww"", '-']",tweet_B,content_A,reply
t1906,u1868,2021-11-03 09:09:18+00:00,BlackLivesMatter,D***i,"It's not lost on me that some of the people really incensed in my mentions because I have an issue with Vanessa Nakate’s erasure- and its perpetuation by people with large platforms- have ""human rights"", ""climate emergency"", and ""Black lives matter"" in their bios 🙃","['It\'s not lost on me that some of the people really incensed in my mentions because I have an issue with Vanessa Nakate’s erasure- and its perpetuation by people with large platforms- have ""human rights"", ""climate emergency"", and ""Black lives matter"" in their bios 🙃', '#StopAsianHate #JusticeMatters #BlackLivesMatter #vote #Election2021 #stopracism #adamjthelawyer https://***L0', '✅ HUGE WIN: Cleveland votes overwhelmingly for police oversight #Issue24 #BlackLivesMatter https://***pF', '-']",-,content_A,post
t2981,u3238,2022-02-17 14:04:02+00:00,BlackLivesMatter,w***r,In celebration of the #BlackHistoryMonth the @R***n and @B***s are hosting a 4-day virtual conference “ALL BLACK LIVES MATTER: Black Germany and Beyond” starting today. Register now to view all films and events: https://***Q3 #WunderbarTogether https://***ej,"['Families of Sandy Hook victims reach $73 million settlement with Remington https://***CM #alm #BlackLivesMatter', '⚡️#BreakingNews @B***a @M***a @V***P @O***h @R***C @J***8 @R***y @R***i @O***C @O***D @W***s @_***C @O***d @U***M @B***6 @T***s @B***A🌍🎉✨👸🏾🤴🏾✨🎊 #BlackLivesMatter #CLE🌇 #ThisIsCLE🏙 #NBAALLSTAR https://***k6', 'In celebration of the #BlackHistoryMonth the @R***n and @B***s are hosting a 4-day virtual conference “ALL BLACK LIVES MATTER: Black Germany and Beyond” starting today. Register now to view all films and events: https://***Q3 #WunderbarTogether https://***ej', '-']",-,content_C,post
t3088,u1038,2022-02-19 02:21:12+00:00,BlackLivesMatter,J***6,-,"['It’s up to you to bring yourself to the attention of powerful people around you. They’re not going to find you on their own. #blackyouth #blackcareer #blacklivesmatter #life #dreams #courage #CBV https://***Sx', '""Let your speech always be gracious"" ... HELP ME LORD! https://***RY #HolocaustMemorialDay #MLK #GrenfellTower #BlackLivesMatter #BidenHarris #oprahmeghanharry #ReparationsNow', '@E***P @P***t @A***C @N***r She may be, but @A***C is a brilliant leader &amp; a force for good! #VoteBlue2022 #BLUEWAVE2022 #filibusterfriday #blacklivesmatter #stopasianhate #voteblue22 #Voterizer #vote #Jan6thCommittee #Jan6 #maskholes #MitchPlease #CivilRights #thesquad2022', '-']",tweet_C,-,retweet
t0693,u1039,2020-07-24 20:02:18+00:00,BlackLivesMatter,a***s,AAAS leadership has been listening. This week we provided draft plans to our members that aim to tackle systemic racism in the scientific community. Read the @V***e interview with @S***h: https://***DC #ShutdownSTEM #BlackLivesMatter,"['If you ain’t with us you against us!! #BLACKLIVESMATTER https://***RS', 'AAAS leadership has been listening. This week we provided draft plans to our members that aim to tackle systemic racism in the scientific community. Read the @V***e interview with @S***h: https://***DC #ShutdownSTEM #BlackLivesMatter', ""Join me today at 5:30pm for a conversation with Dr. Bailey @z***r + Dr. Barber @H***c on racial justice. As social epidemiologists, we've worked to spell out how racism kills by police violence, #COVID19 &amp; much more. https://***JR #MA04 #BlackLivesMatter"", '-']",-,content_B,post
t0565,u2643,2020-06-08 03:28:06+00:00,BlackLivesMatter,M***h,-,"['If you’re in STEM and you support #BlackLivesMatter, please retweet and like this! I’m trying to see something 🚀👩🏾🚀🛰', 'We stand in full solidarity with the Black community and the #BlackLivesMatter movement. We strongly encourage you to take the time to engage thoughtfully and to educate yourself and those around you to understand how to take action.', 'I also pledge to oppose racism and hate through active allyship, continuous unlearning, learning, and listening. Join us by nominating 5 others to do the same #BlackLivesMatter I nominate @s***e, @j***c, @M***e, @S***k, @m***7 https://***xL', '-']",tweet_A,-,retweet
t3381,u1013,2022-02-23 13:30:06+00:00,BlackLivesMatter,D***l,More change is needed. https://***6t #BlackLivesMatter,"['Such a honor to be represented by Sue and her team at Remarkable! Thankful for the opportunity to share the art of living a Switched On life! It truly saved my life. #bluelivesmatter #schoolsecurity #switchedonlife #policeofficers #childprotection #hum...https://***WI', 'More change is needed. https://***6t #BlackLivesMatter', ""It's time to #DefundThePalmBayPolice #BlackLivesMatter"", '-']",-,content_B,post
t0470,u2887,2020-06-02 13:16:47+00:00,BlackLivesMatter,R***M,The latest Veg(etari)ani Tweettanti! https://***pJ #blacklivesmatter #blackwellnessmatters,"['I think this photo speaks for itself #BlackLivesMatter https://***gu', 'We pledge to continue opposing racism &amp; hate. Join us by nominating at least 5 others to do the same. #BlackLivesMatter @U***a @B***A @C***A @W***A @U***g @U***t @U***d https://***Ps', 'The latest Veg(etari)ani Tweettanti! https://***pJ #blacklivesmatter #blackwellnessmatters', '-']",-,content_C,post
t2795,u1900,2022-02-15 07:17:33+00:00,BlackLivesMatter,M***z,-,"[""El-Hajj Malik El-Shabazz, Malcolm X Our founder Aasiya Hussain's family welcomed Brother Malcolm to the 1st masjid in contemporary Tkaronto Toronto. After he denounced NOI. Before organized hate assassinated him #BlackAndMuslim #BlackHistoryMonth #BlackLivesMatter #EndHate #ABR https://***GQ"", '@S***V @c***o @N***N @N***n @U***C @M***s @I***F @A***c @A***s @A***s @a***o @S***D @S***O #ThinBlueLine #BlueLivesMatter #hybrid #SafetyFirst #security_council_is_tool_atUSA_UK_hands #Security #defense #logic https://***qC', 'Erin Jackson makes U.S. history with speed skating 500m gold | Winter Ol... https://***lx via @Y***e #MichelleChilds #KetanjiBrownJackson #nathanchan #DonovanCarrillo #TrumpCult #VotingRights #Olympics #ErinJackson #BlackLivesMatter #SimoneBiles #ACA #DemocratsDeliver', '-']",tweet_B,-,retweet
t3122,u0752,2022-02-19 17:00:16+00:00,BlackLivesMatter,t***y,"American political activist, academic and author Dr. Angela Y. Davis discusses her life-long dedication to activism and resistance with host Sandy Hudson (@s***a), co-founder of Black Lives Matter Canada. Tune in LIVE Mar 14 at 7 pm https://***6f #OnCivilSociety https://***Er","['Fri Sep 18 2020 Portland, Oregon - Federal agents shoot pepper balls at protesters and bystand vehicle WATCH: https://***tQ #PortlandOregon #PPD #blacklivesmatter #blm #defundthepolice #abolishthepolice', '""Anyone who claims to be a leader must speak like a leader. That means speaking with integrity and truth. - Kamala Harris Visit https://***nL to learn more. . . . . #PolitiCALM #keepcalm #publicservants #blackhistorymonth #blackexcellence #blacklivesmatter #blackpride https://***x5', 'American political activist, academic and author Dr. Angela Y. Davis discusses her life-long dedication to activism and resistance with host Sandy Hudson (@s***a), co-founder of Black Lives Matter Canada. Tune in LIVE Mar 14 at 7 pm https://***6f #OnCivilSociety https://***Er', '-']",-,content_C,post
t1264,u1821,2020-10-16 03:28:47+00:00,BlackLivesMatter,a***v,"Voting for healthcare, climate, equality &amp; justice. #VOTE #Election2020 #ClimateAction #BlackLivesMatter #ScienceMatters #voteforscience https://***m6","['Voting for healthcare, climate, equality &amp; justice. #VOTE #Election2020 #ClimateAction #BlackLivesMatter #ScienceMatters #voteforscience https://***m6', 'Our history &amp; our liberty are bound together. In honoring the contributions of the Black community to Filipino history, we assert fully, forcefully, &amp; enthusiastically that #BlackLivesMatter! #AsianBlackSolidarity https://***VC', '""Don’t ever stop. Keep going. If you want a taste of freedom, keep going.""~ Harriet Tubman #theabolitionistchallenge #antiracism #BlackLivesMatter #harriettubman', '-']",-,content_A,post
t3030,u2497,2022-02-18 05:08:51+00:00,BlackLivesMatter,i***K,Wisdom is better than weapons of war: but one sinner destroyeth much good. Ecclesiastes 9:18 #HolocaustMemorialDay #MLK #GrenfellTower #BlackLivesMatter #BidenHarris #oprahmeghanharry #ReparationsNow https://***8H,"['Wisdom is better than weapons of war: but one sinner destroyeth much good. Ecclesiastes 9:18 #HolocaustMemorialDay #MLK #GrenfellTower #BlackLivesMatter #BidenHarris #oprahmeghanharry #ReparationsNow https://***8H', 'When White Men Speak they can change a narrative. Only Barack Obama has demonstrated this ability in public discourse. When anyone ever tried to mistreat a Black person in America someone should drive up and play #Whitney https://***Vq #BlackLivesMatter https://***It', '""Anyone who claims to be a leader must speak like a leader. That means speaking with integrity and truth. - Kamala Harris Visit https://***nL to learn more. . . . . #PolitiCALM #keepcalm #publicservants #blackhistorymonth #blackexcellence #blacklivesmatter #blackpride https://***x5', '-']",-,content_A,post
t1651,u0514,2021-02-26 13:00:17+00:00,BlackLivesMatter,W***s,Most Black Lives Matter supporters are younger and well-educated! #WallofVets https://***Ix,"['Today marks 9 years since the tragic murder of Trayvon Martin, who was fatally shot as he walked home from buying candy at a store. Trayvon was a victim of racial discrimination and inequality. He deserves justice. He was only 17. #BlackLivesMatter https://***na', 'Most Black Lives Matter supporters are younger and well-educated! #WallofVets https://***Ix', 'Black Voices in Gaming - with The MIX - Live https://***a7 #BlackLivesMatter #videogames #gaming', '-']",-,content_B,post
t0673,u2059,2020-07-15 19:33:11+00:00,BlackLivesMatter,e***k,"https://***S5 @E***S @E***f #BlackLivesMatter #BlackLivesMatterUK Eastbourne is the worst place to live. This must be white-only. Asians and Black people are abused, spat at, and thrown stones on a road. They are living in 18 centuries, not in 21 st.","['Very proud of our @M***s players today. #BlackLivesMatter https://***X3', 'https://***S5 @E***S @E***f #BlackLivesMatter #BlackLivesMatterUK Eastbourne is the worst place to live. This must be white-only. Asians and Black people are abused, spat at, and thrown stones on a road. They are living in 18 centuries, not in 21 st.', ""This week we're taking over the @U***l IG: ucsdschoolofmedicine. Tune in for resources, interviews, and background on equity, diversity, inclusion, and Anti-Racism at UCSD (and beyond) -- all will be reposted here. #blacklivesmatter #healthequity #antiracism #savehealthcare"", '-']",-,content_B,post
t0535,u2887,2020-06-05 13:16:45+00:00,BlackLivesMatter,R***M,The latest Veg(etari)ani Tweettanti! https://***Kt #blacklivesmatter #fathersday,"['During #blacklivesmatter protests at the Barclays Center in Brooklyn, New York, Muslim protestors performed their Salah whilst others stood around in silence to respect their prayers. Photo by @s***z #blm #salah #prayer #mvslim #muslim https://***Af', 'The latest Veg(etari)ani Tweettanti! https://***Kt #blacklivesmatter #fathersday', 'BLACK LIVES MATTER https://***yM', '-']",-,content_B,post
t0736,u1455,2020-08-27 16:33:35+00:00,BlackLivesMatter,K***s,"Change doesn’t happen with just talk!! It happens with action and needs to happen NOW! For my @I***l kids, kids and communities across the country, it’s on US to make a difference. Together. That's why your vote is @m***e ✊🏾 #BlackLivesMatter","[""Change doesn’t happen with just talk!! It happens with action and needs to happen NOW! For my @I***l kids, kids and communities across the country, it’s on US to make a difference. Together. That's why your vote is @m***e ✊🏾 #BlackLivesMatter"", '@p***s @a***p @s***g @r***y @p***s @w***e @j***l @t***y @p***s @S***e #MilwaukeeBucks @T***T @K***s ➡️https://***rY #BlackLivesMatter https://***ms', 'Remember. Consumers boycott. Workers strike. Words matter. Black lives matter. (Thank you, @J***v)', '-']",-,content_A,post
t0439,u0430,2020-06-01 04:22:03+00:00,BlackLivesMatter,S***0,-,"['@j***r @s***t @B***r @N***F Thank you both for doing this, just donated to @N***F. #BlackLivesMatter https://***2Y', 'I been losing followers left and right , keep dropping #BlackLivesMatter', 'matching donations up to 10k to @B***r - https://***kl send me receipts and lets raise some money as its the absolute least some of us can do. #blacklivesmatter #dowhateveryoucan', '-']",tweet_B,-,retweet
t2825,u0280,2022-02-15 15:12:35+00:00,BlackLivesMatter,e***_,-,"['To be fair to Wales, the new National Curriculum includes black history. We are way ahead of the rest of the UK in that respect, so to include Wales in this report is a little unfair. #BLMUK #BlackLivesMatter #BlackTwitterSpace #Windrush @P***g @W***n https://***Lt', '#HappyValentinesDay2022 #myhero #swoon #Eminem ! #BlackHistoryMonth #BlackLivesMatter https://***zV', '@J***k @a***n @k***r also censored ""Be all right"" - disappointing. :/ That\'s a core reason why we lean on God. Spotlighting #policebrutality matters. #blacklivesmatter The NFL was too scared MAGA was going to blow a gasket... -_-', '-']",tweet_B,-,retweet
t3529,u3195,2022-02-26 08:32:10+00:00,BlackLivesMatter,t***s,"Wed Nov 04 2020 Seattle, Washington - Police arrest bystander in vehicle WATCH: https://***By #SeattleWashington #SPD #blacklivesmatter #blm #defundthepolice #abolishthepolice","['Local Black Lives Matter activist Pamela Moses was granted a new trial Friday after being sentenced to six years and one day in prison earlier this year for voter fraud. https://***uf', '@B***Y @P***S @V***P @S***i @T***s Repair the damages this country has inflicted upon Black people for centuries!!! #ReparationsNow #BlackLivesMatter', 'Wed Nov 04 2020 Seattle, Washington - Police arrest bystander in vehicle WATCH: https://***By #SeattleWashington #SPD #blacklivesmatter #blm #defundthepolice #abolishthepolice', '-']",-,content_C,post
t0464,u2716,2020-06-02 03:24:21+00:00,BlackLivesMatter,G***y,"In solidarity and observance of the #amplifymelanatedvoices movement, we will be refraining from posting content on this platform to create space to amplify the voices and experiences of Black people who need to be heard. Listen. Learn. #amplifymelanatedvoices #blacklivesmatter https://***0b","['We can’t confront injustice without saying its name first. That’s why I joined @R***y to introduce the Resolution to Condemn Police Brutality. The House and Senate need to pass it now to make clear that Black Lives Matter.', 'Ok now, all white people join in and say, #BlackLivesMatter #JusticeForGeorgeFloyd #georgefloyd #SantaMonicaProtest #newyorkprotest #bostonprotest #SacramentoProtest #PhiladelphiaProtests #TuesdayMorning #blm #Minneapolisprotests https://***vg', 'In solidarity and observance of the #amplifymelanatedvoices movement, we will be refraining from posting content on this platform to create space to amplify the voices and experiences of Black people who need to be heard. Listen. Learn. #amplifymelanatedvoices #blacklivesmatter https://***0b', '-']",-,content_C,post
t3520,u3195,2022-02-26 03:32:10+00:00,BlackLivesMatter,t***s,"Fri Apr 16 2021 Brooklyn Center, Minnesota - Police shoot man with impact munition WATCH: https://***FE #BrooklynCenterMinnesota #BCPD #blacklivesmatter #blm #defundthepolice #abolishthepolice","['Fri Apr 16 2021 Brooklyn Center, Minnesota - Police shoot man with impact munition WATCH: https://***FE #BrooklynCenterMinnesota #BCPD #blacklivesmatter #blm #defundthepolice #abolishthepolice', 'Black lives matter across all borders—and we are celebrating #BlackHistoryMonth across borders as well! This February, we are featuring movement leaders who center Black leadership &amp; welcome the African diaspora as the basis to build solidarity. 1/ https://***DI', '“Our lives begin to end the day we become silent about things that matter.” ― Martin Luther King Jr. #BlackLivesMatter #BlackHistoryMonth #KeepEyesOnSudan 🇸🇩 #SudanCoup ✊🏽', '-']",-,content_A,post
t0730,u0515,2020-08-24 16:51:15+00:00,BlackLivesMatter,P***s,"These are the words of a leader. Let's pressure the rest -- at all levels -- to exert energy on progress instead of punishing protesters. Thank you, @S***l #BlackLivesMatter https://***hE","['We need Black Lives Matter. The police who shot Jacob Blake prove it. https://***xk', 'injustice anywhere is a threat to justice everywhere. join us at city hall tomorrow to continue to movement to #defundthepolice and reimagine public safety in athens. #kenosha #blacklivesmatter https://***XA', ""These are the words of a leader. Let's pressure the rest -- at all levels -- to exert energy on progress instead of punishing protesters. Thank you, @S***l #BlackLivesMatter https://***hE"", '-']",-,content_C,post
t0592,u0864,2020-06-11 15:22:58+00:00,BlackLivesMatter,V***C,Graduate students- join us tomorrow for a peaceful demonstration of support for #BlackLivesMatter and #BlackintheIvory https://***ma,"['There is no place for inequity in nursing and midwifery. #BlackLivesMatter #teamCNO', 'Graduate students- join us tomorrow for a peaceful demonstration of support for #BlackLivesMatter and #BlackintheIvory https://***ma', '@S***n, We want to see real action, not a PR statement. What are you doing to protect your Black constituents from police brutality? (via https://***6) #BlackLivesMatter', '-']",-,content_B,post
t0615,u2561,2020-06-16 14:46:57+00:00,BlackLivesMatter,T***R,Did you know that there is very little representation in skin color of dolls? Watch Ariana create #ADollLikeMe in our new #KidsCandidTalk series! Keep your foot on the gas and together we can all work towards a more equal future #BlackLivesMatter https://***VI,"['Did you know that there is very little representation in skin color of dolls? Watch Ariana create #ADollLikeMe in our new #KidsCandidTalk series! Keep your foot on the gas and together we can all work towards a more equal future #BlackLivesMatter https://***VI', 'To reiterate, Sarma lab stands with #BlackLivesMatter and we do not condone racism, or discrimination, of any form. We also recognize that we can always do more. Change is exponential if we enable it. @I***U @J***E @E***E @H***r n/n', 'Even \u2066@U***o\u2069? Economist Urged to Step Aside from Journal After Criticizing Black Lives Matter @W***J https://***Jz', '-']",-,content_A,post
t3647,u2612,2022-03-01 03:12:00+00:00,BlackLivesMatter,B***D,"Its February so you know what that means right? It's Black History Month. Equal Rights are Human Rights! Support LGBTQ+, POC because Black Lives Matter! LOVE is LOVE because LOVE WINS @s***1@B***D https://***9w https://***dX https://***g3 https://***0y","['@m***n #NaziUkraine 🇺🇦 neo-#Nazi #Ukraine #Zelensky #Putin #RussianArmy military Operations is #DeNazification 🇺🇦 #BlackLivesMatter #RussiaUkraineConflict #Russia https://***bL https://***bg', '⚡️#BreakingNews @B***a @M***a @V***P @M***b @C***d @O***C @O***D @_***C @N***r @T***s @O***d @U***M @B***6 Only in The #CLE🌃 #OHiO🌇 #BlackLivesMatter #AFRICA🌍 #AfricansInUkraine🌍 https://***VR', ""Its February so you know what that means right? It's Black History Month. Equal Rights are Human Rights! Support LGBTQ+, POC because Black Lives Matter! LOVE is LOVE because LOVE WINS @s***1@B***D https://***9w https://***dX https://***g3 https://***0y"", '-']",-,content_C,post
t3515,u0276,2022-02-26 00:01:14+00:00,BlackLivesMatter,b***l,"A look at ""how faculty can substantively address white supremacy in the law school curriculum as part of the Movement for Black Lives."" #blacklivesmatter #legaled (TaxProf Blog) https://***s8","['@H***E #conversation #GENERATIONALPOVERTY ❤️ @R***1 #realitybites #followus #Changingthenarrative #blackbusiness #SupportBlackBusiness #BlackLivesMatter #blackexcellence #BlackHistoryMonth #FreedomOfSpeech #BlackTwitter #1DDrive #IFBAP #FBRParty https://***4Z', '#Maddow #Bitcoin #CNN #ElizabethWarren #Manchin #Covid_19 #Pelosi #TheSquad #NYC #AOC #FoxNews #MSNBC #BernieSanders #BlackLivesMatter #Democrats #Biden not willing to reverse shutting down US Oil MAKING EVEN MORE EXPENSIVE FOR YOU. #ASSHOLE https://***wY', 'A look at ""how faculty can substantively address white supremacy in the law school curriculum as part of the Movement for Black Lives."" #blacklivesmatter #legaled (TaxProf Blog) https://***s8', '-']",-,content_C,post
t3424,u0040,2022-02-24 02:06:37+00:00,BlackLivesMatter,n***t,The latest The mass incarceration Daily! https://***Mz Thanks to @L***d #blacklivesmatter #cjreform,"['The latest The mass incarceration Daily! https://***Mz Thanks to @L***d #blacklivesmatter #cjreform', ""Assistant professor Victoria E. Thomas's paper “Black Trans Lives Matter: Social Activism, Solidarity, and Performances of Black Trans Sisterhood” was published in the special Black Lives Matter edition of the Pennsylvania Communication Annual, which she also guest edited. #BHM https://***ie"", ""There's a maximum of 5 of yall that really give a fuck about Ukraine. Remember a year ago when we deeply cared for Afghanistan, and then right before that when Black Lives Mattered? We fake as fuck and Putin knows it."", '-']",-,content_A,post
t3226,u3250,2022-02-20 22:01:02+00:00,BlackLivesMatter,G***d,"Untitled, Fort Scott, Kansas, 1963⁠ .⁠ .⁠ .⁠ #blackculture #blacklove #blackisbeautiful #socialjustice #freedom #endinjustice #speakup #speakout #blacklivesmatter #blm https://***z7","[""@T***m The public doesn't know about these things because they work in concert with the corrupt authority and cover it up! They make the protesters/VICTIMS the criminals when in fact the authorities are the criminals themselves! #blacklivesmatter #defendPDX #anonymous #ows #chudwatch"", 'Oh, this is good and has me #chewin. Currently where our nation is (in terms of justice, fairness, equity, equality and liberation), do #AllLivesMatter? #seriousquestion #BlackHistoryMonth #BHM #BLACKHISTORY #BlackLivesMatter https://***Hj', 'Untitled, Fort Scott, Kansas, 1963 . . . #blackculture #blacklove #blackisbeautiful #socialjustice #freedom #endinjustice #speakup #speakout #blacklivesmatter #blm https://***z7', '-']",-,content_C,post
t3405,u0146,2022-02-23 18:34:35+00:00,BlackLivesMatter,M***j,"Look, I'm smarter than both you chowder heads put together. @k***t @F***L #HipHop #LA #thisisLosAngeles #blackTwitter #blacklivesmatter #artistsonTwitter #music #musicnft","['An example of #Murdoch let #loose by @N***s @B***n The Times Smears Black Lives Matter and Stonewall: Another Example of Bad, Unaccountable Journalism – @B***s https://***dd', ""Look, I'm smarter than both you chowder heads put together. @k***t @F***L #HipHop #LA #thisisLosAngeles #blackTwitter #blacklivesmatter #artistsonTwitter #music #musicnft"", '@O***a 1️⃣3️⃣Extra!DENUNCIE @S***l #CPIdaCOVID #ArasOmisso #JN #FIA #F1 #TeamLH44 #W13 #WSL #BlackLivesMatter #NFL #FaustaoNaBand #BBB22 #F1NaBand #MercedesAMGF1 #ShowDoEsporte @C***B @G***r @K***r @p***l @g***i @T***e 🚩#SDVESQUERDA https://***NL', '-']",tweet_C,content_B,reply
t0664,u2713,2020-07-11 23:01:37+00:00,BlackLivesMatter,H***g,"Much is written about the neurobiological basis of #PTSD, and way too little about the social and political determinants! #MedTwitter, #BlackLivesMatter","['Tamir Rice would have graduated high school this year. #Classof2020 #TamirRice #DefundThePolice #BlackLivesMatter https://***zP', 'Much is written about the neurobiological basis of #PTSD, and way too little about the social and political determinants! #MedTwitter, #BlackLivesMatter', 'NOW: Protesters march on Central by U of M in support of Black Lives Matter and Dreamers. \u2066@3***e\u2069 https://***xW', '-']",-,content_B,post
t0570,u1369,2020-06-08 16:09:10+00:00,BlackLivesMatter,a***e,"My friend, mentor and inspiration Rep. John Lewis standing tall to make sure we know #BlackLivesMatter even as he battles Stage 4 pancreatic cancer. This is all the #MondayMotivation you need. https://***2u","['endangers the lives of black and brown people in this nation. We realize actions speak louder than words. We are currently working on implementing concrete actions that will emphasize racial justice in science and beyond more centrally in our mission. Black lives matter.', 'Freely available range of articles and other resources on structural #racism and #PoliceViolence: https://***Xk #BLM #BlackLivesMatter', 'My friend, mentor and inspiration Rep. John Lewis standing tall to make sure we know #BlackLivesMatter even as he battles Stage 4 pancreatic cancer. This is all the #MondayMotivation you need. https://***2u', '-']",-,content_C,post
t0613,u1761,2020-06-15 14:42:02+00:00,BlackLivesMatter,E***l,"‘Broadening the conversation: why Black Lives Matter'. In this special issue published in our @E***l, authors go beyond the hashtag to share practical learnings to help tackle anti-black racism that can be shared widely. https://***mA https://***J6","[""‘Broadening the conversation: why Black Lives Matter'. In this special issue published in our @E***l, authors go beyond the hashtag to share practical learnings to help tackle anti-black racism that can be shared widely. https://***mA https://***J6"", 'This is nothing new! We are just exposing it on an international stage now. #DefundThePolice #PoliceBrutality #BlackLivesMatter https://***EU', 'There is a memorial to remember the dead. Many candles were lit, despite the light rain. https://***fH', '-']",-,content_A,post
t3942,u1471,2022-03-11 02:02:49+00:00,BlackLivesMatter,b***r,For the plethora of new followers I've recently acquired: I believe: - Trans rights are human rights - Queer people deserve to live in peace - Black Lives Matter - I am pro-choice and people should have access to the medical care they need/want without government oversight,"['No more live witnesses testimony. Defense now reading off letter sent by Black Lives Matter on behalf of Smollett.', '@E***b What’s dumb AF is not to believe in self defense &amp; the fact that #BlackLivesMatter. https://***e3', ""For the plethora of new followers I've recently acquired: I believe: - Trans rights are human rights - Queer people deserve to live in peace - Black Lives Matter - I am pro-choice and people should have access to the medical care they need/want without government oversight"", '-']",-,content_C,post
t1588,u2796,2020-12-26 21:32:39+00:00,BlackLivesMatter,D***D,"“If a physician can’t be heard by her own peers to save her life, then who will listen?” My sisters &amp; colleagues Drs. @D***k @C***s @u***k &amp; @d***y wrote this piece for ALL of us. 🙏🏽 WE MUST LISTEN! #BlackLivesMatter https://***qd","['“If a physician can’t be heard by her own peers to save her life, then who will listen?” My sisters &amp; colleagues Drs. @D***k @C***s @u***k &amp; @d***y wrote this piece for ALL of us. 🙏🏽 WE MUST LISTEN! #BlackLivesMatter https://***qd', '#BlackLivesMatter https://***8J', '@D***m @N***t Once is one time too many. 💔 #BlackLivesMatter', '-']",-,content_A,post
t3819,u0726,2022-03-04 06:33:00+00:00,BlackLivesMatter,z***s,Visit my #Threadless shop to help the #BlackLivesMatter Threadless #donate a dollar for every t-shirt sold and I donate 20% of my artists cut. #fightsystemicracism. Tap/Click on the link below. https://***IG #blm #shopping #tshirts #hoodies #tops #clothes #protesting https://***3c,"['Race to flee Kyiv amid fears of Russian carpet bombing https://***Uf #HolocaustMemorialDay #MLK #GrenfellTower #BlackLivesMatter #BidenHarris #oprahmeghanharry #ReparationsNow', 'Like American neo-nazi groups that have ties to the European far-right, #antifa maintain ties with cells in other parts of the world. London Antifa staged a propaganda photoshoot for Portland Antifa in east London, &amp; are trying to help them raise money on GFM over the shooting. https://***nT', 'Visit my #Threadless shop to help the #BlackLivesMatter Threadless #donate a dollar for every t-shirt sold and I donate 20% of my artists cut. #fightsystemicracism. Tap/Click on the link below. https://***IG #blm #shopping #tshirts #hoodies #tops #clothes #protesting https://***3c', '-']",-,content_C,post
t1744,u2354,2021-05-18 20:48:26+00:00,BlackLivesMatter,D***s,-,"['A backlash is brewing against Black Lives Matter and other radical groups. Please read the Message of the Day on https://***C. https://***l2', 'My #poem Icarus was selected for a #BlackLivesMatter #anthlology. I will be doing a reading at an online event today. @C***r #BLM #poetry #poetrycommunity #poet https://***7t', ""Essteem powers Diversity and Inclusion for fortune 500 companies &amp; women in STEMs. Based on values of equity and diversity, Essteem has made a commitment to help ‘break the glass ceiling'. #womenintech #blacklivesmatter #blackintech #queen #equalithon #women #feminism #feminist https://***j2"", '-']",tweet_B,-,retweet
t2320,u1154,2022-02-01 18:03:39+00:00,BlackLivesMatter,s***t,"We cannot solve the climate crisis until Black lives matter, no community is disposable, and we are committed to learning and doing the work within our organization, and alongside our partners, to fight for environmental justice.","['We cannot solve the climate crisis until Black lives matter, no community is disposable, and we are committed to learning and doing the work within our organization, and alongside our partners, to fight for environmental justice.', 'Untitled (Langston Hughes), Chicago, Illinois, 1941. . . . #blackculture #blacklove #blackisbeautiful #socialjustice #freedom #endinjustice #speakup #speakout #blacklivesmatter #blm https://***mq', 'If the trucker convoy wants to be deemed a “peaceful protest” by the mainstream media, all they have to do is hold Black Lives Matter signs and become violent arsonists.', '-']",tweet_B,content_A,reply
t2836,u0473,2022-02-15 17:02:27+00:00,BlackLivesMatter,j***y,WAKE UP!!! (SPREAD LOVE ) @j***y x krazyfingaz feat. RELL Click link below https://***s8 fist #blacklivesmatter #nojusticenopeace #jamilhonesty #krazyfingaz #blackpower #hiphopsoul #boombaphiphop #rell #soulmusic #icantbreathe,"['WAKE UP!!! (SPREAD LOVE ) @j***y x krazyfingaz feat. RELL Click link below https://***s8 fist #blacklivesmatter #nojusticenopeace #jamilhonesty #krazyfingaz #blackpower #hiphopsoul #boombaphiphop #rell #soulmusic #icantbreathe', 'Very Proud Eminem!! The rapper took a knee for about 50 seconds during the star-studded halftime performance. #BlackLivesMatter #TakeAKnee https://***dy', '@g***t https://***5A https://***pn https://***5t https://***aY Caged and Locked #BlackLivesMatter #blackbooksmatter #blackauthors #shopblack #BuyBlack #blackownedbusiness #blackbusinessesmatter #buyblackowned https://***st', '-']",-,content_A,post
t3599,u0444,2022-02-28 06:42:47+00:00,BlackLivesMatter,J***s,In Marketing... How much the customer believes and trusts you. Is the most important factor on how.. ★Much You Sell ★Fast you sell ★Much you earn. Trust and credibility is everything. Strive to earn it Ajah #BlackLivesMatter #1trillion #NigerianIdol Atiku Mr Bayo Dear God,"['EXTRA!DENUNCIE @S***l #CPIdaCOVID #ArasOmisso #JN #FIA #F1 #TeamLH44 #W13 #WSL #BlackLivesMatter #NFL #FaustaoNaBand #BBB22 #F1NaBand #MercedesAMGF1 #ShowDoEsporte @C***B @G***r @K***r @p***l @g***i @T***e 🚩1️⃣3️⃣#SDVESQUERDA https://***NL https://***Jp', 'In Marketing... How much the customer believes and trusts you. Is the most important factor on how.. ★Much You Sell ★Fast you sell ★Much you earn. Trust and credibility is everything. Strive to earn it Ajah #BlackLivesMatter #1trillion #NigerianIdol Atiku Mr Bayo Dear God', '#BlackLivesMatter - STILL and EVERYWHERE.', '-']",-,content_B,post
t1960,u2956,2021-11-23 20:42:51+00:00,BlackLivesMatter,t***n,"Conservative Twitter really showed their collective ass after Kyle Riddenhouse said ""black lives matter"" Y'all stay telling on yourselves","['Conservative Twitter really showed their collective ass after Kyle Riddenhouse said ""black lives matter"" Y\'all stay telling on yourselves', ""Here's a quote from our guest Steve Pemberton, CHR of Workhuman. If you'd like to hear more about out topic on race, check out the full episode at https://***Lf #Race #Racism #CiritalRaceTheory #BlackLivesMatter #Metoo #Peopleofcolor #SocialChange #Diversity #Inclusion https://***Iy"", 'Holidays can be tough, but so are you. #mentalhealth #therapy #wellness #psychology #selfcare #mentalillness #blm #blacklivesmatter #minority #psychotherapy #psychology #mentalhealthservices https://***F8', '-']",-,content_A,post
t1598,u3246,2021-01-06 22:12:39+00:00,BlackLivesMatter,c***_,-,"['Looking for custom foundation boxes? Let us design your foundation packaging boxes with more appealing designs at wholesale. Fast turnaround. Call us now https://***La #Amerikkka #BlackLivesMatter #Resign #PortlandProtests', ""There needs to be an investigation into the Capitol Police Dept's refusal to act, and the initial refusal by the Pentagon to deploy the Nation Guard. Where were the official goons who were tossing Black Lives Matter protesters into unmarked vehicles at William Barr's request?"", 'Also note that Hawley and his fellow secessionists — the ones so quick to accuse Black Lives Matter activists of fomenting violence — have yet to say a word about the MAGA thugs currently battling police in the streets of DC. https://***FG', '-']",tweet_B,-,retweet
t2396,u0528,2022-02-05 04:06:38+00:00,BlackLivesMatter,C***z,Another Video Protesters are currently taking to the streets of #Minneapolis after viewing video of #AmirLocke being shot by Police while sleeping in his home. #AmirLocke #Minneapolis #BlackLivesMatter #protests https://***x9,"['Another Video Protesters are currently taking to the streets of #Minneapolis after viewing video of #AmirLocke being shot by Police while sleeping in his home. #AmirLocke #Minneapolis #BlackLivesMatter #protests https://***x9', ""It's #Caturday. I am not a cat person. I'm not a dog person. I'm just a chill person with the right dog or cat. That make sense? #SaturdayThoughts #SaturdayMotivation #WritingCommunity #BlackLivesMatter #amwriting #amwritingfiction #KindnessMatters #StrongerTogether #Resist https://***0v"", 'My favorite month of the year is here! #BlackHistoryMonth https://***4C', '-']",-,content_A,post
t2369,u0566,2022-02-04 05:15:21+00:00,BlackLivesMatter,P***t,-,"['Happy Black History Month everyone. May your reflection on Black histories spark your concern for our present-day conditions and seed your investment in Black futures. #BHM #BlackLivesMatter', '#ColinPowell #Gettysburg #Lincoln #BlackHistoryMonth #BlackLivesMatter https://***Xd', 'St. Louis Lawyer Who Pointed Gun at Black Lives Matter Protesters Endorses Missouri Senate Bill 666, Dubbed the ‘Make Murder Legal Act’ #SmartNews https://***qh', '-']",tweet_C,-,retweet
t2292,u3250,2022-01-30 22:01:17+00:00,BlackLivesMatter,G***d,"Untitled (Muhammad Ali), Miami Beach, Florida, 1970 .⁠ .⁠ .⁠ #blackculture #blacklove #blackisbeautiful #socialjustice #freedom #endinjustice #speakup #speakout #blacklivesmatter #blm https://***97","['Q to consider as we begin 2022: How will I push for #MathLiberation? https://***9I #iteachmath #mtbos #queer_educhat #teachpride #ProtectTransKids #ProtectLGBTYouth #BlackLivesMatter #NoHumanIsIllegal #IndigenousPeoples #StopAsianHate #GunControlNow #math #MathTwitter https://***HX', 'Untitled (Muhammad Ali), Miami Beach, Florida, 1970 . . . #blackculture #blacklove #blackisbeautiful #socialjustice #freedom #endinjustice #speakup #speakout #blacklivesmatter #blm https://***97', '“All of it told a story,” Nadine Seiler said of the living art gallery that grew on the Black Lives Matter Memorial fence. “It is our voices.” https://***Kg', '-']",-,content_B,post
t2964,u2285,2022-02-17 08:58:19+00:00,BlackLivesMatter,M***r,-,"['@f***j ▪O GABINETE do ÓDIO da GOEBBELS TV promove: ▪O RACISMO das #ChernoBARBIES tbm e cabe EXPULSÃO ▪#ExpulsaChernoBARBIES #EXPULSAoBONINHO tbm ▪ 📺: #What 🤷🏻♂️ #Brazil 🔎""RACISM in #BBB22""🇧🇷(?)🤔 #FaustaoNaBand #JN #FIA #F1 #TeamLH #BlackLivesMatter #NFL https://***gc', '🗣🚨Head over to the #IUICArkansas #YouTube channel #RIGHTNOW for an #ALLNEW camp video!!️🚨 Link below ⬇️ https://***3w Leave a comment! Also Like👍🏽, Share ♻️, &amp; Subscribe🛎!!️ #WakeUpSleepyHead #BLM #BlackLivesMatter #BibleBelt #LastDays #ChildrenOfGod https://***UJ', 'The artwork that once served as a memorial to the Black Lives Matter movement is being displayed in a new online exhibit at the Library of Congress. So far, 33 pieces are posted. https://***92', '-']",tweet_C,-,retweet
t2480,u0056,2022-02-08 13:39:47+00:00,BlackLivesMatter,C***s,"The Military-Industrial Complex rubbed their hand with glee, knowing that they were about to make billions in profit from public tax dollars. They didn't care less about who would die, including their own. #BLMUK #Blacklivesmatteruk #Windrush #BlackTwitter https://***q0","[""The Military-Industrial Complex rubbed their hand with glee, knowing that they were about to make billions in profit from public tax dollars. They didn't care less about who would die, including their own. #BLMUK #Blacklivesmatteruk #Windrush #BlackTwitter https://***q0"", 'Nothing can justify cutting Amir’s life short. #BlackLivesMatter https://***eN', '#BlackLivesMatter https://***Pm', '-']",-,content_A,post
t1733,u0654,2021-05-02 01:29:41+00:00,BlackLivesMatter,M***D,"The main motivation for joining #OSAAmbassadors was their original response to the #BlackLivesMatter protests last summer, and the @O***e article ""In Search of Equity"". This year I will share my journey and importance of #HBCUs. @O***y https://***V3","['Checkout this amazing talk by Prof. Chad Jenkins from @U***h on the Artificial Intelligence mistakes and black lives https://***WI from our Democratize AI conference #BlackLivesMatter #BLM', 'The main motivation for joining #OSAAmbassadors was their original response to the #BlackLivesMatter protests last summer, and the @O***e article ""In Search of Equity"". This year I will share my journey and importance of #HBCUs. @O***y https://***V3', 'Study on low impact of academic writing says it\'s ""too abstract, technical, and passive. Scholars need abstraction to describe theory. Thus, they write about “sociopolitical activism” rather than Starbucks posting a “Black Lives Matter” meme on Facebook."" https://***O2', '-']",-,content_B,post
t0436,u2551,2020-06-01 01:23:42+00:00,BlackLivesMatter,A***e,-,"['Positivity is primarily about the ability to envision and actualize positive change. The positive emotions that ensue are a nice side benefit. #BlackLivesMatter', ""I'm not super active on Twitter, but right now it's necessary. Most importantly: Black lives matter. Racism is an institution that every white person in America participates in. The only way to dismantle racism is to be actively anti-racist. Silence is violence."", 'EVERYONE FUCKING WATCH THIS. #riots2020 #BLACK_LIVES_MATTER #blacklivesmatter racist asses https://***n2', '-']",tweet_B,-,retweet
t1738,u2979,2021-05-09 14:18:02+00:00,BlackLivesMatter,R***1,Happy Mother’s Day! We wrote this for the occasion. 💕👊🏽💪 #MothersDay #healthcare #blackmaternalhealth #BlackLivesMatter #MedicaidExpansion @g***b @C***n @U***e @C***h https://***YQ,"['Happy Mother’s Day! We wrote this for the occasion. 💕👊🏽💪 #MothersDay #healthcare #blackmaternalhealth #BlackLivesMatter #MedicaidExpansion @g***b @C***n @U***e @C***h https://***YQ', 'Olympic Committee to Ban “Black Lives Matter” Slogan and Protests at Tokyo Summer Games https://***ua', 'See howany people are racists, disrespectful in Eastbourne. Eastbourne is No.1 racist town in the world. @E***C @V***e @E***w #BlackLivesMatter #StopAsianHate https://***Cf #sushi #sushiro_campaign #sushiwrap https://***Id', '-']",-,content_A,post
t3566,u1341,2022-02-27 13:39:17+00:00,BlackLivesMatter,P***s,-,"['What’s crazy: one neighborhood away, this liquor store (that wanted to stay anonymous) had a similar break-in the next day involving men w/ a power saw. $5K in cigarettes were taken &amp; suspects used a #BLM banner to hide behind as they were breaking in! (2/4) #BlackLivesMatter https://***AX', 'In this case from SAGE Business Cases, we explore how the Black Lives Matter movement has brought down a reckoning for the media industry. Is there anything these companies can do to move forward? https://***0A', '#BlackLivesMatter #BlackPreBornLivesMatter #BlackWomenDeserveBetter https://***1M', '-']",tweet_B,-,retweet
t0536,u0066,2020-06-05 15:01:24+00:00,BlackLivesMatter,T***z,🇺🇸 — VIDEO: Local muralists and city staff are painting “Black Lives Matter” in massive letters on 16th Street in front of the White House. https://***Yx,"['🇺🇸 — VIDEO: Local muralists and city staff are painting “Black Lives Matter” in massive letters on 16th Street in front of the White House. https://***Yx', ""If you're looking for another place to donate in addition to the links in the card, here's a link to donate to BLM Oklahoma. #BlackLivesMatter https://***gn"", 'From BLM UK: ""We’re especially calling on big business who have historically profited from the cheap labour and cultural production of poor black and brown communities. Actions speak louder than words, so say #BlackLivesMatter with your profits."" Solidarity with black workers ✊🏾', '-']",-,content_A,post
t1354,u0030,2020-10-28 14:50:27+00:00,BlackLivesMatter,D***A,"Being black is beautiful. It’s not something we deserve to die for. Mental illness is an illness, just like cancer, or hypertension, or diabetes. It’s not something one deserves to die for. #WalterWallaceJr #BlackLivesMatter","['Black lives matter! Let equality bloom! https://***sf #swaggerlyfe #swaggerlyfestyle #swaggerlyfe20 #blacklivesmatter #equality #bloom #peace #apparelbrand #swag #uniqueappareldesigns #creativeappareldesign #uniquedesigns https://***iH', 'Being black is beautiful. It’s not something we deserve to die for. Mental illness is an illness, just like cancer, or hypertension, or diabetes. It’s not something one deserves to die for. #WalterWallaceJr #BlackLivesMatter', 'My statement on Walter Wallace Jr.’s death. #BlackLivesMatter #WalterWallaceJr https://***Mv', '-']",-,content_B,post
t3665,u3108,2022-03-01 18:07:57+00:00,BlackLivesMatter,B***o,TONIGHT: You Live Matters: The Importance of Black Lives in Health Studies Register here: https://***7m Thousands will be talking about this webinar tomorrow morning. Don’t miss this opportunity for a seat at the table. #blacklivesmatter #blackhealthmatters https://***nO,"['This lovely 🥰 Pup is ready for a new home. BREED: German shepherd SEX: Female AGE: 7wks PRICE: #50k #CHELIV #MondayMotivation #BlackLivesMatter #OwletInfluencersHangout Ukraine Pray for Nigeria Mr Bayo Poland GB WhatsApp Ojbest Send a DM Koeman Custard Chalobah https://***kY', 'Did you notice the same people who said LinkedIn isn’t Facebook and that it wasn’t a “political platform” during Black Lives Matter now seem to be the ones ok with posts about the resiliancy and strength of a political leader? Just food for thought. #blacklivesmatter #politics', 'TONIGHT: You Live Matters: The Importance of Black Lives in Health Studies Register here: https://***7m Thousands will be talking about this webinar tomorrow morning. Don’t miss this opportunity for a seat at the table. #blacklivesmatter #blackhealthmatters https://***nO', '-']",-,content_C,post
t3015,u0505,2022-02-17 23:35:07+00:00,BlackLivesMatter,T***l,-,"['At the finish of the women’s 10k classic, a grand tapestry of gorgeous misery https://***SK', 'Hero Down: Massachusetts State Police Trooper Robert Whittier Succumbs To Cancer - The Police Tribune https://***lg Follow @b***r #BlueLivesMatter #BackTheBlue #lawenforcement #PoliceTribune', 'Intellectuals need to engage in the exploitation and oppression of the masses in order to emancipate and liberate the masses #CriticalTheory #CRT #BlackHistoryMonth #BlackLivesMatter https://***tV', '-']",tweet_A,-,retweet
t3348,u0561,2022-02-22 22:07:51+00:00,BlackLivesMatter,2***g,-,"['With research 📘 and sass 💅🏿, 17-year-old Jackie James and 20-year-old Sofia Ongele are taking to TikTok to teach millions about the Black Lives Matter movement — inspiring action on the local and national scale. https://***jO', '@M***s #islam #muslims #God #nationofislam #faith #GodtheFather #HolySpirit #Isa #Jesus #JesusisLord #Godbless #Godisgood #blm #BlackLove #blacktwitterfeed #BlackWomen #BlackLivesMatter #blacktwitter #BlackTwitterGermany #BlackGirlMagic #BlackGirlsRock #explorepage', '[#SCHOLARSHIP #ALERT] SANS Institute Launches Cybersecurity Scholarships for HBCU Students -- Campus Technology https://***Y9 #blacklivesmatter #classof #hbcuhomecoming #melaninpoppin #hbcugrad #blackownedbusiness #blackexcellence #swac #blackcolleges #college', '-']",tweet_B,-,retweet
t3397,u2419,2022-02-23 17:01:12+00:00,BlackLivesMatter,T***s,Black Lives Matter: 'Abolish Jacob Rees-Mogg' Government minister is a 'racist relic' https://***bl,"['@d***f @P***S @P***S @V***P @S***i @T***s Repair the damages this country has inflicted upon Black people for centuries! We demand Reparations! No justice no peace! #ReparationsNow #BlackLivesMatter', ""Black Lives Matter: 'Abolish Jacob Rees-Mogg' Government minister is a 'racist relic' https://***bl"", 'TRUTH #blacklivesmatter #teachfacts https://***yX', '-']",-,content_B,post
t1276,u1822,2020-10-16 18:31:53+00:00,BlackLivesMatter,k***r,-,"['""What do you do with a bloody tampon?"" Read our new blog, ""Not the pink tax!"" By @c***i #AmplifyWOC #BlackLivesMatter #BIPOC #WOC #WOCinSTEM #womeninscience #phdchat #phdlife click on link https://***dH https://***RX', '[Another example of conditional justice and state violence]: A domestic violence agency in Wisconsin is facing a police revolt over its support for Black Lives Matter. https://***Ld via @H***l', '""...healing and growth take place on a continuum, with innumerable points between utter brokenness and total health.”~Resmaa Menakem #theabolitionistchallenge #BlackLivesMatter #BlacklivesStillMatter #antiracism #healing', '-']",tweet_C,-,retweet
t3729,u0390,2022-03-02 20:49:21+00:00,BlackLivesMatter,T***n,It's out now on Bandcamp! $3.99 for 7 songs. Help a rock band with progressive messages get on Billboard charts #ahimsa #pacifism #progressive #lgbtq #equality #environmentalism #feminism #peaceandlove #vegan #blm #blacklivesmatter #antifa #resist https://***My,"[""It's out now on Bandcamp! $3.99 for 7 songs. Help a rock band with progressive messages get on Billboard charts #ahimsa #pacifism #progressive #lgbtq #equality #environmentalism #feminism #peaceandlove #vegan #blm #blacklivesmatter #antifa #resist https://***My"", '📰Putin #Russia has repeatedly brought concerns to #UN &amp; others regarding #Genocide of Russians occurring in #Ukraine for years. ALL people matter 💯⚡️💞🧿 STOP Russophobia. #Peace #Sociology #Information #News #Russophobia #HumanRights #AllLivesMatter https://***KG https://***uc', '#BlackLivesMatter #Ukraine #Nazi #NaziUkraine #Russia #war https://***dy', '-']",-,content_A,post
t3155,u1416,2022-02-19 23:06:53+00:00,BlackLivesMatter,M***a,@M***1 @F***1 @L***n 🚀foguete do tipo nasa — uma fancam do #W13 🏎 ▪🏁 #FIA #F1 #FaustaoNaBand #JN #SirPATRON44 #TEAMLH #WeStandWithLewisHamilton #WSL #mercedesf1 #TotoWolff #MercedesW13 #MercedesAMGF1 #OpatrãoTáON #F1naBand #BlackLivesMatter #NFL #wslnosportv #WSLBrasil https://***os,"['#JudgeChu shedding tears for the guilty white woman that murdered #DaunteWright - in front of his family no less. #BlackLivesMatter #KimPotter https://***xL', 'Support #indieAuthor #indiebooks #AuthorUpROAR #indieAuthorChat #booktrailer #bookworm #Bookblast #books #booklover #BookBuzzr #booktwt #BookBangs #BookBoost #AuthorsOfTwitter #authorRT #WritingCommunity #twt #BlackLivesMatter #Wednesdayvibe #WednesdayMotivation #wednesdaythought https://***YY', '@M***1 @F***1 @L***n 🚀foguete do tipo nasa — uma fancam do #W13 🏎 ▪🏁 #FIA #F1 #FaustaoNaBand #JN #SirPATRON44 #TEAMLH #WeStandWithLewisHamilton #WSL #mercedesf1 #TotoWolff #MercedesW13 #MercedesAMGF1 #OpatrãoTáON #F1naBand #BlackLivesMatter #NFL #wslnosportv #WSLBrasil https://***os', '-']",tweet_C,content_C,reply
t1700,u1097,2021-04-12 17:46:50+00:00,BlackLivesMatter,H***l,"It's as if the KKK had control over the #BlackLivesMatter movement narrative in media outlets outside the US. Although this is far from it, as unlike groups like the KKK, the Islamic Republic is a totalitarian regime in control of a country. @n***s #NYTimesPropaganda","['Police do not have the right to kill you for not following their instructions. Or if they believe you’ve broken the law. Stop normalizing this. #BlackLivesMatter', 'this is so heartbreaking 💔 #DaunteWright #BlackLivesMatter https://***PD', ""It's as if the KKK had control over the #BlackLivesMatter movement narrative in media outlets outside the US. Although this is far from it, as unlike groups like the KKK, the Islamic Republic is a totalitarian regime in control of a country. @n***s #NYTimesPropaganda"", '-']",-,content_C,post
t2771,u2252,2022-02-14 21:14:05+00:00,BlackLivesMatter,R***w,#DeadlineWH #FoxNews #rudy So who’s on the halftime show with Snoop? #SuperBowl #BlackLivesMatterUK #BlackLivesMatter #DeadlineWH #MurdochGutterMedia #BlackTwitter #JohnsonOut20 #london #Snoop https://***EE,"['#DeadlineWH #FoxNews #rudy So who’s on the halftime show with Snoop? #SuperBowl #BlackLivesMatterUK #BlackLivesMatter #DeadlineWH #MurdochGutterMedia #BlackTwitter #JohnsonOut20 #london #Snoop https://***EE', 'Do they already know about the Black man’s death as well as their views on racism in America?! #ArberyHateCrimesTrial #AhmaudArbery #TravisMcMichael #GregMcMichael #WilliamRoddieBryan #BlackLivesMatter https://***Kx', 'Al conmemorar #WomeninScienceDay #DiaInternacionaldelaMujerylaNiñaenlaciencia, comparto con gusto que 🇲🇽 promueve la perspectiva de género en iniciativas multilaterales como @G***A @O***r y #UNCyberOEWG https://***JN', '-']",-,content_A,post
t3583,u0544,2022-02-27 22:51:28+00:00,BlackLivesMatter,m***n,-,"['#Streaming #Tonight #KetanjiBrownJackson becomes 1st black woman to be nominated on #ussupremecourt as #Viral preview starts now. #presidentbiden #SCOTUS #SCOTUSnominee #blackgirlmagic #blackhistorymonth #blackhistory365 #Ketanji #KetanjiBrown #BlackLivesMatter #law #justice https://***IL', 'Tonight we stand together in prayer for the people of Ukraine and united in our resolve against the tyranny of a Russian autocrat determined to undermine democracy and threaten peace on the European continent.', 'BENJAMIN OLIVER DAVIS SR. Benjamin Oliver Davis Sr. (July 1, 1877 – November 26, 1970) was a United States Army general. In 1940, he became the first African-American to rise to the rank of brigadier general. #blackhistory #blackexcellence #blackfamily #blacklivesmatter https://***yM', '-']",tweet_C,-,retweet
t3404,u0682,2022-02-23 18:17:35+00:00,BlackLivesMatter,R***6,Seattle has a Homeless Barber Free Haircuts for the Homeless By the Homeless CHECK OUT THE LINK♥️ https://***Nk My Community My Responsibility #betheblessing206 #Solidarity #endracism #BlackLivesMatter #socialism #dignity #inspiration #news https://***B8,"['Seattle has a Homeless Barber Free Haircuts for the Homeless By the Homeless CHECK OUT THE LINK♥️ https://***Nk My Community My Responsibility #betheblessing206 #Solidarity #endracism #BlackLivesMatter #socialism #dignity #inspiration #news https://***B8', 'NAACP #BlackLivesMatter #Blackhistorymonth2022 #blackhistory #blackhistory365 #metootheatre #metoomovement #BlackGirlTragic #BlackGirlTragic #blackgirlscode to try to convince ""JOHN-JOHN"" that I\'m a pedophile. Mrs. Jacqueline Lee Bouvier Kennedy Onasis was not crazy advising her', 'Birth of a Movement presents a radical call to dignity and equality for all people. #blackhistorymonth #blacklivesmatter #blm #blacklivesmatter✊🏽✊🏾✊🏿 #socialjustice #africanamerican #readersofinstagram #bookstagram #tbr @O***a https://***hK', '-']",-,content_A,post
t3950,u1707,2015-10-14 01:52:53+00:00,BlackLivesMatter,P***t,Bernie...black lives matter!!!! mentioned #SandraBland and a broken criminal justice system.... I LOVE HIM!!!! #DemDebate,"['.@H***n says we need a new ""New Deal"" for communities of color #DemDebate #BlackLivesMatter', 'Clinton didn\'t have to answer the ""do all lives matter or do black lives matter"" question.', 'Bernie...black lives matter!!!! mentioned #SandraBland and a broken criminal justice system.... I LOVE HIM!!!! #DemDebate', '-']",-,content_C,post
t0571,u2496,2020-06-08 16:36:29+00:00,BlackLivesMatter,p***m,-,"['Thousands of protesters stood in silence in Amsterdam to show support for #BlackLivesMatter https://***Fl', 'Black Lives Matter ... in Tokyo.', 'I will always say it. I am a black man first before anything! #BlackLivesMatter', '-']",tweet_C,-,retweet
t3804,u2822,2022-03-03 23:23:22+00:00,BlackLivesMatter,k***6,wait a minute! listening to this jawn again and that inaugural @B***h class was spitting some 🔥🔥 back in Oct 2020! #BlackLivesMatter,"['War in Ukraine revealing disgusting racism by Ukrainian officials. Africans &amp; Asians cannot be made to walk to safety. No to racism/safe passage to all/refugees welcome! Join the #MarchAgainstRacism Sat 19 March #AfricansinUkraine #BlackLivesMatter https://***yN', 'In a tentative ruling, a Superior Court judge has disagreed with a group of #PaloAlto police officers who claimed a Black Lives Matter mural painted in 2020 constituted discrimination against them. https://***Kl', 'wait a minute! listening to this jawn again and that inaugural @B***h class was spitting some 🔥🔥 back in Oct 2020! #BlackLivesMatter', '-']",tweet_C,content_C,reply
t0609,u0484,2020-06-15 02:35:10+00:00,BlackLivesMatter,J***3,Wunderschön. Einmalig. Und doch für immer... 💛🕊️&lt;3🌐🌈🤍❤️🤷🏻‍♂️🏳️💩💌💋🌏🌎🌍#blacklivesmatter #allivesmatter Tru. https://***Hq,"['Strength to all of you who are fighting for your literal lives. #BlackLivesMatter #IndigenousLivesMatter #TransLivesMatter https://***Ub', 'Because Black Lives Matter https://***oz', 'Wunderschön. Einmalig. Und doch für immer... 💛🕊️&lt;3🌐🌈🤍❤️🤷🏻♂️🏳️💩💌💋🌏🌎🌍#blacklivesmatter #allivesmatter Tru. https://***Hq', '-']",-,content_C,post
t3336,u0346,2022-02-22 18:58:03+00:00,BlackLivesMatter,S***e,To do exactly what? They wouldn’t dare call on the Guard if Black Lives Matter called for a March on D.C. It would be deemed intimidating and racist. https://***Dj,"['Apparently even Amazon now realizes that Black Lives Matter duped millions of Americans and countless corporations. Whoops. https://***iw', 'To do exactly what? They wouldn’t dare call on the Guard if Black Lives Matter called for a March on D.C. It would be deemed intimidating and racist. https://***Dj', 'THIS #BlackHistoryMonth #BlackWallStreet #BlackLivesMatter #Tulsa #RespectfullyWritten #RespectfullyDone #Pathos', '-']",-,content_B,post
t2412,u2837,2022-02-06 06:41:55+00:00,BlackLivesMatter,D***e,"Two years ago, George Floyd was killed by a police officer, sparking a nationwide movement challenging police brutality and racial bias in the US criminal justice system #BlackLivesMatter #US #racialbias https://***WU","['#BlackLivesMatter #AsianLivesMatter Strength in Diversity.', 'Another Video Protesters are currently taking to the streets of #Minneapolis after viewing video of #AmirLocke being shot by Police while sleeping in his home. #AmirLocke #Minneapolis #BlackLivesMatter #protests https://***x9', 'Two years ago, George Floyd was killed by a police officer, sparking a nationwide movement challenging police brutality and racial bias in the US criminal justice system #BlackLivesMatter #US #racialbias https://***WU', '-']",-,content_C,post
t0550,u1220,2020-06-06 00:43:35+00:00,BlackLivesMatter,t***n,Thank you @L***i from @s***y for publishing this wonderful highlight of @B***k and why I believe immigrant communities need to show up and support the movement for Black lives 🙌🏾 #BlackLivesMatter We’re all in this together ✊🏾💯 https://***2S,"['Proud to stand with my colleagues from @W***d and @s***m today. This is only the beginning. The fight must continue. #RacismIsAPublicHealthCrisis #BlackLivesMatter #WhiteCoatsForBlackLives https://***Vr', 'Thank you @L***i from @s***y for publishing this wonderful highlight of @B***k and why I believe immigrant communities need to show up and support the movement for Black lives 🙌🏾 #BlackLivesMatter We’re all in this together ✊🏾💯 https://***2S', ""We don't want to hug the police. We don't want to kneel with the police. We don't want to meet with the police. WE WANT TO DEFUND THE POLICE. #DefundThePolice #BlackLivesMatter"", '-']",-,content_B,post
t2485,u2569,2022-02-08 15:35:34+00:00,BlackLivesMatter,b***e,-,"['How do you call #Blackpeople #apes, yet not be a #racist? 🤔Yeah, #JoeRogan can take his apology &amp; shove it up his racist ass.😩🤷🏽♂️ #Spotify #SpotifyPremium #Comedy #Comedian #spotifypodcasts #BLM #Racism #BlackLivesMatter #Blackface #BlackTechTwitter #SaveRayan #BlackHistoryMonth https://***BR', 'Noreen Biddle Shah details the #achievements of #ethnic #diversity initiative. @E***y @N***s @S***t #DiversityAndInclusion #ReBoot #BAME #BlackLivesMatter #BlackHistoryMonthUSA #equality #FinancialServices #Inclusion #COVID19 https://***8Q', '@s***r Black Lives Matter until some sociopath with a podcast studio says the N-word a lot, and then you have questions.', '-']",tweet_A,-,retweet
t1309,u2241,2020-10-21 23:02:50+00:00,BlackLivesMatter,M***S,"A rogue police force in Nigeria has spawned the #EndSARS hashtag as citizens call for an end to the Special Anti-Robbery Squad, which recently fired on protesters in Lagos. @D***_ has what you #NeedToKnow about why police reform and #BlackLivesMatter is a global concern https://***IK","['A rogue police force in Nigeria has spawned the #EndSARS hashtag as citizens call for an end to the Special Anti-Robbery Squad, which recently fired on protesters in Lagos. @D***_ has what you #NeedToKnow about why police reform and #BlackLivesMatter is a global concern https://***IK', 'Show your support for the #BlackLivesMatter movement with this new PS4 theme, out now for free at PS Store. https://***dl', ""Black lives matter everywhere. That's why the world should support the #EndSARS movement. https://***ab"", '-']",-,content_A,post
t2658,u1721,2022-02-11 23:00:40+00:00,BlackLivesMatter,d***d,"According to AAP, The estimated national maternal mortality rate in the United States is about 17 per 100,000 live births–but is about 43 per 100,000 live births for black women. #blackhistorymonth #blackhistory #blacklivesmatter #blackexcellence #blackpower #melanin https://***ZT","['According to AAP, The estimated national maternal mortality rate in the United States is about 17 per 100,000 live births–but is about 43 per 100,000 live births for black women. #blackhistorymonth #blackhistory #blacklivesmatter #blackexcellence #blackpower #melanin https://***ZT', '#buildbackbetteract #buildbackbetter #BlackLivesMatter #rent #mortgagerates #mortgagebroker #AffordableHousing #JUSTICEFORJULIUSJONES #greed #freedomtovoteact #freedomtovote #BlackHistoryMonth #studentloans #CorporateGreed #Americans 🔥#YAHWEH🔥 #JESUSCHRIST #JusticeForAll https://***RF', ""@m***3 @b***l We can't take that shit anymore...racists insults blacks everyday in Europe and Twitter apologies closes those chapters. What was the penalty for this? Withdrawal of sponsorship or what? #BoycottAdidas #BlackLivesMatter https://***V9"", '-']",-,content_A,post
t2899,u0190,2022-02-16 14:46:56+00:00,BlackLivesMatter,S***Y,-,"[""Conservative lawmakers in Florida are working to advance legislation, the “Don't Say Gay” bill, designed to target and attack the kids who need the most support: kids from the LGBTQ+ community who are already vulnerable to bullying. It's unacceptable."", '.@t***u #BHM #BlackHistoryMonth #BlackLivesMatter #BLM Reminder #BlackWomen/#woc i.e #SimoneBiles #NaomiOsaka #emmaraducanu got WIDER backlash esp from @P***n for withdrawing from sports 4 their #MentalHealth than wh*te DRUG CHEATS #KamilaValieva &amp; #MariaSharapova. https://***hN', 'An Awesome Man... An Awesome Picture! Click here ---&gt;https://***T... #JUNETEENTH2022 #JuneteenthDay #JuneteenthConf #Juneteenth #BlackLivesMatter #BLMprotest #BLMprotest #blm #BLMMOVEMENT #JUNETEENTH2022 #JuneteenthNATIONALholiday #JuneteenthWeekend #juneteenthbookfest', '-']",tweet_B,-,retweet
t2564,u0614,2022-02-10 10:07:57+00:00,BlackLivesMatter,S***s,"So ur boyfriend left his phone unlocked. Instead of u to do transfer &amp; delete the alert, u go dey read wetin go make u cry This year no one will advise anybody 🚶🚶🚶 #BlackLivesMatter #olosho Adidas Abeokuta","['#EconomicJustice - FYI, tonite, Thur. 2/10/2022 at 6PM EST, @H***P is hosting an online discussion w. @D***n, @E***w abt #TaxSystem #RacialInjustices. Register at the link #TheInfiniteAge #BlackLivesMatter https://***Z1', '#BlackLivesMatter #PearlOnNetflix #MeghanMarkle #WinnieMandela', 'So ur boyfriend left his phone unlocked. Instead of u to do transfer &amp; delete the alert, u go dey read wetin go make u cry This year no one will advise anybody 🚶🚶🚶 #BlackLivesMatter #olosho Adidas Abeokuta', '-']",-,content_C,post
t0703,u1936,2020-08-02 12:00:41+00:00,BlackLivesMatter,V***e,"Ein paar Gedanken dazu, dass die Mehrheitsgesellschaft ihren Widerstand gegen die Forderungen von #MeToo und #BlackLivesMatter aufgeben sollte. Heute im @T***g - gedruckt oder im E-Paper. https://***Dg","['Ein paar Gedanken dazu, dass die Mehrheitsgesellschaft ihren Widerstand gegen die Forderungen von #MeToo und #BlackLivesMatter aufgeben sollte. Heute im @T***g - gedruckt oder im E-Paper. https://***Dg', '@J***a So the question you are asking is - DO Black Lives Matter??', 'Together. ❤️ #BlackLivesMatter https://***bh', '-']",-,content_A,post
t0709,u2040,2020-08-05 14:48:13+00:00,BlackLivesMatter,s***y,Rochester - we have to do better. #BlackLivesMatter #BlackTransLivesMatter https://***7b,"['For the last few months, I’ve avoided social media to maintain good mental health during quarantine, but I want to let you all know where I stand on a few things. -#BlackLivesMatter -Racism is unacceptable and should be actively fought in all of its forms. -Wear a damn mask.', 'Rochester - we have to do better. #BlackLivesMatter #BlackTransLivesMatter https://***7b', 'Beautiful drawing by @f***d in honor of James Baldwin’s birthday, August 2nd #jamesbaldwin #blacklivesmatter #sfart #drawing #lgbtqpride @ San Francisco, California https://***ae', '-']",-,content_B,post
t2780,u3195,2022-02-14 23:32:09+00:00,BlackLivesMatter,t***s,"Sun Jun 21 2020 Denver, Colorado - Police pepper spray protester with hands up WATCH: https://***6n #DenverColorado #DPD #blacklivesmatter #blm #defundthepolice #abolishthepolice","['#indigenouslivesmatter #blacklivesmatter #honk #nottoday #Gaslighting #settlers https://***tz', ""@S***r El-Hajj Malik El-Shabazz, Malcolm X Our founder Aasiya Hussain's family welcomed Brother Malcolm to the 1st masjid in contemporary Tkaronto Toronto. After he denounced NOI. Before organized hate assassinated him #BlackAndMuslim #BlackHistoryMonth #BlackLivesMatter #EndHate #ABR"", 'Sun Jun 21 2020 Denver, Colorado - Police pepper spray protester with hands up WATCH: https://***6n #DenverColorado #DPD #blacklivesmatter #blm #defundthepolice #abolishthepolice', '-']",-,content_C,post
t2638,u0599,2022-02-11 15:04:34+00:00,BlackLivesMatter,G***S,"'I think it's excellent, I'm elated, I was so happy when I found out the news' Black Lives Matter Organiser Imarn Ayton reacts to Dame Cressida Dick's resignation as Met Police Commissioner. 📺 Freeview 236, Sky 515, Virgin 626 https://***aV","[""'I think it's excellent, I'm elated, I was so happy when I found out the news' Black Lives Matter Organiser Imarn Ayton reacts to Dame Cressida Dick's resignation as Met Police Commissioner. 📺 Freeview 236, Sky 515, Virgin 626 https://***aV"", '#YEMENGENOCIDE #USTAXPAID #EndYemenSatanicWar ! #OWS #GiletsJaunes #BlackLivesMatter #BlackHistoryEveryMonth !', '@g***s 👀 THE TRUTH ABOUT #AMERICA #realitybites #citizenjournalism #economics #truthbetold #fyp #newsworthy #Trump2024 ❤️ @R***1 #followus #Changingthenarrative #SupportBlackBusiness #BlackLivesMatter #BlackHistoryMonth #FreedomOfSpeech #1DDrive https://***Yg', '-']",-,content_A,post
t0686,u2719,2020-07-22 14:29:11+00:00,BlackLivesMatter,G***r,Black Lives Matter Also for Returning Citizens - We Demand an Effective Men’s Residential Reentry Program in DC - https://***CZ,"['If you ain’t with us you against us!! #BLACKLIVESMATTER https://***RS', 'BLACK LIVES MATTER ✊🏿✊🏾✊🏽👑 never forget until we see magnificent changes❗❗ #blacklivesmatter', 'Black Lives Matter Also for Returning Citizens - We Demand an Effective Men’s Residential Reentry Program in DC - https://***CZ', '-']",-,content_C,post
t1717,u0778,2021-04-20 21:29:11+00:00,BlackLivesMatter,m***z,"Gute Nachricht zum Ende des Tages, Gerechtigkeit gewinnt und es ist hoffentlich der Anfang für eine umfassende Polizeireform in den USA. Rassismus und Gewalt ist aber auch immer wieder bei der Polizei in Deutschland ein Problem, also nicht nur auf andere zeigen. #BlackLivesMatter https://***5e","['Guilty. About damn time. #BlackLivesMatter', 'The GUILTY verdict is necessary and the obvious conclusion, but to be clear - the entire system is still #GuiltyAF. The work doesn’t stop with one verdict. The problems are systemic. Nevertheless today, I’m going to feel alongside #GeorgeFloyd’s family. 🖤 #BlackLivesMatter', 'Gute Nachricht zum Ende des Tages, Gerechtigkeit gewinnt und es ist hoffentlich der Anfang für eine umfassende Polizeireform in den USA. Rassismus und Gewalt ist aber auch immer wieder bei der Polizei in Deutschland ein Problem, also nicht nur auf andere zeigen. #BlackLivesMatter https://***5e', '-']",-,content_C,post
t0676,u2107,2020-07-16 13:20:53+00:00,BlackLivesMatter,j***l,"AT&amp;T, Google, Comcast, Target, Best Buy, Fed Ex, and Sony all put out pretty little statements about how Black lives matter, etc — and all of them donated to Sen Kelly Loeffler’s campaign. The kicker: FedEx donated to Loeffler’s campaign on Juneteenth. https://***FT","['My team @p***h also examined Congressional discussion of “Black lives matter” on social media: https://***1. 76% of Democratic legislators have used the phrase since 2015, compared with 10% of Republicans. https://***QL', 'https://***S5 @E***C #BlackLivesMatter #BlackLivesMatterUK Eastbourne is the worst place to live. This must be white-only. Asians and Black people are abused, spat at, and thrown stones on a road. They are living in 18 centuries, not in 21 st.', 'AT&amp;T, Google, Comcast, Target, Best Buy, Fed Ex, and Sony all put out pretty little statements about how Black lives matter, etc — and all of them donated to Sen Kelly Loeffler’s campaign. The kicker: FedEx donated to Loeffler’s campaign on Juneteenth. https://***FT', '-']",-,content_C,post
t1820,u1949,2021-08-27 15:28:15+00:00,BlackLivesMatter,i***q,"Recognized by Betsi Grabe as a voice to watch, you can view @d***n recent work, ""Black Lives Matter Coverage: How Protest News Frames and Attitudinal Change Affect Social Media Engagement,"" in Digital Journalism #icaspotlight #icacommunity (2/2) https://***MI","[""I joined @F***n of @D***7 to discuss systemic racism &amp; why Rahm Emanuel's nomination is an insult to all Americans, particularly Black Americans [Starts 13:18]. A party that believes #BlackLivesMatter must say NO to a racist status quo. https://***3q"", 'Recognized by Betsi Grabe as a voice to watch, you can view @d***n recent work, ""Black Lives Matter Coverage: How Protest News Frames and Attitudinal Change Affect Social Media Engagement,"" in Digital Journalism #icaspotlight #icacommunity (2/2) https://***MI', '@p***9 @s***y Also, fwis, shared it, and your piece on productivity apps, in my last newsletter: https://***ld', '-']",tweet_B,content_B,reply
t3533,u2852,2022-02-26 12:47:56+00:00,BlackLivesMatter,a***s,"Dit keer vertelt Gen Z wat het betekent om op te groeien als zwarte vrouw in het Vlaanderen na de Black Lives Matter-protesten van 2020. “Het is tijd voor de jongere generatie. Het is tijd voor ‘Us, (k)now.’” @S***a https://***7z","['Dit keer vertelt Gen Z wat het betekent om op te groeien als zwarte vrouw in het Vlaanderen na de Black Lives Matter-protesten van 2020. “Het is tijd voor de jongere generatie. Het is tijd voor ‘Us, (k)now.’” @S***a https://***7z', '@c***n he should get the same sentence as the #BlackLivesMatter thug rioters who burned down half the country', 'Tue Nov 24 2020 Portland, Oregon - Federal Protective Services agents pepper spray protester WATCH: https://***ak #PortlandOregon #PPD #blacklivesmatter #blm #defundthepolice #abolishthepolice', '-']",-,content_A,post
t2324,u3033,2022-02-01 22:15:58+00:00,BlackLivesMatter,j***A,-,"['Ten Years Since Trayvon. ""This special issue attempts to tell the story of the first decade of Black Lives Matter, the movement - as well as the country it moved."" https://***1Z', 'All Lives Can’t Matter, Until Black Lives Matter ✊🏾 #BLM https://***i7', 'Tonight 9pm EST #HipHopEd What will our schools look like when #BlackLivesMatter at them? Check us on @T***s w/ @c***n at 8:15 pm EST https://***ck', '-']",tweet_C,-,retweet
t3946,u1119,2022-03-12 23:46:03+00:00,BlackLivesMatter,A***n,Nigel Farage attacks 'woke Wales' over Black Lives Matter banners in National Museum https://***a3,"[""Nigel Farage attacks 'woke Wales' over Black Lives Matter banners in National Museum https://***a3"", 'And yet Lewis got so much shtick when he wore a Black Lives Matter t-shirt. I wonder why https://***Ra', 'The Black Lives Matter (BLM) protests shifted public discourse toward the movement’s agenda. Terms such as “systemic racism” received more attention during waves of prot https://***UX https://***oK', '-']",-,content_A,post
t2301,u1417,2022-01-31 16:54:57+00:00,BlackLivesMatter,H***2,Black Lives Matter Co-Founder Patrisse Cullors on Abolition &amp; Imagining a Society Based on Care https://***jY via @d***w,"['Black Lives Matter is a statement of fact, a truth bigger than any person or organization. We can’t turn away or shut down because the facts make us uncomfortable or we are afraid of how the details may be twisted. Sunshine is the best disinfectant. 9/10 https://***Hp', 'Black Lives Matter Co-Founder Patrisse Cullors on Abolition &amp; Imagining a Society Based on Care https://***jY via @d***w', 'Thank you for everyone who has reached out, tweeted, liked and shared beautiful Christopher’s story. With your support will can continue to rise up and fight for justice. #justiceforchristopherkapessa #BlackLivesMatter #blackchildrenslivesmatter #nojusticenopeace', '-']",-,content_B,post
t1071,u2596,2020-09-21 00:10:52+00:00,BlackLivesMatter,S***S,"""As a future Black physician, I plan on working towards social reform in both hospitals &amp; my community because the importance for change right now has never been needed more than ever."" -Jason Dayee; Sophomore at University of Arizona (3/3) #SeeUs #Blacklivesmatter #SNMAMAPS https://***K7","['Loved chairing this honest conversation with @l***n @s***q and @b***a #BlackLivesMatter @g***e @t***s @ 180 the Strand https://***6x', '""As a future Black physician, I plan on working towards social reform in both hospitals &amp; my community because the importance for change right now has never been needed more than ever."" -Jason Dayee; Sophomore at University of Arizona (3/3) #SeeUs #Blacklivesmatter #SNMAMAPS https://***K7', 'Shop MTAV https://***Hh 💯 going to https://***rs https://***XY Support Black voters, be a poll worker, and get in this election for real. #BlackLivesMatter #MoreThanaVote 👑 https://***ro', '-']",tweet_C,content_B,reply
t3105,u0618,2022-02-19 11:00:01+00:00,BlackLivesMatter,O***l,ding Ding! DING! ding! DING &amp; DING #PennState #BlackLivesMatter #JusticeForAll,"['Racism is deeply embedded in the American way of life #BLM #racism #blackexcellence #BlackLivesMatter https://***gX', 'ding Ding! DING! ding! DING &amp; DING #PennState #BlackLivesMatter #JusticeForAll', '""In early 2020 Mr. Trudeau urged dialogue with pipeline blockaders. Facing Black Lives Matter protests in violation of Covid rules in June 2020, Mr. Trudeau joined in. But with the truckers, the Prime Minister refused to meet or compromise."" https://***tq', '-']",-,content_B,post
t3081,u0559,2022-02-18 22:26:54+00:00,BlackLivesMatter,p***m,Know your Black History ✊🏾 https://***O1 #BlackHistoryMonth #BlackLivesMatter #BlackTwitter #BlackTechTwitter #BlackOwnedBusiness https://***ke,"['Know your Black History ✊🏾 https://***O1 #BlackHistoryMonth #BlackLivesMatter #BlackTwitter #BlackTechTwitter #BlackOwnedBusiness https://***ke', 'truly wild to see black lives matter become normalized in media while simultaneously watching voting rights collapse, the continuation of no-knock warrants and never ending police brutality.', ""“It’s because he is Black. Racially motivated” US police officers' response to a fight between two teenagers in New Jersey caused a stir on social media. #StopAsianHate #BlackLivesMatter #AllLivesMatter https://***FV"", '-']",-,content_A,post
t0441,u2154,2020-06-01 12:48:06+00:00,BlackLivesMatter,L***i,#BlackLivesMatter follow this link to sign petitions or donate money if you are able to x https://***cM,"['#BlackLivesMatter follow this link to sign petitions or donate money if you are able to x https://***cM', 'No BS (Bad Stats) by @t***n takes the phrase ""Lies, Damn Lies, and Statistics"" and shows just how true it is when it comes to #data about Black communities. A #mustread if you work or care for #stats about race. #DataScience #dataethics #BlackLivesMatter https://***wj https://***jz', 'Nashville #BlackLivesMatter https://***yw', '-']",-,content_A,post
t1653,u2072,2021-02-28 08:44:47+00:00,BlackLivesMatter,c***i,"We need to remember that it’s the hand of #whitenationalism that’s behind the attacks on our Asian American kin. Even if paranoid or delusional people commit these violent crimes, white nationalism cocked a hateful gun, then aimed it. #StandForAsians #BlackLivesMatter","['Black Lives Matter is one of the most influential social movements in the United States https://***hO', 'Today marks 9 years since the tragic murder of Trayvon Martin, who was fatally shot as he walked home from buying candy at a store. Trayvon was a victim of racial discrimination and inequality. He deserves justice. He was only 17. #BlackLivesMatter https://***na', 'We need to remember that it’s the hand of #whitenationalism that’s behind the attacks on our Asian American kin. Even if paranoid or delusional people commit these violent crimes, white nationalism cocked a hateful gun, then aimed it. #StandForAsians #BlackLivesMatter', '-']",-,content_C,post
t1343,u2462,2020-10-27 12:01:00+00:00,BlackLivesMatter,M***n,"TONIGHT IS THE NIGHT! 🙌 Watch and live tweet with us, NOT DONE: Women Remaking America at 8/7C on @P***S! The film spotlights today’s feminists who are paving the way to true equality, from the Women’s March to Black Lives Matter to #MeToo. Our fight is #NOTDONE 👊 https://***nF","['@T***s #BlackLivesMatter This is how your readers react to #BLM https://***8z', 'TONIGHT IS THE NIGHT! 🙌 Watch and live tweet with us, NOT DONE: Women Remaking America at 8/7C on @P***S! The film spotlights today’s feminists who are paving the way to true equality, from the Women’s March to Black Lives Matter to #MeToo. Our fight is #NOTDONE 👊 https://***nF', '#BlackLivesMatter #caravan goes from #BayShore to #Greenport https://***dK via @N***y', '-']",-,content_B,post
t1540,u0365,2020-12-09 14:00:01+00:00,BlackLivesMatter,A***e,"""You're either riding this wave or you're getting washed up."" Read our new blog, ""To Be #BlackInMarineScience"" by Tiara Moore. Click on https://***eN #AmplifyWOC #bipoc #blackgirlmagic #melanin #WomenInSTEM #AWOCSpace #phdlife #BlackLivesMatter #RepresentationMatters https://***mR","['Black Men and Prostate Cancer - Twice As Many Deaths As For White Men https://***Hs @U***y @R***G #BlackLivesMatter #prostatecancer #blm #healthdisparities', '""You\'re either riding this wave or you\'re getting washed up."" Read our new blog, ""To Be #BlackInMarineScience"" by Tiara Moore. Click on https://***eN #AmplifyWOC #bipoc #blackgirlmagic #melanin #WomenInSTEM #AWOCSpace #phdlife #BlackLivesMatter #RepresentationMatters https://***mR', 'We wear the mask 😷 #mintcondition #BlackLivesMatter #justiceforgeorgefloyd #90s #80s #vintage #hiphop #fashion #music #oldschool #love #rnb #nyc #90shiphop #90smusic #miami #90sparty #style #art #losangeles #soca #90srap #ilovethe90s #90srnb #throwback #rap #Minneapolis https://***MY', '-']",-,content_B,post
t2833,u2436,2022-02-15 16:09:07+00:00,BlackLivesMatter,s***6,-,"['#BBCWorld #CNN #PressBriefing #FoxNews So who’s on the halftime show with #snoopdog #BlackLivesMatter #NewsHour #JohnsonOut21 #Ottawa #MurdochGutterMedia #London #msnbc #nprnews #cnbc #abcnews #cbsnews #nbcnews #FactsMatter JournalismIsNotACrime https://***6v', '#mikesrandomthoughts #RedWave2022 #redwave2024 #JoeBidensAmerica #ChinaJoeBiden #bluelivesmatter #Senate #Congress #houseofrepresentatives #JoeBiden #KamalaHarris #Trump2024 #CandaceOwens #antifascist #BLM #blacklivesmatter #veterans #secondamendment #ATWA #atwar https://***cl', ""Here's the REAL understanding of Joe Biden's USA #BlackLivesMatter if you SERVE your DEMOCRAT MASTERS agenda... Black, Brown, White, Red, Yellow lives DON'T MEAN 💩if you believe in your Rights under the #USConstitution, are Conservative, or don't accept their LIES #VoteNOdems https://***8l"", '-']",tweet_A,-,retweet
t2437,u0271,2022-02-07 17:42:35+00:00,BlackLivesMatter,n***a,"Good pic of systemic oppression ⤵️ Bizarrely many people still blame poor people, discriminated peoples, peoples subjected to genocidal history, for not pulling socks up. Fam, have a think yeh #Poverty #Antisemitism #BlackLivesMatter #Roma #Islamophobia #homophobia #Ableism https://***Sx","['Today, Sandra Bland would be 35 years old. Her life mattered. We will never forget. #BlackLivesMatter #SayHerName https://***9u', 'Money problems aside, Black Lives Matter continues to harm America https://***e0', 'Good pic of systemic oppression ⤵️ Bizarrely many people still blame poor people, discriminated peoples, peoples subjected to genocidal history, for not pulling socks up. Fam, have a think yeh #Poverty #Antisemitism #BlackLivesMatter #Roma #Islamophobia #homophobia #Ableism https://***Sx', '-']",-,content_C,post
t1767,u2092,2021-06-21 16:46:06+00:00,BlackLivesMatter,S***b,-,"[""Happy Juneteenth, this country's true independence day. ❤🖤💚 #juneteenth #june19th #june19 #independenceday #freedom #liberation #jubilee #equity #justice #reparations #blackeverything #blackexcellence #blacklivesmatter #blm #blackculture #blackfamily #blackqueens #blackkings https://***Ua"", 'Kids making #amongus characters, India ""NO, Calvin, we don\'t need anymore black characters, we already have one!"" Me ""Calvin can have as many black characters as he wants, this isn\'t #hollywood "" #burn #MicDrop #token #criticalracetheory #blacklivesmatter @h***x https://***Qb', 'On Tinder you choose interests like: CrossFit, golf and Black Lives Matter. It’s weird BLM is an “interest”. “My hobbies are biking, hiking and thinking black people are equal”', '-']",tweet_B,-,retweet
t2550,u0642,2022-02-10 01:10:19+00:00,BlackLivesMatter,n***g,-,"['@f***u #BlackLivesMatter #BlackHistoryMonth #DrMartinLutherKingJr #ReparationsNow 🇺🇸', 'In South Africa, a child is raped every three minutes (175,000 children/year). Source: https://***BZ #BlackHistoryMonth #blackhistorymonth2021 #blackhistorymonthuk #blackhistoryculturecollection #blackhistorymonth2021 #blackcrimematter #BlackLivesMatter @K***k', '“Black boys are losing their lives, but black girls...we’re losing our minds” — Youth Mobilizing Social Media for Healing in the Black Lives Matter Movement https://***xL https://***U6', '-']",tweet_C,-,retweet
t2695,u2224,2022-02-13 12:54:20+00:00,BlackLivesMatter,A***2,Despite all the pain and trauma @G***t you have inflicted upon #JuliusJones and his family we remain committed to helping and making sure this innocent man returns home to his loving family and friends. #JusticeForJuliusJones #BlackLivesMatter,"['No #BlackLivesMatter meeting tonight. We’ll do it next week 2/20 at 7pm. See you Wednesday at our #EndPoliceAssociations 1 YEAR IN THESE STREETS V. POLICE ASSOCIATIONS RALLY!', 'Good Morning America... #Enough #EndPoliceBrutality #StandUpAgainstRacism #BlackLivesMatter #BLM #SilenceIsNotAnOption #SpeakUp #EndRacismNow #EndSystemicRacism #BreonnaTaylor #ElijahMcclain #GeorgeFloyd #StopVoterSuppression #BlackVotersMatter #AhmaudArbery #DaunteWright https://***zz', 'Despite all the pain and trauma @G***t you have inflicted upon #JuliusJones and his family we remain committed to helping and making sure this innocent man returns home to his loving family and friends. #JusticeForJuliusJones #BlackLivesMatter', '-']",-,content_C,post
t0472,u0794,2020-06-02 13:34:06+00:00,BlackLivesMatter,J***n,"Why #BlackLivesMatter and not #AllLivesMatter? A quick primer: ""We hold these truths to be self-evident, that all men are created equal, that they are endowed by their Creator with certain unalienable Rights…” - The Declaration of Independence (1776), applies only to white men.","['#BlackLivesMatter https://***vU', 'Why #BlackLivesMatter and not #AllLivesMatter? A quick primer: ""We hold these truths to be self-evident, that all men are created equal, that they are endowed by their Creator with certain unalienable Rights...” - The Declaration of Independence (1776), applies only to white men.', ""A guy named @A***e is a very good programmer! So sound and vast in his trades. I love this guy's teaching style. I just pray he is not a racist bcos I'm loving him already!🙏🙏🙏 #BlackLivesMatter"", '-']",-,content_B,post
t0471,u0079,2020-06-02 13:29:41+00:00,BlackLivesMatter,t***u,"Take today to learn how pervasive white supremacy has been a guiding force in all of the systems, laws, and structures (Slavery, Jim Crow, Segregation, Redlining, and more) created in our country throughout history. BLACK LIVES MATTER. #BlackOutTuesday (1/3) https://***CK","['Take today to learn how pervasive white supremacy has been a guiding force in all of the systems, laws, and structures (Slavery, Jim Crow, Segregation, Redlining, and more) created in our country throughout history. BLACK LIVES MATTER. #BlackOutTuesday (1/3) https://***CK', 'A message from our department chair #BlackLivesMatter #BlackInSTEM ✊🏽✊🏻✊🏾 https://***Cw', 'Enough is enough. We are all HUMANS. Together we are stronger. #BlackLivesMatter ✊✊🏻✊🏼✊🏽✊🏾✊🏿 https://***4y', '-']",-,content_A,post
t0715,u2836,2020-08-11 16:48:27+00:00,BlackLivesMatter,B***e,Please help us increase our individual signature numbers 💪🏽 Any concerned community member can sign! Sign here: https://***wZ #AcademicTwitter #AcademicChatter #academics4blacklives #BlackLivesMatter https://***cc,"['Die Bismarkstraße in Eimsbüttel wurde über Nacht „umbenannt“. #BlackLivesMatter https://***U4', 'Please help us increase our individual signature numbers 💪🏽 Any concerned community member can sign! Sign here: https://***wZ #AcademicTwitter #AcademicChatter #academics4blacklives #BlackLivesMatter https://***cc', '@j***d @V***1 Go another route then!! Did you feel the same when every freakn city in LA was demonstrating?? Did it “Piss you Off” when all the marches were going there part in “Black Lives Matter” Social Distancing', '-']",-,content_B,post
t2639,u2376,2022-02-11 15:05:14+00:00,BlackLivesMatter,c***r,Great 🧵by @r***h disrupting narratives about Canada being anti-racist because of the underground railroad. These stories further the importance of white Canadians engaging in racial justice work. Check out the @S***o community. #BlackHistoryMonth #BlackLivesMatter https://***wk,"['@n***s has a lot of questions to answer. How does your reporter not report this when she knew the information? Pathetic. Failing us. #ThursdayMotivation #WritingCommunity #BlackLivesMatter #amwriting #amwritingfiction #KindnessMatters #StrongerTogether #Resist https://***36', 'Examples of microaggressions. #NotAlone #MentalHealthForAll #NAMIJC #NAMI #NAMIWalks #Support #Love #BlackHistoryMonth #BlackHistory #BlackExcellence #BHM #CelebrateBlackLives #BLM #BlackLivesMatter #BlackMentalHealth #Microaggressions #ImplicitBias #Bias #Prejudice #Privilege https://***Ys', 'Great 🧵by @r***h disrupting narratives about Canada being anti-racist because of the underground railroad. These stories further the importance of white Canadians engaging in racial justice work. Check out the @S***o community. #BlackHistoryMonth #BlackLivesMatter https://***wk', '-']",-,content_C,post
t2837,u1847,2022-02-15 17:05:47+00:00,BlackLivesMatter,b***r,"DA's Policies Blamed For Stalking, Murder Of 35-Year-Old Woman In Chinatown - The Police Tribune https://***Ev Follow @b***r #BlueLivesMatter #BackTheBlue #lawenforcement #PoliceTribune","[""DA's Policies Blamed For Stalking, Murder Of 35-Year-Old Woman In Chinatown - The Police Tribune https://***Ev Follow @b***r #BlueLivesMatter #BackTheBlue #lawenforcement #PoliceTribune"", '#mikesrandomthoughts #RedWave2022 #redwave2024 #JoeBidensAmerica #ChinaJoeBiden #bluelivesmatter #Senate #Congress #houseofrepresentatives #JoeBiden #KamalaHarris #Trump2024 #CandaceOwens #antifascist #BLM #blacklivesmatter #veterans #secondamendment #ATWA #atwar https://***He', 'UPDATE: The #BlackLivesMatter group has moved their protest in sympathy to Amir Locke and all social injustice to the intersection of Park Avenue and Berkeley Street. They are going on and off letting cars pass through after chanting. #ROC https://***j4', '-']",-,content_A,post
t3073,u0212,2022-02-18 19:00:01+00:00,BlackLivesMatter,j***s,"Since Ariyana Smith brought the #BlackLivesMatter movement into the sports landscape, many other Black women have been at the forefront of driving change. In Part 2 of our #BlackHistoryMonth series, we celebrate the changemakers: https://***xU","['Since Ariyana Smith brought the #BlackLivesMatter movement into the sports landscape, many other Black women have been at the forefront of driving change. In Part 2 of our #BlackHistoryMonth series, we celebrate the changemakers: https://***xU', 'Tue Jun 23 2020 Richmond, Virginia - Police escalate against protesters outside city hall WATCH: https://***Qe #RichmondVirginia #RPD #blacklivesmatter #blm #defundthepolice #abolishthepolice', 'Mayor Jacob Frey and Minneapolis City Council: Arrest the cops that murdered Amir Locke - Sign the Petition! https://***Hs via @C***e #blm #BlackLivesMatter #Share #sign #help #support #awareness #blacklivesstillmatter #spread #donate #resource #BeKind #care #spread', '-']",-,content_A,post
t0446,u0069,2020-06-01 16:02:23+00:00,BlackLivesMatter,m***g,"Dear #MedTwitter, We shouldn't have to frame it as a public health issue to make you understand that #BlackLivesMatter Or that we have a serious issue with institutionalized racism in Medicine. Step up and show up.","['Black lives matter.', ""Dear #MedTwitter, We shouldn't have to frame it as a public health issue to make you understand that #BlackLivesMatter Or that we have a serious issue with institutionalized racism in Medicine. Step up and show up."", 'Educational resources for anti-racism (s/o Stanford Black ASSU): 1/ https://***jO 2/ https://***7V 3/ https://***Aa Bail fund donations: 1/ https://***9v 2/ https://***vL #BlackLivesMatter', '-']",-,content_B,post
t0566,u2980,2020-06-08 06:29:13+00:00,BlackLivesMatter,L***5,-,"['Black Lives Matter protest in Los Angeles. https://***FL', '@j***g j.k rowling trying to draw attention to her transphobic definition of womanhood during pride month &amp; black lives matter uprising, doesn’t feel much different to those celebrating white &amp; straight pride', 'Anti-racism protesters gather at Black Lives Matter rally in Glasgow Green. https://***WU https://***Jc', '-']",tweet_A,-,retweet
t3801,u0548,2022-03-03 22:17:32+00:00,BlackLivesMatter,V***s,"Fuck this shit. Breonna Taylor's life mattered. The courts, the Republicans, and the Democrats be damned. Defund the Police. Refund the Community. Black Lives Matter. These are more than just sayings. https://***v6","['Read “Black Lives Matter: Revisiting Charles Henry Turner’s experiments on honey bee color vision” from @C***y (ARTICLE): https://***ug', ""It's time to #DefundTheWashingtonPolice #BlackLivesMatter"", ""Fuck this shit. Breonna Taylor's life mattered. The courts, the Republicans, and the Democrats be damned. Defund the Police. Refund the Community. Black Lives Matter. These are more than just sayings. https://***v6"", '-']",-,content_C,post
t2977,u2982,2022-02-17 12:15:51+00:00,BlackLivesMatter,m***1,"Teachers shld teach on the British Civil Rights movement including the fact that the Omnibus Company, which upheld a colour bar, was owned by the government Teachers told to be ‘balanced’ in teaching about British Empire and not to back Black Lives Matter https://***AD","['#explore #naturephotography #afrique #naija #senegal #asia #afro #melanin #picoftheday #ethiopia #culture #america #style #world #afrobeats #like #canada #travelgram #adventure #blacklivesmatter #uk #covid #explorepage #uganda #blackgirlmagic LINK : https://***fV https://***b5', '@f***j ➡️🤡☠️Enquanto isso, no BigBROTHER Portugal 1 NAZI é EXPULSOdaCASA... VAI VENDO brazilNazi #BBB22🤥🤡 ▪#ForaNAZISTASeRACISTAS #JN #FIA #F1 #TeamLH #ShowDoEsporte #EsporteTotal #JornalNacional #FaustaoNaBand #F1NaBand #MercedesAMGF1 #BlackLivesMatter #NFL https://***is', 'Teachers shld teach on the British Civil Rights movement including the fact that the Omnibus Company, which upheld a colour bar, was owned by the government Teachers told to be ‘balanced’ in teaching about British Empire and not to back Black Lives Matter https://***AD', '-']",-,content_C,post
t1701,u2083,2021-04-12 21:18:34+00:00,BlackLivesMatter,i***2,"Philando Castile, George Floyd, Daunte Wright. Three Black men in and around Minneapolis. Black Lives Matter! They Matter!","['Philando Castile, George Floyd, Daunte Wright. Three Black men in and around Minneapolis. Black Lives Matter! They Matter!', 'Join us in celebrating amazing Black intellectuals and artists around the world! Today we are celebrating, Kwame Anthony Appiah, a British-Ghanaian researcher in Philosophy, Critical Theory, and Africana Studies! #blackexcellence #BlackHistory #BlackLivesMatter https://***Bt', ""It's the last week to apply to MN Cup's 2021 season, but it feels impossible to speak optimistically about the opportunity and possibility of new business when it is life-threatening to be black in our community. We are so sad and angry. #JusticeForDaunteWright #BlackLivesMatter"", '-']",-,content_A,post
t0484,u3188,2020-06-02 19:56:25+00:00,BlackLivesMatter,j***d,Proud to see @A***h amplifying this message. #BlackLivesMatter https://***rz,"['Proud to see @A***h amplifying this message. #BlackLivesMatter https://***rz', '(1/ ) These are nine elected officials who have been abused by police during the George Floyd protests. Details and documentation in thread. #BlackLivesMatter #PoliceBrutality #PoliceThePolice https://***Ap', 'Enough is enough. We are all HUMANS. Together we are stronger. #BlackLivesMatter ✊✊🏻✊🏼✊🏽✊🏾✊🏿 https://***dN', '-']",-,content_A,post
t0547,u0880,2020-06-05 22:05:24+00:00,BlackLivesMatter,l***s,"On a short walk around my neighborhood today, I saw a white woman, maybe in her 50s, standing silently, alone on her porch holding up an 8x11 sheet of paper with the words “Black Lives Matter” printed on it. I see you, and I will try to be more like you. #longbeach","['On a short walk around my neighborhood today, I saw a white woman, maybe in her 50s, standing silently, alone on her porch holding up an 8x11 sheet of paper with the words “Black Lives Matter” printed on it. I see you, and I will try to be more like you. #longbeach', '3 easy ways to help (welcome other suggestions) Watch these curated talks on racism: https://***2m Check out this ‘cheat sheet’ of petitions, causes to donate to: https://***oa I ❤️ swag. Show support w #BlackLivesMatter merch https://***9G', 'Tanvi’s Art for Black Lives Matter Project Taking Art commissions to raise money for BLM - Nextdoor https://***7k', '-']",-,content_A,post
t0695,u1271,2020-07-25 17:54:48+00:00,BlackLivesMatter,M***t,"The 3rd episode of my “Donald Trump’s Police State” series on the EMERGENCY PODCAST SYSTEM is now posted. My guest is Portland Black Lives Matter activist and the founder of ""Don't Shoot Portland,"" Teressa Raiford. Listen everywhere and on : RadioPublic: https://***oi","['The 3rd episode of my “Donald Trump’s Police State” series on the EMERGENCY PODCAST SYSTEM is now posted. My guest is Portland Black Lives Matter activist and the founder of ""Don\'t Shoot Portland,"" Teressa Raiford. Listen everywhere and on : RadioPublic: https://***oi', 'One team. United for change. #BlackLivesMatter https://***F0', 'We have one more thing, before we log off for the night: #BlackLivesMatter', '-']",-,content_A,post
t0443,u1766,2020-06-01 14:05:30+00:00,BlackLivesMatter,Y***e,I saw these pictures of Manchester and felt very proud. We ALL have a responsibility to challenge racism. Racism is a problem for ALL people. WE have to fight it TOGETHER ✊🏾✊🏻✊🏿 #JusticeForGeorgeFloyd #BlackLivesMatter https://***qW,"['I saw these pictures of Manchester and felt very proud. We ALL have a responsibility to challenge racism. Racism is a problem for ALL people. WE have to fight it TOGETHER ✊🏾✊🏻✊🏿 #JusticeForGeorgeFloyd #BlackLivesMatter https://***qW', 'WATCH THIS and notice that the people calling for restraint are BLACK demonstrators. The ones unflinchingly destroying property and wreaking havoc are WHITE instigators. Ready for the lesson? LISTEN TO BLACK PEOPLE. FOLLOW THEIR LEAD. #protests #blacklivesmatter https://***8z', 'To be silent is to be complicit. Black lives matter. We have a platform, and we have a duty to our Black members, employees, creators and talent to speak up.', '-']",-,content_A,post
t3711,u0690,2022-03-02 15:07:39+00:00,BlackLivesMatter,H***e,-,"['DING &amp; DING, DING ding^ #PennState #BlackLivesMatter #JusticeForAll', 'The percentage of Blacks and Hispanics in an area, not poverty, is the best predictor of crime. Source: https://***w5 #BlackLivesMatter #BlackHistoryMonth @b***r #WhitePrivilege @_***e @R***2 @K***a @J***r @P***s', 'This lovely 🥰 Pup is ready for a new home. BREED: German shepherd SEX: Female AGE: 7wks PRICE: #50k #CHELIV #MondayMotivation #BlackLivesMatter #OwletInfluencersHangout Ukraine Pray for Nigeria Mr Bayo Poland GB WhatsApp Ojbest Send a DM Koeman Custard Chalobah https://***kY', '-']",tweet_B,-,retweet
t0509,u2884,2020-06-04 02:06:50+00:00,BlackLivesMatter,B***n,Attention white supremacists: Here comes the future... and she ain’t takin’ shit from nobody. #GeorgeFloyd #BlackLivesMatter #Merrick https://***DQ,"['Attention white supremacists: Here comes the future... and she ain’t takin’ shit from nobody. #GeorgeFloyd #BlackLivesMatter #Merrick https://***DQ', 'We stand in solidarity with the @N***F and the Black Lives Matter movement ✊🏽 https://***1m', 'I honestly can’t believe what I’m reading. @J***A Black Lives Matter a hate group?! This statement and your whole press release at that is disgusting to read. RESIGN! https://***GF', '-']",-,content_A,post
t2491,u2638,2022-02-08 18:09:43+00:00,BlackLivesMatter,m***d,This is my life today. Hurry up and wait. Always seems to be this way for the people you love to see. I ain’t mad. #TuesdayThoughts #TuesdayMotivation #WritingCommunity #BlackLivesMatter #amwritingfiction #KindnessMatters #StrongerTogether #Resist #TacoTuesday,"['This is my life today. Hurry up and wait. Always seems to be this way for the people you love to see. I ain’t mad. #TuesdayThoughts #TuesdayMotivation #WritingCommunity #BlackLivesMatter #amwritingfiction #KindnessMatters #StrongerTogether #Resist #TacoTuesday', 'JUSTICE FOR AMIR LOCKE. Another Black man murdered by Minneapolis cops. Despite the protests over the death of George Floyd, no real structural changes have been made. Any debate on police reform must ensure accountability at all levels #BlackLivesMatter https://***xq', 'My BLACK is dope My BLACK is power My BLACK is art My BLACK is everything you love, everything you hate, everything that must be respected, everything that must be feared! My BLACK is LIFE! . . Video credit: @c***e ✊🏾. #blm #blacklivesmatter #BlackHistoryMonth https://***ui', '-']",-,content_A,post
t2788,u1847,2022-02-15 04:05:59+00:00,BlackLivesMatter,b***r,"VIDEO: Kodak Black, 3 Others Shot Outside Justin Bieber After-Party - The Police Tribune https://***qo Follow @b***r #BlueLivesMatter #BackTheBlue #lawenforcement #PoliceTribune","['#TrumpRussia was collusion btwn @H***n campaign &amp; Democrat tools &amp; It\'s looking pretty illegal The campaign connection is interesting ""Sources told Fox News that lawyer is Marc Elias"" What say ye @m***s? Been served yet? https://***gN', 'VIDEO: Kodak Black, 3 Others Shot Outside Justin Bieber After-Party - The Police Tribune https://***qo Follow @b***r #BlueLivesMatter #BackTheBlue #lawenforcement #PoliceTribune', '1. Educate yourself about racism and antiracism 2. Examine yourself 3. Talk about it ""I urge you to take on the challenge and get uncomfortable."" writes @j***e &gt;&gt; Read more here: https://***Rj #blacklivesmatter #blm #whiteprivilege https://***6G', '-']",-,content_B,post
t3021,u3195,2022-02-18 01:32:32+00:00,BlackLivesMatter,t***s,"Fri Aug 21 2020 Portland, Oregon - Officer shoves members of the press WATCH: https://***vS #PortlandOregon #PPD #blacklivesmatter #blm #defundthepolice #abolishthepolice","['Support #indieAuthor #bookshop #bookstan #bookworm #books #booklover #BookBuzz #booktwt #BookBoost #WritingCommunity #twt #BlackLivesMatter #WednesdayMotivation #Wednesdaythought @P***1 @T***e @M***s @R***e @C***A @G***s https://***rV', 'Fri Aug 21 2020 Portland, Oregon - Officer shoves members of the press WATCH: https://***vS #PortlandOregon #PPD #blacklivesmatter #blm #defundthepolice #abolishthepolice', 'Joseph’s New Tomb, Washington, D.C., 1942 . . . #blackculture #blacklove #blackisbeautiful #socialjustice #freedom #endinjustice #speakup #speakout #blacklivesmatter #blm https://***SZ', '-']",-,content_B,post
t3401,u2426,2022-02-23 17:51:43+00:00,BlackLivesMatter,F***e,"Great point. I think we are looking at significant Astroturf here &amp; in anti-vax chatter. Suggest our intelligence agencies look for fingerprints ultimately leading to Moscow. This smells a lot like misinformation targeting Black Lives Matter, U.S. elections &amp; earlier with Brexit. https://***VZ","['“The greatest disservice you could do to your own community is to never tell them about the mine fields” - Steven A. Smith #WednesdayMotivation #BlackHistoryMonth #BlackLivesMatter https://***hf', '#NEW Flush it, flush it real good! https://***Qt #HUMOR #COMICS #FUNNY 🖕🏾 #donaldjtrump #maralago &amp; ALL #antivaxxers &amp; #antimaskers! 👍🏾#Oculus #LockHimUp! #GetVaccinated #WearAMask #BlackLivesMatter #CartoonistsWhoResist', 'Great point. I think we are looking at significant Astroturf here &amp; in anti-vax chatter. Suggest our intelligence agencies look for fingerprints ultimately leading to Moscow. This smells a lot like misinformation targeting Black Lives Matter, U.S. elections &amp; earlier with Brexit. https://***VZ', '-']",-,content_C,post
t2838,u1275,2022-02-15 17:18:06+00:00,BlackLivesMatter,L***s,-,"['BLACK HISTORY MONTH..... STATE FARM! YOU WILL CHANGE YOUR WAYS AFTER THIS. #blacklivesmatter #RacismNotWelcome #draintheswamp 😡 RETWEET! Let everyone know who state farm really is....... #blacklivesstillmatter https://***u8', '@A***C @A***C RACISM DOES NOT CHANGE THE MIND OF THE RACIST / THE RACIST ONLY CHANGES ITS FORM!!️ White Supremest and Kiddie Fiddler Steve Karpovitz #Baltimore #Atlanta #BlackLivesMatter #Providence #RhodeIsland #ForThePeople #BOLO #Boston #Massachusetts #GalaxyS22 #Mississippi #Fedex https://***RX', 'Erin Jackson makes U.S. history with speed skating 500m gold | Winter Ol... https://***lx via @Y***e #MichelleChilds #KetanjiBrownJackson #nathanchan #DonovanCarrillo #TrumpCult #VotingRights #Olympics #ErinJackson #BlackLivesMatter #SimoneBiles #ACA #DemocratsDeliver', '-']",tweet_B,-,retweet
t0654,u0961,2020-07-03 21:48:32+00:00,BlackLivesMatter,R***y,Helped paint a #blacklivesmatter mural in Harlem today! Great way to celebrate #4thofJuly #hamilfilm and #blm ! #independenceday2020 https://***rO,"['Helped paint a #blacklivesmatter mural in Harlem today! Great way to celebrate #4thofJuly #hamilfilm and #blm ! #independenceday2020 https://***rO', 'So excited to see over 400 families &amp; teachers are coming to our workshop on undoing white supremacy today. It gives me great hope to see so many ready to ask themselves the hard questions &amp; change to make the world a better place. #blacklivesmatter https://***27', '#DCtogether #blacklivesmatter https://***4Q', '-']",-,content_A,post
t3815,u0534,2022-03-04 04:25:39+00:00,BlackLivesMatter,O***a,As Americans are horrified by how protesters are being treated by #Russia we shouldn’t forget how our government brutalizes protesters either. #BlackLivesMatter https://***cX,"['@s***i ""Black lives matter my pussy batteries""', 'As Americans are horrified by how protesters are being treated by #Russia we shouldn’t forget how our government brutalizes protesters either. #BlackLivesMatter https://***cX', "".@P***S .@J***e .@V***s .@D***s .@E***A .@C***d .@A***Q .@M***Q .@I***d .@C***C .@S***s .@R***y .@A***Q Let's help #Grandad get recognition .@c***r .@L***k https://***3A #BlackLivesMatter"", '-']",-,content_B,post
t3850,u0454,2022-03-04 21:12:10+00:00,BlackLivesMatter,D***a,"Absolute powerhouse group of researchers on the @S***e Black Lives Matter issue of JRA. I'm talking @D***a, @N***A, @D***r, @J***s, @D***r and dozens more. It's basically the final battle of Avengers Endgame in a special issue. https://***R6","[""Absolute powerhouse group of researchers on the @S***e Black Lives Matter issue of JRA. I'm talking @D***a, @N***A, @D***r, @J***s, @D***r and dozens more. It's basically the final battle of Avengers Endgame in a special issue. https://***R6"", 'Untitled, Harlem, New York, 1963 . . . #blackculture #blacklove #blackisbeautiful #socialjustice #freedom #endinjustice #speakup #speakout #blacklivesmatter #blm https://***GI', 'White people REALLY cant get a long.... #UkraineRussianWar #BlackLivesMatter', '-']",-,content_A,post
t3233,u0538,2022-02-21 02:09:16+00:00,BlackLivesMatter,O***G,-,"['In the end, we will remember not the words of our enemies, but the silence of our friends #MLK #blackhistorymonth #blackhistory #EnoughisEnough #QuarantineRacism #BlackLivesMatter #HBCU #WWEChamber #Epstein #Arsenal #Liverpool #BlackTwitter Learn More https://***pX https://***UH', 'Do not donate to the @O***e horse fund. Do donate to a #BlueLivesMatter fund that is tailored to help the survivor family deal with the death of a targeted officer. #TruckersForFreedom #Canada https://***Kc', '#Maddow #Bitcoin #CNN #GreenNewDeal #ElizabethWarren #Manchin #Covid_19 #Pelosi #TheSquad #Biden #NYC #AOC #FoxNews #MSNBC #BernieSanders #BlackLivesMatter #Democrats still pushing defund the police and open borders. #Stupid #Assholes https://***qb', '-']",tweet_A,-,retweet
t2149,u3250,2022-01-15 22:01:01+00:00,BlackLivesMatter,G***d,"Untitled, Fort Scott, Kansas, 1950⁠ .⁠ .⁠ .⁠ #blackculture #blacklove #blackisbeautiful #socialjustice #freedom #endinjustice #speakup #speakout #blacklivesmatter #blm https://***TK","['Yesterday, we stood alongside the family of #JalaniLovett to rally for justice in his name. He should have been celebrating his 28th birthday, but the 3000 Boys...an LASD gang...stole his life inside Men’s Central Jail. #BlackLivesMatter #GoogleLASDGangs https://***L6', 'One time, I was in this town called Ferguson when white boys showed up with guns calling themselves Oathkeepers &amp; Black folks showed up screaming “Black Lives Matter” and everybody was like: “you gotta watch those BLM folks. They’re anti-American.” Anyway... y’all hungry? https://***oI', 'Untitled, Fort Scott, Kansas, 1950 . . . #blackculture #blacklove #blackisbeautiful #socialjustice #freedom #endinjustice #speakup #speakout #blacklivesmatter #blm https://***TK', '-']",-,content_C,post
t0435,u2417,2020-06-01 00:46:58+00:00,BlackLivesMatter,A***e,My Explorer parents taught me equality for all &amp; we stand with peaceful protestors. What kind of world do we wanna pass on? #blacklivesmatter https://***AK,"['#BlackLivesMatter https://***qU', '1/2 We stand with the Black community. It is up to each and every one of us to hold space for Black community members - to listen, learn and be better allies. #BlackLivesMatter https://***2S', 'My Explorer parents taught me equality for all &amp; we stand with peaceful protestors. What kind of world do we wanna pass on? #blacklivesmatter https://***AK', '-']",-,content_C,post
t3547,u1530,2022-02-26 18:05:01+00:00,BlackLivesMatter,S***d,"“But throughout it all, your great-uncle asks: What has changed so significantly to keep you from suffering Trayvon’s fate? …” #OpEd by @m***0 #TrayvonMartin #BlackLivesMatter https://***ka","['“But throughout it all, your great-uncle asks: What has changed so significantly to keep you from suffering Trayvon’s fate? ...” #OpEd by @m***0 #TrayvonMartin #BlackLivesMatter https://***ka', '@A***P The White House is expressing outrage at “credible reports” from Ukrainian officials that the staff at the shuttered Chernoybl nuclear plant have been taken hostage by Russian troops. https://***V1', '#Maddow #Bitcoin #CNN #ElizabethWarren #Manchin #Covid_19 #Pelosi #TheSquad #NYC #AOC #FoxNews #MSNBC #BernieSanders #BlackLivesMatter #Democrats #Biden https://***6d', '-']",-,content_A,post
t3660,u1591,2022-03-01 16:11:56+00:00,BlackLivesMatter,J***n,"So glad you were inspired by our book, “Black Lives Matter at School.” Great idea to start a social justice book club with your students! https://***ax","['#Haiti #haitian #NoMore #NoMoreNeocolonialism #AfricaUnite #African #oneafrica #PasPlus #TwitterRacism #TwitterTerrorism #AfricansinUkraine #FBA #ADOS #BlackTwitter #WikiLeaks #BlackLivesMatter https://***xX', 'So glad you were inspired by our book, “Black Lives Matter at School.” Great idea to start a social justice book club with your students! https://***ax', ""So black lives matter but #Russia's self preservation rights don't"", '-']",-,content_B,post
t2214,u0238,2022-01-22 23:04:10+00:00,BlackLivesMatter,J***o,"#LaurenSmithsFields' family is suing #Bridgeport, #Connecticut (@C***T) for failure to prosecute &amp; failure to protect under the 14th amendment, meant to provide equal protection under the law for all citizens. #JusticeForLauren #JusticeForLaurenSmithFields #BlackLivesMatter","[""« Bay kou, bliye ; pote mak, sonje ... » Let's not forget, as voting rights are again under siege Thank you @G***t for demystifying the 21st century's digital Ku Klux Klan and its electronic lynching algorithms: https://***ap #BlackLivesMatter #ToutMounSeMoun https://***AY"", ""#LaurenSmithsFields' family is suing #Bridgeport, #Connecticut (@C***T) for failure to prosecute &amp; failure to protect under the 14th amendment, meant to provide equal protection under the law for all citizens. #JusticeForLauren #JusticeForLaurenSmithFields #BlackLivesMatter"", 'Leaked Emails Show LA Mayor’s Former Chief of Staff Calling Black Lives Matter ‘Annoying’. Should we be glad he will no longer be running his clown show here? https://***MP', '-']",tweet_A,content_B,reply
t2138,u1846,2022-01-13 04:11:58+00:00,BlackLivesMatter,B***A,"This is what happened on Day 13 of our #BlockGarcetti protest, when the LAPD descended on a crowd of righteous protesters including children, elders, vulnerable folks. Police do not keep us safe. #WeKeepUsSafe #BlackLivesMatter https://***nE","['Have you checked out our extended special section on #BlackLivesMatter? Free to read and a great collection! https://***c5', 'This is what happened on Day 13 of our #BlockGarcetti protest, when the LAPD descended on a crowd of righteous protesters including children, elders, vulnerable folks. Police do not keep us safe. #WeKeepUsSafe #BlackLivesMatter https://***nE', ""Whole Foods defends prohibiting employees from wearing masks with slogans including 'Black Lives Matter' https://***iK"", '-']",-,content_B,post
t2095,u0155,2022-01-06 10:03:55+00:00,BlackLivesMatter,T***l,A brief response to requests for elaboration. #OldLivesMatter joins other initiatives that either intentionally or unintentionally diminish the #BlackLivesMatter movement. #SFFG adopts #BLM imagery to suggest equivalence between #ageism &amp; #racism (in criminal justice system) 1/2 https://***47 https://***Ps,"['A brief response to requests for elaboration. #OldLivesMatter joins other initiatives that either intentionally or unintentionally diminish the #BlackLivesMatter movement. #SFFG adopts #BLM imagery to suggest equivalence between #ageism &amp; #racism (in criminal justice system) 1/2 https://***47 https://***Ps', 'What a sad sad racist man. What does a snowstorm have to do with #BlackLivesMatter ? https://***uz', '🏃🏾♂️🏊🏾🏋🏾🧘🏾♂️🎾The Color of LOVE💪🏾#coachreemy #ntc #nrc #tennis #stayfit #staystrong #running #music #swimming #yoga #manchinandsinemaaretraitors #blacklivesmatter #votingrights #blackvotersmatter #JustDoIt #getvaccinated #StarvingForVotingRights #fuckjoemanchin #buildbackbetter https://***a9', '-']",-,content_A,post
t2047,u0921,2021-12-23 19:42:20+00:00,BlackLivesMatter,B***r,Kim Potter was found GUILTY! May the Spirit of justice in the name of #DaunteWright lead us into the new year. #BlackLivesMatter,"['Indict, convict, send those killer cops to jail, the whole damn system is guilty as hell. #JusticeForDaunteWright #BlackLivesMatter', 'This week we are promoting our wonderful collection of original articles, a review article and commentaries from our extended special section on #BlackLivesMatter. All free to read. Check it out here! : https://***jN https://***yy', 'Kim Potter was found GUILTY! May the Spirit of justice in the name of #DaunteWright lead us into the new year. #BlackLivesMatter', '-']",-,content_C,post
t0721,u2059,2020-08-18 17:46:09+00:00,BlackLivesMatter,e***k,"Guardian's Facebook page, full of racists talking about George Floyd's death and justifying killing by the police #BlackLivesMatter #blacklivesmatteruk #GeorgeFloyd https://***7B https://***nk @g***n @g***s https://***zx","['The Left’s version of ‘thoughts and prayers’: yelling ‘Black Lives Matter!’, after more than 30K+ Black ppl have died of COVID in less than 6 mos, while refusing to *vote* because Biden/Harris, are ‘too centrist.’ That’s B.S. ‘Faith w/o works is dead.’ Vote.', 'Two Alabama doctors support Black Lives Matter movement by wearing black... https://***FU via @Y***e. #blackscrubs4blacklives. #blackscrubsforblacklives. Let’s join in to support each other with a simple visual sign on August 28! #dresslikeasurgeon', ""Guardian's Facebook page, full of racists talking about George Floyd's death and justifying killing by the police #BlackLivesMatter #blacklivesmatteruk #GeorgeFloyd https://***7B https://***nk @g***n @g***s https://***zx"", '-']",-,content_C,post
t0630,u1814,2020-06-23 02:55:45+00:00,BlackLivesMatter,N***k,"White Jesus statues should be torn down, Black Lives Matters leader says https://***oq","['White Jesus statues should be torn down, Black Lives Matters leader says https://***oq', 'Whilst the judgment of the police not to intervene during the Black Lives Matter protest was good – by contrast their refusal to take any action to prevent or disperse the illegal gatherings in Stokes Croft and St Werburgh’s at the weekend was ill-considered ...', 'Resources for white people who want to become allies and take action. If you haven’t committed to anti-racism work in the past, start now. https://***PO #blacklivesmatter #peace #justice #lifelonglearning #getwoke #dothework #getuncomfortable #blackhistory #blm #love https://***qq', '-']",-,content_A,post
t0458,u1724,2020-06-01 23:10:47+00:00,BlackLivesMatter,k***y,MLK gave this speech 53 years ago. Take the time to listen. Because it's 2020 and we haven't fixed a goddamn thing. #BlackLivesMatter https://***O4,"['#BlackLivesMatter #SayTheirName https://***NE', ""MLK gave this speech 53 years ago. Take the time to listen. Because it's 2020 and we haven't fixed a goddamn thing. #BlackLivesMatter https://***O4"", 'If you’re not following us at https://***o9 this is the kind of content you’re missing out on 😉 🤷🏻♂️🤩🤓 https://***4h', '-']",-,content_B,post
t0579,u1635,2020-06-09 22:42:43+00:00,BlackLivesMatter,M***7,"7.These are my honest words from my heart! I want humanity to thrive and receive the blessing of this earth again, but we have to do it TOGETHER, and the first step is knowing we’re you come from and acknowledging why #BlackLivesMatter and #blacktranslivesmatter","['☮️ PEACE IS MORE THAN THE ABSENCE OF WAR 💟 Prince—Baltimore https://***m7 Born Prince Rogers Nelson June 7, 1958 Minneapolis, U.S. #BlackLivesMatter #GeorgeFloydMurder #FreddieGray #ICantBreathe #EndPoliceBrutality #blacklivesmatteraustralia #IndigenousLivesMatter https://***JQ', ""Inequities in our world today didn't happen by accident. 'The Times Magazine has been working on an issue to mark the 400th anniversary of the first enslaved people arriving in America.' https://***wg #blacklivesmatter #peace #justice #dothework #blackhistory https://***lN"", '7.These are my honest words from my heart! I want humanity to thrive and receive the blessing of this earth again, but we have to do it TOGETHER, and the first step is knowing we’re you come from and acknowledging why #BlackLivesMatter and #blacktranslivesmatter', '-']",-,content_C,post
t0495,u2311,2020-06-03 13:15:22+00:00,BlackLivesMatter,t***t,-,"['Really great interview with the co-founder of Black Lives Matter, Patrisse Cullors: A message for musicians https://***Xp', 'Pro-🇨🇳 chinese in #US: Stand with protesters Condemn #PoliceBrutality Pro-🇨🇳 chinese in #HongKong: Stand with gov &amp; police Condemn protesters THEY’RE PLAYING BOTHS SIDE TO ADVANCE OWN POLITICAL AGENDA THEY ONLY CARE ABOUT 🇨🇳 - DONT FALL FOR THEIR TRAP #BlackLivesMatter https://***Rq', 'I want to say that I see you and that I am with you #BIPOC. I am working to educate myself and support anti-racism. So far by donating to the #MinnesotaFreedomFund, #BlackLivesMatterChicago, and #ColumbusFreedomFund. Here is a helpful site for donating to each city: 2/3', '-']",tweet_B,-,retweet
t2666,u1038,2022-02-12 13:42:31+00:00,BlackLivesMatter,J***6,-,"['@g***s 👀 THE TRUTH ABOUT #AMERICA #realitybites #citizenjournalism #economics #truthbetold #fyp #newsworthy #Trump2024 ❤️ @R***1 #followus #Changingthenarrative #SupportBlackBusiness #BlackLivesMatter #BlackHistoryMonth #FreedomOfSpeech #1DDrive https://***Yg', ""@D***M @P***u We will be watching and commenting, @D***M don't you worry about that. #BLMUK #Windrush #BlackTwitter #Blacklivesmatteruk"", 'Nimeambia dem ni mrembo akaniambia ni snapchat sijui niseme nini next #NikujaribuTu #blacklivesmatters Zouma', '-']",tweet_A,-,retweet
t3090,u3195,2022-02-19 02:32:09+00:00,BlackLivesMatter,t***s,"Mon Jun 01 2020 Eugene, Oregon - Officer shoots projectile from moving vehicle WATCH: https://***O1 #EugeneOregon #EPD #blacklivesmatter #blm #defundthepolice #abolishthepolice","[""Get you a Lovely-Rowe's waist Trainer they come have great support and are very comfortable no rolling when you move Shop https://***kE #lovelyrowes #mrsrowe18 #blackownedbusiness #lovelyrowesskincare #readyforfits #blacklivesmatter #self... https://***Dr https://***g8"", 'Mon Jun 01 2020 Eugene, Oregon - Officer shoots projectile from moving vehicle WATCH: https://***O1 #EugeneOregon #EPD #blacklivesmatter #blm #defundthepolice #abolishthepolice', 'Stop being surprised when so-called ""allies"" sympathize with killer cops. Until there is justice... #saytheirnames #BlackHistoryISAmericanHistory #blacklivesmatter #BHM https://***Dv', '-']",-,content_B,post
t3070,u1661,2022-02-18 18:46:11+00:00,BlackLivesMatter,S***r,https://***89 Two Years Is Not Enough For Kim Potter! #kimpotter #dauntewright #blacklivesmatter #blm #dontcensorme #reaction #endracism #endcorruptionnow #enoughisenough #fixthesystem #justicesystemisbroken #wakeupamerica #wtfu #smh #outraged,"['Check out our Reps. in the Ohio Legislative Black Caucus ⤵️⤵️⤵️ Black history is American history! #BlackHistoryMonth #BlackLivesMatter https://***Rg', 'https://***89 Two Years Is Not Enough For Kim Potter! #kimpotter #dauntewright #blacklivesmatter #blm #dontcensorme #reaction #endracism #endcorruptionnow #enoughisenough #fixthesystem #justicesystemisbroken #wakeupamerica #wtfu #smh #outraged', 'Currently, I am a Graduate Research Assistant for @f***s. I have been utilizing Grounded Theory to investigate the extent of institutional commitment by scientific orgs. to address systemic racism following a surge of #BlackLivesMatter protests in May 2020.', '-']",-,content_B,post
t0453,u1411,2020-06-01 20:25:27+00:00,BlackLivesMatter,t***b,"As #COVID19 spread, we continually heard ""we're all in this together"" as an expression of solidarity. This rings hollow when a fraction of our society faces state-sanctioned violence. We must fix this. #BlackLivesMatter","['Educational Alliance stands in solidarity with the Black community and will continue to fight until all people are able to realize their version of the American Dream. #blacklivesmatter https://***A7', 'As #COVID19 spread, we continually heard ""we\'re all in this together"" as an expression of solidarity. This rings hollow when a fraction of our society faces state-sanctioned violence. We must fix this. #BlackLivesMatter', 'A THREAD OF WHAT YOU CAN DO TO HELP #BlackLivesMatter', '-']",-,content_B,post
t1729,u1113,2021-04-26 11:52:47+00:00,BlackLivesMatter,S***e,Manning Marable was a pioneering Marxist whose brilliant writings showed how the struggle for black liberation is bound up with the struggle against capitalism. His work has a huge amount to offer the Black Lives Matter movement today #BlackLivesMatter https://***xR,"['Manning Marable was a pioneering Marxist whose brilliant writings showed how the struggle for black liberation is bound up with the struggle against capitalism. His work has a huge amount to offer the Black Lives Matter movement today #BlackLivesMatter https://***xR', 'BANNED: wearing the phrase “Black Lives Matter” BANNED: taking a knee or raising a fist The IOC’s policies are a direct assault on the free expression of Black athletes by a commission that includes no Black members. https://***O1', 'Take note! #BlackLivesMatter https://***5k', '-']",-,content_A,post
t0537,u0468,2020-06-05 15:37:26+00:00,BlackLivesMatter,P***s,-,"['@N***e Completely unspecific, and also incredibly tone deaf! We need real, actionable steps and acknowledgment that Black Lives Matter from @U***i , not just an essay about plants', 'BRONX—protest happening in Hunts Point today, but I advice anyone who wants to go to be very careful. We had a peaceful protest in the South Bronx last weekend but we don’t know what today’s one will be like, especially w/ NYPD police presence. Stay safe, y’all. #BlackLivesMatter https://***9Y', ""If you're an African American college student with dreams about understanding the brain, email me an essay about those dreams--I'd be so grateful to hear your story. I will give a 6K scholarship to one person as a tiny token of encouragement #BlackLivesMatter #HBCU #TinySteps https://***nW"", '-']",tweet_C,-,retweet
t3652,u0618,2022-03-01 10:00:01+00:00,BlackLivesMatter,O***l,"Ding &amp; DING Ding? Ding, ding #PennState #BlackLivesMatter #JusticeForAll","['Ding &amp; DING Ding? Ding, ding #PennState #BlackLivesMatter #JusticeForAll', 'https://***🙌🏽 2022 TOUR DATES AROUND THE WORLD! #arresteddevelopment #blacklivesmatter #dontfightyourdemons #fortheFKNlove #mrwendal #tennessee #worldtour #90srap #goldenageofhiphop #grammywinner https://***Lo', 'Remembering #TrayvonMartin on the 10th anniversary of his tragic death. Praying for peace for his family.#BlackLivesMatter https://***xt', '-']",-,content_A,post
t3301,u0912,2022-02-22 08:00:29+00:00,BlackLivesMatter,C***e,+ @C***e's Moggcast: Civil servants shouldn’t use Black Lives Matter hashtags. They must be “completely apolitical”. https://***KJ,"[""+ @C***e's Moggcast: Civil servants shouldn’t use Black Lives Matter hashtags. They must be “completely apolitical”. https://***KJ"", 'You can’t kill time, when time is killing you. Who’s going to motivate you towards her goals you https://***RZ #jackson #mi #ms #stlouis #jfk #mlk #blm #blacklivesmatter #knoxville #nashville #memphis #beyonce', '#BlackLivesMatter #Shameful #SenatorTimScott wants to be the #TRUMP2024 running mate of #WhiteSupremacist #Trump 👎🤬 https://***SY', '-']",-,content_A,post
t3046,u0768,2022-02-18 09:42:16+00:00,BlackLivesMatter,R***a,#broadcast #tycoon #Byron Allen on being a role model for #future #black #business #Leaders #BlackHistoryMonth #BlackLivesMatter https://***I3,"['Support #indieAuthor #bookshop #indiebooks #Indigenous #books #BookBoost #booklover #bookworm #BookBuzz #WritingCommunity #twt #BlackLivesMatter #WednesdayMotivation #wednesdaythought @N***I @b***s @t***s https://***av https://***wz https://***z3', 'I\'ve been tagged all month in photos of primary schools using When We Say Black Lives Matter to celebrate Black History Month, from kindergarten level up. Get a grip, your ""banning"" means nothing. https://***VV', '#broadcast #tycoon #Byron Allen on being a role model for #future #black #business #Leaders #BlackHistoryMonth #BlackLivesMatter https://***I3', '-']",-,content_C,post
t3684,u0474,2022-03-02 04:32:29+00:00,BlackLivesMatter,W***4,This is a fucked up world!! Now Africans are hailing ukrainian flags all over Bcz RUSSIA is invading them while we see how they treat our African students and workers living in the ukraine #BlackLivesMatter too stop with this racist fuckery even during war!! Fuck the EU,"['Black Lives Matter und Rassismusvorwürfe - alles nur ein riesiger Spendenbetrug, in Immobilien versteckt? https://***JV', 'ding? Ding &amp; ding, ding ding &amp; DING ding... ding #PennState #BlackLivesMatter #JusticeForAll', 'This is a fucked up world!! Now Africans are hailing ukrainian flags all over Bcz RUSSIA is invading them while we see how they treat our African students and workers living in the ukraine #BlackLivesMatter too stop with this racist fuckery even during war!! Fuck the EU', '-']",-,content_C,post
t2819,u0723,2022-02-15 14:20:59+00:00,BlackLivesMatter,D***g,NFL’s Hate Practices Help Explain Why It’s So Hard To End US Racism by @T***i https://***Xj #NFL #Hate #Practices #Help #Explain #Why #ItsSoHard #End #US #Racism #BlackLivesMatter #BLM #Protests #ColinKaepernick #Kaepernick #IAmWithColin #StandWithKaepernick #Racist,"['“To be colorblind is to disregard my or any Black person’s humanity.” - Renée Cherez #NotAlone #MentalHealthForAll #NAMIJC #NAMI #NAMIWalks #Awareness #Love #Hope #BlackHistoryMonth #BlackHistory #BlackExcellence #BHM #CelebrateBlackLives #BLM #BlackLivesMatter #ReneeCherez https://***mL', 'HAPPENING NOW: Protestors have gathered on East Ave. at the Lawrence St. intersection in the street to protest the killing of Amir Locke in Minneapolis, MN &amp; other social injustice cases. Cars are still able to drive down alternate routes. #ROC https://***ch', 'NFL’s Hate Practices Help Explain Why It’s So Hard To End US Racism by @T***i https://***Xj #NFL #Hate #Practices #Help #Explain #Why #ItsSoHard #End #US #Racism #BlackLivesMatter #BLM #Protests #ColinKaepernick #Kaepernick #IAmWithColin #StandWithKaepernick #Racist', '-']",-,content_C,post
t0541,u3257,2020-06-05 18:19:55+00:00,BlackLivesMatter,m***e,Proud to stand with my colleagues from @W***d and @s***m today. This is only the beginning. The fight must continue. #RacismIsAPublicHealthCrisis #BlackLivesMatter #WhiteCoatsForBlackLives https://***Vr,"['James has been moonlighting on another podcast again. His own. Please listen and here is some further links to support the #blacklivesmatter movement. https://***aO https://***Ci', '5 powerful statements made by celebrities supporting #BLM ✊🏼✊🏽✊🏾✊🏿 #blacklivesmatter https://***RP', 'Proud to stand with my colleagues from @W***d and @s***m today. This is only the beginning. The fight must continue. #RacismIsAPublicHealthCrisis #BlackLivesMatter #WhiteCoatsForBlackLives https://***Vr', '-']",tweet_B,content_C,quote
t2340,u2824,2022-02-02 15:45:02+00:00,BlackLivesMatter,t***s,"At least eight of Joe Biden’s nominations for the Department of Justice have been placed on hold by Senator Tom Cotton (R-Ark.), due to the Department’s failure to answer Cotton’s questions about its inaction over the Antifa and Black Lives Matter riots... https://***Vo","['What a powerful conversation on black lives mattering at school. So many gems dropped! #HipHopEd @c***n thanks for leading this space with your co-host! Will definitely be listening!', 'At least eight of Joe Biden’s nominations for the Department of Justice have been placed on hold by Senator Tom Cotton (R-Ark.), due to the Department’s failure to answer Cotton’s questions about its inaction over the Antifa and Black Lives Matter riots... https://***Vo', 'As Black History Month begins today, let us continue to push for racial equality each and every day. May this month truly impact our minds, our hearts, and lead us to better understand how to respect and support one another. #BlackHistoryMonth #blm #blacklivesmatter #WeAreIrvine https://***Kj', '-']",-,content_B,post
t0950,u1695,2020-09-14 18:56:41+00:00,BlackLivesMatter,A***s,"Learn about the Black Lives Matter Charter for the UK heritage sector https://***E6 on @c***_ where Errol Francis is the Artistic Director &amp; CEO. Errol is a speaker for our webinar, Beyond Statements: People Power on Sept 17, register now! https://***Ge https://***Du","['Learn about the Black Lives Matter Charter for the UK heritage sector https://***E6 on @c***_ where Errol Francis is the Artistic Director &amp; CEO. Errol is a speaker for our webinar, Beyond Statements: People Power on Sept 17, register now! https://***Ge https://***Du', '.Black Lives Matter Digital PNG SVG download cut file https://***NT via @E***y #BLM #NFLRedZone #NBAPlayoffs', 'ALL BLACK LIVES MATTER. WEAR A MASK.', '-']",-,content_A,post
t3663,u2497,2022-03-01 17:06:57+00:00,BlackLivesMatter,i***K,NASA peacefully scramble but not Putin's eggs communication is key? #HolocaustMemorialDay #MLK #GrenfellTower #BlackLivesMatter #BidenHarris #oprahmeghanharry #ReparationsNow https://***Ez,"[""NASA peacefully scramble but not Putin's eggs communication is key? #HolocaustMemorialDay #MLK #GrenfellTower #BlackLivesMatter #BidenHarris #oprahmeghanharry #ReparationsNow https://***Ez"", 'Witnessing A Revolution Unfold (And How I Hope It Continues) #BlackLivesMatter #GeorgeFloyd #BreonnaTaylor #TonyMcDade #AhmaudArbery https://***QB', 'I profiled Patrisse Cullors - on co-founding Black Lives Matter and the backlash. “If I were a young person watching, I’d be like: ‘Keep me away from that shit. That is drama and trauma. I have enough of that. Let me go be an influencer.’” https://***JL', '-']",-,content_A,post
t1271,u1307,2020-10-16 17:05:44+00:00,BlackLivesMatter,l***t,"A Wisconsin domestic violence organization posted ""Black Lives Matter"" signs. The county voted to strip it of $25,000 in funding. A board member resigned. Most of the 17 law enforcement agencies that work with the org said they were cutting ties. https://***sK","['A Wisconsin domestic violence organization posted ""Black Lives Matter"" signs. The county voted to strip it of $25,000 in funding. A board member resigned. Most of the 17 law enforcement agencies that work with the org said they were cutting ties. https://***sK', 'Our history &amp; our liberty are bound together. In honoring the contributions of the Black community to Filipino history, we assert fully, forcefully, &amp; enthusiastically that #BlackLivesMatter! #AsianBlackSolidarity https://***VC', '""What do you do with a bloody tampon?"" Read our new blog, ""Not the pink tax!"" By @c***i #AmplifyWOC #BlackLivesMatter #BIPOC #WOC #WOCinSTEM #womeninscience #phdchat #phdlife click on link https://***dH https://***RX', '-']",-,content_A,post
t0415,u0228,2020-05-30 23:57:49+00:00,BlackLivesMatter,J***l,"Here’s a curated list of books to “unlearn racism and learn anti-racism,” with a focus on anti-Black racism in the US: https://***E0 #BLACK_LIVES_MATTER #BlackLivesMatter","['“silence is a violence too” - not speaking out on racism actively protects the system of white supremacy. it suggests you are ok with what is going on, and even that you enjoy it. use your voice, stop being complicit. #GeorgeFloydWasMurdered #BlackLivesMatter https://***w0', 'Here’s a curated list of books to “unlearn racism and learn anti-racism,” with a focus on anti-Black racism in the US: https://***E0 #BLACK_LIVES_MATTER #BlackLivesMatter', 'Support @B***e #BlackLivesMatter https://***Df', '-']",-,content_B,post
t0427,u0525,2020-05-31 17:12:40+00:00,BlackLivesMatter,b***y,"Black lives matter. We stand with those using their voices and peacefully calling for justice, fairness and racial equality.","['My 2 cents Breathing is required to sustain life! ° BLACK LIVES MATTER .... it’s not a comparison ! 🙏🏼🖤 ° - ° #blacklivesmatter #justiceforgeorgefloyd #everydayeverywhere ° - https://***7B', 'Black lives matter. We stand with those using their voices and peacefully calling for justice, fairness and racial equality.', 'Join me and if you’re in the position to do so, please donate to Black Lives Matter. https://***Yd', '-']",-,content_B,post
t2454,u3214,2022-02-08 01:15:12+00:00,BlackLivesMatter,F***A,A Black Lives Matter chapter founder in Tennessee was sentenced to six years in prison for illegally registering to vote while serving probation. https://***nu,"['#BlackLivesMatter #AsianLivesMatter Strength in Diversity.', 'A Black Lives Matter chapter founder in Tennessee was sentenced to six years in prison for illegally registering to vote while serving probation. https://***nu', 'Say his name #VincentTruitt #BlackLivesMatter https://***Wm #CobbCounty #JusticeforVincent', '-']",-,content_B,post
t0440,u0971,2020-06-01 11:58:24+00:00,BlackLivesMatter,J***t,#BlackLivesMatter ✊🏻✊🏼✊🏽✊🏾✊🏿 What I’ve seen online the last few days has made me sick to my stomach. I stand with the protestors. I know that as a white male I am extremely privileged in this world and although I do… https://***Fr,"['Share widely: National guard and MPD sweeping our residential street. Shooting paint canisters at us on our own front porch. Yelling “light em up” #JusticeForGeorgeFloyd #JusticeForGeorge #BlackLivesMatter https://***55', 'Just wanted to let you know that science outreach isn’t just doing experiments with Black and brown kids. It’s also making sure those same little kids actually get to live long enough to become scientists (or whatever else they wanna be). #BlackLivesMatter', '#BlackLivesMatter ✊🏻✊🏼✊🏽✊🏾✊🏿 What I’ve seen online the last few days has made me sick to my stomach. I stand with the protestors. I know that as a white male I am extremely privileged in this world and although I do... https://***Fr', '-']",-,content_C,post
t0419,u1906,2020-05-31 01:56:29+00:00,BlackLivesMatter,t***y,"Incase you couldn't hear #BlackLivesMatter ✊🏻✊🏽✊🏿❤ @ Grand Rapids, Michigan https://***J8","['@S***1 👉 faith leaders wrestle twin traumas in protests, virus.👈 #BlackLivesMatters https://***Xt', 'Your blatant racism and encouragement of violence against the people you are pretending to lead is beyond disgusting. Tweets like these prove how vital it is that we get you out of office, and we are more than ready to help make that happen. #BlackLivesMatter #JusticeForFloyd https://***ao', ""Incase you couldn't hear #BlackLivesMatter ✊🏻✊🏽✊🏿❤ @ Grand Rapids, Michigan https://***J8"", '-']",-,content_C,post
t0577,u2165,2020-06-09 18:32:26+00:00,BlackLivesMatter,C***e,-,"['Les compartimos la declaración conjunta de Fowards y R-Ladies sobre #BlackLivesMatter https://***ev #rladies #rladiesargentina #rladieslatam', 'What the world needs now... Art credit @I***s #BlackLivesMatter #blacklivesmatteraustralia https://***Vl', 'Maryland Public Defenders say it loud “BLACK LIVES MATTER”', '-']",tweet_B,-,retweet
t2019,u0141,2021-12-15 13:02:23+00:00,BlackLivesMatter,a***_,The era of physical slavery is over… it is now time to free ourselves from all form of mental slavery. Africans free yourselves and be mentally alert. #african #black #africanslaves #blacklivesmatter #blacklove https://***TL,"['The era of physical slavery is over... it is now time to free ourselves from all form of mental slavery. Africans free yourselves and be mentally alert. #african #black #africanslaves #blacklivesmatter #blacklove https://***TL', 'Corporations say Black lives matter. Which one has pledged the most funding for racial equity? Which corporations are funding racial equity?', ""Be said or at best 'Negro', the proper way to address if one MUST absolutely use the word to point out a specific narrative. Did we not just collectively fight alongside #BlackLivesMatter to combat against racism and appropriation?! #Netflix must want to hand out retributions.+"", '-']",-,content_A,post
t2757,u0158,2022-02-14 17:41:09+00:00,BlackLivesMatter,R***r,"SteamDrills - Please, she prayed, let this be a nation of heroes ClimateChange #FightFor15 #BlackLivesMatter #OWS 5Star #resistance","['#BBCWorld #PressBriefing #FoxNews Soo who’s on the halftime show with #snoopdog #BlackLivesMatter #NewsHour #JohnsonOut21 #Ottawa #MurdochGutterMedia #London #msnbc #nprnews #cnbc #abcnews #cbsnews #nbcnews #cnn #bbcweather #weatherchannel #accuweather https://***nu', 'SteamDrills - Please, she prayed, let this be a nation of heroes ClimateChange #FightFor15 #BlackLivesMatter #OWS 5Star #resistance', ""@S***r El-Hajj Malik El-Shabazz, Malcolm X Our founder Aasiya Hussain's family welcomed Brother Malcolm to the 1st masjid in contemporary Tkaronto Toronto. After he denounced NOI. Before organized hate assassinated him #BlackAndMuslim #BlackHistoryMonth #BlackLivesMatter #EndHate #ABR"", '-']",-,content_B,post
t2567,u3253,2022-02-10 10:47:43+00:00,BlackLivesMatter,C***r,-,"['Correct me if I am right, no footballer has ever had their Adidas contract withdrawn for a racist act or racist comment. No footballer has ever been fined as much as £250k. Cats matter but it would appear cats matter more than black lives. Nauseating hypocrisy.', 'Naivasha 2 days offer from kshs 7500 per person sharing on full baord dinner, lunch and breakfast included +254721438042 #Magicalkenya #TembeaKenya #holidaysKenya #VacationKenya #Staycations Patrice Evra Adidas #blacklivesmatter Kurt Zoum https://***9A', '#blackhistorymonth #blackhistory #blacklivesmatter #blackexcellence #blackgirlmagic #blackpower #melanin #black #blackwomen #blacklove #blackisbeautiful #blackculture #blackpride #love #blm #bhm #blackgirlsrock #blackpeople #blackhistoryfacts #blackandproud #blackmen https://***5T', '-']",tweet_B,-,retweet
t3852,u2674,2022-03-04 23:27:02+00:00,BlackLivesMatter,L***1,"#Politics #Government #Race #BlackLivesMatter —&gt; Yes, Black Voters Feel Let Down by Biden https://***SS","['On #GreenAndWoke, #KimberlyEvansRyans talks about the #Health benefits of #Pomegranate, &amp; shares a #recipe 4 #PomegranateSalsa! #Salsa #HealthySnacks #Homemade #Cooking #EZRecipes #EatRealFood #EatGoodFood #EatHealthy #BeHealthy #LiveHealthy #BlackLivesMatter #BlackHealthMatters https://***46', ""Russian tank caught on camera 'firing indiscriminately at Ukrainian person filming in building' https://***d5 #HolocaustMemorialDay #MLK #GrenfellTower #BlackLivesMatter #BidenHarris #oprahmeghanharry #ReparationsNow"", '#Politics #Government #Race #BlackLivesMatter —&gt; Yes, Black Voters Feel Let Down by Biden https://***SS', '-']",-,content_C,post
t1562,u0367,2020-12-15 04:09:41+00:00,BlackLivesMatter,A***z,@r***e @G***i Silent like the democrats and Biden on denouncing Black Lives Matter and ANTIFA protests that Cost upwards of $2billion. Burning and defacing cities all over the country including many innocent small businesses and churches as well. Those things go both ways bro...,"['Simpler times, is not the “Normal” I want to Build Back Better for, @J***n. It’s December 14th, congrats 🎊 you are the 🇺🇸 President now. A friendly reminder #BlackLivesMatter https://***V6 https://***Hm', '@r***e @G***i Silent like the democrats and Biden on denouncing Black Lives Matter and ANTIFA protests that Cost upwards of $2billion. Burning and defacing cities all over the country including many innocent small businesses and churches as well. Those things go both ways bro...', 'The pastor of Asbury United Methodist Church in DC responds to the burning of the church’s Black Lives Matter sign last night by people who appeared to be affiliated with Proud Boys. “For me it was reminiscent of cross burnings.” https://***TJ', '-']",tweet_C,content_B,reply
t3621,u2507,2022-02-28 16:10:56+00:00,BlackLivesMatter,g***z,@Q***e watch out #BlackLivesMatter #Ukraine may be joining #EuropeanUnion how do U feel? doing business studying next to #Right-wing neo-#Nazi anti-#Semitism anti-Jews anti-slavs #Ukranians anti #BlackLivesMatter https://***BV Welcome #NaziUkraine to #EuropeanUnion https://***3a,"[""@v***n So for #AfricansinUkraine that need #security and #shelter how to assist them with #Swift / finance? There's no safe harbour out of #Ukraine for students from Africa? #EUAU #SpacesHost #BlackHistoryMonth #BlackLivesMatter https://***dH"", '@Q***e watch out #BlackLivesMatter #Ukraine may be joining #EuropeanUnion how do U feel? doing business studying next to #Right-wing neo-#Nazi anti-#Semitism anti-Jews anti-slavs #Ukranians anti #BlackLivesMatter https://***BV Welcome #NaziUkraine to #EuropeanUnion https://***3a', 'LISTEN AND SHARE!!! Rockford Reading Daily Podcast 017 - Have Black Lives Ever Mattered by Mumia Abu-Jamal #spotify #spotifypodcasts #podcast #BlackLivesMatter #BLM https://***h7', '-']",tweet_A,content_B,reply
t3101,u2115,2022-02-19 09:00:14+00:00,BlackLivesMatter,H***s,What impact are new global social movements having in organizations? Find out in this #HECinTheUK masterclass by #HECprof @S***j. On February 22 at 7 pm (GMT). Register now ➡️ https://***D? #ClimateChange #MeToo #BlackLivesMatter https://***ik,"['What impact are new global social movements having in organizations? Find out in this #HECinTheUK masterclass by #HECprof @S***j. On February 22 at 7 pm (GMT). Register now ➡️ https://***D? #ClimateChange #MeToo #BlackLivesMatter https://***ik', 'A Founder of The Movement on Black Lives Matter COINTEL PRO https://***8F #blacknews #blackpolitics #blackmedia', 'The reason @S***d started the Black history mural project goes back to September 2020, when the city rejected Knight’s plan to paint the words “Black Lives Matter” on a street in downtown Phoenix. https://***yv @h***w', '-']",-,content_A,post
t2406,u1394,2022-02-05 22:48:30+00:00,BlackLivesMatter,v***n,We made it to the downtown police station. #AmirLocke #BlackLivesMatter https://***yn,"['Black Lives Matter drops from ActBlue following&lt;i&gt; Washington Examiner&lt;/i&gt; exposé https://***Xk BLM/DEMOCRAT FRAUD VRA', 'We made it to the downtown police station. #AmirLocke #BlackLivesMatter https://***yn', 'A year ago, volunteers removed Black Lives Matter signs from a fence near the White House where they had garnered national attention as a rallying point for protests. Some of those hundreds of signs have since been collected by the Library &amp; @H***U. https://***GA https://***2O', '-']",-,content_B,post
t3619,u2507,2022-02-28 15:36:28+00:00,BlackLivesMatter,g***z,@N***s #NaziUkraine 🇺🇦 neo-#Nazi #Ukraine #Zelensky 🇺🇦 #Putin #RussianArmy military Operations is #DeNazification 🇺🇦 #BlackLivesMatter #RussiaUkraineConflict #Russia https://***BV https://***wO,"['Can’t stop crying. 😭🥰When We Say Black Lives Matter, read by a first grade class at Crete Academy in Los Angeles California, to celebrate Black History Month. https://***v5', 'Weekend to Naivasha for a vacation works for kshs 7500 for 2 for 2days +254721438042 #Magicalkenya #Tembeakenya Luos #DpRutoInUSA #RacistEU #KBLat100 Ukraine #CarabaoCupFinal #BlackLivesMatter #MainaAndKingangi #Libya Kalonzo #RussianArmy #RussiaUkraineWar #Russian #WRCKe https://***h0', '@N***s #NaziUkraine 🇺🇦 neo-#Nazi #Ukraine #Zelensky 🇺🇦 #Putin #RussianArmy military Operations is #DeNazification 🇺🇦 #BlackLivesMatter #RussiaUkraineConflict #Russia https://***BV https://***wO', '-']",tweet_B,content_C,reply
t2609,u1658,2022-02-10 19:10:57+00:00,BlackLivesMatter,M***l,"WW prioritizes health &amp; wellness for all people. @w***s's report on Black Women &amp; Wellness showcases what WW &amp; other changemakers are doing to create safe spaces, better access to healthcare, &amp; healthy recipes honoring Black culture. #BlackLivesMatter https://***s2 https://***2h","['#BlackLivesMatter', ""@m***3 @b***l We can't take that shit anymore...racists insults blacks everyday in Europe and Twitter apologies closes those chapters. What was the penalty for this? Withdrawal of sponsorship or what? #BoycottAdidas #BlackLivesMatter https://***V9"", ""WW prioritizes health &amp; wellness for all people. @w***s's report on Black Women &amp; Wellness showcases what WW &amp; other changemakers are doing to create safe spaces, better access to healthcare, &amp; healthy recipes honoring Black culture. #BlackLivesMatter https://***s2 https://***2h"", '-']",-,content_C,post
t0422,u0517,2020-05-31 12:02:03+00:00,BlackLivesMatter,m***n,"This is not right. Proportional force seems to be ignored when it comes to colour in the USA. #blacklivesmatter retweet, read all you can, show solidarity. #Understandingbringspeace. Government policy must change with zero tolerance for this unwarranted police brutality. https://***cE","['Dear Black Scientists, In case you haven’t heard it from your university president yet, You are seen. You are loved. You are valued. Pass it on. 🖤 #BlackLivesMatter #BlackandSTEM #BlackAFinSTEM @B***s', 'Cartoon for @T***r #BlackLivesMatter #coronavirus #covid19 #TrumpMeltdown #TrumpGolfsYouDie #ExecutiveOrder https://***m0', 'This is not right. Proportional force seems to be ignored when it comes to colour in the USA. #blacklivesmatter retweet, read all you can, show solidarity. #Understandingbringspeace. Government policy must change with zero tolerance for this unwarranted police brutality. https://***cE', '-']",-,content_C,post
t3567,u0730,2022-02-27 13:47:03+00:00,BlackLivesMatter,M***O,"9. FIGHT A JUST WAR @U***C @U***s @U***U @N***O @U***N &amp; OBLIGATED SCOTUS CONGRESS #WH @P***C AGENCIES, STATES &amp; @W***O TREATY SIGNER! MY IP📜 IS IN NATO!🧐 #BLACKHISTORYMONTH#ALMBLMAW⚔️ END #BLACKLIVESMATTER©®™ COPYRIGHT PIRACY RACKETS In SPACE~ON LANDS &amp; SEAS!🛡️ https://***aU","['Wed Sep 23 2020 Portland, Oregon - Police deploy tear gas, stun grenades and impact munitions to quell protesters WATCH: https://***JI #PortlandOregon #PPD #blacklivesmatter #blm #defundthepolice #abolishthepolice', ""EVEN A WAR, BLACK LIVES DON'T MATTER IN THE UKRAINE? (RACISM) #BlackLivesMatter #UkraineRussiaWar #ukraine #RussianArmy #BLM https://***3a via @i***x"", '9. FIGHT A JUST WAR @U***C @U***s @U***U @N***O @U***N &amp; OBLIGATED SCOTUS CONGRESS #WH @P***C AGENCIES, STATES &amp; @W***O TREATY SIGNER! MY IP📜 IS IN NATO!🧐 #BLACKHISTORYMONTH#ALMBLMAW⚔️ END #BLACKLIVESMATTER©®TM COPYRIGHT PIRACY RACKETS In SPACE~ON LANDS &amp; SEAS!🛡️ https://***aU', '-']",tweet_A,content_C,reply
t0398,u2069,2020-05-29 00:48:38+00:00,BlackLivesMatter,H***s,The Harvard Dems are appalled by recent and ongoing instances of racism. Read our statement and engage with our recommended list of action items at this link: https://***d5 #BlackLivesMatter #JusticeForGeorgeFloyd #JusticeforAhmaudArbery #MinnesotaFreedomFund,"['I might not have the biggest platform but I was inspired by my friends helping so if I can do that for someone else then I’ve accomplished my goal. Donate if you can, sign petitions, and just spread the word. https://***Gi #BlackLivesMatter #GeorgeFloyd https://***5h', 'The Harvard Dems are appalled by recent and ongoing instances of racism. Read our statement and engage with our recommended list of action items at this link: https://***d5 #BlackLivesMatter #JusticeForGeorgeFloyd #JusticeforAhmaudArbery #MinnesotaFreedomFund', 'I can already here the backlash, so let me remind you of this: property is not worth more than the life of a human being. #GeorgeFloyd #blacklivesmatter', '-']",-,content_B,post
t1910,u2313,2021-11-04 00:50:18+00:00,BlackLivesMatter,s***s,"In a school named after Robert E. Lee, in a majority Black school, Amy Donofrio was fired for displaying a Black Lives Matter flag in her classroom. Just think about the message in that--Robert E. Lee is fine, but asserting the value of lives he fought to enslave, not ok.","['In a school named after Robert E. Lee, in a majority Black school, Amy Donofrio was fired for displaying a Black Lives Matter flag in her classroom. Just think about the message in that--Robert E. Lee is fine, but asserting the value of lives he fought to enslave, not ok.', '✅ HUGE WIN: Cleveland votes overwhelmingly for police oversight #Issue24 #BlackLivesMatter https://***pF', 'Day 2 is here 🙌 Here are some of our top trending speakers: ✅Chris Cox, CPO of Meta (Facebook) ✅Ayọ (fka Opal) Tometi, co-founder of Black Lives Matter ✅Jane Wakely, CMO of Mars, Incorporated ✅Siyabulela Mandela, director for Africa at Journalists for Human Rights https://***Ye', '-']",-,content_A,post
t0655,u2690,2020-07-04 01:17:41+00:00,BlackLivesMatter,R***n,-,"['On this Independence Day, may we all remember that none of us are truly free until all of us are free. ➡️ theplayersalliance ✊🏾#ThePlayersAlliance #BlackLivesMatter https://***2a', '#ElijahMcClain violin vigil last night. Beautiful and haunting. #pdxprotest #BlackLivesMatter https://***u6', '#DCtogether #blacklivesmatter https://***4Q', '-']",tweet_A,-,retweet
t2716,u2522,2022-02-14 01:37:16+00:00,BlackLivesMatter,f***d,"Kendrick Lamar sang the Black Lives Matter anthem at the Super Bowl. Sadly, the “owners (so problematic)” don’t get it. On the plantation Black lives only matter when they’re running or catching the ball, not coaching or running the team!","['For in the multitude of dreams and many words there are also divers vanities: but fear thou God. Ecclesiastes 5:7 #HolocaustMemorialDay #MLK #GrenfellTower #BlackLivesMatter #BidenHarris #oprahmeghanharry #ReparationsNow', 'Kendrick Lamar sang the Black Lives Matter anthem at the Super Bowl. Sadly, the “owners (so problematic)” don’t get it. On the plantation Black lives only matter when they’re running or catching the ball, not coaching or running the team!', 'Preterm (premature) birth, which is a live birth before 37 weeks gestation, is one of the most pressing challenges to maternal, infant, and child health in the United States. #blackhistorymonth #blackhistory #blacklivesmatter #blackexcellence #blackpower #melanin #black https://***1t', '-']",-,content_B,post
t1867,u1542,2021-10-05 19:58:16+00:00,BlackLivesMatter,U***g,Ed Mullins the President of @S***D had his house and the #union office raided this morning by the feds. #BackTheBlue #BlackLivesMatter #NYPD #FBI #NYCPBA https://***V7,"['Ed Mullins the President of @S***D had his house and the #union office raided this morning by the feds. #BackTheBlue #BlackLivesMatter #NYPD #FBI #NYCPBA https://***V7', 'Robert Peel opposed the abolition of slavery. #BlackHistoryMonth #BlackLivesMatter #AbolishThePolice', 'Prof. @O***l will be a featured lecturer at the @u***o Humanities Center Black Lives Matter seminar course on October 19th. You can find more details about this amazing course below https://***ia', '-']",-,content_A,post
t1459,u1748,2020-11-23 04:29:54+00:00,BlackLivesMatter,F***d,Tamir Rice would now be 18. This Nov election would have been the first he could have voted in. #BlackLivesMatter ￼ #BlackVotesMatter https://***q1,"['Tamir Rice would now be 18. This Nov election would have been the first he could have voted in. #BlackLivesMatter ￼ #BlackVotesMatter https://***q1', 'Black Lives Matter Shirt! Amazing good quality outstanding for men, women and youth. https://***sf #swaggerlyfe #swaggersouls #swaggershirt #awesomeshirt #swagg #creativebrand #uniquebrand #apparelbrand #blacklivesmatter✊🏽✊🏾✊🏿 https://***Wl', 'Each print helps support the fight for social justice and helps put an end to systemic racism. Follow, share and click the link in the bio to find out more about this project #BlackLivesMatter #Racism #naacp #ColinKaepernick #BLM #justice #BlackGirlMagic #EndRacism https://***dC', '-']",-,content_A,post
t0514,u1176,2020-06-04 08:54:25+00:00,BlackLivesMatter,C***e,-,"['Please sign #BlackLivesMatter https://***RX', '#BlackLivesMatter #TheShowMustBePaused https://***hg https://***tr', 'Let’s hope that we will eradicate racism and discrimination of any kind from the face of Earth so we can unite as one to fight #ClimateChange, the crisis that threatens us all. Let’s stand by our fellow brothers and sisters who suffer injustice and oppression. #BlackLivesMatter', '-']",tweet_A,-,retweet
t2319,u2905,2022-02-01 17:51:10+00:00,BlackLivesMatter,c***l,"Happy Black History Month! Black Lives Matter, and art has a role to play in centering the experiences of Black people. We're celebrating the month with collections devoted to reggae films, Melvin Van Peebles, Harry Belafonte, and Stanley Nelson! https://***pQ https://***0V","['Read why ethicists are describing Black Lives Matter\'s national foundation as ""a giant ghost ship full of treasure drifting in the night with no captain, no discernible crew, and no clear direction."" https://***Hy', 'San Francisco’s surveillance protections were put in place to end decades of discrimination and abuse by the SFPD. In the three years since the law was passed, the police have defied it, and were even caught illegally spying on the Black Lives Matter movement.', ""Happy Black History Month! Black Lives Matter, and art has a role to play in centering the experiences of Black people. We're celebrating the month with collections devoted to reggae films, Melvin Van Peebles, Harry Belafonte, and Stanley Nelson! https://***pQ https://***0V"", '-']",-,content_C,post
t1716,u0126,2021-04-20 21:23:29+00:00,BlackLivesMatter,D***y,"We’re still asking to defund the police and abolish the prison industrial complex. The criminal legal system worked for justice today, but its agents and monuments of terror and injustice cannot stand. #BlackLivesMatter #AbolishThePolice #DerekChauvinTrial #DefundThePolice","['#BlackLivesMatter because black lives (in UK, Europe, middle east, Jamaica, the world, not only African Americans in US) are at most risk f danger than any other minority.', 'We’re still asking to defund the police and abolish the prison industrial complex. The criminal legal system worked for justice today, but its agents and monuments of terror and injustice cannot stand. #BlackLivesMatter #AbolishThePolice #DerekChauvinTrial #DefundThePolice', ""@e***e I wore a giant Black Lives Matter patch on my bag when I went to meet with a major (and likely conservative) client several years back. I considered removing it and then decided if I got fired for it, I didn't want to work at that company anyway. Granted, I had a safety net."", '-']",-,content_B,post
t3724,u1798,2022-03-02 19:03:44+00:00,BlackLivesMatter,A***n,"What effect did Black Lives Matter have on the 2020 presidential election? The net effect was to push more voters toward Biden, finds new study by Diana Mutz in @S***s @p***m @P***n @P***n #BLM https://***Vr https://***WU","['Black Lives Matter Co-Founder Proudly Confirms: “We Are Trained Marxists” https://***b8', 'What effect did Black Lives Matter have on the 2020 presidential election? The net effect was to push more voters toward Biden, finds new study by Diana Mutz in @S***s @p***m @P***n @P***n #BLM https://***Vr https://***WU', '⚡️#BreakingNews @B***a @M***a @V***P @M***b @C***d @O***C @O***D @_***C @N***r @T***s @O***d @U***M @B***6 #BlackLivesMatter #AFRICA🌍 #AfricansInUkraine🌍 https://***b0', '-']",-,content_B,post
t0608,u2767,2020-06-15 01:07:45+00:00,BlackLivesMatter,R***1,-,"['https://***fe #BlackLivesMatterUK #BlackLivesMatter', 'We will be OVERJOYED to retire this reflection for understanding US structural racism,LGBTQ discrimination etc: “Imagine police stop or arrest you.... How afraid are you of being injured, sexually assaulted, cruelly demeaned, killed by the police” #BlackLivesMatter #PRIDE2020', 'The Paris #BlackLivesMatter protest today has to be seen to be believed. https://***er', '-']",tweet_B,-,retweet
t3613,u3247,2022-02-28 14:38:02+00:00,BlackLivesMatter,a***s,-,"['Because of illusions woven by our media apparatus illustrating them as tyrants. It is true that we have witnessed Police violence. It is true that we have witnessed looting and rioting. So, #mentalhealth exists on both sides. #BackTheBlue #BlueLivesMatter', 'Ding* ding! ding ding ding, ding #PennState #BlackLivesMatter #JusticeForAll', '#victimized #victim #abuse #support #psychology #oppression #truth #socialjustice #awareness #abused #stoptheviolence #therapy #stopabuse #reallife #payattention #thetruth #morals #alllivesmatter #stopthehate #equalityforall #humanrights #activism #religion #faith #christian # https://***qu', '-']",tweet_B,-,retweet
t0424,u2971,2020-05-31 13:13:03+00:00,BlackLivesMatter,z***n,"Dear Black Scientists, In case you haven’t heard it from your university president yet, You are seen. You are loved. You are valued. Pass it on. 🖤 #BlackLivesMatter #BlackandSTEM #BlackAFinSTEM @B***s","['This is everywhere in this world #GeorgeFloydMurder #GeorgeFloyd #stopracism #BlackLivesMatter https://***4s', 'Dear Black Scientists, In case you haven’t heard it from your university president yet, You are seen. You are loved. You are valued. Pass it on. 🖤 #BlackLivesMatter #BlackandSTEM #BlackAFinSTEM @B***s', 'Hey Whites: White supremacy isn’t just a klansman in a hood. It’s also someone saying “All Lives Matter” in response to the assertion that Black Lives Matter. Because the thing about the All Lives Matter movement is, there isn’t one. No marches, no protests, no grieving.', '-']",-,content_B,post
t2584,u2174,2022-02-10 14:59:22+00:00,BlackLivesMatter,A***y,-,"['ICYMI: In this special edition Regional Report, hear from business leaders on the findings of the inaugural State of Black Business report and how to make actionable change. #GreaterPHXtogether #BlackHistoryMonth #blacklivesmatter https://***IU', ""Every time #BlackLivesMatter trends, you can almost be sure that something evil has happened Well, today it trended again--and the reason wasn't good either Here's what really happened https://***O5"", 'Do you need a website for your brand? Hire an expert today! https://***Kq #WeLoveYouLucas #tiwasavage #YuzuruHanyu #amirliaquat #SamsungUnpacked #DonnyPangalinan #HijabControversy #HijabBan #HijabRow #JISOO #cryptocurrency #BlackLivesMatter #NintendoDirect', '-']",tweet_A,-,retweet
t1808,u0806,2021-08-10 19:03:32+00:00,BlackLivesMatter,k***y,"This outtake from shooting the costumes has me gassed! But all humor aside, this frock is an important one for my Jesus 3.0 project @h***g. BLM Jesus speaks the names of unarmed black and brown persons killed by police in the US, 2021-2013. #BlackLivesMatter https://***D9","['@M***n @S***a Clips of the woke NBA on your profile... You telling us you support #BlackLivesMatter Marxism??', '@K***X @r***g @P***w We released a large corpus of Black Lives Matter tweets: https://***i2 Which we recently used to evaluate automatic event detection systems: https://***GW', 'This outtake from shooting the costumes has me gassed! But all humor aside, this frock is an important one for my Jesus 3.0 project @h***g. BLM Jesus speaks the names of unarmed black and brown persons killed by police in the US, 2021-2013. #BlackLivesMatter https://***D9', '-']",-,content_C,post
t3446,u2737,2022-02-24 15:04:00+00:00,BlackLivesMatter,L***s,"TONIGHT @ 7PM CT! @D***s joins faith leaders from across the country to discuss her book Faith After Ferguson, revisiting the front lines of the Ferguson Black Lives Matter protests &amp; discussing in the struggle for justice &amp; healing 5 years later. https://***Sr https://***2D","['Black Lives Matter 🖤', 'TONIGHT @ 7PM CT! @D***s joins faith leaders from across the country to discuss her book Faith After Ferguson, revisiting the front lines of the Ferguson Black Lives Matter protests &amp; discussing in the struggle for justice &amp; healing 5 years later. https://***Sr https://***2D', 'The latest The mass incarceration Daily! https://***Mz Thanks to @L***d #blacklivesmatter #cjreform', '-']",-,content_B,post
t3178,u1081,2022-02-20 05:17:16+00:00,BlackLivesMatter,w***n,"In New York Guns and Violent Interrupters Brings President Biden, Governor, and Mayor Together While Erica Ford Continues to Champion the Underserved - https://***u6 #BlackHistoryMonth #BlackLivesMatter #BlackTwitter","['@W***p @T***e @M***D Nobody cheated more than us! 🤣 Me: “Hey Warren, what are you doing here in the D-Line meeting, you’re on offense!?” Sapp: “I’ve come to take your job” Me: “Shiiit, you ain’t taking my job!” * cut to * me watching every game from the sidelines 😂😂😂 #HackAndGash4LIFE💪🏾', 'In New York Guns and Violent Interrupters Brings President Biden, Governor, and Mayor Together While Erica Ford Continues to Champion the Underserved - https://***u6 #BlackHistoryMonth #BlackLivesMatter #BlackTwitter', ""It's out now on Bandcamp! $3.99 for 7 songs. Help a rock band with progressive messages get on Billboard charts #ahimsa #pacifism #progressive #lgbtq #equality #environmentalism #feminism #peaceandlove #vegan #blm #blacklivesmatter #antifa #resist https://***My"", '-']",-,content_B,post
t0606,u0934,2020-06-14 03:48:57+00:00,BlackLivesMatter,c***t,"It’s genuinely heartening to see many (unfortunately not all, but still many) folks begin to “get” that #BlackLivesMatter is more than just “we shouldn’t kill black people”. - Black *livelihoods* matter. - Black “quality of life” matters - Black people’s *experiences* matter","['Road near Parliament blocked as right wing demonstrators hurl insults and bottles at police. #BlackLivesMatter demo cancelled after veterans, football hooligans and others announced they would descend on capital at same time. https://***x3', ""God has determined as he said in Luke 12:2-3, that the secrets will be uncovered, the truth will come forth, and God's thought about every behavior &amp; action will be #vindicated. What's done in the dark will come to light. God has created it to operate so! #blacklivesmatter"", 'It’s genuinely heartening to see many (unfortunately not all, but still many) folks begin to “get” that #BlackLivesMatter is more than just “we shouldn’t kill black people”. - Black *livelihoods* matter. - Black “quality of life” matters - Black people’s *experiences* matter', '-']",-,content_C,post
t1974,u0921,2021-11-27 18:33:16+00:00,BlackLivesMatter,B***r,For 7 years #BlackLivesMatter has been drawing connections between white-supremacist-capitalism &amp; police violence with our #BlackXmas campaign. Read more on why we must #BuildBlack #BuyBlack &amp; #BankBlack in this @t***l piece by @D***l. https://***pU,"['I’m excited about the Arbery Trial verdict to put away those racists. Why am I excited about the the courts doing the minimum? We need to do better. #SayHerName #BlackLivesMatter', 'For 7 years #BlackLivesMatter has been drawing connections between white-supremacist-capitalism &amp; police violence with our #BlackXmas campaign. Read more on why we must #BuildBlack #BuyBlack &amp; #BankBlack in this @t***l piece by @D***l. https://***pU', 'Ben Crump and Al Sharpton almost had a heart attack when he said #AllLivesMatters 😂😂 https://***fy', '-']",-,content_B,post
t2598,u1407,2022-02-10 17:26:26+00:00,BlackLivesMatter,m***y,"We have seen the actions the RCMP, Police and Conservative Premiers have taken against Indigenous people across the country, the actions they took against Black Lives Matter Protests, these are peaceful protests and they used force to remove them. Have you /13","[""If Zouma’s incident shows us anything, it's that society can do more than just post hashtags &amp; take a knee. They just don’t want to do anything that changes the status quo! #BlackLivesMatter"", 'We have seen the actions the RCMP, Police and Conservative Premiers have taken against Indigenous people across the country, the actions they took against Black Lives Matter Protests, these are peaceful protests and they used force to remove them. Have you /13', 'Do you need a website for your brand? Hire an expert today! https://***8Y #WeLoveYouLucas #tiwasavage #YuzuruHanyu #amirliaquat #SamsungUnpacked #DonnyPangalinan #HijabControversy #HijabBan #HijabRow #JISOO #cryptocurrency #BlackLivesMatter #NintendoDirect', '-']",tweet_A,content_B,reply
t3386,u2432,2022-02-23 15:36:06+00:00,BlackLivesMatter,U***n,-,"['And let’s not forget that the justice department tried to shut down the hate crime trial with a plea deal against the wishes of the family. At every level black folk have to fight for the legal recognition that #BlackLivesMatter.', 'THE SPIRIT VS. THE SOULS by Christopher A. Mcauley examines the works of Max Weber and W. E. B. Du Bois and their shared ideas on topics such as race, capitalism, and socialism. https://***e5 #blackhistorymonth #blacklivesmatter #sociology https://***0w', ""If you want to get woke instead of just using a Black Lives Matter hashtag, listen &amp; learn what it's like to be black in America. Learn the root causes of systemic racism &amp; police brutality. These podcasts are very informative. I've learned a lot. https://***uZ 20 https://***CV"", '-']",tweet_B,-,retweet
t1715,u1066,2021-04-20 21:12:08+00:00,BlackLivesMatter,e***j,"Black lives matter. Before, now, always. Thankful for justice today. #JusticeForGeorgeFloyd #BLM","['While the world watched the Black Lives Matter movement grow and grow, a jury in Minneapolis proved that this Black Life definitely mattered. #GeorgeFloyd #BLM', 'Black lives matter. Before, now, always. Thankful for justice today. #JusticeForGeorgeFloyd #BLM', 'We have a responsibility to build communities that change institutional racism and disparities. May George Floyd’s legacy be the moment Minnesota came together. Because we all do better when we all do better. #OneDistrict #BlackLivesMatter https://***yl', '-']",-,content_B,post
t3354,u1685,2022-02-22 23:23:23+00:00,BlackLivesMatter,_***n,"A lot of people aren't consistent in their ideology at all. It's all ""Black Lives Matter because the state shouldn't kill people."", but ""Go America, go!"" on foreign policy.","['A lot of people aren\'t consistent in their ideology at all. It\'s all ""Black Lives Matter because the state shouldn\'t kill people."", but ""Go America, go!"" on foreign policy.', 'If you’re seeing this, all I have to say is God is watching you. So stay positive, keep the faith and remain hopeful because he’s about to change your destiny!! #ChangeIsComing 🙌🏾 #BlackLivesMatter #UKSVG #HelpSVG #LaSoufriere #SVGEruption #StVincentAndTheGrenadines 🇻🇨💙💛💚', 'Whhaat 😲😲😲😲 #MCITOT #hbrfanzone #BlackLivesMatter #WeStandWithLewisHamilton #westhamunited https://***gs', '-']",-,content_A,post
t0688,u0470,2020-07-22 22:43:04+00:00,BlackLivesMatter,F***y,Monday we raised our voices for racial justice and economic fairness on our campuses. But the struggle continues today and for as long as it takes to make sure no one on our campuses is left behind because of their race or class. #BlackLivesMatter #UnionsForAll https://***bq,"['Basically, Bill Nye used science to say #BlackLivesMatter https://***S9', 'Monday we raised our voices for racial justice and economic fairness on our campuses. But the struggle continues today and for as long as it takes to make sure no one on our campuses is left behind because of their race or class. #BlackLivesMatter #UnionsForAll https://***bq', 'Black Lives Matter - https://***pC via @1***e', '-']",tweet_B,content_B,reply
t2401,u2890,2022-02-05 19:09:00+00:00,BlackLivesMatter,P***y,#TrayvonMartin was killed in 2012. Today would have been his 27th birthday. We are still fighting for justice in his name. #TalkAboutTrayvon #BlackLivesMatter,"['""We have uncles who bring up the progressive benefits of Black Lives Matter in the same breath as the conservative talking points about Black-on-Black crime."" YEP, fascinating read @D***r: A Leader Who Defies Easy Political Labeling. Finally. https://***P7', '#TrayvonMartin was killed in 2012. Today would have been his 27th birthday. We are still fighting for justice in his name. #TalkAboutTrayvon #BlackLivesMatter', 'Black lives matter. Black history matters. Black dreams and voices matter. Here at the IGDA Foundation, we strive to honor Black history and Black excellence all year round. #BHM https://***4R', '-']",-,content_B,post
t2989,u1996,2022-02-17 16:30:20+00:00,BlackLivesMatter,d***n,"#QuintezBrown, a #BlackLivesMatter activist, tried to assassinate a Jewish mayoral candidate this week, and barely a whisper from the #MSM. If this had been a white supremacist, it would be on everywhere.","['#QuintezBrown, a #BlackLivesMatter activist, tried to assassinate a Jewish mayoral candidate this week, and barely a whisper from the #MSM. If this had been a white supremacist, it would be on everywhere.', ""BLM-Backed Fund Plans To Bail Out Mayoral Candidate's Would-Be Assassin With $100K Cash - The Police Tribune https://***He Follow @b***r #BlueLivesMatter #BackTheBlue #lawenforcement #PoliceTribune"", ""You can't say you support Black Lives Matter if you don't support Black Queer Lives. #BlackHistoryMonth"", '-']",-,content_A,post
t3678,u0621,2022-03-02 02:13:11+00:00,BlackLivesMatter,b***k,-,"[""At this point, the EU is (admirably) saying the quiet part out loud: We can't prioritize trade with #Russia over everything else. The Kremlin has truly obliterated its relations with Europe. https://***bu"", 'France was almost conquered by Islam, by Africa, by the Orient; by the Caliphate. History was whitewashed. Those who ""wrote it"" know : ""Battle of Tours - Wikipedia."" #cdnpoli #BlackHistoryMonth #BlackLivesMatter #BlackTechTwitter #AfricansinUkraine https://***vH', '@m***n #NaziUkraine 🇺🇦 neo-#Nazi #Ukraine #Zelensky #Putin #RussianArmy military Operations is #DeNazification 🇺🇦 #BlackLivesMatter #RussiaUkraineConflict #Russia https://***BV https://***Os', '-']",tweet_B,-,retweet
t2402,u3015,2022-02-05 20:00:18+00:00,BlackLivesMatter,T***s,"🚨 ""The official Black Lives Matter (BLM) organization suspended online fundraising on Wednesday after being warned by the California Attorney General that it faced revocation of its charitable status after failing to file required annual reports."" https://***Kl","['@i***e showing us all that being true to yourself is all that matters. Be mindful of the money you generate and where it is spent. Also what happened to #BlackPoundDay.....did we forget already that #BlackLivesMatter https://***iI', '🚨 ""The official Black Lives Matter (BLM) organization suspended online fundraising on Wednesday after being warned by the California Attorney General that it faced revocation of its charitable status after failing to file required annual reports."" https://***Kl', 'Black Lives Matter shuts down fundraising days after liberal states threatened legal action https://***yV', '-']",-,content_B,post
t3229,u1038,2022-02-21 00:26:16+00:00,BlackLivesMatter,J***6,-,"['⚡️#BreakingNews @B***a @M***a @V***P @O***h @R***y @O***C @O***D @_***C @O***d @U***M @B***6 🏀⛹🏾♂️🌍🎉✨👸🏾🤴🏾✨🎊 #BlackLivesMatter #CLE🌇 #ThisIsCLE🏙 #NBAALLSTAR #Weekend 2022, #Cleveland🌃 #NBA2K22 #NBA75 #NBATwitter #LetEmKnow #BLKBizEXPO https://***rB', '@T***t @F***I #WeAreWatching #BlackHistoryMonth #BlackLivesMatter https://***bc', 'https://***Or RT-8 #blackandproud #imblackandimproud #BlackTwitter #racism #blackamericaweb #WhitePrivilege #BlackLivesMatter #DonLemon #WeAreBetterThanThis #leftwing #WeveGotACountryToSave', '-']",tweet_A,-,retweet
t1681,u2009,2021-03-18 14:49:48+00:00,BlackLivesMatter,M***d,"Hosting a Clubhouse discussion tonight on the latest in the #derekchauvintrial I'm on Clubhouse @m***d - if you're on there, please join in! Feel free to ask questions as well! Tonight at 8pm. See u then #derekchauvin #georgefloyd #blm #blacklivesmatter #chauvintrial https://***Cu","[""Hosting a Clubhouse discussion tonight on the latest in the #derekchauvintrial I'm on Clubhouse @m***d - if you're on there, please join in! Feel free to ask questions as well! Tonight at 8pm. See u then #derekchauvin #georgefloyd #blm #blacklivesmatter #chauvintrial https://***Cu"", 'I remember how many of my Asian-American friends spoke out in support of Black Lives Matter and it meant a lot to me. I am appalled by all of the violence targeted at the Asian-American community and we need to do everything we can to stop this from happening in America.', 'Proud to honor @a***a, a transformational voice for equity, justice &amp; empowerment as #WomanoftheYear! As principal of @b***b, co-creator of #BlackLivesMatter Global Network &amp; co-founder of @s***y, she has the vision, heart &amp; fight for this moment/movement! https://***ZW', '-']",-,content_A,post
t2144,u3250,2022-01-14 22:01:37+00:00,BlackLivesMatter,G***d,"Untitled (Muhammad Ali), Miami Beach, Florida, 1970⁠ .⁠ .⁠ .⁠ #blackculture #blacklove #blackisbeautiful #socialjustice #freedom #endinjustice #speakup #speakout #blacklivesmatter #blm https://***37","['@A***1 @J***6 @W***_ @K***l That discussion is due to take place at the same time as the discussions about middle class white kids shooting up schools. So no kids can go to school and feel safe to learn! #BlackLivesMatter', 'Untitled (Muhammad Ali), Miami Beach, Florida, 1970 . . . #blackculture #blacklove #blackisbeautiful #socialjustice #freedom #endinjustice #speakup #speakout #blacklivesmatter #blm https://***37', 'Fina ironía de @d***6 en @e***s hoy: “Difícil olvidar aquella concentración en Bilbao en apoyo del movimiento ‘Black Lives Matter’ junto a una estatua de Sabino Arana”. https://***b8', '-']",-,content_B,post
t3800,u1251,2022-03-03 22:15:01+00:00,BlackLivesMatter,L***y,"Ready for this? The judge said she did ""tremendous damage to Black Lives Matter in Seattle"". Um, hi - what about the city and the police cars? https://***vL","['Ready for this? The judge said she did ""tremendous damage to Black Lives Matter in Seattle"". Um, hi - what about the city and the police cars? https://***vL', ""Oligarchies: Gates, Zuckerberg, and Musk are oligarchs too. Let's see what we can do about it. #capitalism #NoWarButClassWar #BlackLivesMatter #blm #MoneylessSociety https://***X7"", 'Defund the Plainfield Police #BlackLivesMatter #DefundThePolice', '-']",-,content_A,post
t3581,u1551,2022-02-27 22:01:42+00:00,BlackLivesMatter,k***r,Consensus here is that you can wear a Black Lives Matter tshirt to vote but a “Let’s go Brandon” tshirt would be prohibited because it’s electioneering,"['Consensus here is that you can wear a Black Lives Matter tshirt to vote but a “Let’s go Brandon” tshirt would be prohibited because it’s electioneering', '#FridayMorning #fridaynightfunkin #BlackLivesMatter #BlackHistoryMonth #Blackhistorymonth2022 #skillsbuild #skills2030 #weareptech @r***s https://***Oo @R***2 @c***y @B***t @E***Y @E***t #weekendfun https://***d4', 'I am praying for the people of Ukraine. The world will hold Russia and Putin accountable for the human suffering and destruction this unjustified and unprovoked war will bring.', '-']",tweet_A,content_A,reply
t0405,u0069,2020-05-29 22:47:14+00:00,BlackLivesMatter,m***g,"The quote in my banner struck a cord with me since the first time I read it. As scientists, we need to acknowledge our role in shaping societal values and policies. We have an immense amount of privilege and this should not be taken lightly. #BlackLivesMatter #diversityinSTEM","['Support @B***e #BlackLivesMatter https://***Df', 'The quote in my banner struck a cord with me since the first time I read it. As scientists, we need to acknowledge our role in shaping societal values and policies. We have an immense amount of privilege and this should not be taken lightly. #BlackLivesMatter #diversityinSTEM', ""We cannot ask the Black community to stand with us to fight anti-Asian racism if we're not willing to fight for them. Black lives still, and will always matter. #BlackLivesMatter #AAPI2020 #RootedInCommunity #RisingTogether https://***Qw"", '-']",tweet_C,content_B,reply
t1868,u1801,2021-10-05 21:00:30+00:00,BlackLivesMatter,B***k,"In one hour we will be hosting our workshop: Social Justice Activism in the Academy and Beyond in the Age of Black Lives Matter. In this workshop, Dr. Mary Roaf shares her academic activism as a Black Studies professor/scholar within the California State University system. https://***YT","['And Robert Peel opposed the abolition of slavery. #BlackHistoryMonth #BlackLivesMatter #AbolishThePolice', 'In one hour we will be hosting our workshop: Social Justice Activism in the Academy and Beyond in the Age of Black Lives Matter. In this workshop, Dr. Mary Roaf shares her academic activism as a Black Studies professor/scholar within the California State University system. https://***YT', 'What are Peel’s connections to ANTI-slavery? #BlackHistoryMonth #BlackLivesMatter #AbolishThePolice', '-']",-,content_B,post
t1949,u0412,2021-11-20 12:12:40+00:00,BlackLivesMatter,b***y,"I hope young black people shocked by the #RittenhouseTrial take some comfort from this extraordinary address to students. Shameful that the same speech still needs to be made today, and everyday. But it’s the only option. Keep moving. #BlackLivesMatter https://***7Z","['Nurses are alarmed at the message emerging from the acquittal of right-wing vigilante Kyle Rittenhouse for killing two people and wounding another during a #BlackLivesMatter protest last year following the police shooting of #JacobBlake. https://***hs', '8 Years Strong - Black Lives Matter: https://***Ty', 'I hope young black people shocked by the #RittenhouseTrial take some comfort from this extraordinary address to students. Shameful that the same speech still needs to be made today, and everyday. But it’s the only option. Keep moving. #BlackLivesMatter https://***7Z', '-']",-,content_C,post
t2563,u3125,2022-02-10 08:17:14+00:00,BlackLivesMatter,N***C,"Another #BlackHistoryMonth #LockerCode 🔥 Use this #code for one apparel item from TFIOM, Union, Billionaire Boys Club, Marathon Clothing, or Bel-Air Athletics Live for 48 hours #NBA2K22 #LockerCodes #BlackLivesMatter https://***ia","['Another #BlackHistoryMonth #LockerCode 🔥 Use this #code for one apparel item from TFIOM, Union, Billionaire Boys Club, Marathon Clothing, or Bel-Air Athletics Live for 48 hours #NBA2K22 #LockerCodes #BlackLivesMatter https://***ia', '14 more of our neighbors are reported lost to #COVID19. May their memories be a blessing. #NHPolitics https://***Rl', 'Who is deceiving who? 💔#blacklivesmatter https://***Ka', '-']",-,content_A,post
t2146,u3271,2022-01-15 16:00:20+00:00,BlackLivesMatter,l***r,"#Musique #Blacklivesmatter Il y a un an, Michel Zecler était tabassé par des policiers dans son studio du 17e arrondissement parisien. Il livre un témoignage sobre et précieux sur son parcours de banlieusard devenu producteur de rap. https://***r4 https://***5h","['Untitled (Muhammad Ali), Miami Beach, Florida, 1970 . . . #blackculture #blacklove #blackisbeautiful #socialjustice #freedom #endinjustice #speakup #speakout #blacklivesmatter #blm https://***37', '“That is why there is a Black Lives Matter, because they haven’t learned anything,” our Baba @a***g said. “This is too often the pattern and practice of the LAPD, this idea of control and suppress. And that’s how we wind up getting hurt and killed.” https://***12', '#Musique #Blacklivesmatter Il y a un an, Michel Zecler était tabassé par des policiers dans son studio du 17e arrondissement parisien. Il livre un témoignage sobre et précieux sur son parcours de banlieusard devenu producteur de rap. https://***r4 https://***5h', '-']",-,content_C,post
t0588,u1093,2020-06-10 23:25:18+00:00,BlackLivesMatter,f***r,"@s***s @A***G I made the right decision to not renew years ago. Why even bother? Why can't they just say #BlackLivesMatter? Say it loud and say it proud. I am also looking at you, @S***g","[""@s***s @A***G I made the right decision to not renew years ago. Why even bother? Why can't they just say #BlackLivesMatter? Say it loud and say it proud. I am also looking at you, @S***g"", 'And our statement is here: https://***T2 #ICWSM2020 @I***M #BlackLivesMatter https://***jM', 'Anti-racism protesters gather at Black Lives Matter rally in Glasgow Green. https://***WU https://***Jc', '-']",tweet_C,content_A,reply
t0459,u0662,2020-06-01 23:16:33+00:00,BlackLivesMatter,J***e,"When injustice reigns—whether it is unequal access to nature, unfair and inequitable laws, or police brutality—we must all do our part to push for change. #blacklivesmatter https://***HE","['NEW: Our @B***i writes in the @G***e: ""The frustration and outrage manifested in this week’s protests are not merely in solidarity w/ communities in Minneapolis demanding justice for George Floyd... /1 #BlackLivesMatter #JusticeforGeorgeFloyd https://***yK', 'When injustice reigns—whether it is unequal access to nature, unfair and inequitable laws, or police brutality—we must all do our part to push for change. #blacklivesmatter https://***HE', 'Brothers &amp; Sisters: My prayers &amp; thoughts go out to George Floyd, our city, our nation. During these times I invite us to consider how we can be reflectors of light. Please remember that patience + kindness have a compounding karmic consequences for all of us💙 #BlackLivesMatter https://***R6', '-']",-,content_B,post
t3095,u1006,2022-02-19 04:30:01+00:00,BlackLivesMatter,d***w,A grand jury in Texas has indicted 19 Austin police officers on charges of aggravated assault with a deadly weapon for their roles in violently suppressing Black Lives Matter protests in 2020. https://***fP,"['A grand jury in Texas has indicted 19 Austin police officers on charges of aggravated assault with a deadly weapon for their roles in violently suppressing Black Lives Matter protests in 2020. https://***fP', 'Diversity #TrumpCrimeFamilyForPrison #BoycottWalgreens #Hillary #HillaryForPrison2022 #HillaryForTreason #HillaryForPrison #TRUMP2020 #TrumpForPrison #TrumpIsGuilty #BidenIsADisgrace #January6th #CNN #FoxNews #TheFive #OANN #POTUS45 #COVID19 #CovidVaccine #BlackLivesMatter https://***Ic', 'Know your Black History ✊🏾 https://***O1 #BlackHistoryMonth #BlackLivesMatter #BlackTwitter #BlackTechTwitter #BlackOwnedBusiness https://***Gc', '-']",-,content_A,post
t1648,u2735,2021-02-25 16:48:00+00:00,BlackLivesMatter,M***C,Do you believe #EveryoneDeservesAHome? Do you believe #BlackLivesMatter? Communities of color are disparately harmed by the intersection of incarceration and NYC’s housing crisis. Join us on 2/25 to learn more from @F***C: https://***11,"['Do you believe #EveryoneDeservesAHome? Do you believe #BlackLivesMatter? Communities of color are disparately harmed by the intersection of incarceration and NYC’s housing crisis. Join us on 2/25 to learn more from @F***C: https://***11', ""Today's Spotlight: Dr. Mario Penzo https://***zw Dr. Penzo is a Principal Investigator and Chief of the Unit on the Neurobiology of Affective Memory at NIH-NIMH. #BlackHistoryMonth #BlackLivesMatter 1/4 https://***fU"", 'Watch this personal account from @P***i of the difference that a generation can make and reminder that there is much to be done to build a truly inclusive democracy. #StopAAPIHate AND #BlackLivesMatter https://***BL', '-']",-,content_A,post
t2391,u1392,2022-02-04 20:04:13+00:00,BlackLivesMatter,A***s,"Sharing ""Because Black Lives Did Not Matter"" again b/c it's so well done &amp; may help some folks understand. https://***P8 #BlackLivesMatter @n***s","['Sharing ""Because Black Lives Did Not Matter"" again b/c it\'s so well done &amp; may help some folks understand. https://***P8 #BlackLivesMatter @n***s', '#blackhistory #blackexcellence #blacklivesmatter #blackhistorymonth #blackgirlmagic #blacklove #blackpower #blackculture #melanin #blackgirlsrock', 'I don’t know 🤷🏽♀️ about you, but I’m Blackity Black. That’s all ❤️🖤💚 . #blackhistory #blackexcellence #blacklivesmatter #blackhistorymonth #blackgirlmagic #blacklove #blackpower #blackculture #melanin #blackwomen #black #blm #love #blackisbeautiful #mentalhealth https://***lU', '-']",-,content_A,post
t3181,u2091,2022-02-20 06:28:30+00:00,BlackLivesMatter,B***3,@y***p @K***7 @n***x This is awesome 👏🏽 Thank you #TakeAKnee #BlackHistoryMonth #BlackLivesMatter 🙏🏽🇺🇸✊🏽,"['@g***e Once again, anytime there is a hate-mongering, bigotry, or violent crimes, its always #beef-eating, #Catholic-#Fascists like #Giuliani. In Canada, we find more graves. No executive minorities #AbolishVatican NOW #IndiginousLivesMatter #BlackLivesMatter https://***Lm', ""🌹LEEDS RALLY🌹 The next Socialist Campaign Group local rally is in Leeds on Thursday 24th Feb I'll be there along with: ◾@I***P ◾@m***y ◾@I***P And speakers from the UCU, Black Lives Matter and Momentum. Register here: https://***lm https://***3p"", '@y***p @K***7 @n***x This is awesome 👏🏽 Thank you #TakeAKnee #BlackHistoryMonth #BlackLivesMatter 🙏🏽🇺🇸✊🏽', '-']",tweet_A,content_C,reply
t0486,u1676,2020-06-02 20:37:20+00:00,BlackLivesMatter,L***n,-,"['the uk isn’t innocent man. ACAB! #BlackLivesMatter https://***da', '@e***y @r***F @R***s And if u believe firmly on the #BlackLivesMatter movement, please understand #PoliceBrutality and injustice happen everywhere. I invite you to also stand against police brutality in #hongkong', '#blacklivesmatter https://***Ow', '-']",tweet_B,-,retweet
t3752,u3233,2022-03-03 02:32:37+00:00,BlackLivesMatter,K***a,"If you are a Black, you should walk ! what the hell ! #BlackLivesMatter https://***Uh","['Martin, 17, became a symbol of the Black Lives Matter movement in death. In life, he was a teenager who loved music, spent his time talking to girls and had a passion for planes. https://***Un', ""Russian forces claim to 'take control' of first major Ukrainian city https://***GT #HolocaustMemorialDay #MLK #GrenfellTower #BlackLivesMatter #BidenHarris #oprahmeghanharry #ReparationsNow"", 'If you are a Black, you should walk ! what the hell ! #BlackLivesMatter https://***Uh', '-']",-,content_C,post
t2621,u2195,2022-02-11 00:23:18+00:00,BlackLivesMatter,j***e,-,"['@a***l @K***a #BlackLivesMatter https://***Ep', '#TBT🔙📸 Resgate da importância histórica do povo preto no nosso país desgovernado! #RacismoEstrutural👳🏾♀️ #JustiçaPorMoïse⚖️🇧🇷🇨🇩🙋🏿♂️ #JustiçaPorDurval⚖️✊🏿🙋🏿♂️ #BlackLivesMatter✊🏿 #VidasPretasImportam💪🏿🖤 #Bol卐onaroRACISTA🤢 #Bol卐onaroLixoDaHistória📖🗑 https://***YT', 'Examples of microaggressions. #NotAlone #MentalHealthForAll #NAMIJC #NAMI #NAMIWalks #Support #Love #BlackHistoryMonth #BlackHistory #BlackExcellence #BHM #CelebrateBlackLives #BLM #BlackLivesMatter #BlackMentalHealth #Microaggressions #ImplicitBias #Bias #Prejudice #Privilege https://***Ys', '-']",tweet_B,-,retweet
t0539,u2803,2020-06-05 17:35:19+00:00,BlackLivesMatter,E***g,-,"['@b***s @P***b @s***t @g***l @n***o @d***e I pledge to oppose racism and hate through active allyship, continuous learning, and listening. Join me by nominating 5 others to do the same. #BlackLivesMatter 👊🏿👊🏽👊🏻I nominate @H***m @E***j @p***d @R***n @M***s', '""If a Christian wrong a Jew, what should his sufferance be by Christian example? Why, revenge. The villainy you teach me I will execute..."" #BlackLivesMatter https://***59', 'Black lives matter. We stand with those protesting the racist killing of George Floyd. Too many have been killed: Breonna Taylor, Ahmard Arbery, Michael Brown, Tamir Rice, Quanice Hayes, ...', '-']",tweet_A,-,retweet
t3657,u2497,2022-03-01 15:28:54+00:00,BlackLivesMatter,i***K,"Russia-Ukraine conflict live updates: Kharkiv hit by fresh shelling, Russia faces war crimes probe https://***wM #HolocaustMemorialDay #MLK #GrenfellTower #BlackLivesMatter #BidenHarris #oprahmeghanharry #ReparationsNow","['#WeWearBlack #SanFranciscoProud #ToStandAgainstInjustice #AndForPeace #Unity #Equity #Diversity #Inclusion #EspeciallyNow #YForAll #UkraineStrong #BlackLivesMatter #StopAsianHate #TransRightsAreHumanRights #TooMuchToHashtag @y***f @G***A @Y***g https://***WT', 'Even in times of war, racism is evident. Some people more equal than others. #BlackLivesMatter https://***ZV', 'Russia-Ukraine conflict live updates: Kharkiv hit by fresh shelling, Russia faces war crimes probe https://***wM #HolocaustMemorialDay #MLK #GrenfellTower #BlackLivesMatter #BidenHarris #oprahmeghanharry #ReparationsNow', '-']",-,content_C,post
t1746,u1622,2021-05-21 02:32:07+00:00,BlackLivesMatter,p***s,"""I'm your brother! I'm scared!"" - Ronald Greene, apologizing and pleading, as he was murdered by police May 10, 2019 #BlackLivesMatter #RonaldGreene #JusticeForRonaldGreene","['""I\'m your brother! I\'m scared!"" - Ronald Greene, apologizing and pleading, as he was murdered by police May 10, 2019 #BlackLivesMatter #RonaldGreene #JusticeForRonaldGreene', 'To apply for a vendor space at our Black Pride event, please visit https://***5F #transrights #hispanicpride #TransRightsAreHumanRights #blacklivesmatter #BlackQueerLivesMatter https://***jm', 'You learn more from failure than from success #blackinstem #blackhistory #blacklivesmatter #blacklives #blacklove #justice #blackhistory #womenintech #equalithon #webelong #community #women #womeninbusiness #girlpower #feminism #womeninspiringwomen #girlboss #feminist #woman https://***b3', '-']",-,content_A,post
t3170,u2612,2022-02-20 03:12:00+00:00,BlackLivesMatter,B***D,"Its February so you know what that means right? It's Black History Month. Equal Rights are Human Rights! Support LGBTQ+, POC because Black Lives Matter! LOVE is LOVE because LOVE WINS @s***1@B***D https://***9w https://***dX https://***g3 https://***Sz","['@J***u @I***B #ClintonPedoRing #clintonISrape #HitleryForPrison #HitleryClitery #Hitlerybyebye #HeilHitlery #HitleryPedoRing #NoVax #UnVaxxed #AntiVax #NoVaxDjoCovid #UnVaxxed #VaxFraud #VaxOff #imprisonBLMterroristsNOW #BLMracistTHIEVES #BLMisMURDER #BLMsorosFUNDED #AllLivesMatter https://***dQ', '@G***s #BBCWorld RT Teenagers have only been swearing for 30 years? #school #JohnsonOut24 #BlackLivesMatteruk #Teachers #BlackHistoryMonth #msnbc #thereidout #London #JohnsonOut https://***XT', ""Its February so you know what that means right? It's Black History Month. Equal Rights are Human Rights! Support LGBTQ+, POC because Black Lives Matter! LOVE is LOVE because LOVE WINS @s***1@B***D https://***9w https://***dX https://***g3 https://***Sz"", '-']",-,content_C,post
t3888,u1058,2022-03-05 23:42:11+00:00,BlackLivesMatter,M***k,-,"['In a tentative ruling, a Superior Court judge has disagreed with a group of #PaloAlto police officers who claimed a Black Lives Matter mural painted in 2020 constituted discrimination against them. https://***Kl', 'This is what I don’t get. #DefundThePolice and #BlackLivesMatter were not some poll-tested initiatives by a politician or political party. These are feelings and sentiments truly held by people who felt the pain. https://***rO', 'Black Lives Matter Financial Scandal https://***VN https://***KI', '-']",tweet_B,-,retweet
t2957,u3115,2022-02-17 06:07:21+00:00,BlackLivesMatter,A***e,-,"['@m***4 I wrote a piece in @H***t about the #Seattle protests vs killing of #TrayvonMartin. https://***v... #USA #BlackLivesMatter #BLM', 'https://***Y2 RT-8 #blackandproud #imblackandimproud #BlackTwitter #racism #blackamericaweb #WhitePrivilege #BlackLivesMatter #DonLemon #WeAreBetterThanThis #leftwing', 'A Posthumous Evaluation of Dr. W.E.B. Du Bois for Professor at—— | Blog of the APA https://***lX via @A***g', '-']",tweet_A,-,retweet
t2334,u1044,2022-02-02 06:22:29+00:00,BlackLivesMatter,k***n,-,"['""Ten years later, \'Black Lives Matter\' has grown from a hashtag to a protester’s cry to a cultural force that has reshaped American politics, society, and daily life."" @N***g, @M***s, Lindsay Peoples-Wagner https://***Xu #longreads', ""Next thing you know, @A***C will be supporting Black Lives Matter. NOT! Just Meghan McCain by pretending they don't see or hear her comments. This is America!!! #WhoopiGoldberg"", 'Thank you so much for highlighting me! #BlackHistoryMonth #BlackLivesMatter #dreamsbygrady #2022isauspicious @N***S @_***_ https://***VW', '-']",tweet_A,-,retweet
t0416,u0709,2020-05-31 00:37:39+00:00,BlackLivesMatter,l***t,-,"['It’s not black vs white. It’s everyone vs racists. #BlackLivesMatter https://***71', 'Found this website helpful, will be donating to North Star Health Collective #BlackLivesMatter https://***6N', '#BlackLivesMatter https://***wF', '-']",tweet_A,-,retweet
t2712,u0024,2022-02-13 23:06:34+00:00,BlackLivesMatter,R***1,"War is the only thing that the warmongers got. That’s the way it’s always been done, wars, death &amp; destruction. War, however, profit only the 1%. We the People in #Amerikkka still #FightFor15 #OWS #GiletsJaunes #BlackHistoryMonth #BlackLivesMatter https://***MG https://***CR","['War is the only thing that the warmongers got. That’s the way it’s always been done, wars, death &amp; destruction. War, however, profit only the 1%. We the People in #Amerikkka still #FightFor15 #OWS #GiletsJaunes #BlackHistoryMonth #BlackLivesMatter https://***MG https://***CR', 'If the #AmbassadorBridgeBlockade was a protest for Black Lives Matter, you wouldn’t be able to see the bridge through all the teargas.', ""Check out the work of @r***h &amp; make sure you reference her! Anti-Black racism in this country was never 'polite' it just had been well disguised! #BlackLivesMatter https://***qs"", '-']",-,content_A,post
t3713,u1899,2022-03-02 15:18:56+00:00,BlackLivesMatter,d***l,@K***a You’ll have to update From #BlackLivesMatter to Black Liberation!,"['#victimized #victim #abuse #support #psychology #oppression #truth #socialjustice #awareness #abused #stoptheviolence #therapy #stopabuse #reallife #payattention #thetruth #morals #alllivesmatter #stopthehate #equalityforall #humanrights #activism #religion #faith #christian https://***qI', 'How Martin Luther King’s Leadership Was More #Successful Than Black Lives Matter #blacklivesmatter https://***46', '@K***a You’ll have to update From #BlackLivesMatter to Black Liberation!', '-']",tweet_A,content_C,reply
t2800,u0803,2022-02-15 09:12:51+00:00,BlackLivesMatter,w***n,BLACK LIVES MATTER Martin Luther Junior https://***Si,"[""Saw nightmare sized military plane fly low over Mother's house days ago so I complained we've not watched the news this reminds me of a terrible dream I had few weeks ago? #HolocaustMemorialDay #MLK #GrenfellTower #BlackLivesMatter #BidenHarris #oprahmeghanharry #ReparationsNow"", '#BlackHistoryMonth #JusticeForTrayvonMartin #BlackLivesMatter https://***XM', 'BLACK LIVES MATTER Martin Luther Junior https://***Si', '-']",-,content_C,post
t0728,u1328,2020-08-24 13:52:25+00:00,BlackLivesMatter,f***r,"G. Floyd n’était malheureusement pas le dernier noir américain victime de policiers racistes. 7 balles ont été tirées, de dos, à bout portant, sur Jacob Blake qui était désarmé. La condamnation politique doit être sans équivoque et la justice exemplaire ! #BlackLivesMatter","['G. Floyd n’était malheureusement pas le dernier noir américain victime de policiers racistes. 7 balles ont été tirées, de dos, à bout portant, sur Jacob Blake qui était désarmé. La condamnation politique doit être sans équivoque et la justice exemplaire ! #BlackLivesMatter', 'This thread is worth a few minutes of your time #BlackLivesMatter', '#JakeBlake #Kenosha #BlackLivesMatter https://***lO', '-']",-,content_A,post
t3626,u2018,2022-02-28 20:01:19+00:00,BlackLivesMatter,d***e,"🙏🏾💔👑 Our dear Sister Sasha Johnson, a young mother whose life has been irreparably damaged by cowards. Don't let this happen to someone else - the time to speak up is now. #BlackLivesMatter https://***mS","['Most of us heard little about #TrayvonMartin the day he was killed. It took time for local activism to elevate his name, for the sense of injustice to take hold nationally &amp; for #BlackLivesMatter to became a galvanizing call to action. The injustices continue &amp; so must the call. https://***Fn', '“Injustice anywhere is a threat to justice everywhere” Kirunda Ali’s poem #BlackLivesMatter discusses police brutality, #racism, violence and the loss of lives it causes. Read🔗 https://***JE #BlackHistory #BlackHistoryMonth', ""🙏🏾💔👑 Our dear Sister Sasha Johnson, a young mother whose life has been irreparably damaged by cowards. Don't let this happen to someone else - the time to speak up is now. #BlackLivesMatter https://***mS"", '-']",-,content_C,post
t1595,u0564,2021-01-06 19:20:41+00:00,BlackLivesMatter,V***8,Imagine if #BlackLivesMatter were the ones who were storming the Capitol building. Thousands of black people laying siege to the seat of government — in the middle of a joint session of Congress? Just imagine the reaction.,"['Imagine if #BlackLivesMatter were the ones who were storming the Capitol building. Thousands of black people laying siege to the seat of government — in the middle of a joint session of Congress? Just imagine the reaction.', 'This what our nation’s #Capitol looked like during the #blacklivesmatter #protests this summer. Notice any difference? https://***Qr', ""If during the #BlackLivesMatter movements you said #backtheblue or #BlueLivesMatter and now you're calling the Capitol police traitors for not allowing a full on #coup of the government - then you're not a patriotic American. You're just a racist."", '-']",-,content_A,post
t1676,u2095,2021-03-15 09:08:50+00:00,BlackLivesMatter,k***d,"RACISM IS ABOUT POWER 43 states enacting more than 250 policies to make voting harder for people of color. Hear, hear: @S***s warning about 'racist' election laws #BlackTwitter #BlackLivesMatter @f***n @B***r https://***Q5","['Black lives matter. It has to be said because it isn’t implied. #BreonnaTaylor #SayHerName', '”Harvesting and burning forest biomass moves carbon out of forests and into the atmosphere right at the time when it is most important to reduce emissions.” 59 scientists from 17 countries write ”the EU needs to grow forests – not burn them for energy”. https://***xm', ""RACISM IS ABOUT POWER 43 states enacting more than 250 policies to make voting harder for people of color. Hear, hear: @S***s warning about 'racist' election laws #BlackTwitter #BlackLivesMatter @f***n @B***r https://***Q5"", '-']",-,content_C,post
t3425,u0084,2022-02-24 02:08:03+00:00,BlackLivesMatter,f***a,“Our lives begin to end the day we become silent about things that matter.” ― Martin Luther King Jr. #BlackLivesMatter #BlackHistoryMonth #KeepEyesOnSudan 🇸🇩 #SudanCoup ✊🏽,"['Thanks @K***s for keeping me focused on what is possible. #BetoForTexas #TexasChainsawMassacre2022 #texasfreeze #texas #BetoForGovernor #VoteBlueNoMatterWho #BLUEWAVE2022 #VoteBlue2022 #Voterizer #blacklivesmatter #stopasianhate #CivilRights #bipoc #hawaii #vote #Jan6 https://***LY', 'Guilty on all counts. Black lives matter. RIP George Floyd.', '“Our lives begin to end the day we become silent about things that matter.” ― Martin Luther King Jr. #BlackLivesMatter #BlackHistoryMonth #KeepEyesOnSudan 🇸🇩 #SudanCoup ✊🏽', '-']",-,content_C,post
t3712,u0073,2022-03-02 15:07:49+00:00,BlackLivesMatter,s***r,Did that broke your daydream? #BlackLivesMatter is something #WhiteFolksDontCare .. Be it Biden or Trump or (Half-White) Obama https://***19,"['@B***k #Republicans #Democrats #Independent #WhiteHouse @P***S #Anonymous @S***S @N***p @E***s #Everyonethatbannedus #Everyone #BLM #Antifa #AllLivesMatter #LGBTQ #Ukraine #information #New #humanity https://***sH', 'Most South Africans believe that life was better under apartheid. Source: https://***tF Life expectancy in South Africa has decreased since apartheid ended. Source: https://***tF #SouthAfrica #BlackHistory @P***s #BlackLivesMatter #BlackHistoryMonth', 'Did that broke your daydream? #BlackLivesMatter is something #WhiteFolksDontCare .. Be it Biden or Trump or (Half-White) Obama https://***19', '-']",-,content_C,post
t2839,u1337,2022-02-15 17:21:35+00:00,BlackLivesMatter,C***c,#NEW The #SpellingBee can be #Problematic. https://***4q #HUMOR #COMICS #FUNNY 🖕🏾 #donaldjtrump #Tinder &amp; ALL #antivaxxers &amp; #antimaskers! 👍🏾 #BenAndJerrys #1883 #GetVaccinated #WearAMask #BlackLivesMatter #CartoonistsWhoResist,"['!!️CALL TO ACTION!!️ Send an email right now to the LA police commission demanding an end to racist pretextual stops. Pretextual stops have resulted in the continued oppression and murder of Black and Brown people. Use the online toolkit✊🏾 #BlackLivesMatter https://***gl', '#NEW The #SpellingBee can be #Problematic. https://***4q #HUMOR #COMICS #FUNNY 🖕🏾 #donaldjtrump #Tinder &amp; ALL #antivaxxers &amp; #antimaskers! 👍🏾 #BenAndJerrys #1883 #GetVaccinated #WearAMask #BlackLivesMatter #CartoonistsWhoResist', 'https://***fs RT-8 #blackandproud #imblackandimproud #BlackTwitter #racism #blackamericaweb #WhitePrivilege #BlackLivesMatter #DonLemon #WeAreBetterThanThis #leftwing', '-']",-,content_B,post
t2931,u1079,2022-02-16 23:21:14+00:00,BlackLivesMatter,A***t,"Texts show Ahmaud Arbery murderers repeatedly using #racial slurs, FBI analyst tells court • Travis McMichael described violence against Black people and made frequent racist comments, FBI analyst testified #Racism #BlackLivesMatter https://***Sb","['I mean how many more times do we have to see this bullshit before the nations understand what is going on - I’m so tired of this 😡 great work @A***p #BlackLivesMatter wake up ffs #justiceforPamelaTurner SAY HER NAME - Sign the Petition #PoliceBrutality must end 🔥 https://***VG https://***9P', 'Texts show Ahmaud Arbery murderers repeatedly using #racial slurs, FBI analyst tells court • Travis McMichael described violence against Black people and made frequent racist comments, FBI analyst testified #Racism #BlackLivesMatter https://***Sb', '2 days to #PubDate for The (Un)lawful Killing of Daniel Brown! Preorder @ https://***YS #YA #YAUK #BlackLivesMatter #BlackLivesMatterUK #BLM #BLMUK #CrossoverBooks #IndieBookSellers #RadicalBook #RadicalBookShop #RadicalWriters #LeftistBooks #LeftistBookClub https://***TZ', '-']",-,content_B,post
t0572,u2651,2020-06-09 05:31:19+00:00,BlackLivesMatter,_***_,"You will find a lot of relevant and must see content on #Netflix when you search ""black lives matter"", including Ava DuVernay's outstanding documentaries - 13th and When They See Us. (1/2) https://***FK","['Composure, passion, intelligence and determination from @J***i of @L***M on being one of the few black fund managers in the UK. Listen to his powerful interview with @j***0 https://***6U #BlackLivesMatter #IAMwithyou @t***k', 'You will find a lot of relevant and must see content on #Netflix when you search ""black lives matter"", including Ava DuVernay\'s outstanding documentaries - 13th and When They See Us. (1/2) https://***FK', '#BlackLivesMatter https://***Te', '-']",-,content_B,post
t0726,u0167,2020-08-22 20:39:14+00:00,BlackLivesMatter,J***h,"Please pay attention to Portland right now. Proud boys and other far-right people are macing, swinging pipes, shooting paint balls, and generally attacking Black Lives Matter protesters. And police, who declare a riot when BLM protests every night, are letting it happen. https://***3x","['@r***s was many things, but above all, he was a great spirit. He fought for change, but more than that, he helped other humans to be better. He achieved so much, but we must keep those fights going and keep getting into #GoodTrouble. #BlackLivesMatter #RestInPower', '@K***s stands up for the people of Atlanta everyday. She knows that every voice counts. She knows that #BlackLivesMatter . The United States needs more leaders like her. https://***bv', 'Please pay attention to Portland right now. Proud boys and other far-right people are macing, swinging pipes, shooting paint balls, and generally attacking Black Lives Matter protesters. And police, who declare a riot when BLM protests every night, are letting it happen. https://***3x', '-']",-,content_C,post
t2411,u2304,2022-02-06 04:42:49+00:00,BlackLivesMatter,L***s,@J***c @d***w Well #blm #BlackTwitter #BlackLivesMatter #BlackHistoryMonth people might know how he apparently “uses the N word”,"['The hardest part of this battle is that it is unseen. It is real but invisible. Ask those dying or suffering. Sad situation. #SaturdayThoughts #SaturdayMotivation #WritingCommunity #BlackLivesMatter #amwriting #amwritingfiction #KindnessMatters #StrongerTogether #Resist https://***84', '@J***c @d***w Well #blm #BlackTwitter #BlackLivesMatter #BlackHistoryMonth people might know how he apparently “uses the N word”', ""Despite the fact that mass shootings are OVERWHELMINGLY done by WHITE MEN. I've said it once, I'll say it again... your racism is showing #BlackLivesMatter #AmirLocke"", '-']",tweet_B,content_B,reply
t3855,u3056,2022-03-05 00:23:50+00:00,BlackLivesMatter,N***s,"WATCH: @L***C presses former Attorney General Barr on his views on the Black Lives Matter movement, what Barr calls the ""big lie"" and Barr’s belief that systemic racism is ""a cop out."" More of the exclusive interview: https://***Tj https://***op","['The deaths of #MikeBrown &amp; #EricGarner (along with the Ferguson uprising &amp; the start of the #BlackLivesMatter movement) happened under Barack Obama, who signed a Blue Lives Matter bill before he left office. Obama also let cops brutalize Indigenous folks at #StandingRock. https://***Zr', '@I***y Shocking!#AllLivesMatter', 'WATCH: @L***C presses former Attorney General Barr on his views on the Black Lives Matter movement, what Barr calls the ""big lie"" and Barr’s belief that systemic racism is ""a cop out."" More of the exclusive interview: https://***Tj https://***op', '-']",-,content_C,post
t0574,u0115,2020-06-09 12:48:09+00:00,BlackLivesMatter,H***b,"""If scientists don’t explicitly say #BlackLivesMatter, if they don’t speak up on #justice and #socialissues, they risk overlooking solutions, discarding talent, and perpetuating toxic power dynamics."" https://***I8","['Ugh. Why? During PRIDE month? IF trans people are discriminated against???? White feminists need to take a moment, stop tweeting, and listen. Injustice anywhere is a threat to justice everywhere—MLK #TonyMcDade #AllBlackLivesMatter #BlackLivesMatter https://***zZ', '@M***B time to change master slave replica set naming? #BlackLivesMatter #BlackTech', '""If scientists don’t explicitly say #BlackLivesMatter, if they don’t speak up on #justice and #socialissues, they risk overlooking solutions, discarding talent, and perpetuating toxic power dynamics."" https://***I8', '-']",-,content_C,post
t3067,u0272,2022-02-18 18:07:03+00:00,BlackLivesMatter,s***t,Justice for #DuanteWright and his family was denied due to #whitewomanstears and a justice system that continues to prove that #BlackLives don't matter. #BlackLivesMatter,"[""Justice for #DuanteWright and his family was denied due to #whitewomanstears and a justice system that continues to prove that #BlackLives don't matter. #BlackLivesMatter"", '@R***e #BlackLivesMatter and #GeorgeSoros\'s #JackBootedThugs (aka The #DemocRAT Supported #AntifaDomesticTerrorists) Have Plenty of Willing Members To Complete This #BOTCHED ""ELECTION"" FAILURE...', 'I’m proud of New Jersey organizations like Black Lives Matter Paterson, who have founded the Silk City Community Fridge to feed their community and fight against food insecurity. #BlackHistoryMonth https://***nE', '-']",-,content_A,post
t3703,u2497,2022-03-02 13:22:36+00:00,BlackLivesMatter,i***K,Race to flee Kyiv amid fears of Russian carpet bombing https://***Uf #HolocaustMemorialDay #MLK #GrenfellTower #BlackLivesMatter #BidenHarris #oprahmeghanharry #ReparationsNow,"[""@Z***a @P***S #WeSupportUkraine but ask your officials on the border not to be #racist. Don't discriminate against #Asians #Blacks #AllLivesMatter"", 'Race to flee Kyiv amid fears of Russian carpet bombing https://***Uf #HolocaustMemorialDay #MLK #GrenfellTower #BlackLivesMatter #BidenHarris #oprahmeghanharry #ReparationsNow', 'The Biden-Harris administration has created 6.6 million jobs and lowered unemployment to 4%. This morning I am in Durham, North Carolina with @S***h to talk about our work on strengthening our nation’s unions and apprenticeship programs. https://***Jp', '-']",-,content_B,post
t2250,u0442,2022-01-26 12:57:27+00:00,BlackLivesMatter,n***d,What on Earth does #BlackLivesMatter have to do with British Anti-Slavery??? Tune in tonight… #KillTheBill @u***m @S***t @B***h @l***q @k***1 @W***K @N***s @M***h @b***h @L***h @B***h @N***h #PolicingBill https://***zW,"['What on Earth does #BlackLivesMatter have to do with British Anti-Slavery??? Tune in tonight... #KillTheBill @u***m @S***t @B***h @l***q @k***1 @W***K @N***s @M***h @b***h @L***h @B***h @N***h #PolicingBill https://***zW', ""This isnt racist because its ok to hit black people if they're not wearing masks and you yell Black Lives Matter 🥴🥴🥴 https://***zJ"", '#CentralSq #BlackLivesMatter https://***ip', '-']",-,content_A,post
t3783,u1175,2022-03-03 16:55:03+00:00,BlackLivesMatter,P***E,"Caught on video, Rodney King gets tasered &amp; beaten by LA Police #otd 1991 w/ 4 police officers later being acquitted &amp; setting off riots in L.A. Explore a #Free article examining policing &amp; civil disorder w/ @R***n #BLM - #BlackLivesMatter -&gt; https://***hL https://***os","['ببخشید استاد، تو آمریکا هم پلیس یه سیاهپوستو تو خیابون خفه کرد بعدشم جنبش Black lives matters داشتن. اونا هم uncivilized محسوب میشن یا فقط ماایم که هر اتفاقی تو کشورمون بیافته uncivilized محسوب میشیم؟! https://***uB', 'These stunning artworks capture the resilience and defiance of #BlackLivesMatter. “Reckoning: Protest. Defiance. Resilience."" looks at how visual art has long provided its own protest, commentary, escape &amp; perspective for African Americans: https://***P. @N***C', 'Caught on video, Rodney King gets tasered &amp; beaten by LA Police #otd 1991 w/ 4 police officers later being acquitted &amp; setting off riots in L.A. Explore a #Free article examining policing &amp; civil disorder w/ @R***n #BLM - #BlackLivesMatter -&gt; https://***hL https://***os', '-']",-,content_C,post
t0510,u0043,2020-06-04 03:32:47+00:00,BlackLivesMatter,C***l,-,"['Miren el maltrato de los negros en México y como trataron al frances que quiso ayudar. En todas partes hemos sido víctimas del maltrato, del racismo y lo peor en manos de los que deberían protegernos ""la policia"". #BlackLivesMatter #blaklivesmatter #mexicoracista #igualdad https://***Na', '10k strong at Mission High / Dolores Park, organized by Gen Z 🖤 #blacklivesmatter #sfprotest https://***xU', 'I wish #Blacklivesmatter would’ve started out with the slogan “#AllLivesMatter just to see the slogan the collective white fragility would’ve come up to counter it.', '-']",tweet_C,-,retweet
t3796,u1111,2022-03-03 21:06:02+00:00,BlackLivesMatter,l***1,Infuriating and heartbreaking. It's hard not to lose hope in a world where injustices and tragedies such as this one continue to happen. #BlackLivesMatter #BreonnaTaylor #SayHerName https://***iI,"['Absolutely shocking. Nauseating take after nauseating take #BlackLivesMatter https://***VW', '“But, you know, a lot of people have been dying in Yemen,” he said. “Very little of that makes the news. Now it is Europe, and Europeans who are fleeing...I hear people say, ‘All lives matter’ but no, they don’t all matter the same. Black lives matter less” https://***Za', ""Infuriating and heartbreaking. It's hard not to lose hope in a world where injustices and tragedies such as this one continue to happen. #BlackLivesMatter #BreonnaTaylor #SayHerName https://***iI"", '-']",-,content_C,post
t2325,u2642,2022-02-01 23:35:43+00:00,BlackLivesMatter,C***o,First day of #BlackHistoryMonth Think of this as we look at the Confederate flags in Ottawa #BlackLivesMatter https://***hy,"['@F***s It’s how I feel about Black Lives Matter. It gives credence to the idea that you have a choice.', 'First day of #BlackHistoryMonth Think of this as we look at the Confederate flags in Ottawa #BlackLivesMatter https://***hy', 'All Lives Can’t Matter, Until Black Lives Matter ✊🏾 #BLM https://***i7', '-']",-,content_B,post
t3355,u1476,2022-02-22 23:26:06+00:00,BlackLivesMatter,d***t,"""Can't Black Lives Matter Too???"" | Original Poems &amp; Creative Writing - by American Prisoner-Artist Donald ""C-Note"" Hooker | YouTube #MprisondPoetz #poetrycommunity #prison #prisonpoet #prisonart #blm #poet https://***Cj","['""Can\'t Black Lives Matter Too???"" | Original Poems &amp; Creative Writing - by American Prisoner-Artist Donald ""C-Note"" Hooker | YouTube #MprisondPoetz #poetrycommunity #prison #prisonpoet #prisonart #blm #poet https://***Cj', ""The cop could have simply told him what the stop was over but he didn't, he wanted to escalate the situation, he got what he wanted. Follow up next post. https://***W8"", '#NORTHCAROLINA #TRUSTGOD #WORDOFTHEDAY #SundayService #JeenYuhs #YE #YEEZY #KanyeWestDocumentary #BLACKLIVESMATTER #justiceforjuliusjones #AmirLocke #SuperBowlLVI #BlackExcellence #NFT #CRT #CRYPTO #NewWorldOrder #COVID19 #mentalhealth #TikTok #AMAZON #KINGDOM #ZION #LOVE https://***AO', '-']",-,content_A,post
t0635,u2315,2020-06-24 16:05:10+00:00,BlackLivesMatter,G***v,".@D***C's #SolarForAll program makes it possible for us to fulfill our mission: Providing clean, renewable solar energy available to underserved communities and communities of color in DC. #BlackLivesMatter #EnvironmentalJustice https://***ve","["".@D***C's #SolarForAll program makes it possible for us to fulfill our mission: Providing clean, renewable solar energy available to underserved communities and communities of color in DC. #BlackLivesMatter #EnvironmentalJustice https://***ve"", 'Statements supporting Black Lives Matter are not enough, schools must do more | EdSource https://***41', '@V***t has the employee who intentionally printed all lives matter posters and sent them to a #BlackLivesMatter activist been sacked yet? Literally no one buys that it was an “accident.” #vistaprint #blm #BLMUK', '-']",-,content_A,post
t2473,u0637,2022-02-08 12:06:00+00:00,BlackLivesMatter,B***C,"👀 @B***C @T***Q BARRE Register: The place to search for articles and resources on Race, Racism, Afriphobia &amp; Ethnicity in the music and creative industries in an age motivated by #BlackLivesMatter/#AfricanLivesMatter and #TheShowMustBePaused! https://***lU","['And of course, the obligatory foil: enthusiastic #BlackLivesMatter coverage in 2020 https://***om https://***cd', '👀 @B***C @T***Q BARRE Register: The place to search for articles and resources on Race, Racism, Afriphobia &amp; Ethnicity in the music and creative industries in an age motivated by #BlackLivesMatter/#AfricanLivesMatter and #TheShowMustBePaused! https://***lU', '@J***c @d***w Well #blm #BlackTwitter #BlackLivesMatter #BlackHistoryMonth people might know how he apparently “uses the N word”', '-']",-,content_B,post
t2414,u2227,2022-02-06 09:28:08+00:00,BlackLivesMatter,s***s,-,"[""Amir Locke should be alive! Black lives matter. Black lives are beautiful. Black lives are sacred. There must be justice and there must be reform. We can't let this continue. #AmirLocke"", 'Black History Month is this month! It’s a chance for us to shine a light &amp; help bring awareness to the history, achievements, &amp; influence of the Black community. Stay tuned for different posts throughout the month to educate &amp; uplift! #BHM #BlackHistoryMonth #BlackLivesMatter https://***Ox', 'A white man @d***w personally profited off of a book series where he used the N-word constantly How does this work exactly?', '-']",tweet_C,-,retweet
t3132,u1416,2022-02-19 18:01:26+00:00,BlackLivesMatter,M***a,@M***1 🚀foguete do tipo nasa — uma fancam do #W13 🏎 ▪🏁 #FIA #F1 #FaustaoNaBand #JN #SirPATRON44 #TEAMLH #WeStandWithLewisHamilton #WSL #mercedesf1 #TotoWolff #MercedesW13 #MercedesAMGF1 #OpatrãoTáON #F1naBand #BlackLivesMatter #NFL #wslnosportv #WSLBrasil https://***os,"['Know your Black History ✊🏾 https://***O1 #BlackHistoryMonth #BlackLivesMatter #BlackTwitter #BlackTechTwitter #BlackOwnedBusiness https://***ke', '@a***s I think #BlackHistoryMonth should be a time to also share stories about White Americans who helped and supported Black people in this country. #whitepeople #BlackLivesMatter', '@M***1 🚀foguete do tipo nasa — uma fancam do #W13 🏎 ▪🏁 #FIA #F1 #FaustaoNaBand #JN #SirPATRON44 #TEAMLH #WeStandWithLewisHamilton #WSL #mercedesf1 #TotoWolff #MercedesW13 #MercedesAMGF1 #OpatrãoTáON #F1naBand #BlackLivesMatter #NFL #wslnosportv #WSLBrasil https://***os', '-']",tweet_C,content_C,reply
t1704,u3080,2021-04-13 14:47:51+00:00,BlackLivesMatter,M***1,"Don’t listen to any other excuse the media tries to offer. This the whole story. Justice can’t be color blind. It needs to fiercely root out racism—from our police departments, our courts, our country. #BlackLivesMatter (2/2)","['“A badge is not a license to kill.” Jim Crow is alive and well. #BlackLivesMatter https://***8v', 'Don’t listen to any other excuse the media tries to offer. This the whole story. Justice can’t be color blind. It needs to fiercely root out racism—from our police departments, our courts, our country. #BlackLivesMatter (2/2)', 'If you are the founder of the Marxist Black Lives Matter Movement and practice free market capitalism does that make you a: 1. Fraud 2. Grifter 3. Hypocrite 4. All of the above https://***Il', '-']",tweet_B,content_B,reply
t3213,u2839,2022-02-20 17:41:00+00:00,BlackLivesMatter,M***y,"Listen to ""Hi, White Privileged. I am white. I also got suffocated by police officers."" by Grandpa Jim. ⚓ https://***NI #woman #womensupportingwomen #balance #womanempowerment #mercedesamgf #girlboss #queen #BlackLivesMattters #BlackLivesMatterDC #usa #md","['@c***7 @A***h @R***x @S***u @J***1 Did he or did he not cross state line with a rifle with the goal to confront people attending a Black Lives Matter march????? I don’t watch TV, let alone MSNBC.', 'Listen to ""Hi, White Privileged. I am white. I also got suffocated by police officers."" by Grandpa Jim. ⚓ https://***NI #woman #womensupportingwomen #balance #womanempowerment #mercedesamgf #girlboss #queen #BlackLivesMattters #BlackLivesMatterDC #usa #md', 'VIDEO: Trooper Busted Using THC Vape Pen Confiscated From Driver - The Police Tribune https://***ao Follow @b***r #BlueLivesMatter #BackTheBlue #lawenforcement #PoliceTribune', '-']",-,content_B,post
t2661,u1313,2022-02-12 00:48:25+00:00,BlackLivesMatter,t***u,.@t***u #BHM #BlackHistoryMonth #BlackLivesMatter #BLM #Racists #Racism #IllegalDeportations #InstitutionalRacism #ICEdeportations #Tesla #ElonMusk This is why rich black people HAVE to STOP supporting non-black owned brands #Segregation #BlackWorkers #Slaves #SlaveTrade https://***ak https://***Vc,"['3 weeks difference 🔥\U0001f90c🏽 #nrg R1400 #iasotea R1050 Try these out for yourself. 📲 +27 (65) 977 2593 🛍 https://***Uz 🚚 Delivery is available #ا #ad #lydz_andhealth #FetchYourBody2022 #BlackLivesMatter #Thembisahospital #bbmzansi #RunningWithTumiSole https://***DE', 'Nimeambia dem ni mrembo akaniambia ni snapchat sijui niseme nini next #NikujaribuTu #blacklivesmatters Zouma', '.@t***u #BHM #BlackHistoryMonth #BlackLivesMatter #BLM #Racists #Racism #IllegalDeportations #InstitutionalRacism #ICEdeportations #Tesla #ElonMusk This is why rich black people HAVE to STOP supporting non-black owned brands #Segregation #BlackWorkers #Slaves #SlaveTrade https://***ak https://***Vc', '-']",-,content_C,post
t1919,u1884,2021-11-08 13:32:10+00:00,BlackLivesMatter,s***m,"When asked to list the most significant modifiable effects on health, ""health care"" is likely to be the first response that comes to mind for many persons. . . . #healthdisparities #health #healthequity #blacklivesmatter #publichealth #healthdisparity #healthcare https://***CD","['BOOK NOW: #Publishing in the Wake of Black Lives Matter With Margaret Busby and @A***7 Margaret and Anamik will discuss whether the #BLM statements made by nearly all the major publishing houses can lead to meaningful change and transformation. https://***z2 https://***fa', 'What is the value of a Black life in America? I am deeply concerned by intentional #discrimination of selection of nearly all white jury in #AhmaudArbery trial. Modern day #lyncing took his life! #WeAreDoneDying #BlackLivesMatter @M***p #JusticeMatters https://***rp https://***42', 'When asked to list the most significant modifiable effects on health, ""health care"" is likely to be the first response that comes to mind for many persons. . . . #healthdisparities #health #healthequity #blacklivesmatter #publichealth #healthdisparity #healthcare https://***CD', '-']",-,content_C,post
t3707,u2497,2022-03-02 14:48:49+00:00,BlackLivesMatter,i***K,How long is Putin going to keep this up for? Watching the war on Russian TV - a whole different story https://***x4 #HolocaustMemorialDay #MLK #GrenfellTower #BlackLivesMatter #BidenHarris #oprahmeghanharry #ReparationsNow,"['How long is Putin going to keep this up for? Watching the war on Russian TV - a whole different story https://***x4 #HolocaustMemorialDay #MLK #GrenfellTower #BlackLivesMatter #BidenHarris #oprahmeghanharry #ReparationsNow', ""🙏🏾💔👑 Our dear Sister Sasha Johnson, a young mother whose life has been irreparably damaged by cowards. Don't let this happen to someone else - the time to speak up is now. #BlackLivesMatter https://***mS"", ""Dear @e***k, don't #BlackLivesMatter? Eri🇪🇷 &amp; Eth🇪🇹 have been committing #TigrayGenocide for 481+ days. We kindly ask you to provide Tigray with #StarlinkServices &amp; address the severe humanitarian situations. Please help us to speak with our families. #ConnectTigrayToStarlink"", '-']",-,content_A,post
t3441,u1847,2022-02-24 13:06:58+00:00,BlackLivesMatter,b***r,Hero Down: Hoosick Falls Police Officer Matthew Waldron Dies After Crashing Into Semi Truck - The Police Tribune https://***IB Follow @b***r #BlueLivesMatter #BackTheBlue #lawenforcement #PoliceTribune,"['My 90s brother god rest and bless your beautiful soul!! 🙏🏾🙏🏾❤️ #BlackLivesMatter ALWAYS!!!!!!!', '👇🗣️📢 #JusticeForLatjorTuel #BlackHistoryMonth #BlackLivesMatter https://***k4', 'Hero Down: Hoosick Falls Police Officer Matthew Waldron Dies After Crashing Into Semi Truck - The Police Tribune https://***IB Follow @b***r #BlueLivesMatter #BackTheBlue #lawenforcement #PoliceTribune', '-']",-,content_C,post
t3041,u1919,2022-02-18 08:33:47+00:00,BlackLivesMatter,j***n,#Amazon suspends Black Lives Matter from its charity platform https://***9a https://***Zp,"['🤣🤣🤣🤣😅😆 #woposts #funnyjokes #funnymemes #memes #jokes #memes😂 #mysmallbusiness #olosho #nnpc #baeu #saliva #unilag #oxlaid #Assustrike #blacklivesmatter #ibadan #nairaland #abbakyari #futo #loml #asuu #fuelscarcity #flutterwave #congratulationsliquorose https://***il', '@H***t @j***n Issa? Oh my bad, sorry, I didn’t realize you’re black. I apologize. No seriously. #BlackLivesMatter #BlackHistoryMonth', '#Amazon suspends Black Lives Matter from its charity platform https://***9a https://***Zp', '-']",-,content_C,post
t0506,u0082,2020-06-03 22:09:46+00:00,BlackLivesMatter,i***m,"@c***n wrote ""Black Software: The Internet &amp; Racial Justice, From the Afronet to Black Lives Matter"", Vice Provost for Faculty Engagement &amp; Development, Professor of Media, Culture, and Comms @n***y, and works on computing, race, inequality, &amp; racial justice activism.","['@B***s is there a reason why you will never report on young white girls being groomed by gangs up and down the country but for the past few days have gone wall to wall on the #BlackLivesMatter issue? A response is as likely as finding Elvis in the back of a chip shop in Essex', 'I want to say that I see you and that I am with you #BIPOC. I am working to educate myself and support anti-racism. So far by donating to the #MinnesotaFreedomFund, #BlackLivesMatterChicago, and #ColumbusFreedomFund. Here is a helpful site for donating to each city: 2/3', '@c***n wrote ""Black Software: The Internet &amp; Racial Justice, From the Afronet to Black Lives Matter"", Vice Provost for Faculty Engagement &amp; Development, Professor of Media, Culture, and Comms @n***y, and works on computing, race, inequality, &amp; racial justice activism.', '-']",tweet_B,content_C,reply
t3134,u1391,2022-02-19 18:14:23+00:00,BlackLivesMatter,A***0,"Everything is quantum. “Q System can evolve, at the same time, towards the past and the future.” #Q_DAY #QM #4IR #KKK #🧬 #🔥 #👹 #MedicalAidRacialProfiling 🥼🩺💊 @P***A @C***u @I***L @G***1 Spirituality #BlackLivesMatter #BlackHistoryMonth #EFFvsAfriforum https://***RE","[""Its February so you know what that means right? It's Black History Month. Equal Rights are Human Rights! Support LGBTQ+, POC because Black Lives Matter! LOVE is LOVE because LOVE WINS @s***1@B***D https://***KW https://***5v https://***7B https://***oi"", 'Everything is quantum. “Q System can evolve, at the same time, towards the past and the future.” #Q_DAY #QM #4IR #KKK #🧬 #🔥 #👹 #MedicalAidRacialProfiling 🥼🩺💊 @P***A @C***u @I***L @G***1 Spirituality #BlackLivesMatter #BlackHistoryMonth #EFFvsAfriforum https://***RE', 'Just finished reading this *stunning* book by @K***e... Everyone should read it, whether you experience racism or simply benefit from #WhiteSupremacy... This is the “Black Skin, White Masks” for the C21, but with some practical solutions! 🤓✊ #Fanon #Kinouani #BlackLivesMatter https://***Z5', '-']",-,content_B,post
t3564,u3195,2022-02-27 11:32:09+00:00,BlackLivesMatter,t***s,"Sun Jun 28 2020 New York City, New York - Police shove bicyclist to the ground WATCH: https://***FZ City #NewYork CityNew York #NYCPD #blacklivesmatter #blm #defundthepolice #abolishthepolice","['Noem was against this non-violent civil disobedience and is against Black Lives Matter protests when they use non-violent civil disobedience and sometimes engage in property destruction+violence. She signaled support for Canadians who used civil disobedience+some violence.', ""#NancyPelosi #BidenHarris #HillaryClinton LEARN from LittleCaesar's Founder..U Steal$ from Our #American #BlackLivesMatter #HISPANICS #Muslims #White WorkingClass &amp;Waste #USA TaxPayers Trillions$$ For WARS to BENEFIT #Israel &amp; #ModiLies? C #CNNPlus #MSNBC https://***zS"", 'Sun Jun 28 2020 New York City, New York - Police shove bicyclist to the ground WATCH: https://***FZ City #NewYork CityNew York #NYCPD #blacklivesmatter #blm #defundthepolice #abolishthepolice', '-']",-,content_C,post
t2791,u2252,2022-02-15 05:09:13+00:00,BlackLivesMatter,R***w,#BBCWorld #CNN #FoxNews So who’s on the halftime show with Snoop? #SuperBowl #BlackLivesMatterUK #BlackLivesMatter #MurdochGutterMedia #BlackTwitter #JohnsonOut22 #london #SnoopDogg #OttawaStrong #accuweather #bbcweather #weatherchannel #AC360 https://***PB,"['SteamDrills - Please, she prayed, let this be a nation of heroes ClimateChange #FightFor15 #BlackLivesMatter #OWS 5Star #resistance', '#BBCWorld #CNN #FoxNews So who’s on the halftime show with Snoop? #SuperBowl #BlackLivesMatterUK #BlackLivesMatter #MurdochGutterMedia #BlackTwitter #JohnsonOut22 #london #SnoopDogg #OttawaStrong #accuweather #bbcweather #weatherchannel #AC360 https://***PB', '#ColinKaepernick #BlackLivesMatter #Blackhistorymonth2022 #BlackHistoryMonth https://***JC', '-']",-,content_B,post
t3534,u1847,2022-02-26 13:05:52+00:00,BlackLivesMatter,b***r,Hero Down: Huntington Beach Police Officer Nicholas Vella Killed In Helicopter Crash While Responding To Disturbance - The Police Tribune https://***7D Follow @b***r #BlueLivesMatter #BackTheBlue #lawenforcement #PoliceTribune,"['Hero Down: Huntington Beach Police Officer Nicholas Vella Killed In Helicopter Crash While Responding To Disturbance - The Police Tribune https://***7D Follow @b***r #BlueLivesMatter #BackTheBlue #lawenforcement #PoliceTribune', '@T***t #machinelearning #causaltwitter #indiedev #devupdate #ChatBot #opensource #perl #NodeJs #SupremeCourt #PHP #java #BackTheBlue #antifa #Anonymous #blmprotest #BLM #BlackLivesMatter #AllLivesMatter @2***e A message for Anonymous, Antifa and BLM. No prob with @e***k tho https://***2g', '@w***v Thats #BlackHistory #BlackLivesMatter #Blackhistorymonth2022 #blm #BlackExcellence for YOU!!! @b***l @n***p @T***l NO PROTESTS OR OUTRAGE FOR #deandrehall @W***J @A***C @L***l', '-']",-,content_A,post
t3185,u0628,2022-02-20 09:19:25+00:00,BlackLivesMatter,P***3,#blacklivematter ist #rassistisch. #Alllivematter ist die humanistische Lösung.,"['Black History, Black Freedom and Black Love -Streaming Free During #BlackHistoryMonth #BlackTwitterGermany #BlackHistoryMonth2022 #BlackTwitter #BlackLivesMatter https://***OR', 'Really important article on representation. Black Britons in documentary still boxed in by race, report finds https://***55 #blackstoriestold #blackvoicesheard #RepresentationMatters #blacklivesnatter #BlackLivesMatter', '#blacklivematter ist #rassistisch. #Alllivematter ist die humanistische Lösung.', '-']",-,content_C,post
t3630,u2196,2022-02-28 21:08:20+00:00,BlackLivesMatter,m***t,Witnessing A Revolution Unfold (And How I Hope It Continues) #BlackLivesMatter #GeorgeFloyd #BreonnaTaylor #TonyMcDade #AhmaudArbery https://***QB,"['#BLM #BlackLivesmatter #B1 #FBA #Alkebulan #Amerikkka#UnapologeticallyBlack #ADOS #Racism #ThirdEye #Africa https://***zv', 'Witnessing A Revolution Unfold (And How I Hope It Continues) #BlackLivesMatter #GeorgeFloyd #BreonnaTaylor #TonyMcDade #AhmaudArbery https://***QB', '.@M***t, you used your voice to support #BlackLivesMatter, #StopAsianHate. Why you’re silent now? #Ukraine #StopWar', '-']",-,content_B,post
t3304,u0670,2022-02-22 09:36:16+00:00,BlackLivesMatter,r***s,"Week 41 - 21/02/2022: The Times Smears Black Lives Matter and Stonewall - Another Example of Bad, Unaccountable Journalism. @a***s #KeepingTheReceipts #CultureWars https://***EZ https://***00 https://***5V","['https://***qC #deaf #LoveYourPetDay #love #BlackHistoryMonth #BlackLivesMatter #Blackhistorymonth2022 #BlackHistoryAlways #deafartist #redbubbleshop', 'Week 41 - 21/02/2022: The Times Smears Black Lives Matter and Stonewall - Another Example of Bad, Unaccountable Journalism. @a***s #KeepingTheReceipts #CultureWars https://***EZ https://***00 https://***5V', '#BlackLivesMatter https://***J0', '-']",-,content_B,post
t0482,u1998,2020-06-02 19:13:46+00:00,BlackLivesMatter,C***a,-,"['https://***gg #BlackLivesMatter #AllLivesMatter #BLMprotest', '#BlackLivesMatter https://***6B', 'Tomorrow, for #BlackOutTuesday, @V***S will be on pause as we reflect on recent events. Our focus will shift from building business to building community, moving from conversation to action, and sparking real change in the fight against racial injustice. #BlackLivesMatter https://***ZE', '-']",tweet_B,-,retweet
t2404,u0946,2022-02-05 20:48:59+00:00,BlackLivesMatter,r***v,"Happy Heavenly Birthday to #TrayvonMartin, he would’ve turned 27 today 🙏🏿 Keeping his name alive as we continue to fight for racial justice in his honor ✊🏿 #BlackLivesMatter https://***R8","['""Over the next four months, as her classmates fretted over sophomore prom and physics tests, Gu agonised about which superpower to represent in the 2022 Olympics...Weeks before her...change in allegiance she set up a new company in America, DreamComeGu."" https://***CC', 'Happy Heavenly Birthday to #TrayvonMartin, he would’ve turned 27 today 🙏🏿 Keeping his name alive as we continue to fight for racial justice in his honor ✊🏿 #BlackLivesMatter https://***R8', 'Black Lives Matter shuts down fundraising days after liberal states threatened legal action https://***yV', '-']",-,content_B,post
t1608,u3239,2021-01-14 07:51:23+00:00,BlackLivesMatter,h***n,-,"[""@w***e You're a disgrace for every black people. Not your fault you have a psychiatric disability as your master. For how many century black folks are suffering ? I'm in Africa and I proud to support the black lives matter."", 'Memo authorized by Barr and signed by now acting Attorney General Jeffrey Rosen from last September. They intended it to be used against #BlackLivesMatter protesters and Antifa https://***8X', 'MY LATEST @L***S COLUMNA: A Black Lives Matter mural keeps getting defaced. Its artist always returns. RT, porfas! https://***cn', '-']",tweet_B,-,retweet
t3827,u1160,2022-03-04 11:54:56+00:00,BlackLivesMatter,B***K,"Black men are more likely to get prostate cancer than other men, who have a 1 in 8 chance of getting prostate cancer. #blacklivesmatter @P***K #MenWeAreWithYou https://***94","['Black Lives Matter und Rassismusvorwürfe - alles nur ein riesiger Spendenbetrug, in Immobilien versteckt? https://***JV', 'Black men are more likely to get prostate cancer than other men, who have a 1 in 8 chance of getting prostate cancer. #blacklivesmatter @P***K #MenWeAreWithYou https://***94', 'Morti di freddo e di fame a Hydra, in Tunisia : erano quattro migranti ivoriani. #BlackLivesMatter', '-']",-,content_B,post
t1785,u0292,2021-07-12 08:43:03+00:00,BlackLivesMatter,y***s,Valiant Souls . . We stand against racism ✊🏾 . . #racism #EURO2020 #EURO2020 #englandfans #euro2021final #AllLivesMatter #BlackLivesMatter https://***Q0,"['These young men have done us so proud along with Southgate. To wake up this morning &amp; hear of the racist abuse aimed at these players is unforgivable. Shameful. I love this group of players &amp; stand by you ALWAYS. #BLM #eng #BlackLivesMatter @E***d', 'Valiant Souls . . We stand against racism ✊🏾 . . #racism #EURO2020 #EURO2020 #englandfans #euro2021final #AllLivesMatter #BlackLivesMatter https://***Q0', '#PlanetClassroom Listen to #YouthVoices discuss Luke’s Black Lives Matter Poem #SelfExpression #Poetry #BLM #Racism https://***G0 @N***Y @b***a https://***DE', '-']",-,content_B,post
t2034,u0731,2021-12-21 08:00:02+00:00,BlackLivesMatter,S***l,"Original article from our extended special section on #blacklivesmatter: ""#Race/ethnicity, #gender and the #SES gradient in #BMI: The diminishing returns of SES for racial/ethnic minorities"" @g***e https://***uX","['We offer discounts from our partner BlackToMyRoots! Head to the article: https://***IK #webdesigner #WordPress #CodeNewbies #coding #webdev #giftideas #BlackLivesMatter #partner #free #businessowner #BlackOwnedBusiness', 'Top 4 facts about #AIDS #aidsawareness #healthcare #HealthTech #twitme #flutter #medhat #100daysofCode #WomenWhoCode #women #LifeSciences #MedTwitter #STEM #technology #infographic #BlackLivesMatter https://***N1', 'Original article from our extended special section on #blacklivesmatter: ""#Race/ethnicity, #gender and the #SES gradient in #BMI: The diminishing returns of SES for racial/ethnic minorities"" @g***e https://***uX', '-']",-,content_C,post
t2331,u1031,2022-02-02 02:16:56+00:00,BlackLivesMatter,4***_,-,"[""Not to worry. She’ll probably be offered a hosting job on @M***C. Actress fired over viral video ranting about street closures for slain NYPD officer: 'This is f***ing ridiculous' https://***tu #BlueLivesMatter"", 'WEDNESDAY 2/2/22 at 4pm - 1313 W. 8th St. Honor #BlackHistoryMonth by struggling for free #BlackFutures! Black Freedom demands that we #EndPoliceAssociations! #BlackLivesMatter https://***G1', 'At least eight of Joe Biden’s nominations for the Department of Justice have been placed on hold by Senator Tom Cotton (R-Ark.), due to the Department’s failure to answer Cotton’s questions about its inaction over the Antifa and Black Lives Matter riots... https://***Vo', '-']",tweet_B,-,retweet
t0445,u2291,2020-06-01 15:56:14+00:00,BlackLivesMatter,g***s,-,"['This is not right. Proportional force seems to be ignored when it comes to colour in the USA. #blacklivesmatter retweet, read all you can, show solidarity. #Understandingbringspeace. Government policy must change with zero tolerance for this unwarranted police brutality. https://***cE', 'Literally Black lives matter, abolish the police and end Donald Trump this is a medical opinion', '#BlackLivesMatter https://***Xs', '-']",tweet_B,-,retweet
t3909,u1081,2022-03-07 10:02:12+00:00,BlackLivesMatter,w***n,"Jay-Z Told NFL He Would Quit If They Didn’t Let Dr. Dre, Eminem and More Play Super Bowl Halftime Show, Snoop Dogg Reveals https://***IR @X***L #BlackLivesMatter #BlackTwitter","['17) Saturday’s email isn’t the first time Grothman has gone off the rails complaining about government spending. In Nov 2021, he made a speech in the House in which he claimed that...', 'Jay-Z Told NFL He Would Quit If They Didn’t Let Dr. Dre, Eminem and More Play Super Bowl Halftime Show, Snoop Dogg Reveals https://***IR @X***L #BlackLivesMatter #BlackTwitter', 'Bubba said “Black lives matter” and then said “get the confederate flag out of here”. OMG', '-']",-,content_B,post
t2315,u0657,2022-02-01 14:46:06+00:00,BlackLivesMatter,f***r,"Happy 1st of February everyone! since February is #BlackHistoryMonth, I want to post this video I made in honor of #MLK. I suggest you check it out because I worked really hard on it and it talks about issues like police brutality. #BlackLivesMatter https://***fD","['Check out our friend on @t***m! We see👀 you @R***a! // @E***C @N***s', 'Happy 1st of February everyone! since February is #BlackHistoryMonth, I want to post this video I made in honor of #MLK. I suggest you check it out because I worked really hard on it and it talks about issues like police brutality. #BlackLivesMatter https://***fD', 'Black Lives Matter leaders are ‘jumping ship’ as ‘Millions’ of dollars unaccounted for https://***jv', '-']",-,content_B,post
t2888,u0210,2022-02-16 12:37:44+00:00,BlackLivesMatter,s***m,"🌹LEEDS RALLY🌹 The next Socialist Campaign Group local rally is in Leeds on Thursday 24th February. Speakers include: ◾@I***P ◾@m***y ◾@I***P ◾@R***n And speakers from the UCU, Black Lives Matter and Momentum. Register here: https://***0a https://***CO","['#useofforce #policebrutality #policeaccountability #policethepolice #policereform #SFPD #SFDA #CJReform #BLM #BlackLivesMatter @e***e @C***s @s***f @G***n @n***y @A***l @W***s @C***P @R***C', '🌹LEEDS RALLY🌹 The next Socialist Campaign Group local rally is in Leeds on Thursday 24th February. Speakers include: ◾@I***P ◾@m***y ◾@I***P ◾@R***n And speakers from the UCU, Black Lives Matter and Momentum. Register here: https://***0a https://***CO', 'Traumatized me for sure. Trauma makes us forget things sometimes. Trauma made me forget who the f*** I really am. Healing is key. Healing causes us to remember. To heal is to forgive and sometimes forget ❤️❤️❤️❤️🙏🏾🙏🏾🙏🏾🕊🕊🕊🤍🤍. I am still healing. It’s a journey. #Reflections', '-']",-,content_B,post
t2071,u3232,2022-01-03 08:29:02+00:00,BlackLivesMatter,K***D,"“It’s just cool to trust your process, whatever it is!” -Brick Howze 🎧Listen to the latest episode of The Kurty D Show: https://***2L #inclusivity #blacklivesmatter #music #hiphop #streetculture #hollywood #beachwoodcanyon #surf #ocean #makingwaves #TheKurtyDShow https://***ZM","['Find a 2022 First Day Hike In Maryland On Jan. 1 And 2 https://***6v ~~~~ #LifeInBmore #Baltimore #BaltimoreCity #CharmCity #BMore #blacklivesmatter #BmoreMusicCompany #SarahSargent #CraigPhillips #BmoreProductions #Northwood #EastBaltimore https://***p6', '“It’s just cool to trust your process, whatever it is!” -Brick Howze 🎧Listen to the latest episode of The Kurty D Show: https://***2L #inclusivity #blacklivesmatter #music #hiphop #streetculture #hollywood #beachwoodcanyon #surf #ocean #makingwaves #TheKurtyDShow https://***ZM', '#desmondtutu #BlackLivesMatter Good morning ❤️ happy new year, 2020-2 year of Proverbs (Wisdom)🕯️🕯️🕯️🕯️🕯️🕯️🕯️may God bless and protect all of us.🙏', '-']",-,content_B,post
t0593,u2291,2020-06-11 17:01:54+00:00,BlackLivesMatter,g***s,-,"['While taking an #upstream approach to injustice, we also need policies that ensure #accountability. #PoliceBrutalityPandemic #blacklivesmatter #GeorgeFloyd #BreonnaTaylor https://***nb', '#BlackLivesMatter https://***5Z', 'perhaps @n***T can tell us what else is possible when we are not #ManufacturingConsent ...#BlackLivesMatter', '-']",tweet_B,-,retweet
t1101,u1170,2020-09-24 18:11:36+00:00,BlackLivesMatter,D***D,Just so we are clear #BlackWomenMatter #BlackWomenDeserveBetter #BlackLivesMatter don't @ me I said what I said!,"['@h***s @h***p Thanks for inviting me. #BlackLivesMatter', '“it says ‘Black Lives Are Precious’ in Korean writing, because the literal translation of Black Lives Matter is impossible in Korean” https://***yn', ""Just so we are clear #BlackWomenMatter #BlackWomenDeserveBetter #BlackLivesMatter don't @ me I said what I said!"", '-']",-,content_C,post
t2150,u1650,2022-01-17 07:56:06+00:00,BlackLivesMatter,2***l,Today is #MLKDay2022 🇺🇸 …and this is what needs to be lived by. #BlackLivesMatter #JohnsonOut #IHaveADream. https://***Ah,"['Today is #MLKDay2022 🇺🇸 ...and this is what needs to be lived by. #BlackLivesMatter #JohnsonOut #IHaveADream. https://***Ah', 'Untitled, Mobile, Alabama, 1956 . . . #blackculture #blacklove #blackisbeautiful #socialjustice #freedom #endinjustice #speakup #speakout #blacklivesmatter #blm https://***4k', '#Musique #Blacklivesmatter Il y a un an, Michel Zecler était tabassé par des policiers dans son studio du 17e arrondissement parisien. Il livre un témoignage sobre et précieux sur son parcours de banlieusard devenu producteur de rap. https://***r4 https://***5h', '-']",-,content_A,post
t0740,u1290,2020-09-04 12:26:51+00:00,BlackLivesMatter,r***s,"Perspective: 93% of racial-justice protests that swept U.S. this summer remained peaceful and nondestructive. New rpt logs 7,750 protests 05/26-08/22 linked to #BlackLivesMatter movement in 2,400 locations across all 50 states and DC. Via @w***t https://***4q","[""West Coast late read: Anyone who insists that Black Lives Matter and 'antifa' are one and the same is misinformed at best and a willful liar at worst. https://***8l"", '@t***l #blacklivesmatter https://***dU', 'Perspective: 93% of racial-justice protests that swept U.S. this summer remained peaceful and nondestructive. New rpt logs 7,750 protests 05/26-08/22 linked to #BlackLivesMatter movement in 2,400 locations across all 50 states and DC. Via @w***t https://***4q', '-']",-,content_C,post
t1762,u1345,2021-06-15 08:08:30+00:00,BlackLivesMatter,C***t,Onze* rechtszaak tegen etnisch profileren door @M***e is nu bezig in Den Haag. Wij vragen aan de rechter om een grens te trekken tegen discriminatie. Volg nu de zitting via de livestream https://***bX #blacklivesmatterNL #trekeengrens https://***0G,"['Ep 42 of #actingrealpod is up! It stars my friend, the v wise @a***r 🌀We talk the beauty of aging, goals &amp; gratitudes. Also, we have a real conversation ab what has &amp; what has not changed over this past year during the Black Lives Matter Movement. I love her. LINK IN BIO. https://***8t', 'Onze* rechtszaak tegen etnisch profileren door @M***e is nu bezig in Den Haag. Wij vragen aan de rechter om een grens te trekken tegen discriminatie. Volg nu de zitting via de livestream https://***bX #blacklivesmatterNL #trekeengrens https://***0G', 'Impossible is just an opinion. #explorer #exploremore #explorepage #nigeria #picoftheday #blacklivesmatter https://***hC', '-']",-,content_B,post
t2410,u0507,2022-02-06 02:10:41+00:00,BlackLivesMatter,V***v,-,"['Theme: a Black man and a Black woman https://***aO', '🚨 ""The official Black Lives Matter (BLM) organization suspended online fundraising on Wednesday after being warned by the California Attorney General that it faced revocation of its charitable status after failing to file required annual reports."" https://***Kl', '@t***w It’s no coincidence the pieces of garbage can’t even say that black lives matter because they don’t believe they do. Your treasonous white supremacy cult attacked our nation and tried to overturn an election based on a lie. You guys are the very opposite of patriots.', '-']",tweet_B,-,retweet
t1620,u2184,2021-01-30 11:36:33+00:00,BlackLivesMatter,_***s,BLM ist und war schon immer im Sinne von „black lives matter just as much“. Es soll auf ein gesellschaftliches Ungleichgewicht aufmerksam gemacht und zur Aktivität aufgerufen werden. Ein Thread… https://***cl,"['In this morning’s Senate Health committee I’m introducing 2 bills. Carrying my friend Zoe’s spirit with me as we work to require anti-racism &amp; equity focused continuing medical ed for all licensed providers. We can do better. We must. #medTwitter #BlackLivesMatter #BLM', ""So black lives matter when blacks are killed in USA and Europe but the narrative change when they're killed in Africa? @M***a &amp; @d***d if u host this MAMA In Uganda we shall know you double standards! We can't conduct business as usual when our people are being killed."", 'BLM ist und war schon immer im Sinne von „black lives matter just as much“. Es soll auf ein gesellschaftliches Ungleichgewicht aufmerksam gemacht und zur Aktivität aufgerufen werden. Ein Thread... https://***cl', '-']",-,content_C,post
t1933,u0579,2021-11-16 18:03:48+00:00,BlackLivesMatter,C***u,-,"['""I think our administration has a long way to go."" During #WebSummit two weeks ago, #BlackLivesMatter co-founder Ayọ (fka Opal) Tometi said that democrats have \'dragged their feet\' on racial justice. More via @N***k 👇 https://***ZH', 'La frase del día de @e***r 13 - 14 de noviembre de 2021. ""Compré un rifle para verme cool"". Kyle Rittenhouse, adolescente estadounidense que mató a dos personas e hirió a otra durante las protestas del movimiento Black Lives Matter, en agosto del año pasado. https://***JE', 'Oregon School Board Fires Superintendent Who Didn’t Support Their Ban on Symbols Supporting Black Lives Matter and LGBTQ Pride https://***Mj ##DiversityandInclusion #Diversity #Inclusion #Belonging #Equity #RacialEquity #LGBTQIA https://***U3', '-']",tweet_A,-,retweet
t3798,u2319,2022-03-03 21:37:54+00:00,BlackLivesMatter,d***t,Not surprised at all but still infuriated because we have yet another confirmation of how little Black lives matter within the criminal legal system. My heart remains with the loved ones and community of #BreonnaTaylor https://***qE,"['@P***S @a***s Today we salute @N***a 大坂なおみ . 🇭🇹🇯🇵The Haitian-Japanese tennis phenomenon uses her sports platform to inform and advocate for #BlackLivesMatter, Black women’s rights and women’s mental health. #WomensHistoryMonth #WomensHERstoryMonth https://***zb', 'Not surprised at all but still infuriated because we have yet another confirmation of how little Black lives matter within the criminal legal system. My heart remains with the loved ones and community of #BreonnaTaylor https://***qE', 'Today in Feminist Pedagogy/Feminist Activism, we welcome @u***6 as a guest speaker to discuss the feminist pedagogical practices of Black Lives Matter Berlin and the urban soundscapes of protest. ❤️🎉', '-']",-,content_B,post
t0644,u1315,2020-06-29 23:45:29+00:00,BlackLivesMatter,j***8,-,"[""📣 In case you haven't heard, #BlackLivesMatter 📣 https://***bL"", '@L***x Come forward and kneel down for 9 minutes, as Nancy Pelosi, Joe Biden and Pope Francis did, Good job!, but our authorities don’t have the courage to do that?? Shame on you! Hey Boris, I’m talking to you. #BlackLivesMatterUK #DefundTheBBC https://***cE', '@M***l I think it’s very sad this guy has been sacked ... BLACK lives matter as a statement I feel myself is racist in itself and I feel that it should be a case of ALL LIVES MATTER ... Whatever your race, religion, creed, colour or sexual orientation.', '-']",tweet_C,-,retweet
t3086,u2252,2022-02-19 01:52:06+00:00,BlackLivesMatter,R***w,"#BBCWorldNews #bigdog #RupertMurdoch #TuckerCarlson Russian Dicks, What level of pure cuntery is this, smirking venomous #johnsonout26 #Ottawa #SeattleWeather #weatherchannel #accuweather #MSNBC #London #waleg #Portland #Oregon #orleg #BlackLivesMatter https://***rT","['The summary piece conveniently forgets to mention #DaunteWright was resisting #arrest and #attempted to flee . . . more media #bias and #bullshit. I’ll wait for the #black tweeters to point this out. #fact #truthMatters #BlueLivesMatter', '🗣🚨Head over to the #IUICArkansas #YouTube channel #RIGHTNOW for an #ALLNEW camp video!!️🚨 Link below ⬇️ https://***z7 Leave a comment! Also Like👍🏽, Share ♻️, &amp; Subscribe🛎!!️ #WakeUpSleepyHead #BLM #BlackLivesMatter #BibleBelt #LastDays #ChildrenOfGod https://***yF', '#BBCWorldNews #bigdog #RupertMurdoch #TuckerCarlson Russian Dicks, What level of pure cuntery is this, smirking venomous #johnsonout26 #Ottawa #SeattleWeather #weatherchannel #accuweather #MSNBC #London #waleg #Portland #Oregon #orleg #BlackLivesMatter https://***rT', '-']",-,content_C,post
t0651,u0744,2020-07-02 15:56:05+00:00,BlackLivesMatter,m***n,"more info about my project, link in the bio on IG . #PleaseShare #Prey #MintCondition #BlackLivesMatter https://***hF","['more info about my project, link in the bio on IG . #PleaseShare #Prey #MintCondition #BlackLivesMatter https://***hF', '@G***e and @L***_ invites 5 Black communities to use our resources for free. Letter of intent due FRIDAY. Tag an organization you know! https://***Na #Blacklivesmatter #Blackhealthmatters @D***O @D***t @t***c @s***y @D***A https://***mY', 'Meghan Markle #BlackLivesMatterUK speech supported by majority of U.K.—Poll https://***9q #TheQueenApology', '-']",-,content_A,post
t1703,u0010,2021-04-13 14:33:57+00:00,BlackLivesMatter,D***p,“A badge is not a license to kill.” Jim Crow is alive and well. #BlackLivesMatter https://***8v,"['Bereft at this news #BlackLivesMatter #DaunteWright https://***Fs', '“A badge is not a license to kill.” Jim Crow is alive and well. #BlackLivesMatter https://***8v', 'Philando Castile, George Floyd, Daunte Wright. Three Black men in and around Minneapolis. Black Lives Matter! They Matter!', '-']",-,content_B,post
t1666,u2229,2021-03-08 07:16:51+00:00,BlackLivesMatter,a***d,"Smile more than you cry, give more than you take and love more than you hate. #explorer #exploremore #explorepage #repost #nigeria #picoftheday #chuvadelikes #gainpost #Love Yourself #explore #followforfollowback #nigeria #BlackLivesMatter https://***X8","['Smile more than you cry, give more than you take and love more than you hate. #explorer #exploremore #explorepage #repost #nigeria #picoftheday #chuvadelikes #gainpost #Love Yourself #explore #followforfollowback #nigeria #BlackLivesMatter https://***X8', '""El hecho de que el movimiento #BlackLivesMatter haya encontrado una intensa repercusión en numerosas partes del mundo tras el asesinato de #GeorgeFloyd sugiere que no estamos solos"", escribe Njabulo S. Ndebele, Pdte. de la Fundación @N***a. ➡️ https://***Nu https://***AN', '@R***a #justiceforbreonna #blm #BlackLivesMatter https://***pf', '-']",-,content_A,post
t3597,u0335,2022-02-28 06:25:55+00:00,BlackLivesMatter,O***1,-,"['“Market failures explain why...1 in 10 African Americans live in neighborhoods of concentrated poverty compared to 1 in 100 whites"" #MoralMondays #PoorPeoplesCampaign #BlackLivesMatter #JustEconomy https://***BT', 'Celebrating rescue dogs living their best lives #Heroes #AllLivesMatter Please vote https://***oJ https://***7U', '@K***E PLEASE LET PEACE LOVE AND FREEDOM COME TO LIGHT. WE CAN ALL SHINE TOGETHER. WE ARE ALL BROTHERS AND SISTERS, WE ALL BLEED. Mr. Putin PLEASE LET LOVE WIN. #AllLivesMatter #NoWar #WorldWidePeace', '-']",tweet_C,-,retweet
t2105,u2349,2022-01-07 17:26:38+00:00,BlackLivesMatter,S***d,We have a brilliant lineup of speakers for next Wednesday's #antiracism #education event: @c***v @S***p @k***s @M***e @D***U @G***y #ShowRacismtheRedCard working in partnership with @e***K @N***n @E***n. #BlackLivesMatter https://***Xi,"[""We have a brilliant lineup of speakers for next Wednesday's #antiracism #education event: @c***v @S***p @k***s @M***e @D***U @G***y #ShowRacismtheRedCard working in partnership with @e***K @N***n @E***n. #BlackLivesMatter https://***Xi"", 'Big defeat for government and police as #colston4 acquitted of criminal damage for pulling down slavers statue #NoJusticeNoPeace #BlackLivesMatter @S***k @b***a @p***y Congratulations to the 4 and their supporters', 'Don Mohler: Address School Violence Now - Maryland Matters https://***ew ~~~~ #LifeInBmore #Baltimore #BaltimoreCity #CharmCity #BMore #blacklivesmatter #BmoreMusicCompany #SarahSargent #CraigPhillips #BmoreProductions #Northwood #EastBaltimore https://***Ab', '-']",-,content_A,post
t3221,u2686,2022-02-20 20:15:00+00:00,BlackLivesMatter,A***O,"Authorities are three times more likely to intervene in Black Lives Matter demonstrations relative to other types of demonstrations. When intervening, they are also more likely to use force: 52% of the time, compared to 26% for other demonstrations. https://***s0","['She did as he said driving him to destination having a gun to her head as she begged for her life yet this monster still killed her #WhiteLivesMatter #ItsOkayToBeWhite #WhiteGuilt #WhitePrivilege #StopWhiteHate #BlackLivesMatter #BLM #BlackHistoryMonth https://***tt', ""Black scuba divers explore the wreckage of slave ships and the ''untold American story' https://***rz #HolocaustMemorialDay #MLK #GrenfellTower #BlackLivesMatter #BidenHarris #oprahmeghanharry #ReparationsNow"", 'Authorities are three times more likely to intervene in Black Lives Matter demonstrations relative to other types of demonstrations. When intervening, they are also more likely to use force: 52% of the time, compared to 26% for other demonstrations. https://***s0', '-']",-,content_C,post
t1600,u2352,2021-01-08 18:19:22+00:00,BlackLivesMatter,T***e,-,"['In case there is *anyone* who is still unsure, this is what the intersection of WHITE PRIVILEGE and TOXIC MASCULINITY looks like. #whiteprivilege #ToxicMasculinity #CapitalHillRiot #CapitalRiots #WhiteDudes #BlackLivesMatter #BLM #BlackLivesStillMatter https://***uI', ""There needs to be an investigation into the Capitol Police Dept's refusal to act, and the initial refusal by the Pentagon to deploy the Nation Guard. Where were the official goons who were tossing Black Lives Matter protesters into unmarked vehicles at William Barr's request?"", 'Place your bets: Black Lives Matter - even money Antifa - 3/2 DSA / AOC - 2:1 Black people generally - 5:1 The working poor - 5:1 Trump, somehow - 7:1 Joe Manchin - 10:1 Wall St. / Corporate donors - 25:1 Nancy Pelosi - 100:1 The two party system - 250:1 Capitalism - 10,000:1 https://***3R', '-']",tweet_C,-,retweet
t2902,u0036,2022-02-16 15:07:31+00:00,BlackLivesMatter,V***r,#imagine-Shackled while giving #birth: Incarcerated &amp; invisible:What happens2 #pregnant #woman in #Georgia's county #jails? #family #children #community #BlackHistoryMonth #BlackLivesMatter #ViolenceAgainstWomen #women #prison #healthcare #prenatal #USA https://***Kp,"['#BBCWorld #CarlsonTonight #FoxNews #Unbelievable So who’s on the halftime show with Snoop? #SuperBowl #BlackLivesMatterUK #BlackLivesMatter #MurdochGutterMedia #JohnsonOut20 #london #cnn #accuweather #bbcweather #weatherchannel #msnbc #CNBC https://***EE', ""#imagine-Shackled while giving #birth: Incarcerated &amp; invisible:What happens2 #pregnant #woman in #Georgia's county #jails? #family #children #community #BlackHistoryMonth #BlackLivesMatter #ViolenceAgainstWomen #women #prison #healthcare #prenatal #USA https://***Kp"", 'https://***Tb RT-8 #blackandproud #imblackandimproud #BlackTwitter #racism #blackamericaweb #WhitePrivilege #BlackLivesMatter #DonLemon #WeAreBetterThanThis #leftwing', '-']",-,content_B,post
t2012,u0527,2021-12-10 20:04:50+00:00,BlackLivesMatter,K***x,"""Defund the police!! #blacklivesmatter #translivematter... But trust the government imposed mandates re: COVID. Yus, yus"" 🙄 idiots","['""Defund the police!! #blacklivesmatter #translivematter... But trust the government imposed mandates re: COVID. Yus, yus"" 🙄 idiots', 'Our focus is to advocate for positive change in our communities, bring love, hope and compassion to people impacted by gun violence and inspire individuals to take action in their neighborhoods. #BlackLivesMatter', 'After promising to tackle racism, UK universities are strengthening ties with the police and putting racially minoritised communities at risk. Remi Joseph-Salisbury explores the institutional connections #highereducation #BlackLivesMatter https://***gP', '-']",-,content_A,post
t2687,u0040,2022-02-13 04:27:51+00:00,BlackLivesMatter,n***t,"White supremacist NFT series is duping Black celebrities out of billions, in buying its digital art. #Changingthenarrative #BlackHistoryMonth #BlackTwitter #blm #blackexcellence #BlackLivesMatter #ados #NBA #NFL #nfts #nftart #ebony #1619Project https://***1O","['When #SNCC was the Black Lives Matter of the Civil Rights Movement #BlackHistoryMonth https://***TM', 'White supremacist NFT series is duping Black celebrities out of billions, in buying its digital art. #Changingthenarrative #BlackHistoryMonth #BlackTwitter #blm #blackexcellence #BlackLivesMatter #ados #NBA #NFL #nfts #nftart #ebony #1619Project https://***1O', 'WAKE UP!!! (SPREAD LOVE ) @j***y x krazyfingaz feat. RELL Click link below https://***JC fist #blacklivesmatter #nojusticenopeace #jamilhonesty #krazyfingaz #blackpower #hiphopsoul #boombaphiphop #rell #soulmusic #icantbreathe', '-']",-,content_B,post
t1554,u2652,2020-12-13 15:33:19+00:00,BlackLivesMatter,d***w,-,"['This song &amp; video is so powerful. We love &amp; support you #keedronbryant BIG things poppin #BlackLivesMatter 🎤🎧🎼👌🏾🙏🏾😍 https://***wI', 'Year-end recap of some things I wrote - First up, I covered the wave of brands finally voicing their support for Black Lives Matter, after many considered the topic ""taboo"" for years: https://***LA', '""You\'re either riding this wave or you\'re getting washed up."" Read our new blog, ""To Be #BlackInMarineScience"" by Tiara Moore. Click on https://***eN #AmplifyWOC #bipoc #blackgirlmagic #melanin #WomenInSTEM #AWOCSpace #phdlife #BlackLivesMatter #RepresentationMatters https://***lx', '-']",tweet_A,-,retweet
t3312,u0599,2022-02-22 13:07:08+00:00,BlackLivesMatter,G***S,Jacob Rees-Mogg urges top civil servants to avoid supporting Black Lives Matter Don't forget to subscribe to the GB News YouTube channel https://***ZF https://***t6,"['""The 3 white men convicted of murdering Ahmaud Arbery have additionally been found guilty of federal hate crimes for targeting him because he was Black.” #blacklivesmatter #AhmaudArbery https://***h2', ""Jacob Rees-Mogg urges top civil servants to avoid supporting Black Lives Matter Don't forget to subscribe to the GB News YouTube channel https://***ZF https://***t6"", 'THIS #BlackHistoryMonth #BlackWallStreet #BlackLivesMatter #Tulsa #RespectfullyWritten #RespectfullyDone #Pathos https://***cn', '-']",-,content_B,post
t2523,u0280,2022-02-09 15:05:21+00:00,BlackLivesMatter,e***_,-,"['Companies like Starbucks claim to believe Black Lives Matter -- until black workers start organizing unions. https://***WG', '#blackhistory #blackexcellence #blacklivesmatter #blackhistorymonth #blackgirlmagic #blacklove #blackpower #blackculture #melanin #blackwomen #black #blm #love #blackisbeautiful #blackmen #blackpeople #africa #kamala #HERstory #blackunity #blackbusiness #KamalaHarris https://***et', '#SCOTUS Shame on you! #BlackLivesMatter #EndGerrymandering #StandAgainstFascism #BeAHeroForVotingRights https://***ga', '-']",tweet_B,-,retweet
t2827,u3121,2022-02-15 15:20:10+00:00,BlackLivesMatter,D***e,-,"['30 million on tiktok #YBM #BlackHistoryMonth #BlackLivesMatter https://***Q1', '#mikesrandomthoughts #RedWave2022 #redwave2024 #JoeBidensAmerica #ChinaJoeBiden #bluelivesmatter #Senate #Congress #houseofrepresentatives #JoeBiden #KamalaHarris #Trump2024 #CandaceOwens #antifascist #BLM #blacklivesmatter #veterans #secondamendment #ATWA #atwar https://***KI', 'The entire triumvirate of Johnson, Patel and Dick, with their neo-colonial fascism, would have to go before real change can take place in policing. Their ethos has infected the whole of public service. #BLMUK #Windrush #BlackTwitterSpace #Blacktwitter #BlackLivesMatter https://***pO', '-']",tweet_A,-,retweet
t2441,u0878,2022-02-07 19:51:11+00:00,BlackLivesMatter,b***e,12-Year-Old Swimmer Competes In ‘Black Lives Matter’ Swimsuit After Duluth YMCA Overturns Official’s Ruling https://***4D,"['""Over the next four months, as her classmates fretted over sophomore prom and physics tests, Gu agonised about which superpower to represent in the 2022 Olympics...Weeks before her...change in allegiance she set up a new company in America, DreamComeGu."" https://***CC', '12-Year-Old Swimmer Competes In ‘Black Lives Matter’ Swimsuit After Duluth YMCA Overturns Official’s Ruling https://***4D', 'Black Lives Matter activist jailed for six years for trying to register to vote after authorities told her she could https://***Cr ...and we think Ji Jinping is the baddie! Amazing the number of RW racists on MSN @M***N', '-']",-,content_B,post
t3309,u2362,2022-02-22 12:40:21+00:00,BlackLivesMatter,r***v,-,"['Australian Elder and Labor only voter, turns back on @A***P @A***r @L***P @g***y due #labor #lies #deception #michaelgunner #nt #blacklivesstillmatter #BlackLivesMatter #aussies #fyp #badvibes #climate #covid #laborliars #scomo #LGBTQI #FYP https://***pm', 'While we celebrate this moment of #JusticeforAhmaud, it is little consolation for the loved ones he left behind. There is no true justice until #BlackLivesMatter. Rest in power, #AhmaudArbery 🎨 by @4***S https://***pc', '#tytlive #ProgressiveVsEverybody #KickThemOut #WhenWeVoteWeWin #OurDemocracyIsUnderFire #DrainTheTraitors #MAGAIsATerroristOrganization #BlacklivesStillMatter #BlackTransLivesMatter #BlacklivesMatter #resist #donate #join #volunteer https://***W2 https://***4P', '-']",tweet_C,-,retweet
