id,author_id,created_at,event_type,username,action_content,content_option,action_object_answer,action_content_answer,action_type_answer
t1592,u0124,2021-01-02 13:48:29+00:00,Covid,V***b,"Using mass spec analysis, we found that coagulation factor XII (FXII) is enriched in postmortem lung tissue from COVID-19 patients.","['Using mass spec analysis, we found that coagulation factor XII (FXII) is enriched in postmortem lung tissue from COVID-19 patients.', 'Last year was a challenging year, characterized by tales of misfortunes, deaths and illnesses. It was a tough moment for many homes and families owing to the unfortunate #COVID19 .', ""Challenges and opportunities for antiviral monoclonal antibodies as COVID-19 therapy. | Samuel K. Lai, University of North Carolina at Chapel Hill | #ADDRjournal #drugdelivery @D***C [50 days' free access] https://***3I https://***Hh"", '-']",tweet_B,content_A,reply
t3834,u2856,2022-03-04 14:18:32+00:00,Covid,P***e,-,"['இனம்புரியா பயம், மன அழுத்தத்தால் இளைஞர்கள், பெண்கள் மோசமாக பாதிப்பு: உலக சுகாதார அமைப்பு எச்சரிக்கை..! https://***pC #COVID19 #coronavirus #WHO @T***s', 'Coronavirus – Kenya: Shot in the arm as Kenya receives 500,000 doses of AstraZeneca vaccine @M***a #Africa #Kenya #Rwanda #COVID19 #Vaccine #Health Read more: https://***5N', '#COVID19Korea stats today (new cases in all 17 regions) 266853 NC (266771↗️ local) Total 3958326: Isolated ?↗️, Discharged ?, Deceased +186😈 (8580) Origin: #quarantine +35 (9895) #Sudogwon +152678, 152672↗️ local (#Seoul 59269 #Incheon 16681 #Gyeonggido 76722) https://***x2', '-']",tweet_C,-,retweet
t1975,u1179,2021-11-28 20:13:32+00:00,Covid,c***p,-,"['A review into two deaths in home isolation has found both deaths were “potentially preventable” . Northern region health authorities have apologised saying health and welfare assessments were too slow. @N***Z #COVID19 #homeisolation #nzpol', '#ATENCIÓN | Hospital del IESS Quito vuelve a incrementar camas para pacientes #COVID19, debido a un repunte de casos. ¿Cuál es la situación en otros hospitales? ▶️ https://***Qa https://***Tp', 'Neues aus der #COVID19Forschung: Forschende des Paul-Ehrlich-Instituts haben die gebildeten Antikörper nach Impfung mit Comirnaty, nach Impfung mit CVnCoV und nach COVID-19-Infektion verglichen. 👉Ergebnisse unter https://***RX https://***ze', '-']",tweet_A,-,retweet
t2729,u2645,2022-02-14 06:22:29+00:00,Covid,m***m,Seorang Pasien Covid-19 Varian Omicron di Salatiga Meninggal Dunia Via: https://***N2 #NOTD,"['Seorang Pasien Covid-19 Varian Omicron di Salatiga Meninggal Dunia Via: https://***N2 #NOTD', '#UPDATE: Pakistan #COVID19 cases Sunday – • Confirmed 1,483,798 • Active 73,398 • Deaths 29,772 • Recovered 1,375,628 – Official Source: @n***l – #CoronavirusPakistan: https://***LE https://***cE', '#leadership #learning #AI #transformation #vision #learn #GKPath #PDT #DT #COVID19 Have a beautiful day of #MeaningfulGrowth, #GeniouxMG.❤️🇺🇸🌎\U0001fad0🚀 🚀Golden #knowledge (#GK) to wisely resolve the current lose-lose situation between #Russia and #Ukraine https://***1k https://***E1', '-']",-,content_A,post
t3896,u1795,2022-03-06 04:14:24+00:00,Covid,n***m,India ranks after the US in terms of #Covid19 cases. Details: https://***bQ https://***fb,"['Consumer sentiment broadly declined across the United States in February despite a rapid fall in new COVID-19 cases, as Americans’ economic concerns shifted from the pandemic to rising inflation. https://***lC #EconTwitter https://***qM', 'India ranks after the US in terms of #Covid19 cases. Details: https://***bQ https://***fb', ""#Birdflu outbreaks. If we don't work to migrate AnimalAg to plant-based products, the next #zoonotic #pandemic may be near. In past 6 months, over 40 countries reported new avian influenza case with World Organization for Animal Health (#OIE) incl. #US. https://***GH"", '-']",tweet_B,content_B,reply
t2341,u1235,2022-02-02 15:50:00+00:00,Covid,N***h,States are addressing school #MaskMandates amidst increasing youth vaccination rates and fluctuations in pediatric #Covid19 cases. Explore states’ up-to-date approaches to school COVID-19 vaccine and mask requirements: https://***kV,"['Encouraging news for parents in Oregon and around the country: Covid-19 vaccines may be available for children younger than five before the end of the month. https://***pn', 'States are addressing school #MaskMandates amidst increasing youth vaccination rates and fluctuations in pediatric #Covid19 cases. Explore states’ up-to-date approaches to school COVID-19 vaccine and mask requirements: https://***kV', 'We all have our own individual reasons for wanting to stop #COVID19: 🤗 hugging loved ones 💃 going out dancing ✈️ traveling ✅ being safe at work 🧘♀️ less stress Share this post and tell us what motivates you to act against Omicron?', '-']",-,content_B,post
t3103,u2674,2022-02-19 10:37:04+00:00,Covid,L***1,"#Health #Coronavirus #COVID19 #CovidVaccines —&gt; As states drop COVID-19 restrictions, some experts warn it's premature to declare victory - ABC News https://***EK","['#AVCNoticias| 💬💬💬 La tesorera municipal en #PozaRica se encuentra bajo investigación interna por las irregularidades que algunos regidores detectaron en relación a la adquisición de pruebas para la detección de #COVID19. #EstáEnAVC 👉https://***p9 https://***gX', '2/5 The effort could yield Africa’s first #COVID19 vaccine. Although vaccine experts had identified several companies on the continent with potential to make the vaccines, #African factories have largely been limited to filling and labelling bottles. https://***H7 https://***99', ""#Health #Coronavirus #COVID19 #CovidVaccines —&gt; As states drop COVID-19 restrictions, some experts warn it's premature to declare victory - ABC News https://***EK"", '-']",-,content_C,post
t1874,u0459,2021-10-07 22:48:35+00:00,Covid,d***y,UK has fully vaccinated ~80% of its &gt; 16 pop (67% of total) and their current situation is: •&gt; 1000 deaths per week •800 people on ventilators •5-10% kids off school for #COVID19 related reasons Critical that while we ⬆️ vax we also push #vaccinesPLUS &amp; #SafeIndoorAir,"['News: More than 140,000 U.S. children lost a primary or secondary caregiver due to the COVID-19 pandemic https://***eL', ""Supply chain professionals have played a central role in our hospitals' response to #COVID19, ensuring that everyone in their walls has the equipment they need to be protected. https://***0v"", 'UK has fully vaccinated ~80% of its &gt; 16 pop (67% of total) and their current situation is: •&gt; 1000 deaths per week •800 people on ventilators •5-10% kids off school for #COVID19 related reasons Critical that while we ⬆️ vax we also push #vaccinesPLUS &amp; #SafeIndoorAir', '-']",-,content_C,post
t3262,u0423,2022-02-21 14:20:29+00:00,Covid,P***i,-,"['The reframing of #Covid19 as dangerous only to the unvaccinated and clinically vulnerable is misguided and dishonest. For many, the disease will be mild, but the dangers of #LongCovid and serious illness remain. Covid is not flu. #CovidIsNotOver #PlagueIsland https://***M0', 'Singapore reports 15,836 new Covid-19 cases, 4 deaths https://***bw https://***Ba', 'Strategi Bali hadapi gempuran COVID-19 varian Omicron https://***f4', '-']",tweet_B,-,retweet
t2978,u1427,2022-02-17 12:26:11+00:00,Covid,M***o,"331 voti favorevoli, 45 contrari. Sì definitivo della Camera alla conversione del decreto n. 221/2021, recante proroga dello stato di emergenza nazionale e ulteriori misure per il contenimento della diffusione dell'epidemia da #Covid19 #OpenCamera https://***UW","['The ongoing disruptions of COVID-19 have created new risks and priorities for the industry in 2022. How will companies address these challenges while capitalizing on new opportunities? Find out here: https://***tx #Tech #TechIndustry', ""331 voti favorevoli, 45 contrari. Sì definitivo della Camera alla conversione del decreto n. 221/2021, recante proroga dello stato di emergenza nazionale e ulteriori misure per il contenimento della diffusione dell'epidemia da #Covid19 #OpenCamera https://***UW"", ""The #pandemic hasn't dampened the demand for #PrivateMarkets. This paper captures what we believe to be the top considerations for both limited partners (LPs) and general partners (GPs). https://***OS #investing https://***Mu"", '-']",-,content_B,post
t2371,u0835,2022-02-04 05:51:00+00:00,Covid,u***m,"Castillo: There are already existing guidelines for the prevention of COVID, aligned with the PDITR strategy for evacuation centers. (2/2) #StopCOVIDDeaths #COVID19 #typhoonodette","['Paper overestimated risk of COVID-19 to endangered apes https://***XI', 'Castillo: There are already existing guidelines for the prevention of COVID, aligned with the PDITR strategy for evacuation centers. (2/2) #StopCOVIDDeaths #COVID19 #typhoonodette', ""COVID-19 Daily Update: Daily averages, updated: February 1 Confirmed Cases: 939 Hospitalizations: 86 Deaths: 14 Tests Conducted: 28,230 Test Positivity: 4.4% See Chicago's full COVID-19 Dashboard: https://***Zm https://***wV"", '-']",tweet_B,content_B,reply
t3670,u1237,2022-03-01 20:36:14+00:00,Covid,A***S,"COVID-19 medications are proven to reduce your risk of severe illness. Medications include pills you can take at home as well as IV treatments given at infusion centers. Getting the right treatment for you, and getting it quickly, could save your life. https://***PS","['COVID-19 medications are proven to reduce your risk of severe illness. Medications include pills you can take at home as well as IV treatments given at infusion centers. Getting the right treatment for you, and getting it quickly, could save your life. https://***PS', ""19/ COVID-19 has been the most severe global mortality shock since WWII, &amp; sadly it's not over yet. Privileged to be a small part of the huge effort led by @j***y, w/ @j***o @r***7 @i***y @l***g @M***a &amp; Hannaliis Jaadla https://***qI"", 'If you have COVID-19 symptoms you should avoid contact with others and order a PCR test. If you test positive, stay at home. https://***1B', '-']",-,content_A,post
t1647,u3217,2021-02-24 17:04:27+00:00,Covid,D***a,"Jako členka meziparlamentní skupiny ČR - Japonsko jsem popřála japonskému císaři ke včerejším 61. narozeninám. Nyní, více než kdy jindy, je třeba si navzájem dodávat odvahu a sílu k řešení současných výzev, ať už jde o pandemii Covid-19 nebo probíhající změnu klimatu. https://***bD","['Anspruchsvolle Bachelorarbeit: Für unser #COVID19-Simulationstool #HPCagainstCorona entworfen die Designstudierenden Valerie Grappendorf &amp; Julien Stoll ein übersichtliches UI, das einen verständlichen Vergleich von möglichen Verlaufsszenarien erlaubt: https://***rW https://***In', 'Glad to see #NATO focus on human security (HS). HS is why issues like #climate #HumanRights #healthcare #COVID19 - often seen as “non-traditional” - are in fact the foundation of national stability. @C***c @E***y @a***m @D***s https://***0J', 'Jako členka meziparlamentní skupiny ČR - Japonsko jsem popřála japonskému císaři ke včerejším 61. narozeninám. Nyní, více než kdy jindy, je třeba si navzájem dodávat odvahu a sílu k řešení současných výzev, ať už jde o pandemii Covid-19 nebo probíhající změnu klimatu. https://***bD', '-']",-,content_C,post
t3044,u2295,2022-02-18 09:15:02+00:00,Covid,C***T,📢 Get your COVID-19 vaccination 💉 TODAY in Paignton. 🚶 Walk-in - no appointment necessary. ❌ Second doses must be at least 56 days after your first. https://***ku,"['📢 Get your COVID-19 vaccination 💉 TODAY in Paignton. 🚶 Walk-in - no appointment necessary. ❌ Second doses must be at least 56 days after your first. https://***ku', 'The White House COVID-19 Response Team @W***e’s senior adviser, Dr. Tom Inglesby @T***y announced that increased efforts will be made to provide proper masks to children. Sharing via the National Public Radio @N***R’s @L***y: https://***8.', '🆘#WAKE🆘#USA🆘#AMERICA🆘#EXTERMINATION OF THE MASS🆘#MILITARY 🆘#POLICE🆘#PEOPLE OPEN YOUR EYES THE💀KILLERS OF THE HUMANITY ARE💀KILLING🆘PEOPLE WITH THE DEADLY💀VAX🖕IN WHO IS💀KILLER #1A #2A #Depopulation #COVID19 #Patriots #PeopleFirst #WakeUpAmerica #Veteran https://***qI', '-']",-,content_A,post
t0373,u2044,2020-04-25 08:15:03+00:00,Covid,y***l,"1/3 Here is a golden opportunity to learn something of lasting value during our COVID-19 hibernation. There have been dozens of articles, dialogues, discussions, even tantrum debates, laboring to compare DAGs and PO frameworks, mostly written by distant commentators, who could","['But never-the-less, #COVID19 is an unprecedented opportunity to rethink how our beliefs, values, and institutions shape our relationships https://***tK', '1/3 Here is a golden opportunity to learn something of lasting value during our COVID-19 hibernation. There have been dozens of articles, dialogues, discussions, even tantrum debates, laboring to compare DAGs and PO frameworks, mostly written by distant commentators, who could', 'Who would have guessed that the best way to build morale among @M***e residents covering ICUs during #COVID19 would be bird team names and performance art in a field of couches. So grateful for their incredible team spirit. https://***cI', '-']",-,content_B,post
t0331,u3028,2020-03-21 20:53:20+00:00,Covid,j***n,-,"['BREAKING NEWS: Due to the recent COVID-19 outbreak, the Piston Cup has been cancelled. https://***OK', 'YO ACUSO A Felipe Calderón,a calumnistas y medios,al capital rapaz,de esparcir mentiras,manipular videos,provocar incertidumbre y desconfíanza,exacerbar el miedo,sabotear la lucha vs el COVID19 Quiere muertos para dar un golpe. Ver y si de acuerdo da RT https://***9J', 'In response to the current situation surrounding #Covid19, with many employees working from home, we have decided to extend our Lumien Free Trial period to a 3 month period. We aim to continue to help businesses across the UK keep their employees healthy and productive! https://***Am', '-']",tweet_B,-,retweet
t0325,u2585,2020-03-17 01:13:31+00:00,Covid,C***i,-,"['Racionalizar las cirugías es esencial en estos momentos. #Covid19 and #urology @I***u @U***b @A***l', 'Le mascherine per evitare il contagio da #covid19 mancano nelle farmacie e negli ospedali, ma dai bangladini abusivi che si trovano all’esterno dei supermercati si trovano a prezzi non certo da ingrosso 😏🤔 https://***YN', ""After having confirmed the news with at least four different sources, we have deleted the tweet about Mexico's 1st #coronavirus victim as we are learning that contradictions on his life have originated within the family. Out of utmost respect we remain silent &amp; vigilant: @t***C"", '-']",tweet_B,-,retweet
t3779,u2563,2022-03-03 15:47:12+00:00,Covid,N***U,-,"['La ola #varianteOmicron aun continua en #Guatemala con 40 mil casos #COVID19 activos reportados y el % positividad en la meseta central aun intenso &gt;20%. Esta ola es la segunda mas intensa solo detrás de #Delta en 2021. La #VacunaCOVID19 protege a los suyos de complicaciones. https://***21', 'As children headed for school after months of online teaching, triggering worry and fear; as Covid-19 cases multiply in schools and debate rages on as to whether children should be vaccinated or not and whether this is the end of our woes .. https://***24', 'The solutions to global challenges such as #COVID19 and the climate emergency are rooted in #HumanRights, UN chief @a***s said on Monday, in a video message to the annual session of the Human Rights Council. #HRC49 https://***R9', '-']",tweet_A,-,retweet
t2884,u0457,2022-02-16 10:43:33+00:00,Covid,P***t,-,"['Post-Covid-Vaccine Long Haulers: An Emerging Concept by @S***5 https://***f0 #Vaccines #COVID #COVID19 #COVID_19 #CovidVaccination #CovidVaccine #CoronavirusPandemic #Coronavirus #Pandemic #Science #Reason #LongHaulers #Health #PublicHealth', '“Teachers feed off the energy of the kids in the room. And I didn’t have that.” Hear from educators, researchers, community members, and statewide leaders on how the state is healing from disruptions caused by COVID-19. https://***BL', '#Japan to cut 7-day #quarantine period to 3, allow in more foreigners https://***iJ', '-']",tweet_B,-,retweet
t2810,u1885,2022-02-15 11:35:59+00:00,Covid,c***s,-,"['ગીર સોમનાથ જિલ્લામાં ટૂંકાગાળામાં ૨૦,૭૪૭ જેટલા પ્રિકોશન ડોઝ આપી દેવામાં આવ્યાં છે. જેમાં આજે અપાયેલા ૪૨૫ ડોઝનો પણ સમાવેશ થાય છે. મીડિયા રીપોર્ટ ; #LarjestFreeVaccinationdrive #Unite2FightCorona #GujaratFightsCovid19 @M***T @I***t @c***m @D***h https://***zy', ""They say 88% of users are satisfied. No mention that most defendants don't enter a plea. When justice chiefs agreed Covid-19 offences could go in SJP as 'least worst' option, they knew some would be wrongly prosecuted. 21 months later, it's still in use https://***W1"", ""#Covid19 en #Normandie : les chiffres restent élevés mais l'incidence affiche -52 % selon le rapport hebdomadaire de l'@a***e ⬇️ https://***KG"", '-']",tweet_B,-,retweet
t3413,u0460,2022-02-23 22:40:52+00:00,Covid,C***L,"Casos confirmados por grupo de edad, Chile 23/02/2022 #GraficoCovid048 #Covid19Chile https://***Ey","['Casos confirmados por grupo de edad, Chile 23/02/2022 #GraficoCovid048 #Covid19Chile https://***Ey', 'Want to learn about social mobility and how employers can improve recruitment from diverse socioeconomic groups in the wake of the #COVID19 pandemic? Register for a free webinar with practical solutions 👇 https://***Un #HR #LevellingUp @w***y @L***r https://***rM', 'An article published in @S***s found that people with dementia experienced worsened neuropsychiatric symptoms like depression, apathy, delusions, anxiety, irritability, and agitation since the outbreak of COVID-19. https://***Ry https://***PG', '-']",-,content_A,post
t2286,u2214,2022-01-30 11:30:46+00:00,Covid,N***k,ประกาศเรื่องผลการรักษาตัวจาก COVID-19 ของ แบงค์ ธิติ ล่าสุดได้รับแจ้งจากทีมแพทย์ถึงผลการรักษาของแบงค์ ว่าหายดีแล้ว จึงสามารถให้แบงค์ออกจาก Hospitel ได้แล้วในวันนี้ ทางนาดาว และแบงค์ขอขอบคุณทุกกำลังใจ และขอให้ทุกคนมีสุขภาพที่แข็งแรงนะคะ🧡 #BankThiti #NadaoArtist https://***mg,"['ประกาศเรื่องผลการรักษาตัวจาก COVID-19 ของ แบงค์ ธิติ ล่าสุดได้รับแจ้งจากทีมแพทย์ถึงผลการรักษาของแบงค์ ว่าหายดีแล้ว จึงสามารถให้แบงค์ออกจาก Hospitel ได้แล้วในวันนี้ ทางนาดาว และแบงค์ขอขอบคุณทุกกําลังใจ และขอให้ทุกคนมีสุขภาพที่แข็งแรงนะคะ🧡 #BankThiti #NadaoArtist https://***mg', 'Please put used personal protective equipment in the trash. #COVID19 https://***0b', 'Spotify says it will add a content advisory to podcasts that discuss Covid-19 as artists move to leave the platform over misinformation https://***aD', '-']",-,content_A,post
t1872,u0895,2021-10-06 19:20:01+00:00,Covid,P***m,"Since the COVID-19 pandemic began, even the most well-laid #marketing plans had to shift drastically and embrace #digitization. See why @m***e thinks that #marketmaturity needs to be the focus in our current #digital landscape via @M***s: https://***3w","['COVID-19 Is killing rural Americans at twice the rate of people in urban areas. The pandemic is devastating rural America, where lower vaccination rates are compounding the already limited medical care. @F***c @R***l #GetVaccinatedNow https://***gX', 'Since the COVID-19 pandemic began, even the most well-laid #marketing plans had to shift drastically and embrace #digitization. See why @m***e thinks that #marketmaturity needs to be the focus in our current #digital landscape via @M***s: https://***3w', 'NEW: Poushawn Brown was assigned to Amazon’s COVID-19 testing team, despite having no medical background. Three months later she got sick and died. Amazon has refused to provide or discuss any financial compensation with her family. https://***Uo', '-']",-,content_B,post
t0660,u1496,2020-07-09 05:50:53+00:00,Covid,d***a,Join Forsage and earn big money from your home. #பாழானபத்தாண்டு #COVID19 #VikashDubey #vikasDubeyEncounter #XavierBritto #forsage #Crypto #Ethereum #StockMarket #bestbusiness #workingfromhome #goodreturns #business #businessowners #networkers #MLM https://***3G,"['My article on masks and COVID-19 The Chin Protection Mask –It is a grotesque continuation of the “wear-a-helmet-when-you-see-a-policeman” mentality Indians have honed for so long https://***Pz via @w***m', 'Join Forsage and earn big money from your home. #பாழானபத்தாண்டு #COVID19 #VikashDubey #vikasDubeyEncounter #XavierBritto #forsage #Crypto #Ethereum #StockMarket #bestbusiness #workingfromhome #goodreturns #business #businessowners #networkers #MLM https://***3G', 'Brigham Resident @A***n serves as a medical fellow in the #DPH, collaborating with the commissioner, state medical director and state epidemiologist, to assist the state with its epidemic response strategy for the #COVID19 pandemic. https://***wq', '-']",-,content_B,post
t0364,u2935,2020-04-17 11:13:29+00:00,Covid,R***y,"One of the few things not in short supply in the COVID-19 era is commentary on the pandemic. With some diffidence, on @P***n I add my reflections to the chorus of expert voices: https://***vU","['When COVID-19 appeared, Milliken sent PPE to support field hospitals in Wuhan. Now, our team in China has returned the gesture, providing 6,000 KN95 masks that we donated to @S***l, @W***h, @R***s of the Upstate &amp; @M***_. Together, we strive! https://***Yc', 'One of the few things not in short supply in the COVID-19 era is commentary on the pandemic. With some diffidence, on @P***n I add my reflections to the chorus of expert voices: https://***vU', 'Bilingual webpage offers extensive COVID-19 resources for Coachella Valley - https://***ZK', '-']",-,content_B,post
t0323,u2308,2020-03-15 21:34:53+00:00,Covid,J***2,-,"['¿Qué están haciendo los italianos durante la cuarentena por cuenta del Covid-19, conocido como #Coronavirus? ¡Pornhub lo sabe! https://***Rv', 'Is it over? Doctors take off masks after closing last temporary #coronavirus center #Wuhan https://***8X', 'The importance of a strong disease surveillance system via @J***g John Nkengasong @A***C : Looming threat of COVID-19 infection in Africa: act collectively, and fast https://***jn', '-']",tweet_C,-,retweet
t3590,u0896,2022-02-28 02:09:39+00:00,Covid,A***r,"That means more people die of COVID19 in America *in a week* than have died in Korea since March 2020. (Not March 2021 or 2022, March 2020.) The US is only six times the size of South Korea. South Korea nears 9000 deaths total while the US nears one million.","['COVID-19 hospitalization rate down to a little more than 5.6% https://***hG https://***gd', 'The #COVID19 pandemic is not over. We must now focus on turning vaccines into vaccinations, ensuring all countries have enough tests, enough oxygen to treat patients, and enough personal protective equipment to keep health workers safe. https://***P2 #ACTogether', 'That means more people die of COVID19 in America *in a week* than have died in Korea since March 2020. (Not March 2021 or 2022, March 2020.) The US is only six times the size of South Korea. South Korea nears 9000 deaths total while the US nears one million.', '-']",tweet_A,content_C,reply
t1335,u0501,2020-10-26 13:43:57+00:00,Covid,m***d,Now that we have discovered warehouses with covid19 palliatives and justified the looting should we return the properties stolen from private establishments or we keep it and justify it also? #nigeriainfomcf #Nigeria https://***Ua,"['“Over the coming months, this collaboration with the #startup ecosystem will allow us to innovate with velocity and purpose. I am inspired by the opportunity to expand the scope of our impact for Canadians in the wake of #COVID19.” https://***oT', 'MATERIAL CONGRESS 2020 Special Registration Price | Globalize your research #COVID19 #MaterialConference Registration Open for oral/poster presentation | Delegate participation | Contact now to get #discount link. #webinar #freejournalpublication Mail at: allenrose045@g***l.com https://***ms', 'Now that we have discovered warehouses with covid19 palliatives and justified the looting should we return the properties stolen from private establishments or we keep it and justify it also? #nigeriainfomcf #Nigeria https://***Ua', '-']",-,content_C,post
t3451,u0347,2022-02-24 17:32:22+00:00,Covid,U***h,"1/7 Daily #COVID19 update from our 5 academic med centers: 14,928 #SARSCoV2 positive patients admitted to date in our 12 hospitals; 10,672 discharged home to date. @U***h hospitals cared for 480 #SARSCoV2 positive inpatients yesterday. Some inpatient tests may be pending. https://***Mj","['Faculty member Lora Cohen-Vogel, Ph.D., provides insights into student learning loss, which has been exacerbated by COVID-19. Educational disruptions are a focus of research for @n***g and #CarolinaAcross100. Read more here ➡️ https://***U7', '1/7 Daily #COVID19 update from our 5 academic med centers: 14,928 #SARSCoV2 positive patients admitted to date in our 12 hospitals; 10,672 discharged home to date. @U***h hospitals cared for 480 #SARSCoV2 positive inpatients yesterday. Some inpatient tests may be pending. https://***Mj', 'Long-time NBA referee says he lost his job for refusing to take the COVID-19 vaccine. https://***s7', '-']",-,content_B,post
t3849,u2474,2022-03-04 20:00:00+00:00,Covid,G***b,#YoMeVacuno 💉 | El hospital temporal del Parque de la Industria amplia el espacio de la clínica post #COVID19 para mejorar la atención a pacientes que presenten secuelas a causa de la enfermedad. https://***u6,"['#YoMeVacuno 💉 | El hospital temporal del Parque de la Industria amplia el espacio de la clínica post #COVID19 para mejorar la atención a pacientes que presenten secuelas a causa de la enfermedad. https://***u6', 'The latest Leave no one behind by Iyad! https://***21 Thanks to @e***t @m***n @P***k #ai #covid19', '#Puebla registró 244 nuevos contagios y 4 defunciones por #Covid19 #Coronavirus 🦠 durante las últimas horas. https://***to', '-']",-,content_A,post
t3658,u2404,2022-03-01 15:59:37+00:00,Covid,g***k,-,"['#Tlaxcala acumulado 41 mil 788 casos positivos, 71 mil 951 negativos, 33 mil 944 recuperados, 2 mil 895 defunciones y 2 mil 272 casos sospechosos de #COVID19 https://***dG', '#EJSports | As #COVID19 cases are declining in the country, Maharashtra sports minister @S***1 is hopeful that crowds will be allowed in the 15th edition of #IPL @I***L https://***uh', 'With just 245 new Covid-19 cases reported and no deaths due to #COVID19 in the last 24 hours. https://***DO', '-']",tweet_B,-,retweet
t3842,u2369,2022-03-04 17:18:14+00:00,Covid,m***z,"The county will continue to offer free COVID-19 testing and vaccine clinics, as well as PPE, to the public. For some, especially immunocompromised and unvaccinated, the risk of serious illness still exists. Thanks to all for your efforts and sacrifice. 2/2 https://***Gn https://***Da","['13,334 doses of #COVID19 vaccine administered in past 24 hours: MoHAP #WamNews https://***SW', '#ÚltimaActualización #BoletínCOVID19 sobre afectación a personal salud en Colombia👇https://***g8 #INSEsVigilancia https://***C8', 'The county will continue to offer free COVID-19 testing and vaccine clinics, as well as PPE, to the public. For some, especially immunocompromised and unvaccinated, the risk of serious illness still exists. Thanks to all for your efforts and sacrifice. 2/2 https://***Gn https://***Da', '-']",tweet_B,content_C,reply
t3218,u3185,2022-02-20 19:54:41+00:00,Covid,C***D,-,"['@r***e @E***c @A***a @e***l @l***n @d***l @E***r @S***i @C***l @c***n @D***T @f***n @D***1 @f***i @d***s Also would be incorrect to say this study proves a mortality benefit. Point estimate suggests it most likely has a benefit, but this is just the best estimate. P-value is insignificant and the confidence interval is wide. So we cannot draw a conclusion one way or the other.', '#COVID19 numbers update for 2/20/22. https://***4j', 'TechQuity seeks to advance health equity and community health resiliency for populations most affected by the COVID-19 pandemic through working with mission-driven startups. To learn more or apply, click below.', '-']",tweet_B,-,retweet
t2120,u2535,2022-01-10 16:00:04+00:00,Covid,A***B,"Hilito 🧵sobre ese peaso documento llamado ""ADAPTACION DE LA GUÍA DE ACTUACIÓN ANTE LA APARICIÓN DE CASOS DE COVID-19 EN CENTROS EDUCATIVOS A UN CONTEXTO DE ALTA CIRCULACIÓN DE VIRUS SARS-CoV-2"" 👇 https://***wN","['#Pfizer marathon in #Lebanon today. Vaccines save lives, yes you might still catch covid19, but the symptoms and effects would be milder than usual. https://***Dq', 'Over the past two years, the #pandemic has exposed new weaknesses and made visible the business risks posed by an unstable #supplychain. These supply chain issues have continued to become more acute and are now front-page news. Read more 👉 https://***6y https://***OK', 'Hilito 🧵sobre ese peaso documento llamado ""ADAPTACION DE LA GUÍA DE ACTUACIÓN ANTE LA APARICIÓN DE CASOS DE COVID-19 EN CENTROS EDUCATIVOS A UN CONTEXTO DE ALTA CIRCULACIÓN DE VIRUS SARS-CoV-2"" 👇 https://***wN', '-']",-,content_C,post
t1833,u1886,2021-09-15 13:33:43+00:00,Covid,K***s,"We have the solutions: first was masks, social distancing, and washing hands Then vaccines It didn’t have to come to this “1 in 500 US residents has died of Covid-19” https://***WQ","['We have the solutions: first was masks, social distancing, and washing hands Then vaccines It didn’t have to come to this “1 in 500 US residents has died of Covid-19” https://***WQ', 'A government-led effort to identify correlates of protection for COVID-19 vaccines. Correspondence from Richard Koup @N***H and colleagues https://***bs', 'Mandates and incentives are being considered to increase uptake of vaccines against COVID-19, but payment for vaccination may be the fairest approach. Comment from @j***u, Jonathan Pugh and Dominic Wilkinson @e***s @U***d https://***mD', '-']",-,content_A,post
t1976,u2393,2021-11-29 15:56:00+00:00,Covid,I***C,📃 Key findings from the South African 🇿🇦 National #COVID19 Antibody Survey: - the role of gender and gendered roles in infection rates - the influence of age and mingling patterns - and other factors Register to attend: https://***vQ - by @H***a,"['📃 Key findings from the South African 🇿🇦 National #COVID19 Antibody Survey: - the role of gender and gendered roles in infection rates - the influence of age and mingling patterns - and other factors Register to attend: https://***vQ - by @H***a', 'So, as per Afghani trader situation is not terribly bad under #Taliban regime. Due to covid19 situation there were very few international stalls. Here’s what an Afghani told me. #IITF #sarasmeinhum #HunarHaat @M***I https://***Of', 'Travel and aviation groups are concerned by the new Covid restrictions. @F***T #SouthAfricaisTravelReady #TourismRecovery #COVID19 https://***cz', '-']",-,content_A,post
t2869,u2444,2022-02-16 01:50:38+00:00,Covid,J***2,"La COVID-19 a creusé un fossé entre les Québécois Régine Laurent En ce qui me concerne, je ne verrai plus jamais le Québec comme avant, les gouvernants, les artistes, les médias et mettez-en .. La guerre des clans ! #polqc #CAQ #assnat #polcan #FractureSociale$","['""Second, with inflation, there are things to expect like during harvest the prices will go down because there is a lot of produce, but periods before, the prices will be slightly high. Finally, there are shocks like COVID-19 which affect inflation.""2/2 @i***i #TheSquareRw', '12 inch Bully Sticks Dogs Natural - Treats ==&gt; https://***Go #3treats #COVID19 #stayathome #stayhome #yummies https://***75', 'La COVID-19 a creusé un fossé entre les Québécois Régine Laurent En ce qui me concerne, je ne verrai plus jamais le Québec comme avant, les gouvernants, les artistes, les médias et mettez-en .. La guerre des clans ! #polqc #CAQ #assnat #polcan #FractureSociale$', '-']",-,content_C,post
t2798,u0563,2022-02-15 08:12:21+00:00,Covid,_***_,Coronavirus Covid-19 UK Report 2/14/2022 More insights: https://***kg #coronavirus #COVID19 #COVID2019 #COVID2020 #COVID19Pandemic #CoronaUpdate #CoronavirusOutbreak #covid19uk https://***O0,"['Sending singer/actor Tyrese our prayers and condolences. His mother, Priscilla Murray passed away on Monday after being hospitalized with COVID-19 and pneumonia last week. https://***BF', 'Coronavirus Covid-19 UK Report 2/14/2022 More insights: https://***kg #coronavirus #COVID19 #COVID2019 #COVID2020 #COVID19Pandemic #CoronaUpdate #CoronavirusOutbreak #covid19uk https://***O0', '¿Te sientes con ‘gripa’? #PilasPuedeSerCOVID. Ahora, cuando Bogotá está entrando al cuarto pico, es necesario que te aísles si tienes síntomas relacionados con COVID-19, por tu salud y la de quienes te rodean. ¡Contamos con tu responsabilidad! https://***UE', '-']",-,content_B,post
t1662,u1505,2021-03-05 22:42:49+00:00,Covid,N***G,-,"['Hey #Nurses! The peak of #fluseason may be winding down, but we are not out of the woods yet! Our #CME course of the week from @w***l focuses on the #Flu and #COVID19. Earn 1 @a***l credit: https://***pM #Nurse #NurseLife #HealthTalk #MedTwitter #CEU', 'Doctor Cyprian Ngon, who lost his father to COVID-19, becomes the first person in Nigeria to be vaccinated today. He has been on the frontlines of pandemic response at the National Hospital in Abuja since the very beginning of the outbreak. https://***ez https://***Rl', 'Many thanks for your hospitality @n***u! It is good to be in #Israel today with @S***n PM Frederiksen. We have closely cooperated with #Israel and #Denmark since the start of the #COVID19-pandemic. https://***ht', '-']",tweet_C,-,retweet
t3637,u0144,2022-02-28 23:28:26+00:00,Covid,J***e,"Tell us, now that COVID-19 mask mandates are going away, what guidelines are you still following? https://***vy","['#Mobility Report (2022-02-25) % of #SriLanka ""Staying Put"" 🔴 MOST #Kundasale 25.9% #Matale 24.4% #KandyFourGravets&amp;GangawataKorale 24.4% 🟢 LEAST #Thamankaduwa 15.6% #Ratnapura 16.4% #Katana 16.4% @H***a @F***k #lka #COVID19SL https://***Ft', 'A #Chinese friend was just commenting on how Chinese view/act differently toward #COVID19, specifically three aspects: ✅ 团结 (tuán jié; unite) ✅ 配合 (pèi hé; cooperate, act in concert with) ✅ 相信政府 (xiāng xìn zhèng fǔ; believe the government)', 'Tell us, now that COVID-19 mask mandates are going away, what guidelines are you still following? https://***vy', '-']",-,content_C,post
t3325,u0676,2022-02-22 16:12:16+00:00,Covid,A***d,"In this Daily Mirror article, I answer questions on the changes to Covid-19 regulations in England. Would you want to share an office with someone who had a positive Covid-19 test the day before? Employers need to think carefully about protecting staff. https://***z5","['https://***9V Connect for Advertisement Ph: +91 9810126851 Mail: info@n***r.com #dailynews #news #india #latestnews #breakingnews #todaysnews #indianews #instanews #dailyupdate #politics #coronavirus #localnews #dailycurrentaffairs #newsonradar https://***NK', 'The latest The Cybele Negris Daily! https://***3P Thanks to @C***W #5things #covid19', 'In this Daily Mirror article, I answer questions on the changes to Covid-19 regulations in England. Would you want to share an office with someone who had a positive Covid-19 test the day before? Employers need to think carefully about protecting staff. https://***z5', '-']",-,content_C,post
t3228,u1915,2022-02-21 00:10:17+00:00,Covid,T***i,"Maharashtra logs six Covid-19 deaths after over 1 month, Mumbai zero https://***fK","['The #UN reports that #pollution by states and companies contributes more deaths globally than #COVID19. #GoGreen #BeVegan #OneWorld https://***De', 'Maharashtra logs six Covid-19 deaths after over 1 month, Mumbai zero https://***fK', 'LIVE: Gov. Justice and state officials provide an update on West Virginia’s COVID-19 response efforts – February 21, 2022. For more information about COVID-19 vaccinations, visit https://***HR or call 1-833-734-0965. #WV #WVGov https://***Bd', '-']",-,content_B,post
t2136,u1844,2022-01-13 03:21:28+00:00,Covid,J***a,-,"['!!️ EMA’s regular press briefing on #COVID19 vaccines and treatments will be broadcast live 🔴 today, 11 January, from 16:00 to 16:30 CET. #EMAPresser 👉https://***R7 https://***wa', 'Did you know frogs are also in a pandemic? 🐸 Today on the Point of Discovery podcast, 🎧 five ways the frog pandemic is like COVID-19 (1/6) https://***xw https://***SM', ""Getting tested helps protect your family, friends, and neighbors from the further spread of COVID-19. If you're looking for a testing site, we're here for you: https://***k. #protectchicago"", '-']",tweet_B,-,retweet
t2306,u2951,2022-02-01 06:06:49+00:00,Covid,a***o,"#México Onésimo Cepeda, obispo emérito de Ecatepec, muere a los 84 años por Covid-19 https://***qi https://***iA","['Some estimates suggest long COVID affects a third of COVID-19 survivors. https://***Be', '#México Onésimo Cepeda, obispo emérito de Ecatepec, muere a los 84 años por Covid-19 https://***qi https://***iA', 'Training for #COVID19 CI/CTs: Cultural Humility: Feb 7-8, 9am-1pm Reg + info: https://***6P Deadline: Feb 1 Learn: * how lived experiences impact community work * effective listening, comms * how to create egalitarian, reciprocal community relationships + more!', '-']",-,content_B,post
t2524,u0220,2022-02-09 15:18:51+00:00,Covid,J***d,"New York state will drop its indoor mask mandate for businesses effective Thursday, according to people familiar with the matter, continuing a push by governors across the U.S. to roll back some Covid-19 restrictions. https://***Ui","['Desde que comenzó pandemia, la Asociación Internacional de Fomento (AIF) del @B***l ha proporcionado más de USD 65 000 millones en #Créditos en condiciones concesionarias y #Donaciones. Aproximadamente la mitad se destina a los esfuerzos de respuesta a la #COVID19.', '#COVID19 vaccine and testing resources are available across the State. Visit https://***4G or https://***Ja to find a vaccine clinic or testing site near you. @S***o @W***h @C***d https://***SW', 'New York state will drop its indoor mask mandate for businesses effective Thursday, according to people familiar with the matter, continuing a push by governors across the U.S. to roll back some Covid-19 restrictions. https://***Ui', '-']",-,content_C,post
t0322,u2237,2020-03-15 19:31:33+00:00,Covid,m***n,In 2008 world renowned psychic #SylviaBrowne predicted #coronavirus... #CoronaVirusOutbreak https://***5o,"['Not happy about the need to self-isolate for #CoronavirusOutbreak, but it does open up more time for #podcast listening so... 🤷♀️ #coronavirus https://***hs', 'In 2008 world renowned psychic #SylviaBrowne predicted #coronavirus... #CoronaVirusOutbreak https://***5o', 'After careful consideration of the current state and trajectory of the Covid-19 pandemic, as well as the health risk that this presents to competitors, staff and fans alike, we have made the difficult decision to cancel to the 4th minor and major tournaments of the DPC season.', '-']",-,content_B,post
t2421,u0763,2022-02-06 22:15:22+00:00,Covid,l***t,Andrea Bordeaux Says She 'Was Fired' from Run the World Series Over COVID-19 Vaccine Mandate [Photo] https://***B4,"['Further Continuation of Temporary Extension of Eligibility for the NIH K99/R00 Pathway to Independence Award During the COVID-19 Pandemic https://***Uf', ""Moderna's full PR here: https://***J5 $MRNA #FDA #NIH #COVID19 #SARSCoV2 #COVID19vaccines #Spikevax 💉😷💉"", ""Andrea Bordeaux Says She 'Was Fired' from Run the World Series Over COVID-19 Vaccine Mandate [Photo] https://***B4"", '-']",-,content_C,post
t2376,u2240,2022-02-04 10:55:03+00:00,Covid,C***S,👨‍🔬👩‍⚕️Investigadores #CIBERES de @F***s @u***o @I***A identifican una variante genética clave para la supervivencia de pacientes #COVID19 y que podría condicionar su respuesta a la dexametasona.https://***1Q ▶️ Colaboran @C***b @H***s e @I***T https://***EN,"['Duterte under quarantine after exposure to COVID-19 positive staff https://***bH', '👨🔬👩⚕️Investigadores #CIBERES de @F***s @u***o @I***A identifican una variante genética clave para la supervivencia de pacientes #COVID19 y que podría condicionar su respuesta a la dexametasona.https://***1Q ▶️ Colaboran @C***b @H***s e @I***T https://***EN', 'The ephemeral effects of fact-checks on COVID-19 misperceptions in the United States, Great Britain and Canada https://***iX', '-']",-,content_B,post
t3563,u3266,2022-02-27 08:50:31+00:00,Covid,v***a,"India today reported 10,273 new #COVID19 cases and 243 fatalities. The cumulative caseload is 42,916,117 (111,472 active cases) and 513,724 fatalities. Worldwide: Over 434.19 million cases and over 5.94 million fatalities. ITOI)","['¡El último El Diario de Sanidad! https://***ug Gracias a @D***o #covid19 #españa', ""Irarebera kandi no ku zindi gahunda harimo imyiteguro ya CHOGM, gufasha abaturage kwirinda ibiza, isuku, gukomeza kwirinda Covid-19 no kongera imbaraga mu gukemura ibibazo by'abaturage n'ibindi. #umuturagekuisonga https://***6M"", 'India today reported 10,273 new #COVID19 cases and 243 fatalities. The cumulative caseload is 42,916,117 (111,472 active cases) and 513,724 fatalities. Worldwide: Over 434.19 million cases and over 5.94 million fatalities. ITOI)', '-']",-,content_C,post
t3454,u0687,2022-02-24 19:53:37+00:00,Covid,G***F,"From the nurses and doctors to the heroic cardiac staff, Jan Elliot shares her appreciation for the people who cared for her at the #Maz after contracting a life-threatening case of COVID-19. Listen to her experience now on @u***3 for UHF's #HeartPledgeDay. https://***Yt","['From today, no more #COVID19 restrictions in England. No self isolation if one is tested positive, no free mass testing. https://***ki', ""From the nurses and doctors to the heroic cardiac staff, Jan Elliot shares her appreciation for the people who cared for her at the #Maz after contracting a life-threatening case of COVID-19. Listen to her experience now on @u***3 for UHF's #HeartPledgeDay. https://***Yt"", 'Nationwide #childnutrition waivers, allowed schools to provide children with the nutrition they need for their health and learning by providing meals in a safe way during the #COVID19 pandemic (1/2) https://***2d https://***Gr', '-']",tweet_A,content_B,reply
t3349,u1336,2022-02-22 22:29:39+00:00,Covid,T***a,"International tourism revenue declines 82%. https://***Nh #Cambodia booked just $184 million in #international #tourism revenue last year, marking an 82% nosedive from $1.023 billion in 2020, as the Covid-19 pandemic curtailed travel throughout the world. https://***Vi","['International tourism revenue declines 82%. https://***Nh #Cambodia booked just $184 million in #international #tourism revenue last year, marking an 82% nosedive from $1.023 billion in 2020, as the Covid-19 pandemic curtailed travel throughout the world. https://***Vi', 'These in-person examinations seem to be the silver lining amidst the hopeless gloom brought forth by the covid-19 pandemic.', 'Cabandié y el negocio de los residuos del Covid-19. https://***Bf', '-']",-,content_A,post
t2921,u2658,2022-02-16 20:31:10+00:00,Covid,b***b,-,"['What could a permanent Covid-19 standard for the health-care industry look like? OSHA employees are working to answer that question. https://***fs', 'I\'m really not sure what the point is of having medical ""experts"" on TV (@C***N, @M***C) giving their opinion on #COVID19. There is no public health value anymore of having commentary that is only grounded in individual opinion.', 'Fellow Kiwis, if there was a referendum in Aotearoa New Zealand🇳🇿 then which option would you vote for as being LESS BAD? #COVID19nz #COVIDzero #PlanB #nzpol🇳🇿', '-']",tweet_C,-,retweet
t1877,u1857,2021-10-12 14:02:31+00:00,Covid,H***a,We continue to operate State of Florida monoclonal antibody sites to expand access to this lifesaving treatment for COVID-19. An updated list of sites is below. You can make an appointment here: https://***bv https://***T3,"['Dr. Baker and Dr. Eggert, both Sentara Pulmonary and Critical Care physicians, discuss the severe risks of an unvaccinated person contracting the COVID-19 vaccine versus the comparably mild and temporary side effects of the COVID-19 vaccine. Trust the facts and #vaxup. https://***dd', 'We continue to operate State of Florida monoclonal antibody sites to expand access to this lifesaving treatment for COVID-19. An updated list of sites is below. You can make an appointment here: https://***bv https://***T3', ""We've had some inquiries about Auslan interpreters not being at @D***t news conferences and we have a response from a spokesperson"", '-']",-,content_B,post
t3100,u2773,2022-02-19 08:52:17+00:00,Covid,c***y,"Sajid Javid: Support for 500,000 Immunocompromised People for whom Covid-19 remains a significant risk - Sign the Petition! https://***jc via @U***e","['Entérate a través de nuestra #infografía de las últimas actualizaciones sobre los casos confirmados de #COVID19 en los países más afectados del mundo, según el recuento del Centro de Ciencia e Ingeniería de Sistemas de la Universidad de Johns Hopkins 👇 #contracovid https://***6u', 'Sajid Javid: Support for 500,000 Immunocompromised People for whom Covid-19 remains a significant risk - Sign the Petition! https://***jc via @U***e', 'It was a pleasure to discuss EU global response to the #COVID19 pandemic, also in humanitarian settings, w/ @K***K in her current role as @W***g Global Ambassador for Vaccination. All the efforts need to be directed to help to overcome the vaccine divide with #Africa. https://***1W', '-']",-,content_B,post
t1801,u1776,2021-07-29 15:26:19+00:00,Covid,c***r,The state of Ohio is accepting applications for four grant programs that target businesses that were significantly impacted during the COVID-19 pandemic. https://***Me https://***Ri,"['Hospitalizations &amp; deaths from #covid19 in the US. Note the steep upward trend in the last few weeks. These are almost entirely unvaccinated folks. Vaccines still protect, even against delta. Get your shot. And #wearamask please. ❤️ https://***iz', 'The state of Ohio is accepting applications for four grant programs that target businesses that were significantly impacted during the COVID-19 pandemic. https://***Me https://***Ri', ""This week's #COVID19 update is now available! https://***W0"", '-']",-,content_B,post
t2821,u1790,2022-02-15 14:30:03+00:00,Covid,o***l,Children 5 to 11 who are at higher risk from COVID-19 or live with someone with a weakened immune system can now receive the COVID-19 vaccine at St Thomas' Hospital 💙 Find out more 👉https://***T6 #SELondon https://***PE,"['#Veracruz: Semáforo #COVID19 del 7 al 20 de febrero, siete municipios en rojo https://***V0 #Verfollow #Xalapa #Tuxpan #Coatzacoalcos #Pánuco #Coatepec #Córdoba #Orizaba #Perote #Alvarado #BocaDelRío #PozaRica #Álamo #Papantla #Tantoyuca #Misantla #Minatitlán #Cardel', '🦠 Cases: By day Date: PCR Cases(Difference | % difference) Tuesday, 15th February: 4,160 Tuesday, 8th February: 3,780(+380 | +10.05%) Tuesday, 1st February: 4,208(-48 | -1.14%) https://***tg #COVID19Ireland https://***st', ""Children 5 to 11 who are at higher risk from COVID-19 or live with someone with a weakened immune system can now receive the COVID-19 vaccine at St Thomas' Hospital 💙 Find out more 👉https://***T6 #SELondon https://***PE"", '-']",-,content_C,post
t2055,u2067,2021-12-27 16:45:27+00:00,Covid,G***b,-,"['.@N***M. Compelling evidence from #Israel: Across age groups studied, rates of confirmed #COVID19 and severe illness were substantially lower in participants who received a #booster dose of @P***r #vaccine than in those who did not. #VaccinesWork https://***ZE #NIH_CEAL https://***kl', '¿Por qué las dosis de las vacunas covid-19 son diferentes para niños, adolescentes y adultos? https://***y5', 'Q&amp;A #08: Innate immunity + vaccine = super immunity? #Omicron #COVID19 #COVID #OmikronVariante Follow us on Telegram https://***ll Gab https://***dA https://***C7', '-']",tweet_B,-,retweet
t3921,u2189,2022-03-07 18:05:08+00:00,Covid,A***1,-,"['#GujaratCoronaUpdate #Gujarat માં આજે #COVID19 ના 61 નવા કેસ, 0 દર્દીના મૃત્યુ તો 186 દર્દીઓ સાજા થયા #Ahmedabad માં આજે 26, #Surat માં 02, #Vadodara માં 14, #Rajkot માં 03 નવા કેસ નોંધાયા કુલ મૃત્યુઆંક 10,934; રાજ્યમાં કુલ 12,11,273 દર્દી સાજા થયા; સક્રિય કેસ- 984 https://***1c', 'Saul #Niguez starts at LWB. Marcos #Alonso is not included in the squad due to Covid-19. 😷 #CFC #BURCHE', ""1/4- Our team proactively focuses on areas that need improvement and/or fast solutions. #COVID19 was a big area of concentration for us (and the world) in '21 &amp; continues to be in '22. Currently we offer three different tools / wellness solutions to combat all phases of COVID-19."", '-']",tweet_A,-,retweet
t2317,u2649,2022-02-01 15:41:00+00:00,Covid,R***H,"Covid-Infected HIV Patient Developed Mutations, Study Shows #COVID19 #HIV #globalhealth https://***gX","['Covid-Infected HIV Patient Developed Mutations, Study Shows #COVID19 #HIV #globalhealth https://***gX', 'Tagesendstand 01/02 Am heutigen #Dienstag wurden 182 neue #Corona Todesfälle gemeldet. 🕯️🖤 7-Tage-Schnitt: 143 Dazu 181.965 neue #Coronavirus Fälle in 🇩🇪 +21,5 % im Vergleich zur Vorwoche 7-T-Inzidenz: 1348,7 (+38,8) LW Di.: 149.735 Fälle, 211 Todesfälle #StaySafeStayHealthy https://***lg', 'A Close Look at Covid’s Deep and Lasting Impact on Payment Trends: https://***7Z #Payment #COVID19 https://***KX', '-']",-,content_A,post
t2064,u1894,2021-12-30 11:08:13+00:00,Covid,c***m,We end the year as we started it. Putting our resources &amp; knowledge at the disposal of the fight against #COVID19 to achieve the so desired normality and doing it all together Thanks @U***F for your tireless work on behalf of the most vulnerable #vaccines https://***Yi https://***Hr,"['We end the year as we started it. Putting our resources &amp; knowledge at the disposal of the fight against #COVID19 to achieve the so desired normality and doing it all together Thanks @U***F for your tireless work on behalf of the most vulnerable #vaccines https://***Yi https://***Hr', 'Unfortunately COVID kept coming back. A big beneficiary was the QR code which had a hell of a comeback. Curious though, do you like a traditional menu or scanning a QR code? They both have their pros and cons. #2021 #COVID19 #2021tech https://***3y', 'Texas’ health services department is warning that five of its regional infusion centers have run out of the only monoclonal antibody treatment known to be effective against the omicron variant of COVID-19. | via @T***e https://***Fh', '-']",-,content_A,post
t2738,u2574,2022-02-14 11:56:21+00:00,Covid,r***y,-,"[""Hawke's Bay has five new #Covid19 cases, including first community [ https://***Y2 ] Il y a 3heures Please leave our testing #Centres for those who really need to be tested.We need to test the school contacts at Boys' High, close contacts of the https://***dJ"", '”Every fortnight in Sweden, a person using home care services meets an average of 15 health and social care workers, each of whom have contact with more than ten clients...” ⚠️ #covid19sweden', '#Covid19 le couvre-feu levé, annonce le gouvernement', '-']",tweet_B,-,retweet
t3205,u2298,2022-02-20 15:24:31+00:00,Covid,K***E,"Korschenbroich - 7-Tage-Inzidenz-Wert - Aufschlüsselungen Daten, #Korschenbroich, #SARSCoV2, #Coronavirus, #Aufschlüsselung, #Alter, #Wohnort, #Geschlecht, #Infektionen, https://***tQ","['AIFA approva la quarta dose: per chi, cosa, come e la troppa confusione al riguardo #AIFA #approfondimento #COVID19 #immunodepressi #novax #quartadose #vaccino https://***9x', 'Just getting in to this: Socioeconomic Status as a Risk Factor in Economic and Physical Harm from COVID-19: Evidence from the United States - \u2066@j***l\u2069 &amp; Ember Smith https://***he', 'Korschenbroich - 7-Tage-Inzidenz-Wert - Aufschlüsselungen Daten, #Korschenbroich, #SARSCoV2, #Coronavirus, #Aufschlüsselung, #Alter, #Wohnort, #Geschlecht, #Infektionen, https://***tQ', '-']",-,content_C,post
t3579,u2955,2022-02-27 17:26:21+00:00,Covid,D***A,State COVID-19 Vaccination update as on (27th February 2022) @c***a @m***r @C***a @H***y @K***t @I***y @W***e @b***e @B***a @P***u @K***e https://***bg,"['Cockroach Control Service For Free Inspection &amp; Pest Evaluation Call PEST Dr. CALL - 080-41229005 / 9941229005 acuitypestcontrol@g***l.com website :https://***PY https://***qx #acuitypestcontrol #pestcontrol #bestpestcontrolservice #coronavirus #disinfection https://***Gk', 'Speed of COVID-19 vaccination efforts is key - my blog with \u2066@P***l\u2069 \u2066@U***P\u2069 \u2066@W***O\u2069 \u2066@P***r\u2069 \u2066@U***F\u2069 \u2066@T***n\u2069 https://***eg', 'State COVID-19 Vaccination update as on (27th February 2022) @c***a @m***r @C***a @H***y @K***t @I***y @W***e @b***e @B***a @P***u @K***e https://***bg', '-']",-,content_C,post
t0667,u1218,2020-07-13 16:08:25+00:00,Covid,b***e,"""Is the far-right government of Narendra Modi exploiting the crisis to target Muslims and the media?"" Arundhati Roy on India and the #coronavirus &gt; in conversation with Mehdi Hasan &gt; https://***pQ #Covid19 @t***t @m***n #ArundhatiRoy","['#Covid19India The flattening of the R[t] at around 1.10 means, effectively, a 10% increase WoW in daily case numbers. 27K -&gt; 30K -&gt; 33K -&gt; 37K -&gt; 41K -&gt; 45K -&gt; 50K -&gt; 55K -&gt; 61K -&gt; 67K -&gt; 74K -&gt; 82K -&gt; 90K -&gt; 100K Per Day. In the next 12-14 Weeks. #MaskUp! or #StayHome https://***fQ', '""Is the far-right government of Narendra Modi exploiting the crisis to target Muslims and the media?"" Arundhati Roy on India and the #coronavirus &gt; in conversation with Mehdi Hasan &gt; https://***pQ #Covid19 @t***t @m***n #ArundhatiRoy', 'If you need COVID-19 test right now, even with symptoms like high fever &amp; you are an essential worker, wait time is about 10 days. Just to get tested. That’s disastrous, dangerous unacceptable. I’ve asked DPH what they’re doing to change this. This is incredibly urgent. @S***H?', '-']",-,content_B,post
t0379,u1715,2020-05-01 15:14:16+00:00,Covid,f***e,How to Drive More Customers to Your Restaurant’s Online Ordering Page During Covid-19 https://***qI via @g***e,"['How to Drive More Customers to Your Restaurant’s Online Ordering Page During Covid-19 https://***qI via @g***e', '🗣 Feliz Día del Trabajador Donde estés, da siempre lo mejor❗️ #DiaDelTrabajo #trabajo #trabajadores #covid19 #pandemia #ecuador Centro Médico Vida 📞 1800 CMVIDA 268432 PBX (+593) 2269748 🌐 https://***e5 ✔ Av. 6 de Diciembre N40-34 y Gaspar de Villarroel https://***Iw', ""It's a huge honor to join carineroitfeld and CR Runway in Fashion Unites, a global event with @a***r against COVID-19. @d***g YouTube’s Head of Fashion and Beauty will host the world’s first virtual fashion... https://***HC"", '-']",-,content_A,post
t0501,u2042,2020-06-03 17:36:02+00:00,Covid,c***l,"Le vendredi 19 juin à 10 h, participez à la causerie À la une @C***R avec l’honorable @m***g et la secrétaire parlementaire @R***n du ministère de la Petite Entreprise, de la Promotion des exportations et du Commerce international. #ccmm #covid19 Inscriptions 👇","[""Laying off hundreds of educators will not address the educational and economic inequities laid bare by this COVID-19 pandemic. This is exactly why the Senate must pass the HEROES Act today and why Mitch McConnell's lack of urgency is so dangerous. https://***9V"", 'Le vendredi 19 juin à 10 h, participez à la causerie À la une @C***R avec l’honorable @m***g et la secrétaire parlementaire @R***n du ministère de la Petite Entreprise, de la Promotion des exportations et du Commerce international. #ccmm #covid19 Inscriptions 👇', 'Interesting stats on deaths in UK caused both directly and indirectly by #COVID19 https://***YY', '-']",-,content_B,post
t0349,u1604,2020-04-05 03:04:41+00:00,Covid,A***i,"We should have been wearing them from the beginning (and we'd have fewer people in the hospitals), but it's been argued that some organization wanted to corner the market first. 🤔 #masks4all #coronavirus #COVID19 https://***cv","[""We should have been wearing them from the beginning (and we'd have fewer people in the hospitals), but it's been argued that some organization wanted to corner the market first. 🤔 #masks4all #coronavirus #COVID19 https://***cv"", 'South Korea is the #2 Country by COVID-19 Treatment Efficiency #StaySafeStayHome https://***GM @T***G @T***R @m***5 @m***l @o***n @J***A @a***m @a***r @M***g https://***kh', 'New social innovation example for #Covid_19 🌻 Navimize: a patient management solution, help practices manage sick patients and #prevent the #disease from spreading to others. Wait, what? 👉 https://***7p #socinn #innovation #socialimpact #coronavirus @n***e https://***Nl', '-']",-,content_A,post
t3048,u1281,2022-02-18 11:00:05+00:00,Covid,I***a,"📣 Announcement! In light of the recent increase of COVID-19 cases, our IDEAS 12th anniversary dinner originally set on 10 March 2022 has been postponed to 25 August 2022 in conjunction with Merdeka month. Stay safe and we hope to see you all in August! https://***hi","['📣 Announcement! In light of the recent increase of COVID-19 cases, our IDEAS 12th anniversary dinner originally set on 10 March 2022 has been postponed to 25 August 2022 in conjunction with Merdeka month. Stay safe and we hope to see you all in August! https://***hi', 'Sanitation post-COVID 19: Tissue paper not in fashion, learn to wash https://***Mn #Sanitation #postcovid19 #Tissuepaper #washhands #covidー19 #covid19pandemic #Ebola #Africa #UNICEF', ""More than 12M U.S. children have been infected with the virus that causes COVID-19. We don't know what that means in the long term. We have a safe and effective #vaccine that can protect them. Please #VaccinateYourKids and surround them with vaccinated adults. https://***zj"", '-']",-,content_A,post
t1235,u0147,2020-10-12 16:30:26+00:00,Covid,R***l,"Today, NM celebrates Indigenous Peoples’ Day, honoring the deep history, culture, and contributions of our many Tribes &amp; Pueblos. As we continue to strive towards healing &amp; growth amid the COVID-19 pandemic, I am grateful to work in partnership w/ our tribal sovereign governments","['#UN continues to assist by supplying critical #COVID19 supplies to #Gaza. Today 14,000 more swabs were delivered by @W***O with the support of @U***d and @U***m. Thank you @D***b and @W***t for your relentless efforts.', 'Is 6 feet really a safe distance? Should I go to a bar? There are still many questions about COVID-19. We asked experts for the answers. https://***T0', 'Today, NM celebrates Indigenous Peoples’ Day, honoring the deep history, culture, and contributions of our many Tribes &amp; Pueblos. As we continue to strive towards healing &amp; growth amid the COVID-19 pandemic, I am grateful to work in partnership w/ our tribal sovereign governments', '-']",-,content_C,post
t3944,u0590,2022-03-12 08:13:57+00:00,Covid,P***y,The Unintended Consequences of the pandemic on Non-COVID-19 Research Activities | Impact of Social Sciences https://***2V,"['Like many industries, the COVID-19 pandemic has made a lasting impact on accounting. Many of us found ourselves scrambling to conduct business in new ways with new technologies, just to survive. (From @C***r) https://***mI', '✅Producing more affordable housing than nearly any other area in the City since 2009 ✅Leading local efforts to reform Costa Hawkins and expand rent control protections ✅Passing the nation’s strongest COVID-19 eviction protections (8/9)', 'The Unintended Consequences of the pandemic on Non-COVID-19 Research Activities | Impact of Social Sciences https://***2V', '-']",-,content_C,post
t1770,u0881,2021-06-24 16:22:15+00:00,Covid,m***e,-,"['Emergenza Covid, i dati sui vaccini somministrati in #Calabria martedì 22 giugno. Il report è a cura del progetto COVIDA, che rende accessibili e facili da consultare tutti i dati sulla pandemia e sulla campagna vaccinale in Calabria 👉 https://***DR #covid19 #vaccini https://***HH', 'Read @C***i blog on domestic abuse and #Covid19 . It is is important to keep talking about this issue and to put survivors at the heart of our recovery plans. Investment in domestic abuse organisations is essential for survivors to be supported https://***O2', 'Global economic growth accelerated to the fastest for 15 years in May as economies continued to open up from COVID-19 related restrictions. Get the $INFO: https://***oE @I***I https://***Fm', '-']",tweet_A,-,retweet
t3868,u1763,2022-03-05 08:32:27+00:00,Covid,c***s,"Active cases drop to 49,374. One laboratory did not submit data. More COVID-19 updates here: https://***s5","['Workers say they have been on the front lines serving meals throughout the COVID-19 pandemic yet they can make as little as $10,000 a year. #UnionsForAll https://***IF', 'Active cases drop to 49,374. One laboratory did not submit data. More COVID-19 updates here: https://***s5', 'Measuring the effects of COVID-19-related disruption on #denguetransmission in southeast Asia and Latin America: a statistical modelling study https://***j0', '-']",tweet_A,content_B,reply
t3497,u0821,2022-02-25 18:01:04+00:00,Covid,t***r,COVID-19 Back to Work checklist. #postpandemic #postpandemicworkplace #pandemicworkplace #SafetyProfessionals #SafetySoftware #workplace https://***7m https://***Me,"['COVID-19 Back to Work checklist. #postpandemic #postpandemicworkplace #pandemicworkplace #SafetyProfessionals #SafetySoftware #workplace https://***7m https://***Me', 'Increase in SARS-CoV-2 RBD-specific IgA and IgG Antibodies in Breast Milk from Lactating Women Following the COVID-19 Booster Vaccination https://***nH #medRxiv', '#dailyvaccinationupdate नाशिक महानगरपालिका,नाशिक सार्वजनिक आरोग्य विभाग नागरिकांना सूचित करण्यात येते की, दिनांक : २६-०२-२०२२ रोजी कोविड १९ लसीकरण चालू राहणार आहे. याची नाशिककर नागरिकांनी नोंद घ्यावी. #vaccination #COVID19 #mynashik #BreakTheChain #stopthespread #mynmc https://***7n', '-']",-,content_A,post
t2343,u2636,2022-02-02 16:02:18+00:00,Covid,L***n,"Just Published: Employment Law During a Pandemic by Sean J. O’Donnell - https://***e. Featuring #casestudies based on COVID-19, this text includes answers to the most pressing #employment &amp; pandemic-related questions. @S***l #EmploymentLaw #LexisNexis #LNCanada https://***EP","['#Pandemic strategy in the West :""produce, consume, die"" (CCCP\'s ""produci,consuma,crepa"", 2.10 onwards; @H***r\'s idea,&amp; I agree) Capitalism is an extremely plastic, adaptable bad idea; right now (&amp;for the foreseeable) it\'s feeding on Covid deaths. https://***fz', 'Just Published: Employment Law During a Pandemic by Sean J. O’Donnell - https://***e. Featuring #casestudies based on COVID-19, this text includes answers to the most pressing #employment &amp; pandemic-related questions. @S***l #EmploymentLaw #LexisNexis #LNCanada https://***EP', 'For more on predictors of uncertainty or unwillingness to have future #COVID19 vaccinations see our new paper just accepted @L***e https://***NE 5/5 end.', '-']",-,content_B,post
t0366,u2510,2020-04-19 14:34:15+00:00,Covid,g***d,"Join Global #gtchat (#gifted #talented) Powered by #TAGT @T***d this week (4/23 US). Our topic: ""#Parenting GT Kids in Extraordinary Times"". #NAGC #edchat #txeduchat #AussieED #vicpln #sunchat #SundayMorning #COVID19 https://***AX","['Scriptural statements leave lasting significance! #CoronavirusOutbreak https://***8C', 'Since Monday the @U***N flag has been flying at half-staff in solidarity with our extraordinary host community. It will remain so while New York is on PAUSE. #COVID19 📸: @U***o https://***rH', 'Join Global #gtchat (#gifted #talented) Powered by #TAGT @T***d this week (4/23 US). Our topic: ""#Parenting GT Kids in Extraordinary Times"". #NAGC #edchat #txeduchat #AussieED #vicpln #sunchat #SundayMorning #COVID19 https://***AX', '-']",-,content_C,post
t3430,u0577,2022-02-24 07:10:13+00:00,Covid,R***n,https://***vL Connect for Advertisement Ph: +91 9810126851 Mail: info@n***r.com #dailynews #news #india #latestnews #breakingnews #todaysnews #indianews #instanews #dailyupdate #politics #coronavirus #localnews #dailycurrentaffairs #newsonradar https://***vT,"['#Laos has reduced its value-added #tax (#VAT) rate as part of the government’s support of the post-COVID-19 economy. What are the amendments to Laos’ VAT Law? https://***5c', 'https://***vL Connect for Advertisement Ph: +91 9810126851 Mail: info@n***r.com #dailynews #news #india #latestnews #breakingnews #todaysnews #indianews #instanews #dailyupdate #politics #coronavirus #localnews #dailycurrentaffairs #newsonradar https://***vT', '""Dünya Sağlık Örgütü’nün vurguladığı gibi dünya genelinde haftada 70 bin kişi COVID-19 nedeniyle kaybedilirken, pandeminin sonlandığından söz edebilmek mümkün değil."" #Covid19 https://***hG', '-']",-,content_B,post
t2053,u2873,2021-12-25 13:31:32+00:00,Covid,d***n,मैंने सभी को क्रिसमस की शुभकामनाएं दी और कोरोना से बचाव हेतु सभी से कोविड एप्रोप्रियेट बिहेवियर अपनाने का अनुरोध किया। #Christmas2021 #MerryChristmas #ईसा_मसीह #COVID19 #COVID19Vaccine #COVIDAppropriateBehaviour https://***Oa,"['Overheard: “Have you been with anyone else—I mean, in the sense of unprotected breathing?” #COVID19 #COVID19', '#Covid19, conferenza stampa del Ministro della Salute @r***a, con il coordinatore del Cts Locatelli e il portavoce del Cts Brusaferro. Diretta https://***oX', 'मैंने सभी को क्रिसमस की शुभकामनाएं दी और कोरोना से बचाव हेतु सभी से कोविड एप्रोप्रियेट बिहेवियर अपनाने का अनुरोध किया। #Christmas2021 #MerryChristmas #ईसा_मसीह #COVID19 #COVID19Vaccine #COVIDAppropriateBehaviour https://***Oa', '-']",-,content_C,post
t2354,u1837,2022-02-03 07:21:57+00:00,Covid,r***o,Dagen börjar bra.Restriktionerna tas bort den 9 februari.Hoppas att vi i närtid tar bort klassningen av Covid19 som samhällsfarlig sjukdom o tar bort pandemilagen.Vaccinationerna ökar i snabb takt. Tack till alla er som vaccinerat er. För Er skull och för samhällets skull.#pol,"[""No One Can Cap the Pistol: Twilight for Pete Maravich, Hoops' Most Talented Loser - https://***2A #PMP #PPM #project #Agile #cybersecurity #bitcoin #ai #SAFe #zerotrust #virtual #mindmap #remote #COVID19 #scaledagile #creative https://***CY"", '1.Akumulasi kasus terkonfirmasi positif #Covid19 hingga 3 FEBRUARI 2022 pukul 18.00 WIB ada 113949 kasus dengan 7782 kasus konfirmasi aktif, 103990 sembuh dan 2177 meninggal', 'Dagen börjar bra.Restriktionerna tas bort den 9 februari.Hoppas att vi i närtid tar bort klassningen av Covid19 som samhällsfarlig sjukdom o tar bort pandemilagen.Vaccinationerna ökar i snabb takt. Tack till alla er som vaccinerat er. För Er skull och för samhällets skull.#pol', '-']",-,content_C,post
t3223,u0445,2022-02-20 21:02:11+00:00,Covid,f***e,"“Ivermectin is not recommended for coronavirus disease, also known as COVID-19, unless you enrolled in a study.” Yet sanctioned physicians continue to find ways to subvert the regulators. Shameful. https://***m7","['“Ivermectin is not recommended for coronavirus disease, also known as COVID-19, unless you enrolled in a study.” Yet sanctioned physicians continue to find ways to subvert the regulators. Shameful. https://***m7', 'During a health crisis, #HealthWorkers &amp; health officials need up-to-date &amp; real-time access to info. During West Africa’s outbreaks of #Ebola in 2014 &amp; #COVID19 in 2020, mHero provided just that. @O***E | @j***s | @t***s | @U***F https://***rs', '#ALERTA 🚦 Salud actualiza el Tablero de Alertas Sanitarias Covid-19, este sábado, 19 de febrero 2022. 🔴 Alerta roja 224 🟠 Alerta naranja 112 🟡 Alerta amarilla 4 ¿Qué opina del marcado aumento de municipios en alerta roja? #NuestroDiario https://***ll', '-']",-,content_A,post
t2582,u2452,2022-02-10 14:32:17+00:00,Covid,T***w,https://***ae @_***d secures £100m from @B***s to help fund SME recovery loans #pandemic #Lending https://***CR,"['https://***ae @_***d secures £100m from @B***s to help fund SME recovery loans #pandemic #Lending https://***CR', 'Aimee Green (@T***S) talks on challenges faced by oncology allied health professionals during the #COVID19 pandemic 🦠 Watch now: 👉https://***Q👈 @T***T @E***y #CART22 #CARTcell #CARTtherapy #ImmunoOnc #HemOnc #tcellrx #OncoRN #SuppOnc', 'The two chief ministers traded allegations over Prime Minister Narendra Modi’s statement in Lok Sabha that the Opposition had instigated and pushed migrants away from Mumbai and Delhi during the first COVID-19 wave https://***Rf', '-']",-,content_A,post
t1621,u1896,2021-02-01 19:00:15+00:00,Covid,S***A,🎙Podcast #36 - Capturing the Zeitgeist w/ Zoom CIO Advisor Gary Sorrentino 👀Gary shares updates on #ZOOM security &amp; cool backgrounds 👉 https://***Aa @S***A #TheBullsEyeGuy #MonetaPro #fintech #Podcast #Tech #COVID19 #Pandemic #videoconferencing #GoToMeeting https://***8D,"['🎙Podcast #36 - Capturing the Zeitgeist w/ Zoom CIO Advisor Gary Sorrentino 👀Gary shares updates on #ZOOM security &amp; cool backgrounds 👉 https://***Aa @S***A #TheBullsEyeGuy #MonetaPro #fintech #Podcast #Tech #COVID19 #Pandemic #videoconferencing #GoToMeeting https://***8D', 'The Covid-19 Coronavirus Gullibility Test What Government Is Asking Americans To Believe and What the Lockdowns Are Uncovering. By Bill Sardi https://***Me https://***3A', 'BREAKING: Ontario’s first case of South African variant of COVID-19 confirmed in Peel Region https://***32 https://***0o', '-']",-,content_A,post
t0362,u2488,2020-04-15 15:47:59+00:00,Covid,t***n,This is really cool - love seeing people coming together #cometogether #supporteachother #inthistogether. #fightcovid19 #internationalsingalong Wonderful World International Sing-along to fight COVID-19 https://***2S via @Y***e,"['This is really cool - love seeing people coming together #cometogether #supporteachother #inthistogether. #fightcovid19 #internationalsingalong Wonderful World International Sing-along to fight COVID-19 https://***2S via @Y***e', ""This week's #AnitaBConversationer webinar is Federal Policy: Responding to Women in Tech in Crisis. Join #AnitaB President &amp; CEO @B***W as she connects an amazing group of panelists. Register now to join us on 4/16 at 3 p.m. ET. https://***ZG #Covid19 https://***uZ"", 'Aportando mi granito de arena, desde mis competencias como psiquiatra, quiero invitar a médicos y enfermeros (a) a un webinar gratuito martes 14/04 8pm escribe cuidatumentecitas@g***l.com COVID-19 AYUDA EMOCIONAL-Guia practica Favor difundir #QuedateEnCasa #COVID2019Ec https://***oc', '-']",-,content_A,post
t2380,u1236,2022-02-04 14:15:01+00:00,Covid,w***t,"The Opening Ceremonies for the 2022 Winter Olympics in Beijing are underway amid strict COVID-19 protocols and a diplomatic boycott from several countries, including the U.S. https://***R8","['The Opening Ceremonies for the 2022 Winter Olympics in Beijing are underway amid strict COVID-19 protocols and a diplomatic boycott from several countries, including the U.S. https://***R8', 'People with a learning disability are more likely to become seriously ill from coronavirus, and are now being offered the COVID-19 booster🛡️ Watch the video below for more information... #LearningDisability #GetBoosted #VaccinateBCWB💙 https://***5r', 'The vaccine mandates makes no sense in what is supposed to be a free country. They do not match the clinical picture &amp; they are in opposition to the will of millions. US Army starts kicking out COVID-19 vaccine refusers after over 3,000 soldiers https://***pE', '-']",-,content_A,post
t1993,u0875,2021-12-07 00:27:31+00:00,Covid,D***e,Thanks to @D***D for speaking at the Nassau Pediatric Society tonight on #COVID19. He is cohost of “This Week in Parasitism” podcast (https://***). https://***Ri,"['#COVID19 update,5th Dec: 18 new cases out of 2,851 tests (0.6% positivity); 12 recoveries; and no deaths recorded. See details below #GetVaccinated #StayHome #StaySafe #WashYourHands #MaskUp #PhysicalDistance #VaccinesSaveLives #SeekMedicalAttentionEarly https://***np', 'Disorders of consciousness associated with COVID-19 https://***EQ', 'Thanks to @D***D for speaking at the Nassau Pediatric Society tonight on #COVID19. He is cohost of “This Week in Parasitism” podcast (https://***). https://***Ri', '-']",-,content_C,post
t3478,u1967,2022-02-25 10:14:29+00:00,Covid,k***k,The Government has announced its plans for ‘living with Covid-19’ in England. Summary of our response ⬇️,"['Are there limits to the types of at-home #COVID19 tests that must be covered by insurance? Find out here. #EmployeeBenefits #HealthCare https://***F4 https://***hh', 'The Government has announced its plans for ‘living with Covid-19’ in England. Summary of our response ⬇️', 'Update: The efficacy, effectiveness and safety of SARS-CoV-2 disinfection methods (including ozone machines) in educational settings for children and young people https://***LS read/write/request review https://***yM #coronavirus #COVID19', '-']",-,content_B,post
t3504,u1297,2022-02-25 20:03:41+00:00,Covid,W***o,".@b***u is following the state of Illinois in relaxing its indoor masking mandates come Monday. Masks will only be required in classrooms, labs, health and counseling services, and in BU police cruisers. https://***ib #highered #COVID19","['“I do understand that we want to be done with COVID-19, though the truth is we cannot promise that COVID-19 is done with us. This pandemic has taught me that we cannot always predict what is right around the corner,” says @D***D. https://***IB', '👉 Emma Donaldson, a Lead Clinical Research Practitioner at @B***T, is working on the @B***h study into helping older people deal with depression and loneliness during COVID-19. 📖 Read more: https://***Dg #COVID #COVIDResearch #MentalHealth https://***qX', '.@b***u is following the state of Illinois in relaxing its indoor masking mandates come Monday. Masks will only be required in classrooms, labs, health and counseling services, and in BU police cruisers. https://***ib #highered #COVID19', '-']",-,content_C,post
t2018,u1903,2021-12-13 17:31:06+00:00,Covid,A***d,The continued spread of #COVID19 is a reminder that we are all in this together. #OnlyTogether https://***X8,"['Joburg Health District team in collaboration with Gauteng Department of Roads and Transport will tomorrow conduct Covid-19 vaccination drive @D***e mall, Soweto. Get your jab to allow yourself and your family a safe festive season #IChooseVaccination https://***0u', 'The continued spread of #COVID19 is a reminder that we are all in this together. #OnlyTogether https://***X8', 'Sweden has donated 535 200 doses of COVID-19 vaccine to Bangladesh. These doses were distributed to through the COVAX initiative. Global challenges require global solutions and solidarity. No one is safe until everyone is safe. Photo: UNICEF Bangladesh/2021/Sujan https://***qy', '-']",-,content_B,post
t2979,u0213,2022-02-17 12:30:04+00:00,Covid,h***s,"In times of the covid-19 pandemic, you need your #immunity to be stronger than . So, refrain from committing these everyday mistakes that can weaken it. #Covid19 #Selfcare #Healthshots https://***aN","[""Yes, because it's totally reasonable to think the end of a pandemic can be legislated. #cdnpoli #COVID19"", 'In times of the covid-19 pandemic, you need your #immunity to be stronger than . So, refrain from committing these everyday mistakes that can weaken it. #Covid19 #Selfcare #Healthshots https://***aN', 'Download our 2022 Outlook Survey Report to see what the greatest COVID-19 related expense. #behavioralhealth #mentalhealth #staffing #telehealth https://***3J', '-']",-,content_B,post
t1722,u0136,2021-04-22 14:38:52+00:00,Covid,D***m,I had the opportunity to edit this superb story from (twitter-less) Ariel Kim and Anjeli Macaranas reporting on backlash to a Harvard study on the emergence of Covid-19 in Wuhan. Give it a read here: https://***pM,"['""Covid-19 has hit this country with a ferocity not seen before...but not unexpected either"". WARNING - this is a very distressing but necessary report from @y***l, Fred Scott and Sanjay Ganguly on the human catastrophe unfolding in #Delhi. Please watch #CovidIndia #BBCNewsTen https://***0n', 'I had the opportunity to edit this superb story from (twitter-less) Ariel Kim and Anjeli Macaranas reporting on backlash to a Harvard study on the emergence of Covid-19 in Wuhan. Give it a read here: https://***pM', ""If the Serum Institute isn't making a profit by selling the vaccine at ₹157, it's ok to sell it at a higher price in the open market. However, the government should ensure that the pricing isn't manyfold the actual cost of production. #Covishield #COVID19"", '-']",-,content_B,post
t2527,u2780,2022-02-09 15:43:57+00:00,Covid,a***d,At Benjamin Franklin High School today just completed #COVID19 #Vaccine #Education session. #Access #Opportunity https://***YG Now students are coming down 2 be vaccinated 👏🏾 ‘til 2pm &amp; Th. 2-7p Ty guys for your attention and real questions! Community vax too!! https://***UW,"[""France's response to the Covid-19 pandemic: between a rock and a hard place https://***ei"", 'Most all of us have felt the exhaustion of pandemic-era decision-making. Isn’t it? Did you know that your struggle has a name called Decision Fatigue? Know more : https://***B3 #Pandemic #DecisionFatigue #Fatigue #Healthcare #MedNews https://***Rx', 'At Benjamin Franklin High School today just completed #COVID19 #Vaccine #Education session. #Access #Opportunity https://***YG Now students are coming down 2 be vaccinated 👏🏾 ‘til 2pm &amp; Th. 2-7p Ty guys for your attention and real questions! Community vax too!! https://***UW', '-']",-,content_C,post
t2975,u1378,2022-02-17 11:49:00+00:00,Covid,R***g,"With Covid-19 protests persisting in Ottawa, police tell demonstrators to clear out #Canada #Ontario #Ottawa #NationalEmergency #FreedomConvoy #JustinTrudeau #COVID19 #Pandemic #Testing #Mandates #Masks #Vaccines #Boosters #Variants #Delta #Omicron https://***e1","['Beredar video yang menyebut gelombang Omicron disebabkan oleh polusi udara. Apa penjelasan BMKG terkait hal ini? #PM25 #PolusiUdara #Covid19 #Omicron #Infografik #BeritaSatu https://***o2', 'Coronavirus cases in Sri Lanka is currently 631,816! – Active : 19,875 – Cases Today : 0 – Deaths : 15,899 – Cases Yesterday : 1,217 – Recovered : 596,042 – Deaths Today : 0 – Total PCR Tests : 6,240,102 ~ 🇱🇰 STATUS ID 402 ~ [#COVID19SL #COVID19LK] https://***Rl', 'With Covid-19 protests persisting in Ottawa, police tell demonstrators to clear out #Canada #Ontario #Ottawa #NationalEmergency #FreedomConvoy #JustinTrudeau #COVID19 #Pandemic #Testing #Mandates #Masks #Vaccines #Boosters #Variants #Delta #Omicron https://***e1', '-']",-,content_C,post
t2328,u1834,2022-02-02 00:43:32+00:00,Covid,S***y,"Important news: The Moderna Covid-19 vaccine now has full FDA approval, following its emergency authorization a year ago. If you’re looking to get a vaccine or booster shot nearby: Search https://***Qx Text your ZIP code to 438829 Call 1-800-232-0233","['Gemeinsam mit Patient*innen untersuchen wir Schlüsselfragen in der #Nephrologie. In diesem Symposium stellen wir neue und relevante Forschung aus der Nephrologie vor und berichten über Neuigkeiten zu #COVID19. DO, 3. Februar 2022, 16 – 18 Uhr Infos: https://***km https://***Ui', ""Looking for information on what you should do if you test positive for COVID-19 or are informed that you have been exposed to someone with COVID-19? Read the Cambridge Public Health Department's COVID-19 Isolation and Quarantine Guidance - https://***eK #CambMA https://***Lf"", 'Important news: The Moderna Covid-19 vaccine now has full FDA approval, following its emergency authorization a year ago. If you’re looking to get a vaccine or booster shot nearby: Search https://***Qx Text your ZIP code to 438829 Call 1-800-232-0233', '-']",-,content_C,post
t2398,u0602,2022-02-05 10:13:21+00:00,Covid,h***i,Plant “biofactories” produce proteins for potential #COVID19vaccine. #biotech #Biology https://***4N,"['Free COVID-19 TESTING TODAY, February 3, 9:00am-5:00pm McKeesport 455 Industry Rd, McKeesport 15132 Pre-register here: https://***rR This is a walkup site, not a drive-thru Insurance not required but please bring insurance card if available https://***Ox', 'Plant “biofactories” produce proteins for potential #COVID19vaccine. #biotech #Biology https://***4N', 'Dieses Preprint (Klein,@S***b et al.) liefert Informationen über die Dauerhaftigkeit der Impfstoffreaktion in der hochgefährdeten älteren Bevölkerung. Einmal mehr zeigt sich,wie wichtig die #Boosterimpfung ist.#Omikron #COVID19 #ImpfenSchuetzt 🧵⬇️1/n https://***iO', '-']",-,content_B,post
t2455,u0143,2022-02-08 02:15:50+00:00,Covid,B***s,"BGI’s SARS-CoV-2 Virus Antigen Detection Kit (colloidal gold method) was certified for CE-IVDD self-testing. The convenient, effortless, and rapid testing method is available to untrained users. About how to use this kit, please visit https://***N. #Covid19 https://***nv","['Yeah, this sounds like what was planned before the #DeltaVariant and #OmicronVariant surges. Seriously, it would seem like two strikes would make governors take a breath and focus on the ball before swinging. #COVID19 https://***j8', 'BGI’s SARS-CoV-2 Virus Antigen Detection Kit (colloidal gold method) was certified for CE-IVDD self-testing. The convenient, effortless, and rapid testing method is available to untrained users. About how to use this kit, please visit https://***N. #Covid19 https://***nv', ""🔔Event: If you're in #CapeTown tomorrow, 9 Feb, please join us for an address by German Ambassador to South Africa Andreas Peschke. All COVID-19 protocols will be observed. See you there! @G***A https://***Kd"", '-']",-,content_B,post
t3297,u2420,2022-02-22 05:58:53+00:00,Covid,N***n,భారత్‌లో ఇప్పటి వరకు 175.83 కోట్ల వ్యాక్సిన్‌ డోసుల పంపిణీ #COVID19 #vaccination,"['The number of Covid-19 cases yesterday, 19 February 2022. Remember to observe safety and protective measures when you’re out and about. #thesundaily #mco2021 #CucukMYAZ #astrazeneca #pfizerbiontech #sinovac #selvax #MySejahtera #cucukmypfizer #covid19malaysia #malaysia #thesun https://***gw', 'Boycotts, record-breaking performances, doping scandals mark Beijing 2022 Some countries imposed diplomatic boycott, Norway topped medal table, 48 athletes tested positive for COVID-19 https://***ZD https://***wj', 'భారత్లో ఇప్పటి వరకు 175.83 కోట్ల వ్యాక్సిన్ డోసుల పంపిణీ #COVID19 #vaccination', '-']",-,content_C,post
t2363,u2974,2022-02-03 15:51:10+00:00,Covid,w***t,"We obtained first-person accounts of conditions in certain immigration detention centers during spring 2020. Many detainees were exposed to Covid-19 through cramped quarters, continual transfers, and a lack of consistent access to face masks and soap. https://***5X","['We obtained first-person accounts of conditions in certain immigration detention centers during spring 2020. Many detainees were exposed to Covid-19 through cramped quarters, continual transfers, and a lack of consistent access to face masks and soap. https://***5X', ""Don't forget to come by City Hall for a free COVID-19 vaccine or booster! Today's clinic goes until 4pm. Make an appointment now: https://***tz @M***u @C***n #bospoli https://***NO"", 'Media statement: COVID-19 update 3 February 2022 https://***Q1', '-']",-,content_A,post
t3339,u2733,2022-02-22 19:20:25+00:00,Covid,C***y,"We hate to be the bearer of bad news, but we find ourselves forced to postpone this weekend’s games (Feb 25th &amp; 26th) vs @I***Y due to a COVID-19 outbreak. We will continue to provide updates as they arise. https://***Ow","['We hate to be the bearer of bad news, but we find ourselves forced to postpone this weekend’s games (Feb 25th &amp; 26th) vs @I***Y due to a COVID-19 outbreak. We will continue to provide updates as they arise. https://***Ow', 'Los confirmados con covid-19 ascienden a 6’047.042 con 3.381 casos nuevos hoy. Recuperados, el 97%. Bogotá concentra 1’749.928 casos (29%) con 1.275 nuevos infectados. En el país van 138.106 fallecidos. Bajan los casos activos a 21.672 y la positividad a 10,9% en 30.998 pruebas. https://***oZ', 'El hecho de tener COVID-19 puede aumentar el riesgo de desarrollar problemas de salud mental, según un nuevo y extenso estudio. https://***Rv', '-']",-,content_A,post
t3440,u1929,2022-02-24 12:10:54+00:00,Covid,R***s,#Maternal #Deaths Rose During the First Year of the #Pandemic: https://***Qb,"['Iran: Coronavirus Fatalities Across the Country Is More Than 510,200 https://***8V #Iran #COVID19 #Vaccinequity', ""In a shift in tactics, WHO is supporting efforts to re-engineer Moderna's COVID-19 vaccine to get more vaccines to poorer nations. The effort is taking place without Moderna's help. https://***LW"", '#Maternal #Deaths Rose During the First Year of the #Pandemic: https://***Qb', '-']",-,content_C,post
t1727,u0189,2021-04-25 01:18:19+00:00,Covid,W***r,-,"['When to get tested for Covid19? A simple decision chart. 📢 Test Early. Treat Early. https://***Rx', 'Are you a licensed pharmacist in the Philadelphia region? Do you want to spend the next 6 months helping lead mobile COVID-19 vaccination teams with Jefferson? Join our team! DM me for details. #hiring #pharmacist #covid https://***ZU', '‘U.S. first’: Official reacts to India’s request to lift ban on export of COVID-19 vaccine raw materials https://***nc', '-']",tweet_A,-,retweet
t2509,u0063,2022-02-09 06:45:00+00:00,Covid,T***K,"Among Covid-19-positive Sri Lankan women, poor pregnancy-related outcomes were seen among those with severe infections over those with mild to moderate infections, https://***JO","['Among Covid-19-positive Sri Lankan women, poor pregnancy-related outcomes were seen among those with severe infections over those with mild to moderate infections, https://***JO', 'भारतीय वैज्ञानिकों ने विकसित किया कोविड-19 के विरुद्ध एक स्व-कीटाणुनाशक फेस मास्क https://***ko @D***h @P***I @I***T @s***c @C***D @c***r @A***1 @V***r @n***r @N***1 @u***4 #csir #facemask #COVID19', '#FreePDF: This contribution discusses the latest opportunities and challenges that affected higher educational institutions, following the outbreak of COVID-19 pandemic. By @M***i \u2066@a***a\u2069 #covid19 #highereducation #HEIs #remotelearning https://***IU', '-']",-,content_A,post
t0368,u1881,2020-04-22 12:03:16+00:00,Covid,A***1,-,"['🦠 CORONAVIRUS ¿Quienes tienen que hacerse la prueba para detección de covid-19? 🗣 El Centro Médico Vida INFORMA #coronavirus #covid19 #pandemia #Ecuador #Quedateencasa 📞 1800 CMVIDA 268432 PBX (+593) 2269748 ✉ info@c***a.com 🌐 https://***Pv https://***ch', 'Two words we hear a lot these days! Hope all of you are doing well. Stay safe! #Wordoftheday #epidemic #pandemic https://***JP', 'Press conference drinking game: Drink every time @j***n says ""Again, as I\'ve already said..."" You\'ll need a few bottles of wine. #COVID19nz', '-']",tweet_B,-,retweet
t3611,u1312,2022-02-28 12:00:00+00:00,Covid,U***R,Quel bilan pour l’apprentissage des enfants après deux ans de fermetures d’écoles dues à la pandémie de #COVID19 ? https://***48,"['.@i***l kicks off their tour tonight in Tampa, but the group is still mourning the loss of member Carlos Marin, who died of #COVID19 in December. I had an emotional talk with David and Urs about how #IlDivo is moving forward. https://***3U https://***JC', 'Quel bilan pour l’apprentissage des enfants après deux ans de fermetures d’écoles dues à la pandémie de #COVID19 ? https://***48', ""Canada has greenlit the first #plantbased #COVID19 vaccine, authorizing @m***c's 2-dose shot for 18-64 year-olds; a study showed that the vaccine—which uses plant-derived, virus-like particles resembling COVID—had 71% efficacy in disease prevention. https://***9o"", '-']",-,content_B,post
t3116,u0436,2022-02-19 15:57:18+00:00,Covid,p***5,"“…But they were ‘more likely to contract or die of COVID-19; more likely to face severe risk from contracting COVID-19, yet less able to work from home to avoid risk; more likely to work low-income jobs, yet more likely to lose them [@e***h wrote]’” https://***7P","['Covid-19 patients who are asymptomatic or have only mild symptoms can be treated at the centres, keeping hospital beds free for the seriously ill. #thethaiger #thethaigernews #news #covid19 #covidsurge #bangkok #thailand #isolation https://***eR', ""It's Friday, Mavericks! Here's what to expect today: •A high of 53° UTA received funding for a two-year development project to help decrease health disparities related to COVID-19. The project looks to help the Latino population in Tarrant County. https://***IC"", '“...But they were ‘more likely to contract or die of COVID-19; more likely to face severe risk from contracting COVID-19, yet less able to work from home to avoid risk; more likely to work low-income jobs, yet more likely to lose them [@e***h wrote]’” https://***7P', '-']",tweet_B,content_C,reply
t0719,u0260,2020-08-17 05:18:15+00:00,Covid,l***z,We need to teach this now. More than ever! #COVID19 #coronavirus #Children #kids #education #LearnSmart #parenting #Homeschoolingadvice #TruthMatters #TruthTime #Truth https://***X4,"['The T is having a Grand Re-Opening to bring our self-care and trauma recovery gear and resources back to the people of #STL! #COVID19 #TraumaFirstAid #Bullets #Narcan #HarmReduction #HandHygiene #Mask #Tourniquet #Recovery #Healing #Community @S***L @l***h https://***Ew', ""This is so unbearable and sickening times like this you wish you weren't a kenyan🤦🏽#Covid19Millionaires"", 'We need to teach this now. More than ever! #COVID19 #coronavirus #Children #kids #education #LearnSmart #parenting #Homeschoolingadvice #TruthMatters #TruthTime #Truth https://***X4', '-']",-,content_C,post
t1802,u1743,2021-08-03 16:03:34+00:00,Covid,T***s,-,"['Testing helps reduce the spread of Covid-19 and stops people from unknowingly passing it on. ➡️ NO SYMPTOMS? Take an LFD test twice a week. ➡️ HAVE COVID SYMPTOMS? Self-isolate and book a PCR test immediately. More info about testing here 👇 https://***3d https://***aX', 'How Data Analytics Helped This Hospital Win Its Battle Against Covid-19 https://***AV', 'Department of Sanskrit Studies, @H***v invites a lecture on Concept of Covid-19 According to Ayurveda by Prof. S. Manikya Sharma, BAMS, MD Principal, Dr. B R K R Govt Ayurvedic Medical College (Retd.), Hyderabad &amp; Ex-Member, TKDL, Ministry of AYUSH. 6th Aug, 2021 at 3.30 PM. https://***DS', '-']",tweet_C,-,retweet
t3774,u3022,2022-03-03 14:24:17+00:00,Covid,y***i,-,"['If you have a weakened immune system, you may be at higher risk for severe COVID-19. Find a booster or walk-up location at https://***zs #COVID19MA https://***x8', '6. Canada: Covid-19 cases in hospital and intensive care, 01Mar POP 38M 5095(+22) H 607(-10) ICU Ontario 914(+65) H 278(-1) ICU Quebec 1439(-7) H 90(-4) ICU Alberta 1225(+1) H 80(-3) ICU British Columbia 523(-26) H 83(-2) ICU Manitoba 463(-11) H 29(-1) ICU...', 'The United States has reached the point where COVID-19 “need no longer control our lives,” @P***S said in his #SOTU address, laying out what he described as “commonsense steps” toward moving forward from the pandemic. | By @l***e https://***sF', '-']",tweet_C,-,retweet
t3148,u1578,2022-02-19 21:48:14+00:00,Covid,m***_,"Melbourne’s $580 million purpose-built quarantine facility is getting ready to welcome its first quarantine patients next week, but with COVID-19 case numbers on the decline it is only anticipating up to 10 guests on day one https://***Qk","['Melbourne’s $580 million purpose-built quarantine facility is getting ready to welcome its first quarantine patients next week, but with COVID-19 case numbers on the decline it is only anticipating up to 10 guests on day one https://***Qk', '""Recomendamos específicamente la vacuna de refuerzo, porque sabemos que los refuerzos ofrecen una protección adicional durante el embarazo,"" dijo la enfermera y partera certificada Eva Goodfriend-Reaño. @K***F @B***D @W***S #GreaterThanCOVID #BetweenUsAboutUs https://***ae', '@K***a @M***T @C***a @m***e @O***U @E***S @s***i @B***y @B***e @B***r @S***0 @G***e @E***R @G***y @J***r @p***e @e***g @I***U @J***e @r***t @k***m @A***_ @S***h @K***o As world🌍enters third year of COVID-19 pandemic #climatecrisis remains—biggest long-term threat facing humanity 2022 Global Risks Report @w***f Extreme weather due to #climatechange—seen as second most serious short-term risk—biodiversity loss coming third https://***ol https://***ZH', '-']",-,content_A,post
t1336,u1932,2020-10-26 17:08:30+00:00,Covid,L***a,New initiative will survey migrant farmworkers in South #Florida about how #COVID19 has impacted them. “We will respond to the needs of farmworkers and do the job our government is failing to do.” @L***8 @a***g @L***L https://***VQ https://***fq,"['New initiative will survey migrant farmworkers in South #Florida about how #COVID19 has impacted them. “We will respond to the needs of farmworkers and do the job our government is failing to do.” @L***8 @a***g @L***L https://***VQ https://***fq', 'Pilotage Grigori GRABOVOI Harmoniser le Monde https://***j9 via @Y***e #aideaumonde #CORONAVIRUSFRANCE #coronavirus #meditation #meditatetostaypositive #PositiveVibes #amour', 'Study suggests that hospital #nurses in America are very likely (89% of respondents) to be working in a facility where #COVID19 is present https://***Ut', '-']",-,content_A,post
t3316,u3134,2022-02-22 14:10:58+00:00,Covid,t***J,"✍️In the next blog to accompany our upcoming policy briefings for the Impact of COVID-19 project, @S***K discusses inappropriate &amp; ineffective police stop and searches on children, also highlighting its shameful racial inequalities Read here: https://***Fi https://***VG","['Looking to get your Covid-19 vaccination? We have Drop-in Covid-19 Vaccination Clinics running everyday this week⬇️ To find out more visit https://***YA https://***iX', '🔵🔵SITUACION COVID-19 EN NAVARRA🔵🔵 👇👇👇 Dentro Hilo con 5 partes: 1) Datos diarios + Tabla calor&amp;color 2) Tabla comparativa Olas 3) Graficos Indicadores ola a ola 4) Graficos 6oola 5) Evolucion Tasa semanal de crecimiento de IA14', '✍️In the next blog to accompany our upcoming policy briefings for the Impact of COVID-19 project, @S***K discusses inappropriate &amp; ineffective police stop and searches on children, also highlighting its shameful racial inequalities Read here: https://***Fi https://***VG', '-']",-,content_C,post
t2190,u1618,2022-01-20 22:11:17+00:00,Covid,H***t,"""It’s impossible for a single country to end the #pandemic alone,"" writes @J***g @A***C in @n***s. We interviewed Dr. Nkengasong about Africa's successes and challenges in fighting #COVID19 in today's COVID Report: https://***m6 https://***sP","['""It’s impossible for a single country to end the #pandemic alone,"" writes @J***g @A***C in @n***s. We interviewed Dr. Nkengasong about Africa\'s successes and challenges in fighting #COVID19 in today\'s COVID Report: https://***m6 https://***sP', 'First Minister @N***n confirms that Scotland has ""turned the corner"" on the Omicron Covid variant. Excellent news for public health, society and economic recovery, including the culture and events sector. #COVID19 #Scotland https://***d9', 'New data show those who recovered from Covid-19 were less likely than vaccinated to get infected during Delta wave. Via @D***h https://***6R', '-']",-,content_A,post
t1571,u0639,2020-12-16 16:03:07+00:00,Covid,K***T,Austin Public Health leaders are giving their weekly COVID-19 update a day after vaccinations began for the city's health care workers. WATCH LIVE: https://***D6,"['🎬 (Continued) Watch LIVE @U***N General Assembly special session on #COVID19. More than a global health crisis – it’s a socio-economic, humanitarian, security &amp; human rights crisis. #UNGASS @U***A 🔗 https://***dF 🗓️ 14 December 🕒 3:00pm EDT https://***kQ', 'Anxiety and depression are following a remarkably similar curve to COVID-19 cases in the US | a clear, accessible summary of some thought-provoking data by Isaac Sebenius @p***m https://***QF via @v***m', ""Austin Public Health leaders are giving their weekly COVID-19 update a day after vaccinations began for the city's health care workers. WATCH LIVE: https://***D6"", '-']",-,content_C,post
t2223,u0915,2022-01-24 00:18:50+00:00,Covid,p***d,-,"[""During the #COVID19 pandemic, teachers have: 💪Shown resilience 🧑🏫 Adapted teaching methods 📣Spoken up for their rights and students' rights 💙Supported their students in uncertain times On #EducationDay, let's say thank you. https://***o5"", 'WHO updated roadmap for prioritizing uses of COVID-19 vaccines. – via @W***O https://***nU Commentary: https://***GG', 'Get your COVID-19 booster today to continue to keep the #UNC community safe and strengthen your protection. Students, faculty and staff can receive their booster at the Student Stores Pharmacy. For more information, visit https://***49 https://***D3', '-']",tweet_C,-,retweet
t2271,u0398,2022-01-28 06:59:11+00:00,Covid,D***e,-,"['The Health Secretary @s***d has stated that a national vaccination service is needed to ensure GPs are not asked to stop routine care again. As well as Covid-19, the service could cover other vaccines as well. Although investment in the NHS is welcome, there are caveats.', 'If shots make your child nervous, here are some tips on how to ease fears kids 5-11 may have about getting the #COVID19vaccine, from pediatrician Dr. Robert Jacobson. #ThisIsOurShot #ThisIsTheirShot @M***c https://***hQ', 'By Tuesday, February 15, all DC Government employees must provide proof that they are up to date with their COVID-19 vaccinations, including a booster when eligible. https://***Zf', '-']",tweet_A,-,retweet
t3388,u2714,2022-02-23 16:16:11+00:00,Covid,c***o,"Servidora do DF recebe vacina contra covid-19 totalmente produzida no Brasil Imunizante é a versão nacional da AstraZeneca e é produzida pela Fiocruz. Ministério da Saúde investiu R$ 1,9 bilhão para que a Fiocruz produzisse a vacina https://***DM https://***0t","['“Long-haulers struggle to overcome loss of employment, anxiety and depression. These ailments must not be stigmatized or ignored. The #pandemic will almost certainly leave in its wake millions of people with lasting symptoms and illness.” #LongCovid @w***t https://***ZI', 'Servidora do DF recebe vacina contra covid-19 totalmente produzida no Brasil Imunizante é a versão nacional da AstraZeneca e é produzida pela Fiocruz. Ministério da Saúde investiu R$ 1,9 bilhão para que a Fiocruz produzisse a vacina https://***DM https://***0t', 'MSF is using a community-based approach for COVID-19 vaccination in #SouthAfrica. Our projects include the development and running of pop-up vaccine sites, a vaccination support program in Khayelitsha. Learn more: https://***8g https://***h8', '-']",-,content_B,post
t2640,u2819,2022-02-11 15:10:01+00:00,Covid,C***s,"The @C***A Restaurant and Nightlife Relief Grant offers up to $10K in relief to local, non-franchise cafes, restaurants &amp; entertainment venues heavily affected by the ongoing COVID-19 pandemic. Apply by Feb. 28: https://***20 #CambMA #CambridgeMA","['The drug giant Glaxosmithkline notched up £1.4 billion of Covid-19 related sales last year, yet profits still fell 22% to £5.4 billion https://***RY', 'The @C***A Restaurant and Nightlife Relief Grant offers up to $10K in relief to local, non-franchise cafes, restaurants &amp; entertainment venues heavily affected by the ongoing COVID-19 pandemic. Apply by Feb. 28: https://***20 #CambMA #CambridgeMA', '2. The Health Ministry reported 9 Covid-19 deaths yesterday, bringing the cumulative death toll to 32,065. The deaths were recorded in Perak (2), Sabah (2), Selangor (1), Johor (1), Negeri Sembilan (1), Pahang (1) and Kedah (1). https://***8T', '-']",-,content_B,post
t1781,u1913,2021-07-08 14:09:02+00:00,Covid,N***P,Some topics I’ve been working on are: -The impact of the Title X rule change on SRH access for youth -COVID-19 and youth emergency mental health needs -Equitable provision of emergency mental healthcare -Medical care for youth survivors of sex trafficking,"['#COVID19: Find out how disruption to #SupplyChains and #ThirdParty relationships in #MENA has increased the #FinancialCrime #risk to firms. https://***7q #Refinitiv #FightFinancialCrime https://***v8', 'Some topics I’ve been working on are: -The impact of the Title X rule change on SRH access for youth -COVID-19 and youth emergency mental health needs -Equitable provision of emergency mental healthcare -Medical care for youth survivors of sex trafficking', 'A Safety Attitude is One That Never Hurts to Take Home with You. #staysafe #Covid19India #covid19 #CoronavirusOutbreak #ELECSSOL https://***yM', '-']",tweet_C,content_B,reply
t3069,u1106,2022-02-18 18:35:03+00:00,Covid,W***r,"The risk of #COVID19 is dramatically lower, but residual risk still remains. @j***z #COVID19Impact https://***8x https://***f6","['The risk of #COVID19 is dramatically lower, but residual risk still remains. @j***z #COVID19Impact https://***8x https://***f6', 'Details of the revision of recommendations regarding #COVID19 quarantine, isolation and contact tracing in South Africa. https://***zv', '¡Juntos Y Unidos, VS El Coronavirus #Covid19 Hasta, El Final! 😉👍 #HarryPotter #WizardingWorld #WarnerBrosPictures @F***s @w***d @w***s @T***y #Oscars #Oscars2022 @C***s Y @C***x 🎬⭐', '-']",-,content_A,post
t1657,u2602,2021-03-02 19:59:16+00:00,Covid,a***o,-,"['Many assume that there is an abundance of job seekers on the market due to the COVID-19 pandemic. However, in the last 6 months, 83% of PHP Developers in Munich were sourced from the passive market. For all the latest tech recruitment trends, download our Munich Market update! https://***Fr', ""Spread the European citizens' initiative @R***e and help us collect 1 million signatures. #Covid19 #Right2Cure #NoProfitOnPandemic #PeoplesVaccine https://***Iu"", 'Our lead @B***y sums it up with a quote from @M***a “ If you are afraid to use your voice, give up the seat at the table” #SheDecidesDay2021 #SheDecidesDay #TakeYourSeat #COVID19 @S***I https://***jV', '-']",tweet_C,-,retweet
t3578,u0788,2022-02-27 17:14:06+00:00,Covid,W***9,Neurologist says some people are experiencing memory loss after COVID-19 https://***Yc,"['@b***n I’m all for continuing to #WearAMask, but I wanted to make sure you &amp; your followers were also aware that #VaccinesWork to reduce the risk of #LongCovid: https://***a. #GetVaccinated &amp; #GetBoosted', 'Studies suggest that #COVID-19 #coronavirus originated from #Wuhan market ... | #SARSCoV2 | #virus | #disease | #Illness | #COVID19 | #pandemic | #China | By @M***y via @g***n https://***su', 'Neurologist says some people are experiencing memory loss after COVID-19 https://***Yc', '-']",-,content_C,post
t0618,u1898,2020-06-17 21:26:54+00:00,Covid,n***r,I have just tweeted to my MP to ask them to attend a crucial briefing by @T***K on the impact of COVID-19 on the BAME community and healthcare workers. Ask your MP to sign up here! https://***Ph,"['I have just tweeted to my MP to ask them to attend a crucial briefing by @T***K on the impact of COVID-19 on the BAME community and healthcare workers. Ask your MP to sign up here! https://***Ph', '@A***1 @q***t Great work! Would be nice to see its application in COVID-19 testing.', ""I'm excited to be part of this conversation with the topic advised by research done by East African youth and the MS Training Centre for Development Cooperation ( MS TCDC) in which they expressed education &amp; livelihoods as the major areas of their lives most impacted by COVID-19. https://***ce"", '-']",-,content_A,post
t0450,u0150,2020-06-01 19:04:31+00:00,Covid,A***I,Join us this Friday June 5th for a webinar focused on ‘Ireland’s Research Response to the COVID-19 crisis and Transatlantic Scientific Collaboration’ @I***F @s***l @i***e @I***n. Register here https://***7q https://***cj,"['Practice social distancing by putting space between yourself and others. Continue to practice healthy habits, like washing your hands for at least 20 seconds and staying home if you’re sick, to help slow the spread of #COVID19. Learn more: https://***f. https://***NN', 'Join us this Friday June 5th for a webinar focused on ‘Ireland’s Research Response to the COVID-19 crisis and Transatlantic Scientific Collaboration’ @I***F @s***l @i***e @I***n. Register here https://***7q https://***cj', 'Interruption of polio and measles immunization programs in 68 countries is occurring as dismal news also comes of dropping American vaccination rates. Deaths from those diseases could outstrip those from Covid-19, experts say. https://***Kc', '-']",-,content_B,post
t2290,u1172,2022-01-30 15:10:02+00:00,Covid,D***s,"This year we could end the acute phase of the #COVID19 pandemic if we vaccinate 70% of the population of every country, with a focus on the most at-risk groups, and use all strategies and tools in a comprehensive and equitable way. https://***MU","['Doctors explore a popular heartburn drug for treating COVID-19 https://***Sk via @c***g', 'This year we could end the acute phase of the #COVID19 pandemic if we vaccinate 70% of the population of every country, with a focus on the most at-risk groups, and use all strategies and tools in a comprehensive and equitable way. https://***MU', 'How did the COVID-19 #pandemic potentially speed up #SKI’s @T***b in the quest for a #vaccine to protect us against #cancer? Read the full story here. @s***s @B***p https://***cv', '-']",tweet_C,content_B,reply
t0341,u2675,2020-03-28 17:50:31+00:00,Covid,B***h,Coronavirus: NHS turns to big tech to tackle Covid-19 hot spots https://***9h,"['#Технология #Здоровье Если частота волны испускается из здоровой клетки по сравнению с другими пациентами с #Covid-19, может ли инфицированная клетка быть нейтрализована или излечена?: https://***a, https://***nP', 'Coronavirus: NHS turns to big tech to tackle Covid-19 hot spots https://***9h', 'What’s the data on % coming off a vent after respiratory failure with COVID-19?', '-']",-,content_B,post
t1991,u2786,2021-12-06 12:31:59+00:00,Covid,L***M,"#COVID19 dogs could revolutionise how we detect the virus. But these clever canines need your help getting odour samples 🐕‍🦺 If you've taken a positive #PCR test in the past 3⃣ days, find out how you can volunteer 👉 https://***aJ @M***s @d***i https://***Gx","[""Register now for 'Vaccine acceptance: Promoting rapid immunisation against covid-19 in Mozambique' @I***e. This online event will be held in Portuguese. 🕐 14:00 GMT 📆 9th December 2021 📝 More information: https://***cs https://***0Z"", 'Our Civic Arts Program is providing funding to dozens of local arts organizations and festivals. These #COVID19 grants can be up to $33,000. Applications for the next round are open now, apply by Dec. 9 --&gt;https://***Wn https://***my', ""#COVID19 dogs could revolutionise how we detect the virus. But these clever canines need your help getting odour samples 🐕🦺 If you've taken a positive #PCR test in the past 3⃣ days, find out how you can volunteer 👉 https://***aJ @M***s @d***i https://***Gx"", '-']",-,content_C,post
t3539,u0273,2022-02-26 15:09:35+00:00,Covid,r***t,Mats Melin är väldigt tydlig på @l***u att Folkhälsomyndigheten inte fungerade avseende smittskyddet mot Covid-19 under 2020 och att den måste reformeras. GD och @l***n visar ingen förståelse för kritiken. Det innebär att oppositionen måste agera. #svpol,"['Mats Melin är väldigt tydlig på @l***u att Folkhälsomyndigheten inte fungerade avseende smittskyddet mot Covid-19 under 2020 och att den måste reformeras. GD och @l***n visar ingen förståelse för kritiken. Det innebär att oppositionen måste agera. #svpol', 'In New York City schools, 59% of students five and older had been vaccinated against Covid-19 with at least one dose as of Feb 22 https://***6w', 'Need a #COVID19 vaccine? Stop by the vaccine van when it returns to campus on Tuesday(3/1) from 8a-6p, offering all doses, including boosters shots, of the Pfizer vaccine #VaxUpCUNY #VaxUpNYC https://***4h', '-']",-,content_A,post
t3730,u2435,2022-03-02 21:00:00+00:00,Covid,A***O,"“O Brasil precisa escolher quais serão os legados da pandemia de Covid-19 para o país”. A recomendação é do epidemiologista Rômulo Paes de Sousa, vice-presidente da Abrasco, em entrevista ao Saúde Amanhã: https://***sp","['BU will update its COVID-19 protocols on March 7. Changes include: ▪️ Masking at BU becomes optional except for classrooms, the BUS, &amp; health facilities. ▪️ COVID testing for on-campus employees becomes optional. Keep reading ⬇️ https://***NH', 'On 11/5/21, co-author and now @N***r reported on #furin_cleavage"" https://***bp He linked it from creation of #SARSCoV2 in the Wuhan lab to prevention or effective treatment of #COVID19 via former President Trump\'s claims about sunlight and humidity on 4/23/20.', '“O Brasil precisa escolher quais serão os legados da pandemia de Covid-19 para o país”. A recomendação é do epidemiologista Rômulo Paes de Sousa, vice-presidente da Abrasco, em entrevista ao Saúde Amanhã: https://***sp', '-']",-,content_C,post
t3689,u3117,2022-03-02 06:21:54+00:00,Covid,P***n,"#Unite2FightCorona ➡️ India’s Cumulative #COVID19 Vaccination Coverage exceeds 177.79 Cr (1,77,79,92,977). ➡️ More than 8 Lakh doses administered in the last 24 hours. ➡️ More than 2 Cr Precaution Doses administered so far. https://***pm https://***Gb","['Last month, Equity held its 2nd in a series of townhall–style meetings to discuss the month’s progress and setbacks, and address member concerns related to COVID-19. This town hall - and registration for the next one - are available in the member portal - https://***r2 https://***aw', 'After 32 Months of covid19 worldwide health pandemic |¦ #Capitalfaith devastating and destructive weather reflections due to the habits of Kombustion and &amp; korruption, #greed &amp; #resentment, ignorance &amp; convenience |¦ Humanity has failed to share the Love of God |¦ #Middleton https://***89', '#Unite2FightCorona ➡️ India’s Cumulative #COVID19 Vaccination Coverage exceeds 177.79 Cr (1,77,79,92,977). ➡️ More than 8 Lakh doses administered in the last 24 hours. ➡️ More than 2 Cr Precaution Doses administered so far. https://***pm https://***Gb', '-']",-,content_C,post
t0308,u2407,2020-01-20 12:01:21+00:00,Covid,h***k,8 of the 14 #guangdong case is in #shenzhen...sounds like a matter of time to have case in hong kong. it would be very good if all the imported cases are successfully quarantined and broken the transmission chain. high speed railway would be the obstacle. #coronavirus #nCoV2019 https://***Xw,"['8 of the 14 #guangdong case is in #shenzhen...sounds like a matter of time to have case in hong kong. it would be very good if all the imported cases are successfully quarantined and broken the transmission chain. high speed railway would be the obstacle. #coronavirus #nCoV2019 https://***Xw', '#scicomm #publichealth What would you add/say differently to a layperson? Questions I was asked this morning at the gym about the ongoing #Wuhan #coronavirus outbreak with my answers (1/7):', '#Wuhan Municipal Commission of Health and Health on pneumonia of new #coronavirus infection, 2020-01-20 02:42:40 / ""198 cases of #pneumonia of new coronavirus infection have been reported in our city"" #WuhanCluster https://***GF', '-']",-,content_A,post
t1634,u0164,2021-02-11 08:32:08+00:00,Covid,M***v,"Last week, South Korean biotech firm Seegene announced the development of a test that can detect and differentiate between multiple Covid-19 variants within a single reaction - becoming the first company in the world to do so. https://***ra","['18% of students graduate with a STEM degree, only 2% are Black. @K***D led COVID-19 vaccine development &amp; is a role model for women &amp; people of color in STEM. Whether it’s a woman or any group, people have got to have role models to see what’s possible. https://***zh', 'Last week, South Korean biotech firm Seegene announced the development of a test that can detect and differentiate between multiple Covid-19 variants within a single reaction - becoming the first company in the world to do so. https://***ra', 'It’s important to listen to the reasons why people feel hesitant about the COVID-19 vaccine, to help provide accurate scientific information, and to be honest. #CovidVaccine https://***Sr', '-']",-,content_B,post
t2393,u1657,2022-02-04 21:05:00+00:00,Covid,m***o,"Just over half of Canadians (52%, +5) think the worst of the COVID-19 pandemic is “behind us”, while 29% (-4) believe it is still “ahead of us.” https://***Vi https://***uD","['Cerebrovascular dysfunction post Covid, unaccounted for by canonical drivers (e.g. age) &amp; overlaps 5HT-1b receptor distribution. Hospitalisation for COVID-19 predicts long lasting cerebrovascular impairment: A prospective observational cohort study https://***r3', 'Just over half of Canadians (52%, +5) think the worst of the COVID-19 pandemic is “behind us”, while 29% (-4) believe it is still “ahead of us.” https://***Vi https://***uD', 'La Universidad de Murcia @U***U ha descubierto una prueba para detectar los casos graves de #COVID19 , detectando el nivel de ferritina en saliva, que suele estar muy elevado en este caso https://***XK', '-']",-,content_B,post
t2475,u2864,2022-02-08 13:04:20+00:00,Covid,N***e,-,"['Should Kids Get a COVID-19 Vaccine? A pediatrician’s perspective. Very thorough and appropriately nuanced assesement from an excellent integrative and holistic pediatrician @e***d pedhttps://***e/', 'Thanks to #COVID19, we all know how important #ClinicalTrials are in getting new treatments to patients. But only around 15% of drugs are ever approved. The remedy? Training a new type of clinical triallist: https://***xB @G***K @A***a #ItTakesImagination', 'If you’re unvaccinated, you’re about 8 times more likely to be hospitalised with Covid-19 than if you’ve had both doses of the vaccine and the booster💉 Book online at https://***9f Or, call the Gateway on 0800 092 4020 or 0161 947 0770📞 https://***aI', '-']",tweet_A,-,retweet
t0538,u1015,2020-06-05 17:31:40+00:00,Covid,S***e,4th June #COVID19 maps for #localgov in England Daily series since 9 March here - https://***vR https://***y5,"['4th June #COVID19 maps for #localgov in England Daily series since 9 March here - https://***vR https://***y5', 'Had a meeting with Mr Lucas Meso, the Managing Director of the Agricultural Finance Corporation. I was encouraged by his thoughts on financing agriculture to encourage the sector provide a foundation for recovery during and after COVID-19. https://***QU', 'The #Economic Prosperity Network is in part a result of the frustrations seen in Washington with its response to the #COVID19 pandemic &amp; having to rely on China for both pharmaceuticals and protective equipment in combatting the deadly virus. Learn more: https://***vv https://***HH', '-']",-,content_A,post
t2778,u0452,2022-02-14 22:30:15+00:00,Covid,C***A,-,"['“Her Royal Highness the Duchess of Cornwall has tested positive for COVID-19 and is self-isolating. We continue to follow government guidelines,”, Clarence House announced on Monday. Prince Charles tested positive last week.', 'El 99,7% de los casos de Covid en el país son de la variante Ómicron https://***W5 #coronavirusenargentina #ómicron #variantedelta #varianteómicron https://***7I', '#turismo: Miles de #FIELES acuden hoy al #santuario de #Lourdes ansiosos por pasar la mano por la pared de la #gruta #CERRADA al público durante casi dos años, debido a la #CrisisSanitaria por #COVID19 #Enfoques https://***RK', '-']",tweet_B,-,retweet
t1585,u0080,2020-12-18 21:23:10+00:00,Covid,J***t,@P***t book is dedicated to those who worked tirelessly for #pandemic prevention. Their commitment &amp; enthusiasm was inspiring. We also dedicate it to those working on the frontlines of the #COVID pandemic &amp; #OneHealth champions of we have lost.,"['@P***t book is dedicated to those who worked tirelessly for #pandemic prevention. Their commitment &amp; enthusiasm was inspiring. We also dedicate it to those working on the frontlines of the #COVID pandemic &amp; #OneHealth champions of we have lost.', '“The best #Memorial we could leave to those lost in the #COVID19 #pandemic is to build a more #inclusive economy... Everyone has a role to play in building this Memorial” @K***a director of @I***s https://***Vd', 'Thesis submission during COVID19 2.0.. second part😁 proud of you Stephen🤩 https://***xl', '-']",tweet_B,content_A,reply
t2486,u1787,2022-02-08 15:58:24+00:00,Covid,l***e,A Growing Market? Neuromodulation Market Rebounds Strongly Despite COVID-19 Impacts Neuromodulation is a rapidly growing field in medicine. Find out near-term growth prospects in this market and who the major players are. READ MORE: https://***iO https://***85,"['The #Pandemic darling now needs to survive in a post pandemic word — #Peloton CEO John Foley to Step Down, Become Executive Chair - WSJ https://***y0', ""@V***H @H***h Ah, both of us have opined and agreed on FDA drug approval standard often because we've focused much of our professional lives on drug regulation. On COVID19, you've become quite something else. https://***R8"", 'A Growing Market? Neuromodulation Market Rebounds Strongly Despite COVID-19 Impacts Neuromodulation is a rapidly growing field in medicine. Find out near-term growth prospects in this market and who the major players are. READ MORE: https://***iO https://***85', '-']",-,content_C,post
t0374,u1467,2020-04-25 13:58:45+00:00,Covid,d***z,"Download this app and contribute to predict the next COVID-19 hotspot. COVID Control A Johns Hopkins University Study is an app to support syndromic surveillance and disease prediction. https://***Th Available in the Google store, soon available in the Apple store. https://***tn","['Download this app and contribute to predict the next COVID-19 hotspot. COVID Control A Johns Hopkins University Study is an app to support syndromic surveillance and disease prediction. https://***Th Available in the Google store, soon available in the Apple store. https://***tn', 'Very nice new pre-print by DUKE-NUS. Super cool COVID19 serology assay and very innovative. https://***LR', 'How the ‘New York Times’ is capturing the unprecedented impact of COVID-19 https://***3C', '-']",-,content_A,post
t1783,u0297,2021-07-09 21:42:48+00:00,Covid,C***o,-,"['Das Paul-Ehrlich-Institut, Bundesinstitut für Impfstoffe und biomedizinische Arzneimittel, ist heute ein weltweit anerkanntes Prüf- und Forschungsinstitut. Auch während der #COVID19-Pandemie übernimmt es wichtige Forschung und regulatorische Aufgaben. 👉 https://***Nv https://***fH', 'MUST READ: Expert evaluation on adverse effects of the Pfizer-COVID-19 vaccination. The author, Hervé Seligmann, has over 100 peer-reviewed international publications with 3932+ medical citations for his work. https://***zn', '🆕 Prevalenza e distribuzione #varianti #SARSCOV2 in Italia🇮🇹, a cura di @i***n @F***h @M***e 📌 Rapporto n.4 del #9luglio (dati al #5luglio) #COVID19 #Coronavirus #Covid_19 #coronavirusitalia #COVIDー19 #DeltaVariant #Delta #Alpha 1/2 https://***Zo', '-']",tweet_A,-,retweet
t3129,u1897,2022-02-19 17:50:23+00:00,Covid,k***u,-,"['Crypto gave people a way to earn when there were no jobs. Many peoples joined crypto in this #COVID19 pandemic. Now they earning livelihood bcz of crypto #reducecryptotax #reducecryptotaxDay17', '""Most people, they don\'t want to belive that somebody could hava died from the vaccine, that\'s why I want to report."" ☣️Stop the #COVID19 💉 #vaccines !!️ #Vaccine #Vaccination #MandatoryVaccination #VaccinePassport https://***EB', ""Health Ministry's COVID-19 update: * 4 additional deaths * 624 new cases #TrinidadandTobago https://***Cq"", '-']",tweet_B,-,retweet
t0649,u0482,2020-07-01 17:27:53+00:00,Covid,n***i,From the largest cohort PLWH with confirmed COVID-19 to date -- 80% of people in this cohort vs 40% of the HIV clinic population were Black or Hispanic/Latinx highlighting the urgency of understanding and mitigating racial disparities in COVID-19 #HIV #COVID19 https://***gz,"[""So far we've released 10 episodes of #TheTuringPodcast with a range of people from across the institute and beyond, learn how DS/AI are changing the world from Astrophysics, air traffic control and augmented reality to strategies for tackling #COVID19 https://***A8"", 'From the largest cohort PLWH with confirmed COVID-19 to date -- 80% of people in this cohort vs 40% of the HIV clinic population were Black or Hispanic/Latinx highlighting the urgency of understanding and mitigating racial disparities in COVID-19 #HIV #COVID19 https://***gz', 'Cricket during covid-19: A multifaceted challenge https://***Ee', '-']",-,content_B,post
t2941,u1545,2022-02-17 02:40:18+00:00,Covid,p***y,"#CoronaVirusArgentina, 16/02/2022 🦠 Casos Confirmados: 8.783.208 (+17.034 en 24h) 🔷 Activos: 164.630 (+3.598 en 24h) 🔷 Recuperados: 8.493.813 (+13.256 en 24h) 🔷 Fallecidos: 124.765 (+180 en 24h)","['MA has vaccinated 95% of its eligible population with at least one dose of the #COVID19MA vaccine. Still need your dose? Book an appointment today 📍 https://***Iv https://***Z5', 'Two new public service announcements are encouraging the Filipino community to get fully vaccinated as the number of COVID-19 infections remain high with a new variant lurking ➡️ https://***12 #COVIDPau #HIGotVaccinated #GetVaccinatedUH #UHinTheCommunity @u***d https://***vC', '#CoronaVirusArgentina, 16/02/2022 🦠 Casos Confirmados: 8.783.208 (+17.034 en 24h) 🔷 Activos: 164.630 (+3.598 en 24h) 🔷 Recuperados: 8.493.813 (+13.256 en 24h) 🔷 Fallecidos: 124.765 (+180 en 24h)', '-']",-,content_C,post
t3523,u1643,2022-02-26 05:47:53+00:00,Covid,9***l,"South Australia has recorded a slight drop in new #COVID19 cases from yesterday, reporting 1,688 infections in the past 24 hours. There are currently 109 cases in hospital, with 12 people in ICU. MORE: https://***5N #9News https://***gq","['A partir del #COVID19 se volvió indispensable para los directores, gerentes, jefes y colaboradores desarrollar habilidad de #autoliderazgo. Aprende los métodos y principios del #liderazgo. https://***bQ https://***eO', 'Slides for my talk ""Stan - an introduction without the scary bits"" at the monthly @c***m statistical inference theme meeting. Slides are mostly a collection of great resources from others. https://***43 https://***W4', 'South Australia has recorded a slight drop in new #COVID19 cases from yesterday, reporting 1,688 infections in the past 24 hours. There are currently 109 cases in hospital, with 12 people in ICU. MORE: https://***5N #9News https://***gq', '-']",-,content_C,post
t1935,u1986,2021-11-18 21:05:04+00:00,Covid,S***e,"""Almost 700 children have died from #COVID19, placing #SARSCoV2 infection among the top 10 causes of death in US children. No children have died from vaccination."" Read a new #ScienceEditorial by Jeffrey S. Gerber &amp; @D***t of @C***a: https://***iB https://***K2","['""Almost 700 children have died from #COVID19, placing #SARSCoV2 infection among the top 10 causes of death in US children. No children have died from vaccination."" Read a new #ScienceEditorial by Jeffrey S. Gerber &amp; @D***t of @C***a: https://***iB https://***K2', 'Te invitamos al seminario #COVID19: ""Confianza en las vacunas en tiempos de pandemia: la situación en Argentina y el mundo"". Expone: @f***n, médica infectóloga, presidenta de @S***l. Jueves 18/11 a las 11 hs. Link al evento: https://***Os ¡Te esperamos! https://***vn', 'Great conference on trust in science and medicine organized by @t***e -- video of all the talks here: https://***bV My slides are also available on https://***eX #trust #fakenews #covid19 https://***Um', '-']",-,content_A,post
t2511,u1024,2022-02-09 08:30:27+00:00,Covid,9***d,-,"['#COVID19 propelled the adoption and use of #ArtificialIntelligence in organizations to a new level. How can countries harness this technology to meet their development needs and mitigate these risks? https://***g5 | #AI https://***Ei', 'Study Identifies Link Between Vitamin D Levels and COVID-19 Severity https://***mv', '#BREAKING | தமிழ்நாட்டில் கொரோனா பாதிப்பு - மாவட்ட வாரியாக! இன்றைய லைவ் அப்டேட்ஸ் &gt; https://***v0 #CoronaVirus | #Covid19 | #TNCoronaUpdates | #WearAMask https://***x4', '-']",tweet_C,-,retweet
t3467,u0521,2022-02-25 00:36:02+00:00,Covid,r***x,"📰 Resumen #COVID19 #CDMX 🇲🇽 [Hilo Gráfico] Al 24 de febrero del 2022, se registraron: 🔴 1,342,303 #confirmados (+4,479) 🟢 12,954 #activos (-138) ⚫️ 42,013 #defunciones (+25) 🟡 142,615 #sospechosos (-659) 🔵 1,237,518 #recuperados estimados (+5,061) https://***OG","['İnsanları zaten sevmiyordum. Özellikle Covid-19 süreci başladığından itibaren ise sevmemenin yanına bir de hor görmek eklendi.', '📰 Resumen #COVID19 #CDMX 🇲🇽 [Hilo Gráfico] Al 24 de febrero del 2022, se registraron: 🔴 1,342,303 #confirmados (+4,479) 🟢 12,954 #activos (-138) ⚫️ 42,013 #defunciones (+25) 🟡 142,615 #sospechosos (-659) 🔵 1,237,518 #recuperados estimados (+5,061) https://***OG', 'Impfaktion der @S***s an der #RWTH: Am 25.02. können sich Interessierte von 12 bis 19.30 Uhr im Hörsaal AS (Templergraben 64, UG) gegen #Covid19 #impfen lassen: ➡https://***t5 #corona #Coronavirus #ImpfenSchuetzt #ImpfenRettetLeben #Impfung 📸: CDC https://***Xp', '-']",-,content_B,post
t2079,u2525,2022-01-04 18:13:45+00:00,Covid,A***y,COVID-19 spotlights the growing threat of zoonotic outbreaks and boosts support for surveillance of pathogens in animals. Can science curtail a phenomenon fueled by human behavior? https://***iY,"['COVID-19 spotlights the growing threat of zoonotic outbreaks and boosts support for surveillance of pathogens in animals. Can science curtail a phenomenon fueled by human behavior? https://***iY', 'Two years of COVID-19 in Africa: lessons for the world https://***rc @a***a @N***i @a***a @D***P @l***k @U***P', 'Whew, CHILE: Candace Owens Tries To Maintain Social Relevance In Latest Tweet Against COVID-19 Vaccine https://***XH https://***Ts', '-']",-,content_A,post
t3324,u0774,2022-02-22 16:11:38+00:00,Covid,x***6,@S***y The forced expulsion of foreign civilians during the coronavirus pandemic is an act against humanity. Waging war is an even greater crime against humanity during the Covid-19 pandemic.,"['@B***G @r***e 🦠 Am 22. Februar 2022 wurden 136 #Neuinfektionen ↘ und 1 Todesfall ➡ in Groß-Gerau (Landkreis) gemeldet. Die #Inzidenz liegt bei 824,50 ↘. #COVID19 https://***Pg', 'Esgotamento, maior risco de pegar infecções e até assédio no ambiente de trabalho: essa já era a realidade dos profissionais de #saúde antes da #pandemia de #COVID19 . OMS @W***O e OIT @i***o lançam guia para mudar situação: https://***on', '@S***y The forced expulsion of foreign civilians during the coronavirus pandemic is an act against humanity. Waging war is an even greater crime against humanity during the Covid-19 pandemic.', '-']",tweet_B,content_C,reply
t1680,u1699,2021-03-17 09:21:22+00:00,Covid,E***a,"Ich frage mich, welcher Virologe eigentlich jemals gesagt hat ""Wir müssen jetzt in Panik verfallen"". Mir fällt kein Beispiel ein. Mündige Erwachsene sollten doch in der Lage sein, auch unangenehme Wahrheiten wahrzunehmen, ohne dass man dies als Panik bezeichnet #SARSCoV2 #COVID19","['The latest. Openings, #COVID19 numbers, vaccines, tiers, travel &amp; more. #news https://***Kx', 'Ich frage mich, welcher Virologe eigentlich jemals gesagt hat ""Wir müssen jetzt in Panik verfallen"". Mir fällt kein Beispiel ein. Mündige Erwachsene sollten doch in der Lage sein, auch unangenehme Wahrheiten wahrzunehmen, ohne dass man dies als Panik bezeichnet #SARSCoV2 #COVID19', 'Tous les Québécois pourraient être vaccinés d’ici le 24 juin annonce @f***t #polqc #assnat #villequebec #covid19', '-']",-,content_B,post
t3273,u1855,2022-02-21 16:53:19+00:00,Covid,R***7,#Covid19Statement Christ on a bike...Starmer using the same football analogy as Streeting...FFS man!,"['#Covid19Statement Christ on a bike...Starmer using the same football analogy as Streeting...FFS man!', 'Update to various Covid-19 indicators for England: • Deaths, hospitalisations, Zoe &amp; positive tests all continue to fall steadily. https://***Je', ""RTPCR, double vax no more needed to visit Jagannath temple in Odisha's Puri #covid19 #doublevaccinationcertificates #doublevax #Jagannathtemple #RTPCR https://***TQ https://***Ze"", '-']",-,content_A,post
t1921,u1470,2021-11-09 00:32:02+00:00,Covid,S***n,"I completely support @A***2 freedom to make his own informed healthcare decision. As should all Americans. No one should fear pressure, coercion or reprisal for refusing the COVID-19 vaccine. https://***J3","['Here is your #COVID19 update for Nov. 3-9: * Anaheim cases: 247; running total of 48,285 * Anaheim deaths: four; running total of 988 * OC cases: 2,002; running total of 307,770 * OC deaths: 21; running total of 5,623 More at https://***M. https://***Sl', 'I completely support @A***2 freedom to make his own informed healthcare decision. As should all Americans. No one should fear pressure, coercion or reprisal for refusing the COVID-19 vaccine. https://***J3', 'New #COVID19 review from @h***d @H***m: models of respiratory virus transmission are wrong, making control policies in hospitals ineffective. See authors recs for a new understanding of disease transmission and control efforts: https://***PO @D***n https://***pp', '-']",-,content_B,post
t3586,u1390,2022-02-27 23:45:46+00:00,Covid,r***e,Uji coba masuk Bali tanpa karantina bisa dipercepat jika kasus Covid-19 membaik https://***Iu,"['Booster doses “boost” your protection against certain viruses. Sometimes, the protection you get from a vaccine can wear off over time. Booster doses make sure we stay protected. Find a #COVID19 vaccine booster dose near you at https://***v. https://***15', 'Uji coba masuk Bali tanpa karantina bisa dipercepat jika kasus Covid-19 membaik https://***Iu', 'My son 32 describing #COVID19 I feel strange Ill but not ill, sore throat and achy neck Feel bloody gross today Achy and all bluuurrrggghhhh All right, a bit tired Weirdest illness ever Tip top when I woke up, now like a bag of potatoes I can see this being very frustrating', '-']",-,content_B,post
t0372,u1957,2020-04-24 08:00:39+00:00,Covid,c***d,"As part of our ongoing liaison with @s***v during this time, we are sharing the First Minister's newly published framework for decision-making surrounding #COVID19 in #Scotland. Read the full publication detailing Scotland's approach ➡️ https://***id https://***Xq","[""As part of our ongoing liaison with @s***v during this time, we are sharing the First Minister's newly published framework for decision-making surrounding #COVID19 in #Scotland. Read the full publication detailing Scotland's approach ➡️ https://***id https://***Xq"", 'Join @s***s online for a COVID-19 Relief Fund Workshop on 28 April 2020. RSVP to LeonK@b***s.org to receive the MS Teams link. We will have speakers from the NYDA, SEDA &amp; Spartan &amp; Schoeman Law Inc. RSVP today! https://***oD', 'Companies across the world have reacted to COVID-19 in a variety of ways. Has your business changed your mode of operation in innovative ways in response to this crisis? Join the #COVIDBizPivot Challenge and submit your solution: https://***SR https://***ZK', '-']",-,content_A,post
t1702,u2024,2021-04-12 21:48:41+00:00,Covid,R***m,"Full replay of ""COVe[R]AGE-DB: Uncovering the demographic dynamics of COVID19 cases and deaths using #Rstats"" live stream - https://***g4 https://***Fe","['Full replay of ""COVe[R]AGE-DB: Uncovering the demographic dynamics of COVID19 cases and deaths using #Rstats"" live stream - https://***g4 https://***Fe', 'Jag skriver för @F***E om #COVID19 och dess effekter. Många trender accelereras. Sverige och andra länder måste stärka resiliensen och det internationella samarbetet. #föpol #säkpol @K***e @A***n @A***e https://***iK', ""Getting tested for #COVID19 is still one of the best ways to keep our city safe and coming back strong! Here are this week's updated locations and hours from @N***m. https://***LW"", '-']",-,content_A,post
t0684,u0578,2020-07-21 11:07:30+00:00,Covid,I***L,IMO tells COVID19 Committee that assuring the ongoing safety of our healthcare workforce and maximum protection against the Covid 19 is required. Full submission https://***ps,"['Many cops have re-joined @P***e duty after being cured of #COVID19 #Pune #Punepolice @C***y https://***MO', 'Join us to discuss the digital trends for employee benefits - critical today and post-pandemic. #socialdistancing #covid19 #employeebenefits #hr #healthplan https://***1s', 'IMO tells COVID19 Committee that assuring the ongoing safety of our healthcare workforce and maximum protection against the Covid 19 is required. Full submission https://***ps', '-']",-,content_C,post
t3685,u2901,2022-03-02 05:01:59+00:00,Covid,S***D,-,"['#PaidLeave has been prominently discussed at #SOTU &amp; Joint Sessions of Congress by both @J***n and Trump. At #SOTU2022 the country wants to hear that @P***S remains committed to delivering robust #PaidLeaveForAll as we emerge from the #COVID19 crisis.', 'Discriminatory ability of gas chromatography-ion mobility spectrometry to identify patients hospitalised with COVID-19 and predict prognosis https://***tn #medRxiv', 'Pisces is the last sign on the zodiac wheel, making this a time of transition and change. https://***Ul', '-']",tweet_C,-,retweet
t2459,u2481,2022-02-08 05:21:57+00:00,Covid,s***r,-,"['Kadar penggunaan alat bantuan pernafasan, ICU, katil hospital COVID-19 dan pusat kuarantin setakat 6 Februari 2022. Untuk maklumat lanjut, layari https://***qE https://***VE', 'Sería muy importante que tengan en cuenta esta información otras Entidades Federativas que han prescrito y SIGUEN PRESCRIBIENDO ivermectina para tratamiento de COVID-19, a pesar de que se han emitido lineamientos nacionales donde se dice claramente que NO DEBE USARSE. https://***dg', 'Positivo em #COVID19, Kasper Asgreen não participará do Tour de La Provence e a equipe Quick-Step-Alpha Vinyl iniciará o evento com seis ciclistas. https://***Bx', '-']",tweet_B,-,retweet
t3444,u0743,2022-02-24 14:55:07+00:00,Covid,S***r,"OMG, #Ivermectin is why Queen Elizabeth II's #COVID19 story trended the other day?! 🤣🤣 And it came from #Australia? For years, it has felt like Australia is pipelined to #UnitedStates #whiteSupremacy cr4p. This caps it for me. https://***ql","['Glorious to see @a***c, especially when it’s in a meeting about making training across #surgery better Conversations about collaboration &amp; extended surgical team Training has taken a huge hit during #COVID19 &amp; it wasn’t exactly perfect in the before times #MedEd #orthotwitter https://***IK', 'Listen up! If anyone tells you that non-pharmaceutical interventions (NPIs) were useless, like... Masks Testing Occupancy limits Vaccine passports and mandates ... that’s straight up misinformation. Let’s dig into the impact of these interventions 👇 🧵 [1/10] #ScienceUpFirst https://***a3', ""OMG, #Ivermectin is why Queen Elizabeth II's #COVID19 story trended the other day?! 🤣🤣 And it came from #Australia? For years, it has felt like Australia is pipelined to #UnitedStates #whiteSupremacy cr4p. This caps it for me. https://***ql"", '-']",-,content_C,post
t2852,u1296,2022-02-15 18:37:23+00:00,Covid,S***n,".@G***m scores poorly in 8 of 10 policy areas surveyed by @B***S. Voters only think he's doing well on #COVID19 &amp; #ClimateChange. On #schools, 43% rate him poor/very poor, vs. only 27% good/excellent. On water &amp; #CADrought, he's down 40-24.","['Considerations over 4th #COVID19vaccine #booster grow as protections for youngest delayed and defenses for adults expanded #COVID19 #COVID19news #COVIDnews https://***wf', "".@G***m scores poorly in 8 of 10 policy areas surveyed by @B***S. Voters only think he's doing well on #COVID19 &amp; #ClimateChange. On #schools, 43% rate him poor/very poor, vs. only 27% good/excellent. On water &amp; #CADrought, he's down 40-24."", 'A new study shows hotspots of #COVID19 infections across Canadian cities are linked to occupation, income, housing, and markers for structural racism. https://***OV https://***mu', '-']",-,content_B,post
t1518,u2832,2020-12-06 19:00:30+00:00,Covid,D***k,-,"['Our new @T***o Editorial on #COVID19 # vaccines and the complexities of priority access. https://***2J https://***jv', 'This is what I would say is a magician. 🧙🏼♂️ The ability to alter the environment for the good &amp; happiness of others. https://***K2', ""Missed today's COVID-19: Organ Donation and Transplant Town Hall? Head over to our YouTube channel to view the recording. #TransplantTwitter #TxID #TransplantID @A***P @E***D https://***uI https://***Z5"", '-']",tweet_C,-,retweet
t1986,u1100,2021-12-03 14:33:52+00:00,Covid,K***K,"🎥 After the first lockdown, I spoke about the government’s need for clear, concise and instructive communications to reduce the transmission of COVID-19. As we tackle the new #Omicron variant, the same still rings true 15 months later. https://***XO","['🎥 After the first lockdown, I spoke about the government’s need for clear, concise and instructive communications to reduce the transmission of COVID-19. As we tackle the new #Omicron variant, the same still rings true 15 months later. https://***XO', 'thanks for your support! it seems that some products are already sold out... we already have restocks planned, but please note that certain products will take longer to restock because of supply chain shortages due to COVID-19. still, we will do our best!', ""Happening now: Day 2 of #IANPHI's Annual Meeting Public health leaders from @n***a @S***r @K***A @N***a share their experiences of #COVID19 response and #healthequity challenges #NPHIs https://***4X"", '-']",-,content_A,post
t2165,u1217,2022-01-17 20:01:39+00:00,Covid,O***s,"As the #pandemic continues, #health system administrators are renewing their efforts to improve care delivery patterns and meet patients' changing needs. They are also focusing on achieving health #equity to close the gaps in care that #COVID laid bare: https://***aV https://***Yr","[""Boris Johnson 'encouraged' weekly 'wine-time' parties at Number 10 during COVID-19 lockdowns, report says https://***ta"", ""As the #pandemic continues, #health system administrators are renewing their efforts to improve care delivery patterns and meet patients' changing needs. They are also focusing on achieving health #equity to close the gaps in care that #COVID laid bare: https://***aV https://***Yr"", '""Right now we\'re at about 150,000 people in the hospital with COVID. That\'s more than we\'ve ever had. I expect those numbers to get substantially higher."" @a***a Says Covid-19 will get much worse in the U.S. #FoxNewsSunday', '-']",-,content_B,post
t3603,u0689,2022-02-28 09:06:02+00:00,Covid,I***t,-,"['#QueHayDeNuevo |Dr. Mauricio Canals, sobre el aumento de casos #COVID19: ""Es difícil saber si va haber un brote porque esto va a depender de la diferencia entre la tasa de descenso y la tasa de ascenso que se produzca por el aumento de los contactos en marzo"". https://***Ts', 'New data from @C***v has shown that when pregnant people were vaccinated against COVID-19, their babies younger than 6 months old were 61% less likely to be hospitalized with COVID. https://***3t', 'Thailand Ministry of Health reports 24,719 new COVID-19 cases and an additional 42 deaths since yesterday. Read More: https://***N0 #thailand #ThailandNews #COVID19 #covid19thailand #coronavirus #newsupdate #news', '-']",tweet_C,-,retweet
t1605,u3105,2021-01-12 19:45:47+00:00,Covid,L***i,"Yesterday I learned that Broom died on 12/28 of COVID-19. Granted, given infection rates in prisons, that outcome might have occurred whether or not he had remained on death row. His guilt has not been called into doubt.","['Union leaders of the Academic Staff Union of Universities (ASUU) disclosed that Nigerian Universities are not prepared for the resumption of operations due to lack of preparatory materials to handle the Covid-19 pandemic for students and teachers. 2', 'Yesterday I learned that Broom died on 12/28 of COVID-19. Granted, given infection rates in prisons, that outcome might have occurred whether or not he had remained on death row. His guilt has not been called into doubt.', ""When you see a problem precisely and clearly from the *wrong* perspective... no wonder you don't find the solution! Astonishing #COVIDVaccination #COVID19 #VaccineStrategy https://***TB"", '-']",tweet_A,content_B,reply
t2918,u0072,2022-02-16 19:00:10+00:00,Covid,T***a,#Laos Laos Reduces VAT Rate to Support the Post-COVID-19 Economy https://***GJ #Coronavirus #Rate #GST #VAT #SalesTax #Tax #IndirectTax #TwitterTax Subscribe: https://***aT https://***sC,"['Skogstam om smittspridningen i Värmland: Kan bli värre innan det vänder https://***uS #covid19sverige #coronasverige', 'जीतेगें कोरोना से लड़ाई... #indiafightscoronavirus #HarGharDastak #निरोगीराजस्थान #राजस्थानसतर्कहै #स्वस्थ_राजस्थान #SwasthaBharat #HealthForAll #rajasthan #OmicronVariant #COVID19 #IEC @J***s https://***DY', '#Laos Laos Reduces VAT Rate to Support the Post-COVID-19 Economy https://***GJ #Coronavirus #Rate #GST #VAT #SalesTax #Tax #IndirectTax #TwitterTax Subscribe: https://***aT https://***sC', '-']",-,content_C,post
t3895,u0619,2022-03-06 04:00:00+00:00,Covid,g***l,Cai número de atendimentos de pacientes com suspeita de covid-19 em fevereiro na Capital https://***Bu,"['Texas COVID-19 Chronicles: today’s 98 newly reported fatalities bring state pandemic death toll to 83,997. In 2 years ... https://***qL', 'Thank you again @A***a. This is part 2 of the discussion of the first workshop: The Discussion (Part 2): COVID19 and climate emergency workshop in the University of Essex By Asitha Jayawardena https://***kq #ClimateCrisis #Sustainability #coronavirus', 'Cai número de atendimentos de pacientes com suspeita de covid-19 em fevereiro na Capital https://***Bu', '-']",-,content_C,post
t3822,u2820,2022-03-04 07:57:27+00:00,Covid,F***H,-,"['#2Mar OPS pide que las embarazadas y las mujeres que amamantan se vacunen contra COVID-19: También deben usar el refuerzo https://***lh https://***E5', 'COVID-19: Health leaders begin to transition nation from pandemic to endemic (@S***n reports) https://***CH', ""L'Organisation mondiale de la santé (#OMS) a averti mercredi que l'actuel conflit Russie-Ukraine pourrait contribuer à la transmission du nouveau coronavirus ainsi qu'à l'augmentation des cas graves de #COVID19. #CriseEnUkraine https://***Ap"", '-']",tweet_A,-,retweet
t3356,u2041,2022-02-22 23:36:41+00:00,Covid,G***p,"Just to clarify something from earlier: I'll be stopping my daily update imminently, but I'll continue to post my weekly COVID-19 Vaccine Adverse Events report, as well as monitoring &amp; summarizing relevant Public Health Ontario reports.","[""Just to clarify something from earlier: I'll be stopping my daily update imminently, but I'll continue to post my weekly COVID-19 Vaccine Adverse Events report, as well as monitoring &amp; summarizing relevant Public Health Ontario reports."", ""🔴 #Coronavirus: oggi l'indice di gravità elaborato da YouTrend è a 49 su 100. Nota metodologica completa: https://***HN https://***GV"", 'How convenient. It’ll probably peak around voting time for the midterms so more voting by mail required.- Omicron BA.2 variant is spreading in U.S. and may soon pick up speed : Shots - Health News : NPR #covid19 #BA2 #omicron #midterms #mailinvoting https://***5v', '-']",-,content_A,post
t3396,u2064,2022-02-23 17:00:14+00:00,Covid,b***n,Miniature model of the human nose reveals early events of SARS-CoV-2 and RSV infection. https://***OP #COVID19 #RSV,"[""The Saturday afternoon anti-COVID-19 mandate protesters also ignored the local honking ban brought in by Edmonton mayor Amarjeet Sohi, Trudeau's former natural resources minister. FULL REPORT by @S***d: https://***oL"", ""This is the outcome of the meeting of WHO's Technical Advisory Group on SARS-CoV-2 Virus Evolution as part of its on-going work to track #COVID19 variants https://***l4"", 'Miniature model of the human nose reveals early events of SARS-CoV-2 and RSV infection. https://***OP #COVID19 #RSV', '-']",-,content_C,post
t3857,u1506,2022-03-05 01:34:00+00:00,Covid,S***s,"Hospitals are running out of oxygen and the emergency unit smells of human waste, health staff say amid Hong Kong’s worst Covid-19 outbreak yet https://***wz","['9. The study included 1217 patients, the majority of whom had gotten Moderna or Pfizer COVID-19 vaccines. Only 18 had gotten J&amp;J. ""The Moderna vaccine was significantly more associated with lymphadenopathy compared to Pfizer...” &amp; J&amp;J.', 'Hospitals are running out of oxygen and the emergency unit smells of human waste, health staff say amid Hong Kong’s worst Covid-19 outbreak yet https://***wz', 'Cigarrillo, EPOC y covid-19: cóctel mortal para los pulmones https://***YX #noticias #carabobo #venezuela', '-']",-,content_B,post
t2732,u2406,2022-02-14 09:36:16+00:00,Covid,s***s,"#CoronavirusStrain WEST BENGAL Corona Update on 14-FEB-22 Total Cases 20,10,901 https://***pd #indiacoronaupdate #COVID19India #CoronaInIndia #CoronaUpdate #Statewise #Covid_19 #CoronaFighters #covidfighter #westbengallockdown","['Boris Johnson BREAKING NEWS https://***Ym #lockdown #covid19 #covid19UK #voteofnoconfidence #StayTheFHome #covid #Covid19 #coronavirus #Covid_19 2', '8 new cases of #COVID19Nigeria; FCT-4 Rivers-3 Kaduna-1 253,978 confirmed 230,323 discharged 3,141 deaths #TakeResponsibility https://***yi', '#CoronavirusStrain WEST BENGAL Corona Update on 14-FEB-22 Total Cases 20,10,901 https://***pd #indiacoronaupdate #COVID19India #CoronaInIndia #CoronaUpdate #Statewise #Covid_19 #CoronaFighters #covidfighter #westbengallockdown', '-']",-,content_C,post
t2235,u2010,2022-01-25 01:59:56+00:00,Covid,m***n,"If you haven't heard, FDA approved molnupiravir for COVID19. I've been concerned it could create highly mutated SARSCoV2 and make new enhanced viruses more likely. Today a new study supports the idea that letting viruses sample multiple mutations is risky. https://***UI","['Jean Meneses se bajó de la convocatoria de la Selección Chilena🇨🇱 por ser positivo a COVID-19. Se perderá la Fecha FIFA con compromisos ante Argentina y Bolivia. Lástima, dio un juegazo el sábado. Estará aislado. https://***NK', ""If you haven't heard, FDA approved molnupiravir for COVID19. I've been concerned it could create highly mutated SARSCoV2 and make new enhanced viruses more likely. Today a new study supports the idea that letting viruses sample multiple mutations is risky. https://***UI"", 'Opinion editor @C***s writes: Workers wield newfound power in world shaped by COVID-19. Kansas leaders should adapt, and quickly | #ksleg https://***gv', '-']",-,content_B,post
t0382,u2282,2020-05-05 23:44:07+00:00,Covid,I***D,"This is what I previously called the third wave of #COVID19. (Second wave was worsening of chronic conditions). Here it comes: Cancer screening, monitoring down during pandemic https://***6f","['Best resource (so far) about filtration performance data of various DIY materials and anything else you want to know about filtration because #COVID19: https://***RC', 'COVID-19: actualizado al 4/5/2020 #QuedateEnCasa https://***bE', 'This is what I previously called the third wave of #COVID19. (Second wave was worsening of chronic conditions). Here it comes: Cancer screening, monitoring down during pandemic https://***6f', '-']",-,content_C,post
t0410,u0870,2020-05-30 17:59:26+00:00,Covid,P***n,"Yemen officially has one of the #MiddleEast lowest #COVID-19 counts. In reality, the virus is spreading unseen and unchecked https://***oU","[""For a week now I've been helping the Dutch Government in their efforts battling the Covid19 virus. I'm working on the Covid19 notification app as an Android developer and community manager. It's the most intense but also the most impactful work I've done!"", 'Yemen officially has one of the #MiddleEast lowest #COVID-19 counts. In reality, the virus is spreading unseen and unchecked https://***oU', '1/ COVID-19 pulled the future of e-commerce forward dramatically for local businesses, so we’re launching Main Street Strong to help restaurants get back on their feet in this accelerated transition: https://***u1', '-']",-,content_B,post
t3266,u1995,2022-02-21 16:01:50+00:00,Covid,G***H,Thousands of children between the ages of 5-11 were involved in the rigorous COVID-19 vaccine testing and development process without any serious side effects. Talk to your child's pediatrician today about COVID-19 vaccination and learn more here: https://***t.,"['This week, I met with @C***s to discuss the ongoing effects of COVID-19 on healthcare workers, the expansion of telehealth &amp; healthcare priorities in the Build Back Better Act. I will continue to work to ensure our healthcare workers receive the resources &amp; support they need. https://***n0', ""Thousands of children between the ages of 5-11 were involved in the rigorous COVID-19 vaccine testing and development process without any serious side effects. Talk to your child's pediatrician today about COVID-19 vaccination and learn more here: https://***t."", 'COVID-19 testing is available today! No appt needed. 🧪9AM - 1PM at 900 Orthodox St, 19124 *Rapid testing available 🧪9AM - 1PM at 1900 N 5th St, 19122 *Rapid testing available 🧪Noon - 4PM at 2001 W Lehigh Ave, PA 19132 *Rapid &amp; PCR testing available https://***2v', '-']",-,content_B,post
t2997,u3145,2022-02-17 18:00:27+00:00,Covid,I***x,"A retrospective look at two-plus years of #COVID-19 offers insightful lessons on how to manage challenging human factors in a pandemic, as well as understanding the nature of virus variants and the important value of vaccines. Learn more here: https://***Mi","['#Bondia! Avui comença el cicle de xerrades en clau de futur sobre les lliçons apreses a l’atenció primària durant la pandèmia de la #COVID19. Segueix-les en directe a Youtube👉 https://***xY 📅13.45 -15.15h #ICSMemòriaCOVID #2anys #AraMésqueMaiPrimària https://***hg', 'A retrospective look at two-plus years of #COVID-19 offers insightful lessons on how to manage challenging human factors in a pandemic, as well as understanding the nature of virus variants and the important value of vaccines. Learn more here: https://***Mi', 'Great #infographic about #COVID19, #myocarditis &amp; #vaccine 🔹risk of myocarditis secondary of vaccine is extremely ⬇️ 🔹Vaccines protect you against severe forms of covid 🔹For unvaccinated, risk of hospitalization from #COVID19 infection is 10x ⬆️ #PedsICU #Tweetiatrician https://***Kt https://***jK', '-']",-,content_B,post
t2027,u3181,2021-12-17 00:29:36+00:00,Covid,D***s,@A***t Some nice resources: ✳️@J***h (need subscription) ✳️@R***9 ✳️The @I***o #COVID19 treatment guidelines ✳️The @N***H Rx guidelines ✳️The travel med site TRAVAX also is great (need a subscription) Or you could just follow @C***7 and @P***D #ASPchat,"['COVID-19 cases are rising in New York, but we know what we need to do to protect ourselves and our loved ones from getting seriously ill. Get vaccinated: https://***9p Get boosted: https://***KG Wear a mask and get tested: https://***Ow', '@A***t Some nice resources: ✳️@J***h (need subscription) ✳️@R***9 ✳️The @I***o #COVID19 treatment guidelines ✳️The @N***H Rx guidelines ✳️The travel med site TRAVAX also is great (need a subscription) Or you could just follow @C***7 and @P***D #ASPchat', ""🚨MURARARITSWE🚨 Tubararikiye ikiganiro bamwe mu bagize guverinoma bagirana n'itangazamakuru ku gicamunsi cyo kuri uyu wa Gatatu. Kiribanda ku ngamba nshya zo gukomeza guhangana n'icyorezo cya #COVID19. Muragikurikira kuri RBA mu kanya 15h00. #RBAHafiYawe https://***ab"", '-']",tweet_A,content_B,reply
t0353,u3248,2020-04-07 19:09:17+00:00,Covid,Z***1,"Hydroxychloroquine-COVID-19 study did not meet publishing society's ""expected standard"" https://***gW via @i***y","['Hydroxychloroquine-COVID-19 study did not meet publishing society\'s ""expected standard"" https://***gW via @i***y', 'Bravo @S***a qui continue de nourrir la ville de Lomé malgré le #COVID19 #riensanslesfemmes https://***Pl', 'Such a sobering update. Yet truthful, educational, inspiring. Proud to be part of this community. @C***D @C***h #Covid_19 #CoronavirusPandemic https://***Si', '-']",-,content_A,post
t1646,u0042,2021-02-23 23:45:47+00:00,Covid,T***s,"Col. Teague, Command Sgt. Maj. Brewer and the battalion command teams complete their COVID-19 Vaccinations Rakkasan ⛩ @T***6 https://***5A","['Col. Teague, Command Sgt. Maj. Brewer and the battalion command teams complete their COVID-19 Vaccinations Rakkasan ⛩ @T***6 https://***5A', 'Bells toll at the Washington National Cathedral in memory of the 500,000 people that have died of COVID-19 in the United States. https://***7X https://***Zq', 'How a 1960s discovery in Yellowstone made millions of COVID-19 PCR tests possible https://***lq via @u***y #biology #Biotechnology', '-']",-,content_A,post
t2853,u0460,2022-02-15 18:46:36+00:00,Covid,C***L,Chile - Región de Magallanes 15/02/2022 #GraficoCovid029 #Covid19Chile #PUQ https://***fH,"['#Molnupiravir for Oral Treatment of #Covid-19 in Nonhospitalized Patients | #NEJM https://***Ar', 'Chile - Región de Magallanes 15/02/2022 #GraficoCovid029 #Covid19Chile #PUQ https://***fH', 'Visualizing How COVID-19 Antiviral Pills and Vaccines Work at the Cellular Level https://***YD #antiviralactivity #cellreceptors #coronavirus #COVID19 #vaccine https://***LB', '-']",-,content_B,post
t1690,u3124,2021-04-01 12:34:03+00:00,Covid,y***2,"The Pfizer-BioNTech vaccine protects against symptomatic Covid-19 for at least six months, according to new findings released by the companies https://***7d","['Thank you Dr. Cecilia Livesey! #NationalDoctorsDay #COVID19 #mentalhealth https://***IB https://***SK', 'The Pfizer-BioNTech vaccine protects against symptomatic Covid-19 for at least six months, according to new findings released by the companies https://***7d', 'Genome sequencing shows coronavirus variation drives pandemic surges https://***3e #genomics #COVID19', '-']",-,content_B,post
t3623,u2244,2022-02-28 17:03:08+00:00,Covid,y***d,"🔴 #Coronavirus, 28 febbraio 2022 • Attualmente positivi: 1.099.934 • Deceduti: 154.767 (+207) • Dimessi/Guariti: 11.528.135 (+40.415) • Ricoverati: 11.565 (-36) • di cui in TI: 714 (-19) • Tamponi: 187.336.379 (+198.513) Totale casi: 12.782.836 (+17.981, +0,14%) https://***Re","['🔴 #Coronavirus, 28 febbraio 2022 • Attualmente positivi: 1.099.934 • Deceduti: 154.767 (+207) • Dimessi/Guariti: 11.528.135 (+40.415) • Ricoverati: 11.565 (-36) • di cui in TI: 714 (-19) • Tamponi: 187.336.379 (+198.513) Totale casi: 12.782.836 (+17.981, +0,14%) https://***Re', 'عروج ممتاز اور ڈینی موریسن کے بعد ڈیوڈ گوور کا بھی کوویڈ منفی آگیا ہے جبکہ ڈیوڈ گوور آج پی ایس ای فائنل پر کمنٹری کے فرائض سرانجام دینگے #Faakhta #PSL7 #PSL2022 #PSLFinal #COVID19', 'Vacunación para diversos grupos de edad, 1ra, 2da y dosis de refuerzo, en Macuspana Del1 al 4 de marzo, consulta las sedes oficiales y acude por tu vacuna contra el #COVID19. Recuerda llevar identificación con foto, que indique tu edad y domicilio https://***eW', '-']",-,content_A,post
t1751,u1158,2021-05-26 15:42:04+00:00,Covid,n***i,"Spoke to my dear friend President @E***n. I thanked him for France’s prompt assistance to India’s COVID-19 response. We also discussed bilateral, regional and global issues, including cooperation in climate action and Indo-Pacific.","['Spoke to my dear friend President @E***n. I thanked him for France’s prompt assistance to India’s COVID-19 response. We also discussed bilateral, regional and global issues, including cooperation in climate action and Indo-Pacific.', 'A scandalous inequity: Just 10 counties have administered &gt;75% of all #COVID19 vaccines. ""There\'s no diplomatic way to say it: a small group of countries that make &amp; buy the majority of the world\'s vaccines control the fate of the rest of the 🌍."" -@D***s #WHA73 #VaccinEquity https://***vx', 'During the #pandemic, @G***r shifted their approach &amp; designed a more scalable program, offering an online, global alternative to their in-person gap year. They created virtual communities w/ 500+ students taking part &amp; 85 countries represented. https://***us', '-']",-,content_A,post
t2854,u2788,2022-02-15 19:26:31+00:00,Covid,m***n,#MichelleSamura @C***S's work on #CampusSpace &amp; #SenseOfBelonging is highly front &amp; center during #Covid19! I wonder what @A***e @H***G @A***E colleagues may be working on about this. Sharing 2 of her articles as reference/great primers in the next tweet,"[""#MichelleSamura @C***S's work on #CampusSpace &amp; #SenseOfBelonging is highly front &amp; center during #Covid19! I wonder what @A***e @H***G @A***E colleagues may be working on about this. Sharing 2 of her articles as reference/great primers in the next tweet"", 'Response to SARS-CoV-2 vaccination in patients after hematopoietic cell transplantation and CAR T-cell therapy [Oct 7, 2021] @b***o et al. @P***i @M***i @B***l https://***lr #COVID19Vaccine #COVID19nCancer #bmtsm #CARTcell #COVID19 #CCC19', '|#América| La ciudad de Buenos Aires detecta COVID-19 por audios de tos por WhatsApp--#BuenosAires #CanalAmerica #Covid19 #EFE #elprofeshow #Mundo #Pandemia #Testanticovid #virus- Mas Info -👉https://***hB https://***I3', '-']",-,content_A,post
t2588,u2088,2022-02-10 16:19:36+00:00,Covid,u***a,"Dr. Marc-André Langlois (@l***a), molecular virologist &amp; Executive Director @C***t, has been named in @m***s' 2022 Power List for his work analyzing and researching COVID-19 variants: https://***XG @u***d https://***Vs","['Policía canadiense arresta a 22 personas, al tiempo que Trudeau pide fin de manifestaciones en contra de las restricciones por la pandemia de COVID-19. #coronavirus https://***gK', 'We need an inclusive and climate resilient recovery from the #COVID19 pandemic. Heads of state, ministers and development champions will join us to share ideas and solutions. i️ Everything you need to know about #IFADGoverningCouncil 2022:', ""Dr. Marc-André Langlois (@l***a), molecular virologist &amp; Executive Director @C***t, has been named in @m***s' 2022 Power List for his work analyzing and researching COVID-19 variants: https://***XG @u***d https://***Vs"", '-']",-,content_C,post
t3601,u0241,2022-02-28 07:36:49+00:00,Covid,t***f,"📌 Rt_sintomi🇮🇹 al 13/2 = ↔️ 0.69 [0.69 - 0.7] 📌 Rt_ricoveri🇮🇹 al 20/2 = ↔️ 0.77 [0.75 - 0.79] (dataset ISS al 27/2, 95% Crl, caveat📷,diff.reg.) Stime più ravvicinate con dati non consolidati 👇🏻 🌐 https://***54 #Omicron #COVID19 #Italia #28febbraio #Rt @v***e https://***yA","['📌 Rt_sintomi🇮🇹 al 13/2 = ↔️ 0.69 [0.69 - 0.7] 📌 Rt_ricoveri🇮🇹 al 20/2 = ↔️ 0.77 [0.75 - 0.79] (dataset ISS al 27/2, 95% Crl, caveat📷,diff.reg.) Stime più ravvicinate con dati non consolidati 👇🏻 🌐 https://***54 #Omicron #COVID19 #Italia #28febbraio #Rt @v***e https://***yA', 'Die tagesaktuellen #Fallzahlen zum #Coronavirus im #KreisAhrweiler finden Sie auf unserer Homepage unter https://***d. #LUA Symbolfoto: Gerd Altmann / Pixabay https://***RB', '#COVID-19 : Le #diabète, facteur ou/et conséquence de l’infection ? https://***vs', '-']",tweet_C,content_A,reply
t3124,u2411,2022-02-19 17:10:40+00:00,Covid,D***S,-,"['On Friday, Gov. Beshear announced 4,388 newly reported cases of COVID-19, a 14.34% positivity rate and 46 deaths, including a Kentuckian as young as 45 years old. The Governor encouraged Kentuckians to get vaccinated and boosted to continue the positive trajectory in cases. https://***Ba', 'A team led by NIEHS senior researcher Alison Motsinger-Reif, Ph.D., has developed an online tool called the #COVID19 Pandemic Vulnerability Index Dashboard that integrates data on 10 pandemic-related metrics in each U.S. County. Read more at https://***Zj @I***H https://***1c', 'Climate Change, Racism, COVID-19... These can have an immense impact on physical and mental health of a population. Health behavior &amp; health education professor @r***e talks about the social determinants of health that Black communities are facing today. #BlackHistoryMonth https://***Wv', '-']",tweet_B,-,retweet
t0346,u3059,2020-03-31 17:11:19+00:00,Covid,s***n,"In case you need a smile among all the #COVID19 craziness, my coworker’s son got married this weekend and NBC news did an adorable segment on it 💕 https://***5w","['No front yard? No problem 🤗🥬🍅 Grow your #victorygarden indoors! #QuarantineLife https://***iY https://***Fo', 'Plead to journalists: *use log scale and plot the newly confirmed cases as a function of total confirmed cases* to show covid19 progression rate &amp; how this week Italy is indeed slowly exiting the exponential growth ! https://***FL', 'In case you need a smile among all the #COVID19 craziness, my coworker’s son got married this weekend and NBC news did an adorable segment on it 💕 https://***5w', '-']",-,content_C,post
t1997,u1767,2021-12-08 11:54:55+00:00,Covid,W***h,"Pfizer Inc. and BioNTech SE said a third dose of their Covid-19 vaccine neutralized the Omicron variant in lab tests, but the two-dose regimen was significantly less effective at blocking the virus. https://***eY","['Our researchers are racing to find answers to the key questions about #omicron, and how serious its impact could be 🦠😷 📺 @C***s #COVID19 https://***HQ', 'Honored to serve on @M***u’s COVID-19 advisory committee to ensure that our city, @c***n’s, COVID-19 policies allow for a safe and healthy community. https://***7y', 'Pfizer Inc. and BioNTech SE said a third dose of their Covid-19 vaccine neutralized the Omicron variant in lab tests, but the two-dose regimen was significantly less effective at blocking the virus. https://***eY', '-']",-,content_C,post
t2501,u3118,2022-02-08 23:41:28+00:00,Covid,m***t,A 'step too far' or 'perfect sense'? A qualitative study of British adults' views on mandating COVID-19 vaccination and vaccine passports https://***z1 #medRxiv,"['Over 3.01 billion #COVID19 vaccine doses had been administered on the Chinese mainland as of Monday, with more than 1.228 billion people fully vaccinated, data from the National Health Commission showed Tuesday. https://***Ac', ""A 'step too far' or 'perfect sense'? A qualitative study of British adults' views on mandating COVID-19 vaccination and vaccine passports https://***z1 #medRxiv"", 'In the last half of 2021, the rate of patients who contracted COVID-19 in a hospital rose at only half the rate as overall COVID-19 admissions, likely due to increased vaccination rates, researchers said.https://***8K', '-']",-,content_B,post
t1728,u2387,2021-04-25 18:32:21+00:00,Covid,p***y,-,"[""What is your pick: S U N S E T👍🏻 or S U N R I S E❤️? ' ' ' ' #Travel #TravelInspiration #Question #Sarcasm #quote #motivation #questionoftheday #quarantinelife #KameleonRose https://***LM"", '#covidCO2mexico Uso de medidores de CO2 para evaluar riesgo de contagio por #covid19mx en lugares cerrados (hilo) 1/ Todas las personas emitimos pequeñas partículas de fluidos respiratorios (""aerosoles""). Lo hacemos al respirar, pero más al hablar, gritar y cantar. https://***eD', '@D***i Every morning I get up to 15-20 text msgs from friends and their families suffering from COVID-19. Unable to find hospital beds, lack of oxygen, youngsters dying because of PE due to lack of healthcare. India needs emergent lockdown @P***a', '-']",tweet_C,-,retweet
t1937,u0575,2021-11-19 09:45:49+00:00,Covid,t***y,"We have improved the turn around time of the COVID-19 PCR tests. At a fee of 200,000 UGX you get results within 6 hours. At a fee of 300,000 UGX you get results within 3 hours. #pcr #pcrtest #coronavirus https://***nb","['Chair @r***o: ""Every day that low-income countries remain vulnerable to COVID-19 is another day for the virus to mutate and adapt. And if we fail to ensure their access to vaccines, those countries will become the breeding grounds for new variants...""', 'We have improved the turn around time of the COVID-19 PCR tests. At a fee of 200,000 UGX you get results within 6 hours. At a fee of 300,000 UGX you get results within 3 hours. #pcr #pcrtest #coronavirus https://***nb', '“With winter approaching, it’s time to talk about the optimal Covid-19 strategy again – and for that, we need to look once more at what’s happening in South Korea.” Excellent from @d***r https://***9u', '-']",-,content_B,post
t1881,u2180,2021-10-18 08:55:41+00:00,Covid,i***b,JUST PUBLISHED: 🆕 Literature reference guide to report on the pandemic’s affect on Bangladesh #GarmentWorkers. 📖 Read for a broader understanding of how enterprises engaged with their suppliers &amp; factory workers at the onset of the #COVID19 pandemic 👉 https://***V4 https://***fE,"['At this time these four things constitute a conspiratorial platform against #vaccination and other Covid-protection measures among so many Christians: manipulative #politics, corrupt #theology and #eschatology, and twisted concept of #freedom. #pandemic #COVID19 #conspiracies', 'Lançamento de medicamento para o tratamento da COVID-19 pela Merck redobra preocupações com o acesso a tratamentos e outras terapias em países em desenvolvimento. Não dá para introduzir novas tecnologias sem discutir a suspensão temporária de DPIs https://***xh', 'JUST PUBLISHED: 🆕 Literature reference guide to report on the pandemic’s affect on Bangladesh #GarmentWorkers. 📖 Read for a broader understanding of how enterprises engaged with their suppliers &amp; factory workers at the onset of the #COVID19 pandemic 👉 https://***V4 https://***fE', '-']",-,content_C,post
t1713,u3088,2021-04-20 11:46:01+00:00,Covid,v***a,"I decided to donate Plasma for #COVID19India patients, plz come forward to donate plasma It’s safe and easy. Thank you @a***2 @C***a @U***e @s***i https://***eP","['“As Europe emerges from the COVID-19 crisis, rising middle-market and micro-cap activity, combined with factors like elevated valuations and pent-up demand, are setting the stage for a lively year”', 'I decided to donate Plasma for #COVID19India patients, plz come forward to donate plasma It’s safe and easy. Thank you @a***2 @C***a @U***e @s***i https://***eP', 'Early registration for #GiveBIG is now open! We know that COVID-19 disproportionally affects our clients; the elderly and medically fragile, and those struggling with poverty, hunger and homelessness. We invite you to help save lives and give hope by making a donation to GiveBIG. https://***qr', '-']",-,content_B,post
t0384,u2287,2020-05-07 00:07:53+00:00,Covid,o***r,"Terça que vem, às 19h, tem Live do projeto Embaixadoras! Vamos conversar sobre as iniciativas de combate ao covid-19 https://***qE e https://***qp com as @: @f***a @s***q @t***s @m***e @c***a e Flavia Menani Link no dia da Live! https://***7S","['COVID Update May 6: Like many countries we picked a strategy to beat COVID-19. We just decided not to stick to it. 1/', 'We assembled creatives from our network based in Kenya, India, Egypt, Ethiopia, Jordan, Lebanon and Jordan to create hyper-local #COVID19 content for people and organisations to use free of charge. Find out more: https://***Q4 #data4change #data #design #dataviz https://***St', 'Terça que vem, às 19h, tem Live do projeto Embaixadoras! Vamos conversar sobre as iniciativas de combate ao covid-19 https://***qE e https://***qp com as @: @f***a @s***q @t***s @m***e @c***a e Flavia Menani Link no dia da Live! https://***7S', '-']",-,content_C,post
t3755,u3268,2022-03-03 03:36:14+00:00,Covid,j***l,"I know @a***o and @A***n don't want to report to you all on this with clarity, but 32 Arkansans died from COVID-19 in the past 24 hours. With 1,431 deaths so far this year (nearly 24 per day), COVID-19 is the leading cause of death in Arkansas in 2022. https://***CH","[""I know @a***o and @A***n don't want to report to you all on this with clarity, but 32 Arkansans died from COVID-19 in the past 24 hours. With 1,431 deaths so far this year (nearly 24 per day), COVID-19 is the leading cause of death in Arkansas in 2022. https://***CH"", '#NadaQueVerConNoticias El equipo de #CaroníExpress ofrece: 🚑Servicio de consultoría médica a domicilio 🚑Pruebas de #COVID19 🚑Enfermeras a domicilio 🚑Oxígeno y equipos médicos 🚑Servicio de ambulancias en el estado #Bolívar 24/7 🚑Alquiler de camas clínicas https://***m8', 'En 2020, plus de 60 % des pays ont régressé sur le plan des #DroitsdelHomme fondamentaux en raison de la #COVID19. L’#Agenda2030 envisage un monde « d’égalité et de non-discrimination ». Battons-nous pour en faire une réalité : https://***y9 #ZéroDiscrimination https://***IZ', '-']",-,content_A,post
t1840,u1656,2021-09-20 18:26:05+00:00,Covid,f***m,Austinites can get rental assistance for up to 15 months if their income has been affected by COVID-19. Visit https://***Fx to apply or call us at 737-717-4000 for help with the application! https://***vR,"['@S***3 @C***4 @j***e @m***n Outstanding insight into the failings of 🇬🇧 govt during #Covid19UK - sobering, enlightening and heartbreaking drama. Incredibly powerful - huge kudos to all involved in #Help', 'Austinites can get rental assistance for up to 15 months if their income has been affected by COVID-19. Visit https://***Fx to apply or call us at 737-717-4000 for help with the application! https://***vR', '#Covid-19 vaccine for 5- to 11-year-olds is safe and shows ""robust"" antibody response, Pfizer says - CNN https://***uv', '-']",-,content_B,post
t0338,u1549,2020-03-25 16:09:27+00:00,Covid,D***k,De #Coronascreener in gebruik genomen door Groene Hart Ziekenhuis en Coöperatieve Huisartsenpost Midden-Holland UA powered by Philips @V***W #QuestManager #covid19 https://***sD,"['De #Coronascreener in gebruik genomen door Groene Hart Ziekenhuis en Coöperatieve Huisartsenpost Midden-Holland UA powered by Philips @V***W #QuestManager #covid19 https://***sD', 'In this post, I argue that vacation and meditation are both aimed at enlivening our daily lives, though they accomplish it in wholly different ways. Since travel is restricted, the #coronavirus pandemic is a good opportunity to learn to meditate. (8 min) https://***dH', ""DK District is under TOTAL LOCKDOWN. Exemptions are only meant to maintain essential supplies and services. Situation will be closely monitored. Spl teams for total enforcement will be on ground from tomorrow. Violations will be firmly dealt with. STAY SAFE. Let's fight COVID19."", '-']",-,content_A,post
t0383,u2838,2020-05-06 18:21:18+00:00,Covid,C***n,"Someone I love very much lost a family member to #covid19 yesterday. Because of your inhumanity, callousness and incompetence we have a new leading cause of death in our country. That’s not fake news, Mr. President. I wish it were. https://***eH","['Someone I love very much lost a family member to #covid19 yesterday. Because of your inhumanity, callousness and incompetence we have a new leading cause of death in our country. That’s not fake news, Mr. President. I wish it were. https://***eH', 'Vast majority of COVID19 patients develop (likely neutralizing) antibodies to SARS-CoV-2. Respiratory PCR can be positive up to 28 days after resolution of symptoms. Great work by @I***i @f***r https://***p7', 'Good summary of research looking at the questions how much role have kids on transmitting covid19. https://***He', '-']",-,content_A,post
t1920,u3094,2021-11-08 20:05:32+00:00,Covid,D***L,Prime minister of Denmark #MetteFredriksen recommend parliament @f***t that #Coronapas is re-introduced and that #COVID19 again is characterized as a decease “critical to society”. This comes after 2 months with no #coronarestrictions in Denmark. https://***dS,"['Kinder müssen in Kitas &amp; Schulen vor #COVID19 geschützt werden. Dies geht nur, wenn infektionspräventive Maßnahmen eingehalten werden: ❗️Umsetzung von Hygiene- &amp; Infektionsschutzkonzepten ❗️AHA+L ❗️Mit Symptomen zuhause bleiben ❗️#Impfung von Personen über 12 👉#Solidarität https://***Lk', 'Covid-19 : la lanceuse d\'alerte chinoise incarcérée est entre ""la vie et la mort"" https://***33', 'Prime minister of Denmark #MetteFredriksen recommend parliament @f***t that #Coronapas is re-introduced and that #COVID19 again is characterized as a decease “critical to society”. This comes after 2 months with no #coronarestrictions in Denmark. https://***dS', '-']",-,content_C,post
t0641,u1363,2020-06-29 03:26:44+00:00,Covid,c***g,-,"['@P***n @N***e @t***d Attended @C***d last month, and we had cognitive scientists, microbiologists, entomologists, anthropologists come together with data scientists to do Agent-based modelling for COVID-19.', ""Last week, CEO Udit Batra, head of the Life Science Innovation Board Patrick Schneider, @T***C's @K***O, @G***t's @g***i &amp; @M***T's @d***g shared Supermind solutions for COVID-19 &amp; introduced the #PandemicResponseCoLab Watch now: https://***LP"", 'City of Miami Beach Mandates Face Masks in Public Spaces &amp; Places — Effective Tomorrow, June 30 #COVID19 https://***TJ', '-']",tweet_B,-,retweet
t0369,u1521,2020-04-23 12:15:00+00:00,Covid,t***e,"How COVID-19 has impacted media consumption, by generation https://***FM","['It’s Not Too Late to Go on Offense Against the #Coronavirus https://***Qq via @N***r', 'A new #SBUQuarantineDiaries post: https://***yf On quarantine in the LI suburbs, fear for loved ones with COVID-19, solidarity with small business owners, a wealth tax, and writing to your NYS senators demanding mitigation packages (https://***).', 'How COVID-19 has impacted media consumption, by generation https://***FM', '-']",-,content_C,post
t3390,u2209,2022-02-23 16:25:19+00:00,Covid,l***m,Still not ready to visit @N***m in person for care as the #COVID19 pandemic continues? You can speak to one of our doctors by phone or video. It is just a click away. Make a virtual appointment today: https://***Jn https://***0T,"[""📺 Watch the First Minister's Covid-19 update live from the Debating Chamber here: https://***KF"", 'Still not ready to visit @N***m in person for care as the #COVID19 pandemic continues? You can speak to one of our doctors by phone or video. It is just a click away. Make a virtual appointment today: https://***Jn https://***0T', 'With the support of the REDISSE Project, financed by @W***A, COVID-19 patients in #Benin received free and high-quality care. Recovering patients share their stories: https://***hk #ChangingLives https://***gF', '-']",-,content_B,post
t3759,u1537,2022-03-03 05:43:43+00:00,Covid,C***s,"More than Covid-19, inequality killed many https://***D8 via @c***s","['Biden declares a ""new moment"" in the war on Covid19, shunning the idea of ""living with Covid"", against the advice of some Democrat strategists, who had hoped to see the back of the pandemic politically.', 'Eradication of poverty &amp; hunger is a basic human right, and the challenge is more urgent in context of #COVID19. China has made great achievements in this regard and is doing its best to help developing countries &amp; provide strong support to @F***O South-South cooperation programs. https://***sc', 'More than Covid-19, inequality killed many https://***D8 via @c***s', '-']",-,content_C,post
t2578,u2968,2022-02-10 13:49:54+00:00,Covid,p***s,Esto ocurrió con la enfermera que atendió en ropa interior a pacientes con COVID-19 https://***2y,"['Esto ocurrió con la enfermera que atendió en ropa interior a pacientes con COVID-19 https://***2y', 'I should have immediately ended the meeting and on reflection this was an error of judgment on my part. I fully recognise the importance of following the letter and spirit of the policies, so want to be upfront about what happened and to apologise for the mistake I made. 3/3', 'Nous sommes l’un des meilleurs employeurs de la région de la capitale en 2022! Notre équipe, en télétravail à temps plein, continue de recueillir et d’analyser des données afin d’aider les systèmes de santé dans la lutte contre la COVID-19. https://***vB https://***pR', '-']",-,content_A,post
t3118,u1245,2022-02-19 16:02:02+00:00,Covid,p***s,Rahat Fateh Ali Khan tests positive for Covid-19 in Dubai hours after leaving Pakistan. #pakistan https://***0G,"[""19 Februari - Awal suku kedua tahun, tempoh realistik buka semula sempadan negara Ikuti berita penuh di : https://***vr @K***j @H***O @D***m @M***M @K***a 'Yang sahih di Berita RTM' #RTM #BeritaRTM #KeluargaMalaysia #COVID19Malaysia https://***zg"", 'Rahat Fateh Ali Khan tests positive for Covid-19 in Dubai hours after leaving Pakistan. #pakistan https://***0G', 'Coronavirus cases in Sri Lanka is currently 633,051! – Active : 20,796 – Cases Today : 0 – Deaths : 15,926 – Cases Yesterday : 1,235 – Recovered : 596,329 – Deaths Today : 0 – Total PCR Tests : 6,246,538 ~ 🇱🇰 STATUS ID 757 ~ [#COVID19SL #COVID19LK] https://***Hc', '-']",-,content_B,post
t3313,u3024,2022-02-22 13:14:44+00:00,Covid,b***l,"Não há vacinas contra Covid-19 sendo usadas de forma experimental, nem para adultos, nem para crianças. São imunizantes seguros, passaram por vários testes e estão aprovados pela Anvisa, como explica o diretor médico do Butantan, Wellington Briques. Veja. #CoronaVacParaCrianças https://***u5","['Não há vacinas contra Covid-19 sendo usadas de forma experimental, nem para adultos, nem para crianças. São imunizantes seguros, passaram por vários testes e estão aprovados pela Anvisa, como explica o diretor médico do Butantan, Wellington Briques. Veja. #CoronaVacParaCrianças https://***u5', 'https://***at Podcast discute as perdas cognitivas causadas pelo Sars-CoV-2, a vulnerabilidade dos municípios brasileiros a inundações e deslizamentos, e o potencial de uma tecnologia para climatizar ambientes. #ciência #climatologia #energia #Covid19', 'No existe transparencia en las compras de insumos, equipo y vacunas contra el COVID-19 en las instancias encabezadas por López Gatell. https://***d3', '-']",-,content_A,post
t0741,u2691,2020-09-05 07:17:57+00:00,Covid,S***t,"#Hiring We're looking for a programme coordinator for ""W-GDP: Building Resilient Women Entrepreneurs"", to address the needs of women-owned collective social enterprises and women micro-entrepreneurs as part of COVID-19 preparedness and response. Apply: https://***qe","['#Hiring We\'re looking for a programme coordinator for ""W-GDP: Building Resilient Women Entrepreneurs"", to address the needs of women-owned collective social enterprises and women micro-entrepreneurs as part of COVID-19 preparedness and response. Apply: https://***qe', ""@T***k Blessings to you and yours. I'm so glad Y'all are doing good after covid-19! Praise be!"", 'Brésil: le Covid-19 progresse, la pauvreté recule https://***Is https://***Ic', '-']",-,content_A,post
t2748,u1008,2022-02-14 14:03:59+00:00,Covid,A***1,"This collaborative survey investigated the impact of the COVID-19 pandemic on the education of children and youth with visual impairments, including those with multiple disabilities and deafblindness. #LowVisionAwarenessMonth https://***28","['This collaborative survey investigated the impact of the COVID-19 pandemic on the education of children and youth with visual impairments, including those with multiple disabilities and deafblindness. #LowVisionAwarenessMonth https://***28', 'Over 70 new Covid cases in Shetland https://***nQ #CovidIsNotOver #ZeroCovid #JohnsonTheButcher #Covid19UK #democide #BorisTheButcher #ToryIncompetence #ToryCriminals #ToryCriminalsUnfitToGovern #ToriesOutNOW', 'मास्क के बिना उचित दूरी भी खतरनाक है क्योंकि इसमें संक्रमण का खतरा बना रहता है। PMBJP आपसे अपील करता है कि मास्क का नियमित उपयोग करें। मास्क के साथ 6 फ़ीट की दूरी ,कोरोना से बचने के लिए जरुरी है। #PMBJP #PMBI #BPPI #JanAushadhi #Covid-19 #Mask https://***2F', '-']",-,content_A,post
t2856,u1980,2022-02-15 20:01:54+00:00,Covid,N***S,Our custodial staff has been on the front lines keeping people safe during COVID-19. Meet some of the team members who help keep our buildings clean. https://***0X,"['Why do we keep unmasking prematurely?!? #covid19 Have we not learned our lesson over and over again to hold the course with something as easy as masking until we are clearly in the clear ?!', '""De vaccinerade är nu med största sannolikhet i majoritet i protesterna mot totalitarism över hela värden. De dubbel- och trippelvaccinerade har fått nog/Allt fler ser kopplingen mellan de experimentella mRNA-injektionerna och skador"". @n***g #coronavaccin #coronavirus', 'Our custodial staff has been on the front lines keeping people safe during COVID-19. Meet some of the team members who help keep our buildings clean. https://***0X', '-']",-,content_C,post
t3864,u2988,2022-03-05 06:18:20+00:00,Covid,d***o,-,"['""nearly 40% of rural parents reported that their child’s pediatrician did not recommend a COVID-19 vaccine, compared with only 8% of parents in urban communities"" https://***uM via @C***v', ""Johor polls: PKR's Gambir candidate out from Covid-19 quarantine on Saturday (March 5) https://***fQ https://***fQ"", 'World leaders have a chance to make the COVID-19 pandemic history. Will they take it? Via @P***n https://***m4', '-']",tweet_C,-,retweet
t3560,u1777,2022-02-27 04:06:44+00:00,Covid,O***V,-,"['¡El #VacunaWarma 🎉🥳💉 llegó al @C***u del @m***a de Santa Anita! Las brigadas de salud de la @D***e vacunaron contra la #COVID19 a niñas, niños y adultos. Sí, me vacuno. #ProtejoSuNiñez ✨ https://***r4', 'L’enseignement peut souvent être un métier très stressant, notamment en cette période de COVID-19. Voici quelques conseils pour vous aider à gérer votre anxiété et à réduire les effets du stress sur votre santé 👇.', 'There are two essential vaccines that you may need this winter ❄️- flu and COVID-19 booster 💉 Vaccines are the best way to protect yourself, friends and family from these dangerous viruses. Find out if you’re eligible now at https://***k3 https://***tZ', '-']",tweet_C,-,retweet
t1643,u1789,2021-02-18 23:48:57+00:00,Covid,A***o,.@M***r says that Austin/Travis County will likely be resuming COVID-19 vaccinations this weekend. He said they will probably be increasing hours and locations for administering the vaccines to make up for the time lost this week in fighting the virus.,"['Restaurant workers in Massachusetts still aren’t eligible for the COVID-19 vaccine — but dining rooms throughout the Commonwealth are still very much open for business https://***TK https://***ss', 'Looking for #h1btransfer ? Please contact abhi@i***a.com, 727-488-9774 for job/placement assistance. #contact #contact #h1b #greencard #immigration #transfer #usajobs #h1b #requirement #requirements #mnc #usa2020 #usajobs #covid19usa https://***Z2', '.@M***r says that Austin/Travis County will likely be resuming COVID-19 vaccinations this weekend. He said they will probably be increasing hours and locations for administering the vaccines to make up for the time lost this week in fighting the virus.', '-']",-,content_C,post
t0314,u2130,2020-03-11 06:55:32+00:00,Covid,j***n,Nadine Dorries has #coronavirus. Nadine Dorries spent time in meetings with Boris Johnson. Boris Johnson spent time with his Tory Cabinet. Boris Johnson spent time with the Queen. The Queen spent time with the entire royal family. Can you see where I'm going with this?,"[""Why You Shouldn't Let Coronavirus Stop You From Traveling https://***0Q via @T***e #travel #traveladvisors #traveltheworld #travelers #traveljobs #coronavirus #traveltips #4traveljobs"", 'When your university (@U***a ) instead of limiting access to the students suddenly allow them to be in the lab for research activities... #coronavirus @S***D https://***FT', ""Nadine Dorries has #coronavirus. Nadine Dorries spent time in meetings with Boris Johnson. Boris Johnson spent time with his Tory Cabinet. Boris Johnson spent time with the Queen. The Queen spent time with the entire royal family. Can you see where I'm going with this?"", '-']",-,content_C,post
t2983,u3156,2022-02-17 14:45:03+00:00,Covid,s***6,#COVID19 #Pfizer and #BioNTech #Omicron-targeted #vaccine delayed - BioNTech CEO #pakustv #NYC #globalhealth #VaccinesWork #GlobalGoals #GetVaccinatedAndBoosted https://***hD,"['#COVID19 #Pfizer and #BioNTech #Omicron-targeted #vaccine delayed - BioNTech CEO #pakustv #NYC #globalhealth #VaccinesWork #GlobalGoals #GetVaccinatedAndBoosted https://***hD', 'La #Fiscalía del estado de #NewYork investiga a empresas que engañan y estafan a las personas que se hacen #pruebas de descarte de #Coronavirus https://***Ph', '#AragónCovid #EstudiandoCovid19 @C***2 954 positivos, hoy se ralentiza un poco la bajada, pero seguimos descendiendo, que es lo bueno. 1.443 fueron el miércoles anterior. Los fallecidos siguen en números altos, hoy sumamos 21 al acumulado, 4.668 en total https://***KX', '-']",-,content_A,post
t3180,u2964,2022-02-20 05:58:08+00:00,Covid,s***9,-,"['The Pfizer #COVID19vaccine is available for children ages 5 to 11 years old. Appointments for pediatric vaccinations are encouraged, limited walk-ins are accepted. To schedule an appointment, click here: https://***EZ https://***nK', '#SeeAbove #Please #SilVousPlaît #PerFavore #PorFavor #Bitte #Пожалуйста Iga\'s ""unusual"" vending machine that shines with individuality[above] The famous croquette is a frozen product @i***u #CoronaVirus #CoronaMeasures #CoronaPrevention https://***5U #ThankYou #sharing', ""Also in today's release from @D***e, two additional COVID-19 antigen test kit suppliers Maxim Biomedical Inc., Rockville, Maryland = $54,640,000 InBios International Inc., Seattle, Washington = $53,500,000 https://***lL https://***uR"", '-']",tweet_A,-,retweet
t2365,u0353,2022-02-03 19:04:33+00:00,Covid,L***i,"Michael Houser can join Rochester once he exits Covid-19 protocol, if he hasn't already. https://***br","['Masks are required for everyone in public transit, health care settings, schools and congregate settings, such as nursing homes and homeless shelters. Masks help protect you and the people around you from #COVID19. Learn more: https://***VV https://***ld', ""Michael Houser can join Rochester once he exits Covid-19 protocol, if he hasn't already. https://***br"", 'Restrictions have been removed but you can still catch &amp; spread COVID-19. Continue to follow public health advice to help protect each other: 💉Get vaccinated 😷Wear a face covering, unless exempt 🧪Test regularly 🌬️Open windows - let fresh air in 👏Wash your hands https://***3G', '-']",-,content_B,post
t0351,u0288,2020-04-06 01:10:02+00:00,Covid,A***n,Keep your cats indoors--they can get COVID-19 and can spread it to other cats. Unclear if they can spread to humans. They were also susceptible to SARS in the past too. A tiger at the Bronx zoo tested positive as well. https://***BL,"['Shop Masks off Amazon: https://***nJ #StopTheSpreadOfCorona #protectyourselfandyourfamily #COVID19Pandemic https://***hu', 'Keep your cats indoors--they can get COVID-19 and can spread it to other cats. Unclear if they can spread to humans. They were also susceptible to SARS in the past too. A tiger at the Bronx zoo tested positive as well. https://***BL', 'Interessanti letture sul tema covid19 https://***qv', '-']",-,content_B,post
t0612,u2543,2020-06-15 10:58:02+00:00,Covid,h***0,Cimientos para una reconstrucción tras el Covid19 https://***5w https://***3L,"['MIT será el anfitrión de la hackaton América Latina vs. COVID-19 cuyo fin es desarrollar soluciones para sus desafíos más apremiantes | MIT Sloan https://***Sx', 'What does ""normal"" look like for CFOs around the globe? Learn from @T***s the top 10 challenges for #finance executives during the #COVID19 era. #CFO #CFOnews #supplychain #wfh #financialplanning https://***LY', 'Cimientos para una reconstrucción tras el Covid19 https://***5w https://***3L', '-']",-,content_C,post
t3063,u1673,2022-02-18 16:55:45+00:00,Covid,N***h,Overview of COVID-19 in Niagara as of Feb. 18 https://***w0 COVID-19 is still circulating in Niagara. Continue to follow public health advice: ✅#WearAMask ✅#PhysicalDistance ✅#WashYourHands ✅#StayHome if you don't feel well ✅#GetVaxxed 💉https://***Rr https://***xJ,"[""Overview of COVID-19 in Niagara as of Feb. 18 https://***w0 COVID-19 is still circulating in Niagara. Continue to follow public health advice: ✅#WearAMask ✅#PhysicalDistance ✅#WashYourHands ✅#StayHome if you don't feel well ✅#GetVaxxed 💉https://***Rr https://***xJ"", ""It's time to end the draconian COVID-19 restrictions and mandates in America. A government forcing individuals to receive a COVID-19 vaccine they don't want, is not a government worthy of being funded. #DefundVaxMandates https://***tz"", '@d***r @T***s @T***1 @i***n @K***s @L***r @M***s @c***1 @R***1 @j***n Thank you for the lift. Buy #UnprecedentedTimes, a #covidfiction #book and help me #fundraise for a #COVID19 #charity. Follow MY version of the pandemic to see how far we’ll go in Unprecedented Times. https://***Ed #coronavirusstory #coronavirusfiction', '-']",-,content_A,post
t0393,u1469,2020-05-22 10:17:39+00:00,Covid,o***k,"When Frontiers invites me to review an article on mental health during COVID19, you can tell that they are not fussy. @F***n","['When Frontiers invites me to review an article on mental health during COVID19, you can tell that they are not fussy. @F***n', 'Today, the FDA granted @c***r an EUA for a LAMP-based protocol that we have developed with leading academic partners. When we started our COVID-19 response efforts about eight weeks ago, our goal was to meet several objectives. Here is the big picture on our COVID-19 strategy.', ""The problem is not the government, is the people 💔#covid19 #Peru’s #coronavirus response was ‘right on time’ – so why isn't it working? https://***GL"", '-']",-,content_A,post
t2840,u2899,2022-02-15 17:45:04+00:00,Covid,A***n,Congress gave schools nearly $200 billion in flexible funds over the course of the #COVID19 pandemic. But how flexible are those funds? What can and can't they be used on? @n***s discusses w/ @M***a on #TheReportCard. #podcast https://***qE,"['Travel Nurses Make Twice as Much as They Did Pre-Covid-19 Federal funding contributes to huge wage gains amid healthcare labor shortage https://***25 #corpgov #sustainability #costofcare #publichealth #team #patientcare #empathy #BetterTogether https://***tm', ""Congress gave schools nearly $200 billion in flexible funds over the course of the #COVID19 pandemic. But how flexible are those funds? What can and can't they be used on? @n***s discusses w/ @M***a on #TheReportCard. #podcast https://***qE"", 'The Centre for Health Protection says it is investigating 2,071 additional #COVID19 cases, of which 19 are imported and the rest are locally infected https://***ee', '-']",-,content_B,post
t2375,u0252,2022-02-04 10:42:30+00:00,Covid,b***a,"В Беларуси уже 7350 случаев COVID-19 за сутки. За день заболеваемость выросла в 1,5 раза. https://***zZ","['В Беларуси уже 7350 случаев COVID-19 за сутки. За день заболеваемость выросла в 1,5 раза. https://***zZ', '153 new cases, 47,011 recoveries, and one death related to COVID-19 https://***MY', 'The COVID-19 pandemic shook the #banking landscape. In just 12 months, 89 per cent had accelerated their #digital adoption by 5 years. Now the key differentiator will be how they decide to use the #data they have at their disposal. https://***D1 https://***Jc', '-']",-,content_A,post
t3851,u1514,2022-03-04 21:31:57+00:00,Covid,N***s,"Rising rates have consumer advocates concerned about growing customer debt &amp; service shutoffs now that many #COVID19 moratoriums have lapsed. ""The numbers are going up and it's only going to get worse,"" John Howat @N***s said. @U***e https://***O6","['Rising rates have consumer advocates concerned about growing customer debt &amp; service shutoffs now that many #COVID19 moratoriums have lapsed. ""The numbers are going up and it\'s only going to get worse,"" John Howat @N***s said. @U***e https://***O6', 'JUST IN: About 100 000 doses of the #COVID19 vaccines are expiring at the end of March. Health Department says it’s assessing the situation and is hoping these vaccines will be used before expiry date. #eNCA', 'Thousands of new NHS reservists will be recruited to support the health service as staff tackle COVID-19 backlogs. Anyone can register their interest, including people who are interested in embarking on a career in the NHS or former staff 👇 https://***wS https://***rt', '-']",-,content_A,post
t0674,u0305,2020-07-15 19:34:02+00:00,Covid,a***u,-,"['Changes in food availability in some communities due to the #COVID19 pandemic may limit availability of fresh #food. Find tips on purchasing canned and packaged goods and more about COVID-19 and nutrition for health: https://***I. https://***PB', 'CIRM Board Approves Two Discovery Research Projects for COVID-19 https://***yR', 'The UK Government is matching your donations to the @d***l, pound for pound for the first £5M. This will help @d***l reach even more people who have fled violence and hunger to protect themselves from #coronavirus https://***14 #UKAidMatch https://***wq', '-']",tweet_A,-,retweet
t3474,u0076,2022-02-25 07:46:00+00:00,Covid,G***C,Did You Know? It is safe for you to vaccinate against #COVID19 if you are pregnant. The vaccine builds antibodies that might protect the baby in women who are either pregnant or breastfeeding #VaccinateToSaveSouthAfrica #VaccineRolloutSA #IChooseVaccination https://***En,"['Scientists are increasingly concerned that the next coronavirus variant might emerge not from people, but animals, as COVID-19 likely did. https://***Ti', 'Did You Know? It is safe for you to vaccinate against #COVID19 if you are pregnant. The vaccine builds antibodies that might protect the baby in women who are either pregnant or breastfeeding #VaccinateToSaveSouthAfrica #VaccineRolloutSA #IChooseVaccination https://***En', '.@O***e students can now schedule #COVID19 vaccine booster shots at the Wilce Student Health Center. A booster shot is required to be eligible for the Buckeye Booster Drawing, which to date has awarded $100 gift card prizes to 300 winners. https://***3Y', '-']",-,content_B,post
t2054,u1495,2021-12-27 16:18:43+00:00,Covid,E***e,-,"['A U.S. Navy warship remains in port at Naval Station Guantanamo Bay in Cuba, with about two dozen sailors — nearly a quarter of its crew — testing positive for COVID-19, according to U.S. defense officials. (AP)', ""I don't know who did this but 👏👌 #COVID19 #GetVaccinated God's Tech Support: https://***Pv"", 'So it my turn to get COVID19. 2 kids in my 4yo sons’ class tested +ve 12/12/21 so we LFT’d him. He was +ve but asymptomatic; catarrh, cough, mild fever the next day. I developed symptoms 14/12 w/ weak +ve LFT -ve RT-PCR: deep, rattling chesty cough. 1/n', '-']",tweet_B,-,retweet
t3329,u0452,2022-02-22 17:15:03+00:00,Covid,C***A,-,"['If your child is aged 5 to 11, you can now book their COVID-19 vaccine appointment at a date and time that suits you. Our online booking system is open now and we have appointments available from this Wednesday. Book an appointment here: https://***7A #ForUsAll https://***t1', 'COVID-19 &amp; Other Respiratory Illnesses: How Are They Different? https://***cr', 'Great initiative by @_***F and @H***n . As mentioned, transparency on vaccine contracts is needed to find out if 1) South Africa paid comparatively inflated rates for Covid-19 vaccines; 2) SA African government waived off liability to benefit vaccine manufacturers... https://***Ou', '-']",tweet_C,-,retweet
t2274,u2608,2022-01-28 12:12:00+00:00,Covid,u***s,"✍️ Divulgados os locais de prova do Vestibular UFRGS 2022 - Candidatos deverão usar máscara e apresentar o comprovante impresso de vacinação contra a covid-19. Provas serão aplicadas em sete municípios do RS, nos dias 12 e 13/2: https://***bE https://***aS","['Did you listen to the @B***4 news bulletins today? 320+ scientists and public health experts have warned the government that it\'s ""reckless"" to block low and middle-income countries from manufacturing Covid-19 vaccines. Full story 👉 https://***0X #PeoplesVaccine https://***Gh', '✍️ Divulgados os locais de prova do Vestibular UFRGS 2022 - Candidatos deverão usar máscara e apresentar o comprovante impresso de vacinação contra a covid-19. Provas serão aplicadas em sete municípios do RS, nos dias 12 e 13/2: https://***bE https://***aS', ""Join Busara's Brian Baraza at 5pm EAT for a discussion on how #COVID19 has impacted small-scale #traders in #EastAfrica, focussing on the resiliency of #corruption at the border. Register: https://***UU @G***y @c***e @D***a @s***g @j***1 https://***pw"", '-']",-,content_B,post
t3007,u2081,2022-02-17 19:35:02+00:00,Covid,C***N,"Ohio has had 2,640,201 total cases of COVID-19, an increase of 1,999 cases from Feb. 16 according to the state's coronavirus dashboard updated Feb. 17. The state's 21-day average of new COVID-19 cases is 4,154. https://***H5","['ΕΟΔΥ – Rapid Test: τα σημεία δωρεάν ελέγχου για σήμερα Πέμπτη 17 Φεβρουαρίου https://***i4 #Health #healthcare #rapidtests #rapid #CovidTesting #freecovidtests #freerapidtesting #COVID19 #COVID #Omicron #OMICRON2 #OmicronVarient #news #mediq #Showbiz #gossip #lifestyle', 'Holding a COVID-19 briefing. WATCH: https://***aF', ""Ohio has had 2,640,201 total cases of COVID-19, an increase of 1,999 cases from Feb. 16 according to the state's coronavirus dashboard updated Feb. 17. The state's 21-day average of new COVID-19 cases is 4,154. https://***H5"", '-']",-,content_C,post
t3826,u1420,2022-03-04 09:30:03+00:00,Covid,N***G,"Get your 1st, 2nd or booster dose of the COVID-19 vaccine at a walk-in clinic ⤵️ 📍 Washwood Heath Health Centre, B8 3SW 🗓️ 4 March, 3pm to 7pm 🗓️ 5 March, 9am to 3pm ✅ No appointment needed ➡️ Find more info and more walk-in clinics: https://***cs https://***jm","['Get your 1st, 2nd or booster dose of the COVID-19 vaccine at a walk-in clinic ⤵️ 📍 Washwood Heath Health Centre, B8 3SW 🗓️ 4 March, 3pm to 7pm 🗓️ 5 March, 9am to 3pm ✅ No appointment needed ➡️ Find more info and more walk-in clinics: https://***cs https://***jm', 'Bio Sensor Rapid Antigen Test Kit 25 Test Pack $180 Usd Compare the price look for the Roche Bio Sensor Brand Detects Omicron #auspol #covid19 Fast International Courier Included *Approx. 5-14 days https://***W7', '“Los avances son importantes pero no nos podemos confundir: la COVID-19 continúa. No podemos relajarnos cuando tenemos más de 20 millones de personas sin dosis de refuerzo y 7 millones sin completar esquemas” @G***t, dir. Promoción y Prevención @M***l https://***VO', '-']",-,content_A,post
t2302,u0932,2022-01-31 17:17:01+00:00,Covid,O***L,KEEPING COOL ❄️ ORNL researchers have retrofitted a commercial refrigeration container designed to ensure #COVID19 #vaccines remain at ultra-low temperatures during long transport and while locally stored. #NatLabsInTheFight https://***NY,"['COVID-19 and climate change are undermining development progress in Asia and the Pacific. A new approach will allow us to provide more effective support and help vulnerable states overcome current obstacles ➡️ https://***PK https://***aH', 'KEEPING COOL ❄️ ORNL researchers have retrofitted a commercial refrigeration container designed to ensure #COVID19 #vaccines remain at ultra-low temperatures during long transport and while locally stored. #NatLabsInTheFight https://***NY', 'This is indeed a great feat to be achieved to fight #Covid_19 ,Infact #vaccination is the only effective way to fight the #pandemic https://***gF', '-']",-,content_B,post
t0350,u2049,2020-04-05 16:35:02+00:00,Covid,U***o,.@u***s Professor Justin Meyer is opening his infectious disease course to the public to discuss and analyze the biological roots and spread of #COVID19. https://***wZ https://***sJ,"['.@u***s Professor Justin Meyer is opening his infectious disease course to the public to discuss and analyze the biological roots and spread of #COVID19. https://***wZ https://***sJ', 'Germany is the #9 Country by COVID-19 Health Safety Ranking #StaySafeStayHome https://***GM @S***n @h***n @M***8 @T***s @Z***d https://***o9', '1505 positive cases of today, that means there are 43 new cases. We also want to report sadly 2 more deaths from KZN - An 80 year old male and 81 year old female #COVID19 #CoronaVirusUpdate', '-']",-,content_A,post
t3240,u3243,2022-02-21 06:51:40+00:00,Covid,E***0,Dunedin numbers SDHB COVID-19 Daily Update 21 Feb 2022 https://***x7 via @s***B,"['The best way to help protect against #flu and #COVID-19 is to #GetVaccinated. Learn more: https://***bR #FightFlu #StopTheSpread https://***4W', 'Durante la VI Cumbre UE🇪🇺-@_***n, Bruselas y la @W***O anunciaron que promoverán centros de producción de vacunas en seis países de 🌍África, donde sólo el 11% de la población está inmunizado ante el #COVID19, frente al 70% de la de Europa.', 'Dunedin numbers SDHB COVID-19 Daily Update 21 Feb 2022 https://***x7 via @s***B', '-']",-,content_C,post
t3399,u3167,2022-02-23 17:16:14+00:00,Covid,D***x,#Coronavirus 😷💉 Recuerda que hoy sigue la #VacunaciónMor en los municipios del sur poniente de #Morelos; #Miacatlán #Mazatepec #Tetecala #CoatlánDelRío https://***gE,"[""COVID-19 has had a negative impact on the lives of millions of female migrant workers in India. To make the lives of landless women easier, #CAREIndia is teaching them Khatali Bharat work, a traditional Rajasthani Chunari hand embroidery technique that's gaining demand each year. https://***33"", 'Need a COVID-19 vaccine or booster shot? This Thursday, 2/24, the Chickahominy Health District will be at the @R***e Goochland campus for a vaccine clinic from 3-6 PM! 🔹All COVID-19 vaccines available Scan the QR code or call 804-365-3240 to schedule. https://***k6', '#Coronavirus 😷💉 Recuerda que hoy sigue la #VacunaciónMor en los municipios del sur poniente de #Morelos; #Miacatlán #Mazatepec #Tetecala #CoatlánDelRío https://***gE', '-']",-,content_C,post
t3743,u3006,2022-03-02 23:30:48+00:00,Covid,I***C,#Coronavirus #Statistik #Kanaren - Heute sind die #Inzidenzen fast auf allen Inseln gesunken: https://***7H 🦠👍,"[""While Black Michiganders make up about 14 percent of the population, they included about 40% of the deaths in the pandemic's onset, says @L***t, noting that 27 people he knew personally died from Covid-19. #DetroitToday"", '#Coronavirus #Statistik #Kanaren - Heute sind die #Inzidenzen fast auf allen Inseln gesunken: https://***7H 🦠👍', ""In 2017, we won the Queen's Anniversary Prize for our response to #Ebola. 5 years on, we're proud to have won again for our far-reaching #COVID19 work 🎉 Learn how we're supporting the pandemic response and preparing for future #GlobalHealth threats 👉 https://***Xp https://***MF"", '-']",-,content_B,post
t2444,u2261,2022-02-07 20:58:43+00:00,Covid,R***e,🇬🇼 GUINEA-BISSAU: Authorities extend COVID-19 state of calamity through 5 March – Update | https://***pl,"['AGREE! @R***e such a great show! Bill Maher Talks About ‘The View’ And CNN’s Jeff Zucker, Calls For Questioning Covid-19 Authority https://***In via @Y***o', 'BizNews Digest: Covid-19 warrior scientists TRC, Bain’s shameless looting, R1bn US biltong adventure - https://***20 https://***gB', '🇬🇼 GUINEA-BISSAU: Authorities extend COVID-19 state of calamity through 5 March – Update | https://***pl', '-']",-,content_C,post
t3740,u2878,2022-03-02 22:30:37+00:00,Covid,A***s,"Bradley Dennis, MD, FACS, explains recent findings from an @a***S study that explores COVID-19 vaccination gaps in trauma patients. Watch below 👇 https://***ER","['This week, we observed a general increase in #COVID19 #misinformation: https://***XY https://***YB', '#Egypt’s Health Ministry: 1,288 #coronavirus new cases, 22 #COVID19 fatalities and 981 fully recover... via @2***g https://***eP', 'Bradley Dennis, MD, FACS, explains recent findings from an @a***S study that explores COVID-19 vaccination gaps in trauma patients. Watch below 👇 https://***ER', '-']",-,content_C,post
t3929,u1359,2022-03-07 22:29:59+00:00,Covid,b***e,"As state and local governments across the United States begin to lift mitigation efforts, the death toll continues to climb across the globe, a reminder that COVID-19 is still a serious public health concern. #globalnews #covid19news https://***vt","['Is the worst of the Covid-19 pandemic behind us? We asked 8 experts. https://***Ie via @v***m', 'As state and local governments across the United States begin to lift mitigation efforts, the death toll continues to climb across the globe, a reminder that COVID-19 is still a serious public health concern. #globalnews #covid19news https://***vt', 'Quitting smoking reduces the risks of 16 types of cancer, heart disease and stroke, as well as reducing the risk of severe complications from COVID-19 ✅ There’s never been a more important time to quit – to get started visit 👉 https://***wp #QuitForCovid #COVID19 https://***sK', '-']",-,content_B,post
t3370,u0582,2022-02-23 08:16:29+00:00,Covid,g***t,"Trombosi da #COVID19, auto-anticorpi dietro la formazione dei coaguli? - Galileo #Salute https://***We","['Trombosi da #COVID19, auto-anticorpi dietro la formazione dei coaguli? - Galileo #Salute https://***We', 'The levels of protection from your first two doses of the COVID-19 vaccine wane over time. Getting your booster dose improves this protection. Protect yourself and your loved ones. Find your nearest walk-in here 👉 https://***ZZ Book here 👉https://***O4 https://***9L', 'Weekly COVID-19 numbers for Iowa (from Feb 16 to Feb 23) 4,814 positive tests past 7 days 345 hospitalized (428 last week) 137 deaths confirmed past 7 days Total: 9,085 61.5% 5+ 65.7% 12+ 67.6% 18+ 86.2% 65+ 57.7% total Iowans ...are fully vaccinated @I***o', '-']",-,content_A,post
t0363,u3110,2020-04-16 16:06:03+00:00,Covid,T***o,"U.S. Funding for World Health Organization Should Not Be Interrupted During COVID-19 Pandemic, Say Presidents of the NAS, NAE, and NAM | National Academies https://***jC","['COVID-19: Small Business Survival and PPP https://***sa', 'U.S. Funding for World Health Organization Should Not Be Interrupted During COVID-19 Pandemic, Say Presidents of the NAS, NAE, and NAM | National Academies https://***jC', 'Agenda Topics for tonight’s Skype Meeting: 1) Covid19-What/who is it, and can we charge it at the gate? 2) If we’re still in the championship after July, what do we do? 3) Faithful fields not so great now is it? 4)Frustration at Offaly now gone- Domestic Abuse not the answer', '-']",-,content_B,post
t2198,u1873,2022-01-21 12:31:07+00:00,Covid,m***n,7. Want to know how #COVID19 hospitalisation data is collected and why people need to get booster jabs? Waasila Jassat of the @n***a heads up the system which is used to get this data. She explains how it works: https://***Ey,"['Testing positive for COVID-19 can be scary, but you are not alone. Knowing what to do next will help to prepare for what is needed and to keep your loved ones safer. Find more information about Home Isolation steps at https://***aH https://***AH', 'I’m disabled and tired of my life being treated as disposable during this pandemic. COVID-19 just reaffirmed my belief that being disabled is akin to being worthless in society’s eyes. Here are my two cents: https://***Tj', '7. Want to know how #COVID19 hospitalisation data is collected and why people need to get booster jabs? Waasila Jassat of the @n***a heads up the system which is used to get this data. She explains how it works: https://***Ey', '-']",tweet_A,content_C,reply
t0692,u1351,2020-07-24 19:29:01+00:00,Covid,U***r,"The world has lost 70% of its natural wetland extent, including a significant loss of freshwater species, over the last 100 years. Did you really think the world before #COVID19 was normal? Now is our chance to build a better normal. https://***YY @U***O https://***YV","['✨ NEW BLOG POST ✨ • • Have you been wondering how Thailand have been responding to Covid-19? Our perspective as expat’s living here is now live! 💻 • • Just click the link in our bio to read all about how we’ve... https://***za', ""Have Lockdown Measures Worked to Control Coronavirus? Here's the Evidence https://***wP #healthnews #Quarantine #COVID19 https://***zx"", 'The world has lost 70% of its natural wetland extent, including a significant loss of freshwater species, over the last 100 years. Did you really think the world before #COVID19 was normal? Now is our chance to build a better normal. https://***YY @U***O https://***YV', '-']",-,content_C,post
t2972,u0656,2022-02-17 11:30:11+00:00,Covid,c***n,"Child care facilities are ""expected"" to remove their mandatory masking requirements when the current COVID-19 public health order expires at the end of the month. https://***2D","['Earlier Report: ""Increase in complications for children recovered from Omicron Number of severe COVID-19 cases has not yet peaked, but reports of Omicron\'s neurological side effects are becoming more common. 5/ https://***S4', 'La clínica de vacunación contra el COVID-19 en el Museo de Historia en #Topeka estará cerrada el jueves 17 de febrero debido a las condiciones climáticas invernales. El sitio reabrirá el viernes 18 de febrero a las 7:30 a.m.', 'Child care facilities are ""expected"" to remove their mandatory masking requirements when the current COVID-19 public health order expires at the end of the month. https://***2D', '-']",-,content_C,post
t0375,u2122,2020-04-27 20:18:22+00:00,Covid,a***i,"Contact tracing is a critical strategy in curbing COVID-19. It’s tedious, old-fashioned work. I spoke two of the contact tracers on Massachusetts virtual front lines: https://***Zq","['La crise sanitaire que nous traversons a de nombreuses conséquences collatérales. L’une d’elles est une vulnérabilité accrue des entreprises au risque #cyber. #cybercriminalité #Covid19 #ITSecurity https://***qc', 'We need a United States Corona Corps: 18-22yo’s who will serve in a variety of roles to cauterize the spread of Covid-19. Kids need a gap year after high school. National service — win/win. https://***bh', 'Contact tracing is a critical strategy in curbing COVID-19. It’s tedious, old-fashioned work. I spoke two of the contact tracers on Massachusetts virtual front lines: https://***Zq', '-']",-,content_C,post
t3736,u2776,2022-03-02 21:41:33+00:00,Covid,X***l,"Mantente informado a través de nuestra #infografía de las últimas actualizaciones sobre los casos confirmados de #COVID19 en los países más afectados del mundo, según el recuento del Centro de Ciencia e Ingeniería de Sistemas de la Universidad Johns Hopkins 👇 #contracovid https://***U3","['Mantente informado a través de nuestra #infografía de las últimas actualizaciones sobre los casos confirmados de #COVID19 en los países más afectados del mundo, según el recuento del Centro de Ciencia e Ingeniería de Sistemas de la Universidad Johns Hopkins 👇 #contracovid https://***U3', '🔵AHORA | Ministerio de Salud reporta 793 nuevos casos de COVID-19 en Los Ríos, con una positividad del 36,37%. #Valdiviacl https://***J0', 'Die tagesaktuellen #Fallzahlen zum #Coronavirus im #KreisAhrweiler finden Sie auf unserer Homepage unter https://***D. #LUA Symbolfoto: Gerd Altmann / Pixabay https://***ti', '-']",-,content_A,post
t2741,u2364,2022-02-14 12:45:04+00:00,Covid,T***e,The only person who can take full responsibility for your emotional wellbeing is you. What will you do for yourself today? #humanresources #personaldevelopment #whatinspiresme #managementconsulting #management #happiness #mentalhealth #covid19 #hr #insurance #workfromhome https://***Rz,"['COVID-19: KENYA records 37 new infections, positivity rate 0.9pc, total confirmed cases 322,473; two deaths reported, cumulative fatalities 5,631. https://***eT', 'COMO INSTALAR O WHATSAPP GB NO IPHONE SEM REVOGAR - MÉTODO INICIANTE - FAÇA AGORA MESMO! https://***Wx #google #CoronaVac #bbb22 #coronavirus #apple #ios #iphone #AppleRetweetBot #vemvacina #wwdc21 #appleevent #juntos. U', 'The only person who can take full responsibility for your emotional wellbeing is you. What will you do for yourself today? #humanresources #personaldevelopment #whatinspiresme #managementconsulting #management #happiness #mentalhealth #covid19 #hr #insurance #workfromhome https://***Rz', '-']",-,content_C,post
t3751,u1164,2022-03-03 02:26:07+00:00,Covid,T***h,"The minister insisted that Thailand had an adequate stock of Favipiravir, despite the current average usage of 2 million tablets per day. #COVID19 #ThailandNews #TheNation Read more https://***Os","[""President Biden asked Americans to rally behind a shared political vision—and against a geopolitical foe—in his first State of the Union address last night. Here's what else you need to know today. https://***jA"", 'The Joint Committee on Vaccine Immunisation (JCVI) has advised that pregnant women should be prioritised for vaccination alongside other groups who are at high risk from COVID-19. If you’re expecting, and you haven’t had yours yet, BOOK NOW @ https://***k. https://***pD', 'The minister insisted that Thailand had an adequate stock of Favipiravir, despite the current average usage of 2 million tablets per day. #COVID19 #ThailandNews #TheNation Read more https://***Os', '-']",-,content_C,post
t1188,u2613,2020-10-05 21:07:06+00:00,Covid,D***e,-,"['I’m sorry you’ve lost some followers. But... How many followers stayed with you today? Also, keep perspective in mind; over 210,000 fellow Americans have died from #COVID19 so far. #HumanityFirst', ""We are happy to bring to you episode 3 of our series 'COVID-19 in Pune: 10 Questions for 10 Punekars' featuring Vikas Bhatia, Managing Director at Rieco industries. https://***Ai https://***iE"", 'According to the White House doctor, the President was actually diagnosed with #COVID19 on Wednesday morning, and received experimental antibody therapy on Thursday morning — despite public being previously told the President was diagnosed at 1a on Friday.', '-']",tweet_B,-,retweet
t2409,u0463,2022-02-06 01:41:58+00:00,Covid,A***T,-,"['“About 1/2 of unvaccinated adults who thought they had #COVID19 were proven wrong by antibody tests. Antibodies were detected in 99% of people who had a positive test result, in 55% who said they had it but never tested&amp; in 11% who said they never had it.” https://***gI', 'At High Cost, COVID-19 Lockdowns Saved Few Lives https://***TN', ""📺Retrouvez ci-dessous le replay de l'intervention du Dr Christelle Ratignier-Carbonneil sur les #vaccins et traitements #Covid19 👇 https://***3v"", '-']",tweet_B,-,retweet
t1791,u0647,2021-07-16 07:11:58+00:00,Covid,f***s,How Has COVID-19 Impacted Garden Renovations?: For My Spares: https://***Ny Twitter: @f***s Facebook: ForMySpares Instagram: Formyspares YouTube: For My Spares #formyspares #commercialappliances #domesticappli…https://***61 https://***GE,"['Papers presented &amp; discussed @ #iHEA session with @L***L &amp; colleagues - for those interested in healthcare system #cost of #COVID19: 1) https://***M; 2) https://***6G 3) https://***Wc 4) https://***t3 5) https://***lv', 'Emergenza Covid, i dati sui vaccini somministrati in #Calabria il 13 luglio. Il report è a cura del progetto COVIDA, che rende accessibili e facili da consultare tutti i dati sulla pandemia e sulla campagna vaccinale in Calabria👉 https://***DR #covid19 #vaccini https://***7G', 'How Has COVID-19 Impacted Garden Renovations?: For My Spares: https://***Ny Twitter: @f***s Facebook: ForMySpares Instagram: Formyspares YouTube: For My Spares #formyspares #commercialappliances #domesticappli...https://***61 https://***GE', '-']",-,content_C,post
t2230,u0255,2022-01-24 15:56:55+00:00,Covid,C***X,"¡Nuestra labor no descansa!💪💉 Seguimos apoyando en los Centros de Vacunación con la entrega de cubrebocas, gel antibacterial y en algunos estados auxiliamos en la #vacunación. #AyudarNosMueve #COVID19 https://***b5","['Enquanto isso na Suiça 🇨🇭 Mortalidade por Covid19 - Não vacinados: 11,6 por 100 mil - Vacinados (sem reforço): 0,9 por 100 mil - Vacinados (com reforço): 0,07 por 100 mil E tem gente que ainda acha que a vacina é experimental 🇧🇷🇧🇷🇧🇷', '¡Nuestra labor no descansa!💪💉 Seguimos apoyando en los Centros de Vacunación con la entrega de cubrebocas, gel antibacterial y en algunos estados auxiliamos en la #vacunación. #AyudarNosMueve #COVID19 https://***b5', 'In her opening remarks, Sofía Sprechmann Sineiro, Secretary General of CARE International, talks about how the COVID-19 crisis has hit women and girls especially hard.', '-']",-,content_B,post
t0392,u1274,2020-05-18 13:17:38+00:00,Covid,U***a,After a week of training &amp; mentorship the finalists have reached the #Finalistpitchsession . They hear from @S***s on our partnership to support entrepreneurs in the Kenya – which has kicked in more than ever during #COVID19 #UstawiKenyaUK https://***AF,"['A @C***n hero: former Green Beret medic Luke Sciulli took a break from AutonLab, where he helps develop automated trauma care technology, to care for COVID-19 patients at a field hospital in NYC https://***tG @C***s @m***u https://***5g', 'While U.S. companies struggle with issues posed by the Covid-19 pandemic, pay equity should not be put on the backburner. The economic crisis has hurt women, those on the short end of pay equity, the most. You can do one thing today to close wage gaps: https://***CZ https://***ak', 'After a week of training &amp; mentorship the finalists have reached the #Finalistpitchsession . They hear from @S***s on our partnership to support entrepreneurs in the Kenya – which has kicked in more than ever during #COVID19 #UstawiKenyaUK https://***AF', '-']",-,content_C,post
t2171,u1769,2022-01-18 13:00:02+00:00,Covid,K***s,"An Arkansas jail’s doctor promoted an antiparasitic drug commonly used for livestock to treat detainees with Covid-19 despite warnings against such use, according to a lawsuit. Via ⁦@b***a⁩, @N***s https://***hz","['An Arkansas jail’s doctor promoted an antiparasitic drug commonly used for livestock to treat detainees with Covid-19 despite warnings against such use, according to a lawsuit. Via \u2066@b***a\u2069, @N***s https://***hz', ""A meta-analysis in @J***n finds that two thirds of adverse symptoms that people report following their Covid-19 vaccinations, such as headache and fatigue, are driven by the placebo effect (or more precisely, what's known as the nocebo effect). https://***fc https://***8j"", 'KICUKIRO: MBERE YO KUJYA GUSENGA DORE AHO WABANZA GUFATIRA URUKINGO RWA COVID-19 HAFI YAWE; @R***a @u***o @P***R @g***v @R***h @R***v @D***s @C***i @R***o @Y***W @P***i Roho nzima mu mu mubiri uzira Covid-19 https://***1B', '-']",-,content_A,post
t1629,u2400,2021-02-05 18:53:20+00:00,Covid,F***_,-,"['Paul Harpur @U***w, Lydia X.Z. Brown, Ridhi Shetty discuss the impact of COVID-19 regulatory interventions, and responses to exclusion and disablement. @a***t @B***e @s***g https://***T6 https://***ue', ""Don't be a clown. Stay at home for the Super Bowl! The decisions you make have an impact on our entire community as we navigate this #COVID19 pandemic. https://***PZ"", '#Mentalhealth impact of #COVID19 needs to be understood and predicted better. Thrilled to announce the acceptance of our work using #AI in @j***b Mental Health. Pre-revision preprint - https://***D0 #ExplainableAI #BayesianNetworks', '-']",tweet_C,-,retweet
t3610,u1853,2022-02-28 10:44:55+00:00,Covid,i***r,School Timing Changed हरियाणा में अब इतने बजे खुलेंगे स्कूल #CoronavirusUpdates @s***a @E***a #indianewsharyana Read more...https://***F7,"['School Timing Changed हरियाणा में अब इतने बजे खुलेंगे स्कूल #CoronavirusUpdates @s***a @E***a #indianewsharyana Read more...https://***F7', 'New: Transcriptomic landscapes of SARS-CoV-2-infected and bystander lung cells reveal a selective upregulation of NF-κB-dependent coding and non-coding proviral transcripts https://***BT read/write/request review https://***yM #coronavirus #COVID19', '#Salud || ""Gracias a las decisiones tomadas en tiempo oportuno, contamos con el @H***V"", manifestó el funcionario, quien definió al centro hospitalario como ""un referente en la región"" en el tratamiento de covid-19. https://***Vm', '-']",-,content_A,post
t3480,u3180,2022-02-25 13:44:49+00:00,Covid,i***g,-,"['@i***7 @C***r (2/3) Travellers can provide proof of either a: - A negative COVID-19 molecular test result taken no more than 72 hours prior to their scheduled flight to Canada or arrival at the land border.', '#ICYMI more research in @J***n was linked in @s***s. #COVID19 #JAMANetworkInTheNews https://***qh https://***9T', '.@U***A Met with @s***N, the first American to be vaccinated against #COVID19. https://***gY', '-']",tweet_A,-,retweet
t2382,u2203,2022-02-04 14:40:19+00:00,Covid,N***3,-,"[""Sweden's Prime Minister Magdalena Andersson says COVID-19 pandemic restrictions will be lifted next week when their current time limit lapses For more on this and other news visit https://***rt"", ""Glad that the MA Legislature passed a $101 million supplemental FY22 spending bill yesterday to fund critical, time-sensitive #COVID19 response needs. The funding will continue to bolster the Commonwealth's response to the pandemic. More information: https://***Yb https://***NH"", 'Agree. It is time for a new strategy as we transition to the endemic #COVID19 phase. We need to remain vigilant and monitor the situation through adequate surveillance measures. We should not allow this virus to surprise us. https://***N6 via @p***o', '-']",tweet_A,-,retweet
t3823,u3197,2022-03-04 08:29:10+00:00,Covid,b***s,-,"['Physician shortage exacerbated by COVID-19 - Contemporary Pediatrics #money #makemoney #earnonline https://***0V', 'El martes 1 de marzo un informe del Banco Mundial señaló que alrededor de 2.400 millones de mujeres en edad laboral en el mundo no gozan de oportunidades económicas equitativas. #coronavirus https://***1p', 'Over the past few weeks I have been reading extensively on pandemics/epidemics &amp; govt responses to them. One thing is clear to me, Indian government failed miserably in its COVID-19 response. A scathing article by @t***a is worth reading https://***Pq', '-']",tweet_B,-,retweet
t1749,u1962,2021-05-25 18:47:23+00:00,Covid,N***C,"During the social isolation of #COVID19, @w***y's #EastHarlemVillage network connected older adults with tablets, internet service &amp; tech training that enabled them to access healthcare, resources &amp; virtual events. #OlderAmericansMonth https://***9d","[""During the social isolation of #COVID19, @w***y's #EastHarlemVillage network connected older adults with tablets, internet service &amp; tech training that enabled them to access healthcare, resources &amp; virtual events. #OlderAmericansMonth https://***9d"", 'Third poll: When COVID-19 abates, would you prefer continuing with all-virtual conferences, reverting to the all-in-person format, or conferences where attendees have a choice?', 'Jetzt in voller Länge auf SRF Play: #NZZFormat: Die Kraft der Berührung - eine Gesellschaft auf Entzug #NZZ #Corona #Covid19 #Berührung #SocialDistancing #Sinne #Tastsinn #Nähe #Körper #Psyche https://***v4', '-']",-,content_A,post
t3018,u2484,2022-02-18 00:30:08+00:00,Covid,H***C,DAILY UPDATE: Vaccine stats: 84.4% Residents of All Ages Vaccinated* New COVID-19 cases: 874 (7-day Rolling Average) View data dashboards at https://***6M https://***Kd,"['En este periodo de #COVID19 y distanciamiento social, muchas personas se quedan en casa Revisa algunas recomendaciones que puedes hacer gratuitamente desde casa, para empoderarte y adquirir aptitudes que promuevan la igualdad y el respeto https://***cv', 'DAILY UPDATE: Vaccine stats: 84.4% Residents of All Ages Vaccinated* New COVID-19 cases: 874 (7-day Rolling Average) View data dashboards at https://***6M https://***Kd', 'Canada police warn truckers to leave Ottawa, gov’t blames extremists https://***e0 #COVID19 #COVIDRestrictions #COVIDProtest #TimesWorldNews', '-']",-,content_B,post
t3117,u1889,2022-02-19 15:58:05+00:00,Covid,r***s,#Entérate🦠🚦 La #México se pinta de #verde y #amarillo en el #semáforo #epidemiológico de #COVID19. La semaforización permanecerá del 21 de febrero al 6 de marzo. Nota completa:https://***HL https://***rE,"['A new update will let you unlock your iPhone while wearing a mask! I’m siri-ously excited about this one. The geniuses at @A***e are also working on full incognito mode where you can keep your mask and sunglasses on. #quote #COVID19 https://***6I', '#Entérate🦠🚦 La #México se pinta de #verde y #amarillo en el #semáforo #epidemiológico de #COVID19. La semaforización permanecerá del 21 de febrero al 6 de marzo. Nota completa:https://***HL https://***rE', 'Les anuncio que desde hoy, TODAS las medidas restrictivas impuestas por el COVID-19, quedan suspendidas. #SinRestricciones', '-']",-,content_B,post
t1826,u2178,2021-09-08 14:09:25+00:00,Covid,M***c,"2021 #StrategicForesight Report sets out 10 areas where EU action could enhance our open strategic autonomy. #COVID19 has only strengthened the case for striking the right balance between autonomy and openness. The EU will not turn inwards, but will reinforce our global standing. https://***jA","['2021 #StrategicForesight Report sets out 10 areas where EU action could enhance our open strategic autonomy. #COVID19 has only strengthened the case for striking the right balance between autonomy and openness. The EU will not turn inwards, but will reinforce our global standing. https://***jA', 'Our August issue is now online. This week, we will share some highlights. Register for content alerts https://***jq #COVID19 #HIV #NIBS #preeclampsia #hipfracture #diabetes #epilepsy #microbiome among other exciting research Table of contents: https://***dT https://***zo', 'No, COVID-19 vaccines do not violate the Nuremberg Code https://***Bn https://***cC', '-']",-,content_A,post
t1097,u2491,2020-09-23 21:05:51+00:00,Covid,B***s,Dr. John Nkengasong is a true Goalkeeper. His leadership will help ensure Africa has the tools it needs to fight COVID-19: https://***hF https://***uf,"['How contagious is the #coronavirus? @C***h’s Pamela Bjorkman breaks down her latest research on the virus in episode four of our new season, ""Conversations on Science."" Listen now. https://***qU https://***Wu', 'My friend, Cooky Mays, who died of COVID-19 on July 19 at age 77 was not “nobody”! She was a loving mother and grandmother, a civic leader, a devoted philanthropist. And my heart still aches that she is no longer in this world. #AnotherCovidTragedy', 'Dr. John Nkengasong is a true Goalkeeper. His leadership will help ensure Africa has the tools it needs to fight COVID-19: https://***hF https://***uf', '-']",-,content_C,post
t2543,u0327,2022-02-09 22:11:08+00:00,Covid,I***t,Nosso parceiro @g***s acaba de lançar o I Prêmio Estratégias de Equidade no Enfrentamento à Evasão Escolar: implicações da COVID-19 para a permanência na Educação Básica. As inscrições podem ser feitas até 7 de março. Saiba mais e compartilhe ⤵️ https://***84,"['More than 50% of nurses had difficulty sleeping during the first 6 months of the COVID-19 pandemic—and getting less sleep increased their odds of experiencing anxiety and depression. https://***Ry @N***g @A***l #nurses #nursing', 'Nosso parceiro @g***s acaba de lançar o I Prêmio Estratégias de Equidade no Enfrentamento à Evasão Escolar: implicações da COVID-19 para a permanência na Educação Básica. As inscrições podem ser feitas até 7 de março. Saiba mais e compartilhe ⤵️ https://***84', 'Healthcare and community organizations are constantly changing their internal procedures to align with COVID-19 measures and guidelines. We offer four recommendations to maintaining a steady, cost-effective workflow: https://***Ip', '-']",-,content_B,post
t0723,u0205,2020-08-19 14:31:15+00:00,Covid,A***i,"Mexico moves to ban junk food sales to children, citing obesity as coronavirus risk factor #Mexico #Coronavirus https://***JJ","['This #NationalScienceWeek we’re celebrating #Qld scientists &amp; researchers protecting our community from #COVID19. Thanks Dr. Jeannette Young, @q***s’ CHO for your support for our @A***d Industry Research Fellowship researchers 🙏 #elbowbump4science #QLDelbowbump https://***sT', 'Mexico moves to ban junk food sales to children, citing obesity as coronavirus risk factor #Mexico #Coronavirus https://***JJ', ""Sostenere le nostre #studentesse e #studenti significa sostenere l'Università. La #vostra Università. L'Università di #tutti noi. È ancora possibile contribuire alle borse di #solidarietà contro #COVID19. Grazie di cuore per il vostro sostegno! 💪🙏 https://***0w"", '-']",-,content_B,post
t3196,u0439,2022-02-20 12:42:03+00:00,Covid,t***t,Udupi: Active cases drop below 200 https://***PM #Udupi #COVID19 #Corona @D***A @d***i @K***e @t***i @D***i @m***g,"['Udupi: Active cases drop below 200 https://***PM #Udupi #COVID19 #Corona @D***A @d***i @K***e @t***i @D***i @m***g', '#SemáforoVerde | #PandemiaCovid19 La mitad de los estados se encuentra de amarillo y la otra mitad de verde. Todos los detalles aquí ➡ https://***Is', '#PandemiaCovid19 😷 | Con cada ola de contagios disminuye el tiempo de aislamiento y el número de personas que se queda en casa. #NuevaNormalidad #medidascovid #México @S***x https://***ZS', '-']",-,content_A,post
t0365,u2662,2020-04-18 06:37:36+00:00,Covid,j***s,Vea el documental de ABC donde el divulgador J.M. Nieves relata la historia y enigmas del Covid-19 https://***1b vía @A***r,"['Vea el documental de ABC donde el divulgador J.M. Nieves relata la historia y enigmas del Covid-19 https://***1b vía @A***r', '✨🔎Tobias Blanke and Julia Noordegraaf @j***f have taken the initiative to collect sources related to the COVID-19 crisis. This involves collecting and archiving ephemeral sources that document how individuals and communities experience the crisis https://***CM', 'NIH to launch public-private partnership to speed COVID-19 vaccine and treatment options https://***kD', '-']",-,content_A,post
t1709,u2321,2021-04-15 16:23:40+00:00,Covid,B***M,"Owing to difficulties faced in performing the last rites of those who died due to #COVID19 infections, it has been decided that private ambulance and cremation will be available at no cost for the family of the deceased. 1/2","['Owing to difficulties faced in performing the last rites of those who died due to #COVID19 infections, it has been decided that private ambulance and cremation will be available at no cost for the family of the deceased. 1/2', 'The way we live our lives, learn, work and socialize may be changed forever by the incredibly infectious COVID-19. To know more about our teaching and learning in a virtual scene, let’s take a look at “Snapshots” of CUHK in the pandemic: https://***Fo https://***2Q', 'Delighted at this change of heart but important to mask up, socially distance and maintain hand hygiene even if vaccinated. Covid-19: Vaccinated people to be exempt from hotel quarantine via @I***s https://***rW', '-']",-,content_A,post
t3671,u2626,2022-03-01 20:40:01+00:00,Covid,f***e,-,"['The Headquarters testing center team, like many of our FEMA facilities, has been onsite throughout the many phases of the pandemic to ensure our staff have access to COVID-19 tests at all times. We thank you for keeping our staff safe! https://***32', 'Nearly half of the 500 million free COVID-19 tests the Biden administration recently made available to the public still have not been claimed as virus cases plummet and people feel less urgency to test. https://***pD', 'Unvaccinated students had eight times the incidence of #COVID19 infection compared to vaccinated students in a North Carolina independent school, according to a recent @A***b @D***h study. https://***Yq', '-']",tweet_C,-,retweet
t2373,u2183,2022-02-04 08:00:12+00:00,Covid,N***G,The latest evidence shows that people who haven’t been vaccinated are around nine times more likely to be hospitalised with COVID-19 than those who had a booster at least two weeks ago. To find a local drop-in session or book an appointment visit https://***iI https://***c5,"['This report provides a first look at the resilience of the U.S. armed services to the pandemic. It also sets the stage for further analysis of recruiting and retention policies and procedures—especially in virtual recruiting—adopted during COVID-19. https://***v1', ""Effective January 15, #health plans are required to cover the costs of OTC #COVID19 tests, but it's not as easy as it sounds. See how this is affecting consumers and #insurance carriers in @S***M. (link) #healthcare https://***yn https://***zv"", 'The latest evidence shows that people who haven’t been vaccinated are around nine times more likely to be hospitalised with COVID-19 than those who had a booster at least two weeks ago. To find a local drop-in session or book an appointment visit https://***iI https://***c5', '-']",-,content_C,post
t2170,u1738,2022-01-18 10:26:33+00:00,Covid,b***d,"#BanegaSwasthIndia | What are the symptoms of the #Omicron variant of #COVID19 that one should look out for? Dr Ashutosh Shukla, Senior Director, Internal Medicine, Max Hospital explains #Coronavirus #IndiaFightsCOVID #COVIDVariants @M***A @M***e @m***a https://***pi","['#BanegaSwasthIndia | What are the symptoms of the #Omicron variant of #COVID19 that one should look out for? Dr Ashutosh Shukla, Senior Director, Internal Medicine, Max Hospital explains #Coronavirus #IndiaFightsCOVID #COVIDVariants @M***A @M***e @m***a https://***pi', 'Comemorando 1 ano da primeira dose aplicada no Brasil, Juliette dará uma entrevista na edição de hoje do Jornal Nacional falando sobre a importância da vacinação contra o covid-19. https://***Ju', ""UPDATE: Our live #coronavirus #dataviz dashboard now displays '% of population boosted' for leading nations. Code by @u***s https://***jp https://***nq"", '-']",-,content_A,post
t2032,u2463,2021-12-20 11:51:51+00:00,Covid,J***y,Omicron’s global surge triggers countries to shorten COVID-19 booster timelines #booster https://***6L,"[""Tuesday, @P***S will speak on the country's fight against COVID-19. Building off his Winter Plan, he’ll announce new steps he’s taking, while issuing a stark warning of what the winter will look like for Americans that choose to remain unvaccinated. https://***0V"", 'With the restrictions and adjustments to daily life that COVID-19 and its variants have brought, what will the holidays look like this year? Mourning Holiday Traditions: https://***u4 https://***hf', 'Omicron’s global surge triggers countries to shorten COVID-19 booster timelines #booster https://***6L', '-']",-,content_C,post
t2546,u0219,2022-02-09 23:39:38+00:00,Covid,T***c,UCI case report: Antihistamines may provide relief for people suffering from long COVID-19 symptoms https://***8c https://***SK,"['UCI case report: Antihistamines may provide relief for people suffering from long COVID-19 symptoms https://***8c https://***SK', 'NEW: Covid-19 hospitalizations have dropped below 100,000 for the first time in more than a month, HHS data shows. There are 99,925 current Covid-19 hospitalizations, which is a 38% drop from the peak of more than 160,000 from about three weeks ago.', ""Superintendent's Message: COVID-19 Mitigations Update https://***kP https://***hc"", '-']",-,content_A,post
t3027,u2271,2022-02-18 04:51:00+00:00,Covid,a***t,Cockroach Control Service For Free Inspection &amp; Pest Evaluation Call PEST Dr. CALL - 080-41229005 / 9941229005 acuitypestcontrol@g***l.com website :https://***PY https://***qx #acuitypestcontrol #pestcontrol #bestpestcontrolservice #coronavirus #disinfection https://***qZ,"['Cockroach Control Service For Free Inspection &amp; Pest Evaluation Call PEST Dr. CALL - 080-41229005 / 9941229005 acuitypestcontrol@g***l.com website :https://***PY https://***qx #acuitypestcontrol #pestcontrol #bestpestcontrolservice #coronavirus #disinfection https://***qZ', 'My 1st #FollowBackFriday whilst suffering from #Covid19 so have a bit of time to help spread the word whilst resting #JohnsonOut25 #SaveNHS I will happily follow back anyone who is showing they are: #ProEU #AntiTory #FBPE #FBPR #GTTO #FBNHS #RejoinEU #FBPA @S***s', 'Covidish Era: (Late 2019 to current). How would you define it? #CovidishEra #COVID19', '-']",-,content_A,post
t1413,u2023,2020-11-11 17:00:54+00:00,Covid,M***z,"Con la segunda ola de #COVID19 llegando a @M***y la App CombatCOVID MDC le puede ayudar a mantenerse más seguro, notificándolo confidencialmente si ha sido expuesto a un caso potencial. Es gratis y no usa su información personal. Más información: https://***mC https://***Qp","['Dr. Ugur Sahin, a Turkish 🇹🇷 scientist and co-founder of BioNTech, along with American medicine firm Pfizer, is expecting a license from the EMA for the COVID-19 vaccine candidate BNT162b1 they have been developing. Great job ✌🏼#covid19 #pfizer #UgurSahin https://***UV', 'Have autonomous machines proved their worth in hospitals, offices, and on city streets? Check out how robots became essential workers in the COVID-19 response #robots #covid19 #autonomousmachines https://***2B https://***ee', 'Con la segunda ola de #COVID19 llegando a @M***y la App CombatCOVID MDC le puede ayudar a mantenerse más seguro, notificándolo confidencialmente si ha sido expuesto a un caso potencial. Es gratis y no usa su información personal. Más información: https://***mC https://***Qp', '-']",-,content_C,post
t3884,u0760,2022-03-05 19:00:02+00:00,Covid,N***n,Zprávu o pozitivitě na koronavirus si k dnešnímu dni vyslechlo 3 624 937 lidí. 419 698 případů z celkového počtu tvoří lidé starší 65 let. #covid19statistika #covid19onemocneni #covidcesko #covidstatistika #elektronickynovinar,"['US FDA warns against use of unauthorised COVID-19 antigen tests including SD Biosensor, Flowflex kits https://***pF https://***fN', '• Los autoanticuerpos, especialmente aquellos que neutralizan los interferones tipo I (IFN), están asociados con disfunción inmunológica y mortalidad por COVID-19.', 'Zprávu o pozitivitě na koronavirus si k dnešnímu dni vyslechlo 3 624 937 lidí. 419 698 případů z celkového počtu tvoří lidé starší 65 let. #covid19statistika #covid19onemocneni #covidcesko #covidstatistika #elektronickynovinar', '-']",-,content_C,post
t2089,u1414,2022-01-05 14:00:02+00:00,Covid,d***r,#Omicron has reminded us of the dangers of unequal access to COVID-19 vaccines. We urgently need to coordinate our response to this deadly virus. That includes working together to address bottlenecks to global vaccination efforts. More: https://***4t #VaccinesForAll https://***qI,"['#Omicron has reminded us of the dangers of unequal access to COVID-19 vaccines. We urgently need to coordinate our response to this deadly virus. That includes working together to address bottlenecks to global vaccination efforts. More: https://***4t #VaccinesForAll https://***qI', 'Remember people who have been vaccinated stand a 99% chance to beat Covid-19. Visit https://***zX for the latest Covid-19 related information. #COVID19 #VaccinateToSaveSouthAfrica https://***lX', 'As #COVID19 surges in #Philly, I wanted to understand how *Holiday Case Backfill* can skew Rt estimation and predictions of future incidence... bottom line: watch out for the case backfill! https://***x7 https://***nf', '-']",-,content_A,post
t2256,u1829,2022-01-27 01:03:34+00:00,Covid,A***m,"Papua New Guinea has one of the lowest COVID-19 vaccination rates in the world, with just over 3% of people having received one dose or more. With misinformation a major barrier, what can be done to vaccinate more of PNG's population of nine million people? 🧵","[""Papua New Guinea has one of the lowest COVID-19 vaccination rates in the world, with just over 3% of people having received one dose or more. With misinformation a major barrier, what can be done to vaccinate more of PNG's population of nine million people? 🧵"", 'U najnovijem razgovoru povodom ulaska u treću godinu pandemije dr. Tihomir Odorčić pojašnjava učinak Omikrona posebice u zemljama Jugoistočne Europe, te sličnosti i razlike između Omikrona i Delte. #Delta #Omikron #pandemija #covid19 #Omicron https://***y7', 'Se están comercializando pruebas falsas de antígenos para #COVID19. Te comparto la lista de los productos aprobados por las autoridades sanitarias: https://***Wf 👀 #mm https://***d0', '-']",-,content_A,post
t3382,u2978,2022-02-23 14:27:38+00:00,Covid,B***a,Indian vaccine manufacturers are playing a significant role in helping the world fight #COVID19 and other deadly diseases. @B***s talks about the importance of partnerships and collaboration. https://***JH @U***a @S***S @M***A @M***a,"['Indian vaccine manufacturers are playing a significant role in helping the world fight #COVID19 and other deadly diseases. @B***s talks about the importance of partnerships and collaboration. https://***JH @U***a @S***S @M***A @M***a', 'A sad reminder that COVID-19 can be deadly to children. https://***TH', '#EnPortada - ¡Gracias a todes! Estrellas mexicanas como @e***s y @d***_ han abrazado el lenguaje inclusivo dentro y fuera de la pantalla. - La #ReinaIsabelII se contagió de #COVID19 y tiene a Inglaterra en suspenso. - #TomHolland permanece como Rey de la Taquilla. https://***lR', '-']",-,content_A,post
t2971,u2317,2022-02-17 11:18:29+00:00,Covid,L***n,My A5 Ink &amp; watercolour buddies are back! They’re £65 each incl p&amp;p. Lake District inspired series. DM me to buy! Creating these is a positive refocus for my #skinpicking &amp; #anxiety. I sell as part of #Artistsupportpledge #supportartists #mentalhealth #pandemic #artiswork https://***Yg,"['@w***h perfectly sums up the current #COVID19 situation in #HongKong. She says it exactly as I would if I was this articulate and less angry and sweary than I am https://***9R', 'Vilka riksdagspartier kommer använda Coronakommissionens slutrapport med stenhård kritik mot regeringen och Folkhälsomyndigheten i sin valrörelse? #val2022 #coronavirussverige #demokrati', 'My A5 Ink &amp; watercolour buddies are back! They’re £65 each incl p&amp;p. Lake District inspired series. DM me to buy! Creating these is a positive refocus for my #skinpicking &amp; #anxiety. I sell as part of #Artistsupportpledge #supportartists #mentalhealth #pandemic #artiswork https://***Yg', '-']",-,content_C,post
t2035,u2918,2021-12-21 14:17:22+00:00,Covid,e***s,"Today the @E***n has adopted 5⃣ new equivalence decisions certifying that COVID-19 certificates issued by Montenegro, Taiwan, Thailand, Tunisia and Uruguay are equivalent to the EU Digital COVID Certificate! 33 non-EU countries are now part of the EUDCC... and counting!","[""What I can't get my head around is how relaxed they all look at a time when a thousand people a day were dying of #COVID19!!! #ToryCovidCatastrophe #BorisJohnsonMustGo https://***rC"", 'As Omicron cases increase the physicians of ARA encourage you to get your third #COVID-19 vaccine if you haven’t already. Third doses are now widely available to everyone 16+. Learn more https://***y4', 'Today the @E***n has adopted 5⃣ new equivalence decisions certifying that COVID-19 certificates issued by Montenegro, Taiwan, Thailand, Tunisia and Uruguay are equivalent to the EU Digital COVID Certificate! 33 non-EU countries are now part of the EUDCC... and counting!', '-']",-,content_C,post
t1619,u2548,2021-01-28 22:05:42+00:00,Covid,B***g,Covid-19 vaccine Novavax - of which the British government has ordered 60 million doses - proves 89.3% effective in large-scale UK trials https://***Zk,"['2 days until the \'Rehabilitation in the wake of COVID-19\' Neuro Education Clinic Online webisode! Join Dr Ann-Marie Morrissey on her session ""Occupational Therapy, Neuro Rehabilitation and COVID-19"" the 29th of January at 10:00. Register FREE here ➡️ https://***OH https://***PM', 'New profile! Dr. Athena Akrami (@A***i) discusses her career of innovative neuroscience &amp; her battle with COVID-19. Check out her profile below &amp; be sure to listen to the podcast episode as well!! #WomenInNeuroscience @S***o @u***l https://***8F', 'Covid-19 vaccine Novavax - of which the British government has ordered 60 million doses - proves 89.3% effective in large-scale UK trials https://***Zk', '-']",-,content_C,post
t2128,u0128,2022-01-11 21:19:03+00:00,Covid,P***h,🏡House-bound? Catch up on some reading!📚 https://***ES @J***n #ECLA #PHRI #colchicine #COVID19 @J***y #RadicalPC substudy #testosterone #prostatecancer #cardiovascular risks #EHJ #QoC &amp; Clinical Outcomes #TIPS3 💵#polypill #CVDprev https://***F1,"['""Wasim Ahmed"" OR was3210 via NodeXL https://***tw @m***t @d***r @w***0 @s***8 @w***1 @t***k @a***s @t***0 @h***7 @n***1 Top hashtags: #hangor #ussorted #socialmedia #covid19 #fanfit #passion4digital /', '🏡House-bound? Catch up on some reading!📚 https://***ES @J***n #ECLA #PHRI #colchicine #COVID19 @J***y #RadicalPC substudy #testosterone #prostatecancer #cardiovascular risks #EHJ #QoC &amp; Clinical Outcomes #TIPS3 💵#polypill #CVDprev https://***F1', 'See my comments in @t***a If you’ve tested positive, wait three months for booster: Experts https://***S8 @S***y #COVID19India #COVID19 #Omicron #Booster #CovidVaccine #healthcare workers #LargestVaccineDrive @m***a @n***i', '-']",-,content_B,post
t3378,u2011,2022-02-23 12:24:00+00:00,Covid,I***H,Questions and answers on the updated Covid-19 rules in England including why it is important to self-isolate if you have a new Covid-19 infection or are unwell. A new blog from Professor Azeem Majeed. 🔗https://***6h,"['COVID-19 restrictions to ease over the coming weeks, Nunavut premier says https://***so', 'Questions and answers on the updated Covid-19 rules in England including why it is important to self-isolate if you have a new Covid-19 infection or are unwell. A new blog from Professor Azeem Majeed. 🔗https://***6h', 'Resident Min Qiao, MD, teams up with biostatician Amber Salter, PhD, and Anne Cross, MD (@A***1), to review ""COVID-19, Vaccinations &amp; MS"" in latest @P***o https://***IA https://***YU', '-']",-,content_B,post
t2742,u1291,2022-02-14 12:47:57+00:00,Covid,m***t,-,"['The #HospitalAuthority will set up a new hotline to answer questions from people who test preliminary positive for #COVID19 and are waiting to be admitted to hospitals or isolation facilities https://***JB', 'Hua Hin restaurant mixes a hip beachside atmosphere with refined bar bites. #Thailand #Bangkok #Phuket #Samui #Pattaya #Ayutthaya #ChiangMai #covid19 #coronavirus #sandbox #beach #travel #tourism #tour #trip #reopen #omicron #HuaHin https://***5N', ""City of Ottawa strikes deal with 'Freedom Convoy' organizers: Mayor https://***bP #ottpoli #COVID19 #GoHomeTruckers #COVIDOntario #Ottawa #JimWatson #TruckersConvoy2022 #Coronavirus #onpoli #snrtg"", '-']",tweet_A,-,retweet
t2580,u1278,2022-02-10 14:11:43+00:00,Covid,v***y,-,"[""Liberal MP Joël Lightbound resigns as Quebec caucus chair after breaking with party on approach to COVID-19 pandemic, calling it 'politicized' and 'divisive.' Previous story: https://***cD"", 'Can I tell you how wonderful @c***p is? What compassionate, no-bullshit talk this is from a member of @I***e in the UK. #COVID19 is not going away. We can learn to live with a new reality without pushing for an ersatz #UrgencyOfNormal, which ignores basic facts. https://***p4', 'Revisa que los cinturones de seguridad de tu vehículo funcionen correctamente antes de iniciar un viaje, estos están para garantizar tu seguridad y la de todos los pasajeros del vehículo ante algún accidente #JuntosNosCuidamos #COVID19 https://***Ge', '-']",tweet_A,-,retweet
t1822,u1607,2021-08-29 13:50:05+00:00,Covid,p***h,"If mobs of citizens are openly threatening harm to Trudeau, the biggest problem isn’t Trudeau. The roiling rage fueled by racism, xenophobia, sexism, conspiracy theorists and #COVID19/vaccine deniers, by @S***t https://***9r via @t***r #COVID19 #cdnpoli","['As of 28 Aug 2021, 12pm, we have preliminarily confirmed that there are 113 new cases of locally transmitted COVID-19 infection. https://***vg', 'If mobs of citizens are openly threatening harm to Trudeau, the biggest problem isn’t Trudeau. The roiling rage fueled by racism, xenophobia, sexism, conspiracy theorists and #COVID19/vaccine deniers, by @S***t https://***9r via @t***r #COVID19 #cdnpoli', 'Tracking the spread of coronavirus: Kenya Today #Covid19 #NationNewsplex https://***oS https://***rC', '-']",-,content_B,post
t2002,u0893,2021-12-09 15:11:46+00:00,Covid,G***e,"It’s great to see a good pup like Watson putting smiles on children’s faces while they get their COVID-19 vaccines! Vaccines for everyone ages 5+ are safe, effective, and available across Rhode Island. Find a clinic online at https://***f. https://***iL","['Agradecemos a Japón por organizar esta importante cumbre, especialmente ante los desafíos por la pandemia del #COVID19. De igual manera, nos enorgullece haber realizado las acciones, junto con @C***V y la @E***n para garantizar la participación de El Salvador en #N4G.', 'It’s great to see a good pup like Watson putting smiles on children’s faces while they get their COVID-19 vaccines! Vaccines for everyone ages 5+ are safe, effective, and available across Rhode Island. Find a clinic online at https://***f. https://***iL', '▶️#COVID19 vaccination save lives! Vaccination during pregnancy protects both mother and baby. Thank you very much @E***g and @E***s for your work to give pregnant women the evidence and encouragement to get vaccinated. https://***lC', '-']",-,content_B,post
t3514,u2934,2022-02-25 23:40:32+00:00,Covid,r***r,-,"['More than 250,000 micro, small, and medium enterprises (MSMEs) in Kenya are set to benefit from improved access to finance after being severely impacted by the COVID-19 crisis. @K***A @a***u @I***E @T***e @T***a @C***a https://***xp', ""Novavax's COVID-19 vaccine approved for Canadians 18 and older https://***Cn"", 'Canada approves world’s first plant-based vaccine that can prevent COVID-19 virus. Know details here #CovidVaccine #PlantBasedVaccine #CoronavirusIndia https://***w6', '-']",tweet_B,-,retweet
t2536,u0421,2022-02-09 18:56:47+00:00,Covid,W***9,"@S***s If COVID-19 is anywhere, it is potentially everywhere. COVID-19 vaccines will save many lives. Mask wearing is also a good idea.","['New2Trip: What is efficacy &amp; effectiveness of available COVID-19 vaccines for variants of concern? https://***Vn', 'Join SDSN, @F***s and @f***d on Feb 9 for their second e-Dialogue on Equitable &amp; Sustainable Food Systems. The topic of this e-Dialogue will be #COVID19 and its impacts on #Local #FoodSystems &amp; Rural livelihoods. Learn more and register 👉 https://***0E https://***UG', '@S***s If COVID-19 is anywhere, it is potentially everywhere. COVID-19 vaccines will save many lives. Mask wearing is also a good idea.', '-']",tweet_C,content_C,reply
t2385,u1028,2022-02-04 15:25:00+00:00,Covid,C***h,Updated weekly: #COVID19 mortality and hospitalization trends in the US and across the globe. Now includes data broken out by race. https://***7g,"['COVID-19: Vaccinating kids without parental consent? https://***Jy', 'Updated weekly: #COVID19 mortality and hospitalization trends in the US and across the globe. Now includes data broken out by race. https://***7g', 'Beijing Winter Olympic Games begin today with strict Covid-19 protocols in place. https://***Xr', '-']",-,content_B,post
t0311,u0416,2020-03-05 11:47:54+00:00,Covid,i***l,-,"['#coronavirusinindia #coronavirus ನೋವೆಲ್ ಕರೋನಾ ವೈರಸ್: ಮುಂಜಾಗ್ರತಾ ಕ್ರಮಗಳನ್ನು ಕೈಗೊಂಡು ಕರೋನಾ ವೈರಸ್ನಿಂದ ನಿಮ್ಮನ್ನು ಮತ್ತು ನಿಮ್ಮ ಕುಟುಂಬವನ್ನು ರಕ್ಷಿಸಿ. https://***cE', ""Friends tell me I take #COVID19 too seriously, it doesn't kill people our age, ask why I'm social distancing, etc. I do this all to flatten the curve. I do this as a service to older folks and those with compromised immune systems. I do it because I think it's our moral duty. https://***6e"", 'Weekly finding for @D***U: as @W***O speaks of #infodemia around #coronavirus, Italian #disinformation outlets change their narrative - from blaming the govt for taking insufficient measures to blaming the media for causing excessive panic. #DisinfoItaly', '-']",tweet_B,-,retweet
t0317,u1856,2020-03-12 15:51:00+00:00,Covid,P***a,"[Important INFO] Regarding concerns related to the #coronavirus (COVID-19), and in accordance with health guidance from the WHO, and other health authorities, PHP Serbia Conference is postponed to September 10th, 11th and 12th 2020. #PHP #conference #Belgrade #Serbia #COVID2019","['[Important INFO] Regarding concerns related to the #coronavirus (COVID-19), and in accordance with health guidance from the WHO, and other health authorities, PHP Serbia Conference is postponed to September 10th, 11th and 12th 2020. #PHP #conference #Belgrade #Serbia #COVID2019', 'The spread of COVID19 will be subsided as the weather getting warmer. This can be expected as what is happening in (sub)tropical countries like Thailand, Singapore, Indonesia, Taiwan. Be proactive in preventing community spread will buy us time until the hope in summer.', 'COVID-19 update (11 March): we are working with our professional conference organisers on a risk management plan, which we aim to present to ISBE Council this week. In the meantime, a reminder that there are several ways to keep up to date... @B***l 1/3', '-']",-,content_A,post
t3900,u0979,2022-03-06 14:16:35+00:00,Covid,L***l,¡Asiste a una nueva jornada de vacunación contra el COVID-19 en nuestra Alcaldía Local este 7 de marzo! 💉🤙 Conoce los detalles aquí ⬇ https://***uz,"['GENERAL MEMBERSHIP MEETING Tues 3/8 @6***m Zoom: https://***QM ON THE DOCKET THIS MONTH: - Plug into organizing around Real Recourse &amp; COVID-19 - Updates regarding a membership hub on our website (1/3) https://***lR', '¡Asiste a una nueva jornada de vacunación contra el COVID-19 en nuestra Alcaldía Local este 7 de marzo! 💉🤙 Conoce los detalles aquí ⬇ https://***uz', 'To be sure, the COVID-19 pandemic was still here Monday, shaping life in Washington and many other U.S. communities. But it was gone by Tuesday evening — kind of, @B***T writes.', '-']",-,content_B,post
t1813,u3089,2021-08-24 06:21:22+00:00,Covid,C***d,ICMR has approved the Ayurvedic Emurize medicine researched by Gujarat University. #ayurveda #yoga #ayurvedalifestyle #health #ayurvedalife #ayurvedic #healthylifestyle #ayurvedaeveryday #ayurvedicmedicine #corona #thirdwave #getvaccinated #covid19 #suratnews #chaitimefeed https://***Q7,"['Chip shortage set to worsen as Covid-19 rampages through Malaysia (STMicro, NXP, Infineon) https://***1S', 'The University of California (@U***a) recently approved a policy that requires all students, faculty, and staff to be vaccinated against #COVID19 by Sept. 6, 2021. To learn more about the vaccination policy, visit the following link: https://***Hw https://***CA', 'ICMR has approved the Ayurvedic Emurize medicine researched by Gujarat University. #ayurveda #yoga #ayurvedalifestyle #health #ayurvedalife #ayurvedic #healthylifestyle #ayurvedaeveryday #ayurvedicmedicine #corona #thirdwave #getvaccinated #covid19 #suratnews #chaitimefeed https://***Q7', '-']",-,content_C,post
t2705,u0686,2022-02-13 18:25:00+00:00,Covid,C***d,"We recently hosted a webinar on collaboration between the federal government and grassroots organizations to improve #COVID19 testing capacity, distribution, equitable access, affordability and educational outreach. Read a recap &amp; get resources: https://***Ol","['We recently hosted a webinar on collaboration between the federal government and grassroots organizations to improve #COVID19 testing capacity, distribution, equitable access, affordability and educational outreach. Read a recap &amp; get resources: https://***Ol', '#HaHa Becomes 4th Member Of ""#RunningMan"" To Test Positive For COVID-19 https://***1b https://***nw', '#Hospitalisierungsinzidenz|en in Deutschland am 11.02.2022 (Quelle: RKI/covid19nowcasthub.de). Mehr zur Lage von SWRdata gibt es hier: https://***wO #CoronavirusDE #Coronadaten https://***zM', '-']",-,content_A,post
t2734,u1166,2022-02-14 10:30:23+00:00,Covid,a***a,"Usi e abusi degli #antibiotici in Italia. L’utilizzo eccessivo dei medicinali sta creando resistenza alla cura delle malattie e infezioni. Una ulteriore emergenza da affrontare, accanto a #Covid19. La rubrica di Nicoletta Dentico https://***Ll https://***U2","['ICYMI: #NYS mask mandate granted full stay during appeals - https://***Ep #NY #Bronx #Brooklyn #StatenIsland #Queens #Manhattan #pandemicparenting https://***V3', 'Usi e abusi degli #antibiotici in Italia. L’utilizzo eccessivo dei medicinali sta creando resistenza alla cura delle malattie e infezioni. Una ulteriore emergenza da affrontare, accanto a #Covid19. La rubrica di Nicoletta Dentico https://***Ll https://***U2', 'Covidem nyní trpí 205 962 lidí. #covidceskarepublika #covidnews #covid19 #elektronickynovinar', '-']",-,content_B,post
t2107,u0841,2022-01-07 19:05:29+00:00,Covid,O***n,"""COVID-19-related hospitalizations, which had stabilized over the past six weeks, are once again climbing, raising the ominous possibility that our hospitals – still feeling the effects of the Delta surge – may once again get swamped by another wave of illness.""","['TOP 15 COUNTRIES IN EUROPE WITH MOST NEW COVID CASES IN LAST 24HRS #COVID19 #Omicron https://***bb', '""COVID-19-related hospitalizations, which had stabilized over the past six weeks, are once again climbing, raising the ominous possibility that our hospitals – still feeling the effects of the Delta surge – may once again get swamped by another wave of illness.""', '#Cambodia #PM/#ASEAN chair #HunSen has arrived in #Myanmar #NayPyiTaw where he was received by military foreign minister Wunna Maung Lwin. Mr Hun Sen brought medical, #Covid19 supplies as donations His Jan 7-8 visit will see him meeting #military chief #WhatsHappeningInMyanmar https://***tw', '-']",tweet_C,content_B,reply
t3618,u0382,2022-02-28 15:30:15+00:00,Covid,N***A,DEADLINE: Last day to get your booster dose of the #COVID19 vaccine at a participating site and get $100. Anyone 5 and older is eligible. Find a site: https://***7f https://***KN,"['DEADLINE: Last day to get your booster dose of the #COVID19 vaccine at a participating site and get $100. Anyone 5 and older is eligible. Find a site: https://***7f https://***KN', 'Barbados logs 129 new COVID-19 cases - https://***X0 https://***ku', 'If you need more information about #OCCOVID19 vaccines it’s at your fingertips. You can browse a library of videos anytime to learn more about the virus, vaccines and more. View the videos at https://***q. Check the site often as videos are added when available. https://***dB', '-']",-,content_A,post
t3379,u1294,2022-02-23 12:37:48+00:00,Covid,c***l,"🗣️El presidente del @c***l, Enrique Cabero, participa en la jornada ""Las Instituciones Propias de CyL tras la covid-19. Retos de futuro"", que organiza @n***l en las @C***L 🔴Ahora en directo https://***He https://***0C","['We track how #COVID19 is shutting down economy after economy via real-time traffic data. Current countries in focus: #Indonesia #Chile #Slovakia #Austria #Peru #SocialDistancing https://***AR', '🗣️El presidente del @c***l, Enrique Cabero, participa en la jornada ""Las Instituciones Propias de CyL tras la covid-19. Retos de futuro"", que organiza @n***l en las @C***L 🔴Ahora en directo https://***He https://***0C', '#22Feb #Declaraciones Nicolás Maduro: ""Llegamos al 56% entre niños y jóvenes de 2 a 17 años. Vamos rumbo al 100%""', '-']",-,content_B,post
t3498,u0668,2022-02-25 18:25:06+00:00,Covid,a***o,"There is no excuse anymore for the blatant misuse of Danish #COVID19 data to score political points or promote some agenda, it’s been known for weeks If you see people doing it please reply with this excellent article by @T***s and ask them to stop https://***qp","['Anvisa aprova segundo autoteste para covid-19 no Brasil. Avaliação demorou 22 dias.', 'What is the ethical justification for vaccinating healthy children against covid19, especially where most (or almost all) have already recovered from infection? https://***dc', 'There is no excuse anymore for the blatant misuse of Danish #COVID19 data to score political points or promote some agenda, it’s been known for weeks If you see people doing it please reply with this excellent article by @T***s and ask them to stop https://***qp', '-']",-,content_C,post
t2311,u3126,2022-02-01 13:30:31+00:00,Covid,U***D,"So, how did #NTFCs fare in implementing the @W***O's #tradefacilitation agreement amid the #COVID19 crisis? Here's a visual map of what the experts said at our #NTFCforum high-level session today. Join us for the next 4️⃣days, as we dive deeper. https://***SV l #TFA https://***b4","[""So, how did #NTFCs fare in implementing the @W***O's #tradefacilitation agreement amid the #COVID19 crisis? Here's a visual map of what the experts said at our #NTFCforum high-level session today. Join us for the next 4️⃣days, as we dive deeper. https://***SV l #TFA https://***b4"", ""After a very difficult and challenging two years, it's now time to come together as a professional group to explore how we can forge ahead and improve lung cancer services and survival as we all live alongside COVID-19. Join us 12 and 13 May 2022 ➡️ https://***B7 https://***a9"", 'Spotify announced it will add content advisories to any podcast episodes that mention COVID-19 in response to Joe Rogan’s misinformation controversy. https://***5X', '-']",tweet_C,content_A,reply
t2305,u0381,2022-02-01 02:14:23+00:00,Covid,P***1,"Let's be more kind to each other, let's support those who are going through personal struggles. Covid-19 is already a formidable enough adversary by itself, let's not add to each others pain. Encourage each other, let them know they are not alone, and that you love them.","['Every country has its COVID-19 protocol for foreigners at the point of entry just as we have our protocol in Nigeria. #YesToCOVID19Vaccine', ""Let's be more kind to each other, let's support those who are going through personal struggles. Covid-19 is already a formidable enough adversary by itself, let's not add to each others pain. Encourage each other, let them know they are not alone, and that you love them."", 'Social isolation, economic insecurity, barriers to health care access — @U***h epidemiologists have found that these indirect consequences of the pandemic are claiming lives that are not being reported in COVID-19 surveillance data. https://***zb', '-']",-,content_B,post
t2516,u0887,2022-02-09 11:27:01+00:00,Covid,d***s,5 gorillas at Dallas Zoo test positive for COVID-19 https://***9y,"['Since the #pandemic began, there has been a significant increase in rates of #depression and #anxiety. Have your employees been impacted? How can you support them as a leader? Join us for our #webinar on 2/15 to learn more. Register today: https://***G3 #Mentalhealth https://***s3', 'New2Trip: COVID-19 Vaccine (recombinant, adjuvanted) - Nuvaxovid https://***ri', '5 gorillas at Dallas Zoo test positive for COVID-19 https://***9y', '-']",-,content_C,post
t1962,u3041,2021-11-24 16:30:55+00:00,Covid,D***z,-,"['On 11/30, our Advocate for Business is speaking at VETCON 2021 about workers’ comp, disability benefits, and NYS Paid Family Leave, including info related to COVID-19 quarantine leave. To schedule an educational session with the Advocate, email advocatebusiness@w***b.ny.gov.', 'Con il #Covid19 abbiamo migliorato la nostra capacità di prevedere gli scenari epidemici, prendendo a prestito i concetti tipici della climatologia. Di @A***a https://***2i', 'All the latest #COVID19 info / missing the most important part! Almost all hospitalizations are unvaccinated people ! It’s so simple! Vaccinate and you’ll be ok. Even in a breakthrough infection.', '-']",tweet_A,-,retweet
t2023,u1196,2021-12-16 10:04:45+00:00,Covid,u***s,-,"['La #varianteOmicron del #Covid19, unita all’#inflazione, continua a causare vendite e operazioni di risk-off dei portafogli, svantaggiando le #criptovalute. Fase #bearish all’orizzonte per le valute virtuali? Analisi di @p***2 👉 https://***lr #Bitcoin https://***gV', ""If you haven't had a #COVID19 vaccine yet or need your booster, head down to the vaccination centre on our Mile End Campus. Our vaccination centre is located in the Temporary Building in Geography Square and is open Mon-Sat from 11am -6pm. Book here: https://***fg"", 'what was going on in the world. Project like Nextstrain, Our World in Data (Oxford), great viz &amp; APIs from UK covid19 Dashboard... Lots of eam of data/ data vis/ DS, who simplified all complex information into one page of info so people be more knowledgeable of what is goin on 2/', '-']",tweet_A,-,retweet
t1810,u2272,2021-08-16 07:37:40+00:00,Covid,c***u,Download our desktop wallpapers from https://***T3 #COVID19 #SARSCoV2 #coronavirus #ScientificVisualization #MachineLearning https://***c8,"['Download our desktop wallpapers from https://***T3 #COVID19 #SARSCoV2 #coronavirus #ScientificVisualization #MachineLearning https://***c8', ""Here's some of what's coming up on @N***5 from 12pm: We'll also speak to a whistle-blower about @C***a's evidence at t State Capture Inquiry, &amp; KZN Education MEC Kwazi Mshengu on covid-19 cases at schools. First, @Z***a is live for us in Marikana at 12pm. https://***VC"", 'Tune in with the Pharma Marketing Network for an insightful conversation with R.J. Lewis and Diane Bartoli, VP and General Manager of epocrates, as she shares her background with eCME, how COVID-19 has been driving it’s rapid growth, and more! https://***Df', '-']",-,content_A,post
t0702,u2912,2020-08-02 00:17:54+00:00,Covid,d***d,"The Lancet study, which supposedly involved 96,000 patients was one of the first to openly discredit HCQ, claiming it was ineffective &amp; “doubled the risk of Covid-19 mortality.” After researchers demanded to see the data &amp; discovered it was possibly fraudulent, it was retracted. https://***f4","['COVID-19 has “devastating” effect on women and girls--disrupted health services and a surge in gender-based violence--with sexual and reproductive health services forced to close because these services were not classified as essential. https://***0E @T***t https://***9c', 'The Lancet study, which supposedly involved 96,000 patients was one of the first to openly discredit HCQ, claiming it was ineffective &amp; “doubled the risk of Covid-19 mortality.” After researchers demanded to see the data &amp; discovered it was possibly fraudulent, it was retracted. https://***f4', 'We Are Mutating SARS-CoV-2 – The COVID-19 Virus – But It Is Evolving Back - https://***mr', '-']",-,content_B,post
t3001,u1935,2022-02-17 18:36:34+00:00,Covid,h***m,-,"['Transición de la educación convencional a la educación y al aprendizaje en línea, como consecuencia #COVID19. Vol. 21 No 65 (2021): Revista de educación a distancia RED @R***C https://***fn #elearning #educación #onlinelearning #education #EDtech #didáctica #virtual https://***h6', '“The need for innovative, brave #philanthropy has never been greater...” By remaining responsive to evolving challenges like #COVID19 + keeping #equity front and center, we aim to create better opportunities for generations to come. https://***nZ', '.@G***n is right. Funding the global health organisations we all depend upon must be prioritised by finance ministers at #G20Indonesia. This is by far the cheapest and most effective way to prevent further mutations and get #COVID19 under control. https://***W8', '-']",tweet_B,-,retweet
t2141,u2384,2022-01-13 14:00:24+00:00,Covid,n***v,-,"[""AC #Milan comunica che Ciprian #Tatarusanu è risultato negativo al Covid-19. Il giocatore è guarito ed è a disposizione per l'allenamento odierno."", '#COVID-19 Update - @I***d (Jan 13, 2022) https://***mv', 'US sets new record for COVID-19 hospitalizations https://***Dm https://***yQ', '-']",tweet_B,-,retweet
t0358,u3082,2020-04-11 18:53:36+00:00,Covid,Q***u,"We just launched a project (https://***r) using machine learning to better understand the spread of COVID-19, to facilitate informed decisions by policy makers, and to better allocate the medical resources. More results are coming soon! @C***A @U***g @U***A https://***wK","['The race is now on the have the #EUMDR one-year delay adopted and with it measures to allow COVID-19 #medicaldevices onto the market more quickly https://***Vu', 'We just launched a project (https://***r) using machine learning to better understand the spread of COVID-19, to facilitate informed decisions by policy makers, and to better allocate the medical resources. More results are coming soon! @C***A @U***g @U***A https://***wK', 'The private sector is stepping up, across Canada, to join #TeamCanada in the fight against #COVID19. Another great example below. (Thank you @s***y, @C***s) https://***T4', '-']",-,content_B,post
t3744,u1561,2022-03-02 23:51:06+00:00,Covid,D***D,-,"['Valneva receives emergency use authorization from Bahrain for its inactivated COVID-19 vaccine VLA2001 https://***o4 #Health https://***Zi #news 789', '🧼 Reducing the spread of Covid-19 is still important, therefore continue to wash your hands thoroughly and regularly for 20 seconds. 🧼 https://***td', '¿Son los #corticoides un tratamiento eficaz para las personas con #COVID19 ? No te pierdas el nuevo podcast 🎧 sobre la revisión de @C***m https://***Y0 https://***PU', '-']",tweet_C,-,retweet
t3677,u2881,2022-03-02 01:21:17+00:00,Covid,a***s,14 ▪ QUEEN ELIZABETH RETURNS Queen Elizabeth well enough to take part in virtual audiences #QueenElizabeth #COVID19 #WindsorCastle Arirang News ▶ https://***m0 News Center ▶ https://***gF https://***6V,"['📝 #BOLETIM686 - A edição do Boletim Epidemiológico desta quarta-feira, 2, registra 72.351 confirmações. A taxa hospitalar é de 22,6% e 19 pessoas estão internadas. VACINÔMETRO 💉 - Esta edição do B.E. também traz o total de 492.894 doses aplicadas contra a Covid-19. https://***MT', 'The #COVID19 Dashboard has been updated: https://***79 231,973 cases and 741 deaths within 28 days of a positive test have been reported in the last 7 days, as of 1 March. The data includes the number of people receiving a first, second and booster #vaccine dose. https://***6r', '14 ▪ QUEEN ELIZABETH RETURNS Queen Elizabeth well enough to take part in virtual audiences #QueenElizabeth #COVID19 #WindsorCastle Arirang News ▶ https://***m0 News Center ▶ https://***gF https://***6V', '-']",-,content_C,post
t1603,u2741,2021-01-11 18:42:48+00:00,Covid,d***y,We are not safe unless we ALL are safe #COVID19,"['We are not safe unless we ALL are safe #COVID19', 'Dr. Kizzmekia Corbett developed the Moderna #COVID19 vaccine. As Dr. Freeman Hrabowski says, ""She cannot be a hidden figure. She needs to be in textbooks. Little girls need to see her — of all races. This is what\'s possible."" @K***D https://***q4', ""The NHS will contact you when it's your turn to receive the COVID-19 vaccine. More info: https://***SM https://***hk"", '-']",-,content_A,post
t2887,u2375,2022-02-16 12:28:44+00:00,Covid,B***K,-,"['Why you no unnderstan?? (╯°□°)╯( ┻━┻ #Propaganda https://***DF Bernardo, Mummy, #PSGRMA, Carvajal #COVID19 #influencer #MarchMadness https://***ZU', 'The @W***k is helping finance vaccine acquisition in #Angola to immunize up to 20% of the population. Listen to Angolan student Osvaldo Victorino on why he feels it is so important to receive the #COVID19 vaccine. #Vaccines4Africa #Vaccinessavelives https://***bN', ""$THRM | $TBRIF &amp; #AcuVidTM | @b***a | https://***Yw 10 min chart finally got back onside.. 👍👍👍 Waitin' on the higher time frames.. #BottomFishing🎣 #CovidTesting #CovidTest #COVID19 #DeltaVariant #OmicronVirus #SalivaTest #RapidTests #CovidIsNotOver https://***cd"", '-']",tweet_C,-,retweet
t3372,u0320,2022-02-23 09:14:58+00:00,Covid,E***N,-,"['@D***K @M***h @V***s Why did he tell his healthy 22 year old son not to receive a covid-19 booster?', 'WRONG WRONG WRONG when you are talking about #covid19! Hand washing IS! A great practice to reduce disease BUT #COVIDisAirborne #COVIDisAirborne !!!!!!! https://***1p', ""#Vaccination #Covid19 | Vous souhaitez savoir : 1️⃣ quand effectuer votre dose de rappel 2️⃣ la date à laquelle votre #PasseVaccinal ne sera plus valide si vous ne faites pas de rappel Accédez dès à présent au téléservice de l'@A***e ⬇️ https://***1w"", '-']",tweet_A,-,retweet
t3174,u2292,2022-02-20 04:02:59+00:00,Covid,T***a,-,"['A whopping 81% of voters view the federal government’s decision to lift restrictions and make #telehealth services temporarily available to all Americans during the #COVID19 #pandemic as positive. https://***7J #IoT #AI #cloud #green #environmental #circularworld https://***3J', '🌳 How can export credit agencies (eca) help SMEs recover from the COVID-19 pandemic and embark on a green transition? 💻 👇 Read here: https://***Ak #finance #investments #bank #covid #export #smes #Italy', 'The COVID-19 vaccine clinic at Saltwells Education Centre, Dudley is open every Thurs morning for women and pregnant women only. Get your questions answered &amp; your jabs by turning up or booking a slot between 9.30am &amp; 11.30am. https://***bI #VaccinateBCWB @N***s https://***kI', '-']",tweet_A,-,retweet
t3131,u0485,2022-02-19 17:57:30+00:00,Covid,D***5,-,"['@S***s The Tory government was rebuked in the world’s leading medical journal for their Covid-19 approach.', 'AVANCE DATOS COVID-19 NAVARRA 18-2-22 🟢🟢🟢🟢270 contagios 🟢Mejor dato en 81 días (desde 29 Nov) 🟢Van esta semana 40%- casos q anterior (1455 vs 2436) 🟢IA7 baja 407 a 374 (mejor dato en 79 dias)💪🏼 🟢IA14 baja 1117 a 1016 (mejor dato en 71 d)💪🏼', ""Fascinating talk tonight by Barry &amp; Bobbi Coller on The Vaccine Wars: Learning from Smallpox as part of the #PandemicNarrativesSBU project. Blown away by this painting of Lady Montagu in Turkish dress by Jean-Etienne Liotard. Montagu's ruddy complexion is from a bout of smallpox. https://***p9"", '-']",tweet_B,-,retweet
t3439,u0047,2022-02-24 11:55:15+00:00,Covid,N***k,-,"['We knew official nb of cases was minimized due to low testing levels, but even with new tests record, #positivityrate still over 20.4%. =&gt; Truth &gt; 200k. #ICU &amp; deaths keep rising. #covid19korea #vaccination update (#boostershots still need a boost - only 60% got it as of Today): https://***VS', '🛢️ Los #Energéticos recienten la escalada de tensiones y el #petróleo WTI cotiza cerca de los 100 dólares por barril. A pesar de que esto podría implicar que la #inflación se mantenga elevada, aumenta la probabilidad de que la Fed sea más cautelosa al momento de incrementar tasas', 'Britain’s Queen Elizabeth II canceled her planned virtual engagements on Tuesday as she continues to suffer from mild Covid-19 symptoms, Buckingham Palace has said. https://***sE', '-']",tweet_C,-,retweet
t0329,u1883,2020-03-21 02:51:09+00:00,Covid,i***s,"@P***a is trying to secure india in this critical situation and our so called stars who seems to be literate, who are brainless wants to party! It should be other way round, you guys have to inspire your fans to stay at home! #CoronavirusOutbreakindia #KanikaKaCoronaCrime","['@P***a is trying to secure india in this critical situation and our so called stars who seems to be literate, who are brainless wants to party! It should be other way round, you guys have to inspire your fans to stay at home! #CoronavirusOutbreakindia #KanikaKaCoronaCrime', '911 for true emergencies only! • Non-medical non-emergency #COVID19 questions: 211 • Business questions related to shelter in place order: 650-363-4588 or healthorderFAQ@s***v.org • All other non-emergencies: call non-emergency 📞 of your law enforcement agency. @S***h https://***si', 'My kids are really opening up during this quarantine. For instance, they told me you can see the neighbor lady swim naked in her pool through a hole in the fence. But “it’s okay because she’s covered in tattoos.” #quarantineconfessions', '-']",tweet_A,content_A,reply
t3276,u3005,2022-02-21 18:53:10+00:00,Covid,S***a,"En el último mes han sido reportadas 10,647 muertes por #COVID19 en #México detectadas por la @S***x Durante toda la #pandemia, la cifra de fallecimientos por esta enfermedad es de 315,688 https://***Sa https://***2v","[""The latest Bald Thoughts' Daily News! https://***ih #travel #covid19"", '🔴#AHORA| Reporta @S***b que #Tabasco registra 3 defunciones y 96 nuevos casos positivos de #COVID19. |#Noticias |#QuedateEnCasa |#SanaDistancia |#UsaCubrebocas |#LavateLasManos https://***uW', 'En el último mes han sido reportadas 10,647 muertes por #COVID19 en #México detectadas por la @S***x Durante toda la #pandemia, la cifra de fallecimientos por esta enfermedad es de 315,688 https://***Sa https://***2v', '-']",-,content_C,post
t2101,u2412,2022-01-06 21:19:57+00:00,Covid,f***h,New Insights Into Lung Damage And Repair Relevant To Covid-19 https://***OK,"['More than 1 million people in the US were diagnosed with #Covid-19 on Monday, a global daily record. https://***pq', 'New Insights Into Lung Damage And Repair Relevant To Covid-19 https://***OK', 'Anyone who thinks they have been wrongfully billed for #COVID19 testing by @c***l should contact my office: https://***sC', '-']",-,content_B,post
t3195,u1747,2022-02-20 12:26:16+00:00,Covid,A***l,-,"['Lest we forget, 3,306 Americans died yesterday of COVID-19, a disease for which there is a safe and effective vaccine.', 'E anche alle donne e agli uomini della nostra sanità che con abnegazione e coraggio non si sono mai fermati. A loro va il grazie di tutta la #Liguria, ancora di più oggi nella seconda giornata nazionale del personale sanitario. #Covid19', 'ICYMI, @G***x announces Utah will start to wind down mass #COVID19 testing sites and other emergency responses as we move to an ""endemic"" phase: https://***pE @f***3 #utpol #Utah', '-']",tweet_B,-,retweet
t2850,u2939,2022-02-15 18:28:50+00:00,Covid,m***i,-,"['Medical Face Mask and PPE Dispenser Provides easy and clean access to gloves, shoe covers, face masks or caps. VISIT ➡️ https://***wH #facemask #facemasks #Covid #COVID19 #OmicronVariant #Omicron #OmicronIsAirborne #OmicronVirus #DeltaVariant #PPE https://***j2', 'If you get a positive result on a #COVID19 self-test, notify your primary care provider. You may not need to get tested again to confirm your result, unless you need proof of a positive result for work, school or travel. For more information, visit https://***k. https://***HK', ""@T***5 Looks like Willie is running low-that wouldn't have lasted #Puftz an hour.🌬️🐲 #Pandemica https://***nJ"", '-']",tweet_C,-,retweet
t2359,u2679,2022-02-03 14:41:01+00:00,Covid,A***o,"Amigos ya estamos en la conferencia diaria de actualización de casos #COVID19 Esta ocasión nos encontramos en #LaLaguna, en dónde esté día tendremos una importante gira de trabajo. Los invito a seguirnos #EnVivo #PuroDGO #NoBajesLaGuardia https://***P0","['Free COVID-19 TESTING TODAY, February 1, 9:00am-4:00pm Yeshiva School 2100 Wightman Street Pittsburgh PA 15217 Pre-register here: https://***QH This is a walkup site, not a drive-thru Insurance not required but please bring insurance card if available https://***WS', 'Powerful perspectives from researchers, public health officials, intellectual property experts, leaders of international organizations &amp; activists on how global inequities in #COVID19 #vaccine allocation continue fuelling the #pandemic @N***v https://***uK https://***0G', 'Amigos ya estamos en la conferencia diaria de actualización de casos #COVID19 Esta ocasión nos encontramos en #LaLaguna, en dónde esté día tendremos una importante gira de trabajo. Los invito a seguirnos #EnVivo #PuroDGO #NoBajesLaGuardia https://***P0', '-']",-,content_C,post
t3078,u0655,2022-02-18 21:34:25+00:00,Covid,W***2,Das Bundesland #Brandenburg will die einrichtungsbezogene #Impfpflicht gem. § 20 #IfSG umsetzten. Bis Ende April 2022 wird aber kein Betretungs- oder Tätigkeitsverbot durch das Gesundheitsamt ausgesprochen. #Corona #Covid19de #Impfung #vaccination #ÖGD https://***4i,"[""'It ain't over:' COVID-19 won't become an endemic until the world is vaccinated https://***RK via @C***o"", 'Das Bundesland #Brandenburg will die einrichtungsbezogene #Impfpflicht gem. § 20 #IfSG umsetzten. Bis Ende April 2022 wird aber kein Betretungs- oder Tätigkeitsverbot durch das Gesundheitsamt ausgesprochen. #Corona #Covid19de #Impfung #vaccination #ÖGD https://***4i', 'NEW Comment—A pandemic is no private matter: the #COVID19 vaccine mandate in Austria From Christiane Druml &amp; Herwig Czech https://***Km', '-']",-,content_B,post
t3409,u2296,2022-02-23 20:19:59+00:00,Covid,c***i,-,"['Das Land #SchleswigHolstein meldet am Dienstag mehr als 5500 Neuinfektionen mit dem #Coronavirus und sechs Todesfälle. Die Hospitalisierungsinzidenz ist wieder etwas gesunken. Hier finden Sie die aktuelle Lage im Überblick. https://***LA https://***hV', 'Be Sure Your UV-C Equipment has Supplied the Desired Dose to Inactivate Harmful Pathogens Check it out ► https://***ue #Medical #COVID19 https://***Gj', ""#BTS' #V Thanks Fans for Concern and Love During Self-Quarantine, Updates Fans That He has Recovered from COVID-19 #방탄소년단 #뷔 #KimTaehyung #김태형 Join K-Supporter Projects ▶ https://***fc https://***qy"", '-']",tweet_C,-,retweet
t3927,u0923,2022-03-07 21:03:50+00:00,Covid,S***x,"#SabíasQué, más del 80% de las muertes por #COVID19 se han reducido gracias a la vacunación. ¡Sé responsable!, ¡Vacúnate! #PrevenirEsSalud #MeCuido #PorAmorALaVida https://***fV","['#SabíasQué, más del 80% de las muertes por #COVID19 se han reducido gracias a la vacunación. ¡Sé responsable!, ¡Vacúnate! #PrevenirEsSalud #MeCuido #PorAmorALaVida https://***fV', 'Stacker compiled a list of the counties with the highest COVID-19 infection rates in Vermont using data from the U.S. Department of Health &amp; Human Services and vaccination data from Covid Act Now. https://***0h https://***0m', 'COVID deaths vary by race, community, social factors “Social determinants of health tied to COVID-19 death rates vary by race and community type, a new study finds.” https://***R5', '-']",-,content_A,post
t1952,u2273,2021-11-22 08:38:06+00:00,Covid,C***a,"Good. 'We document large antibody responses 6-10 days after booster, with antibody levels that exceed levels documented after natural infection with COVID-19, after two doses of vaccine, or after both natural infection and vaccination' https://***Gz","[""Good. 'We document large antibody responses 6-10 days after booster, with antibody levels that exceed levels documented after natural infection with COVID-19, after two doses of vaccine, or after both natural infection and vaccination' https://***Gz"", ""This helped me understand how bad Austria's #COVID19 wave is. The green line: https://***0F"", 'Support from the #COVID19 Fund to Retain Clinical Scientists will allow 10 of our brilliant contributors to scientific discovery to keep their work on track while directly tending to their families’ needs. @C***D, @D***n https://***kB https://***Ku', '-']",-,content_A,post
t2199,u3193,2022-01-21 13:35:15+00:00,Covid,A***n,"#COVID19 #Nepal🇳🇵: Nepal ist ab dem 23.1.22 um 0 Uhr ein #Hochrisikogebiet. Es gilt eine #Reisewarnung. Bitte beachten Sie die geltenden Anmelde-, Nachweis- und Quarantänebestimmungen bei Einreise nach 🇩🇪. Mehr hierzu gibt's hier: ➡️https://***rR","['Our latest report on COVID-19 Vaccine Access is live. The report details several efforts in which digital, GIS capabilities aided in enhancing vaccine access, traceability &amp; product safety. @y***i @p***u @A***C @O***n @O***M @K***P @m***l #VaccineEquity https://***ij', '#ICYMI: Last week, @P***n hosted a discussion on the 3rd year of #COVID19. Listen to @D***d, @A***d, @t***b, @a***e, @F***o, and @e***d discuss what it will take to end this crisis. 👉🏽 (passcode: Fe5.#@U***N) https://***h9', ""#COVID19 #Nepal🇳🇵: Nepal ist ab dem 23.1.22 um 0 Uhr ein #Hochrisikogebiet. Es gilt eine #Reisewarnung. Bitte beachten Sie die geltenden Anmelde-, Nachweis- und Quarantänebestimmungen bei Einreise nach 🇩🇪. Mehr hierzu gibt's hier: ➡️https://***rR"", '-']",-,content_C,post
t1649,u0597,2021-02-25 17:44:58+00:00,Covid,A***a,"We’re suing AwesomeCalls for illegally selling #stockmarket investment advice without a license. #COVID19 has moved more people online and into day trading, opening the stock market to millions of new entrants. We need to ensure access to existing investor safeguards.","['One year ago today, we really started bracing for a different world. #COVID19 https://***Ki', 'We are pleased to announce the winners of the #UNIDROIT COVID-19 Essay Competition, supported by @S***e, and facilitated by @U***N. Register now to attend a webinar where they will present their research: https://***kY https://***sS', 'We’re suing AwesomeCalls for illegally selling #stockmarket investment advice without a license. #COVID19 has moved more people online and into day trading, opening the stock market to millions of new entrants. We need to ensure access to existing investor safeguards.', '-']",-,content_C,post
t2177,u0277,2022-01-18 22:51:58+00:00,Covid,w***i,-,"['In the context of the Covid-19 pandemic, the cost of exclusion and the importance of affordable and meaningful connectivity has grown. So, too, our measures of internet affordability must change. https://***yX', 'https://***Uh Not-so-secret preview for getting #COVID19 tests for free, delivered to your home. True go-live scheduled for tomorrow', 'Se necesitan #estrategias específicas para #aliviar el #impacto #psicológico causado por la #pandemia #COVID19 en los #pacientes con #Parkinson y sus #cuidadores https://***3G https://***O1', '-']",tweet_C,-,retweet
t0348,u2306,2020-04-04 15:25:48+00:00,Covid,f***i,"La Casa de Papel yeni sezonun dördüncü bölümünde İspanya MB Başkanı'na tavsiyede bulunuluyor. ""Borç krizi kapıda, altın rezervlerini artır."" Danışmanları ben değilim ama olsam Covid19 öncesi aynı şeyleri derdim. K.S dönemde bu mesele yeniden gündeme gelebilir. Ekteki grafikler... https://***Nm","['La Casa de Papel yeni sezonun dördüncü bölümünde İspanya MB Başkanı\'na tavsiyede bulunuluyor. ""Borç krizi kapıda, altın rezervlerini artır."" Danışmanları ben değilim ama olsam Covid19 öncesi aynı şeyleri derdim. K.S dönemde bu mesele yeniden gündeme gelebilir. Ekteki grafikler... https://***Nm', 'Confidentially self-report COVID-19 status and symptoms by visiting https://***a.', 'At IISc, several research projects have been initiated to address problems arising from the COVID-19 pandemic. We have created a website listing these projects, and invite collaborators to get in touch. Please visit https://***FO https://***8B', '-']",-,content_A,post
t2872,u2503,2022-02-16 03:17:51+00:00,Covid,e***e,"Met up with a doctor friend who told me he had to do CPR on an elderly man who was unvaccinated &amp; infected with COVID-19. Unfortunately, the man died a short time after.","['The number of deaths and hospitalisations related to COVID-19 in Israel are higher among unvaccinated people, Reuters, Lead Stories and medical experts say https://***8z', 'Met up with a doctor friend who told me he had to do CPR on an elderly man who was unvaccinated &amp; infected with COVID-19. Unfortunately, the man died a short time after.', 'Ärmste Länder haben noch immer nur begrenzten Zugang zur COVID-19-Impfung Auch Flüchtlinge bleiben von Impfprogrammen ausgeschlossen https://***rC #Nachrichten #ärmste #länder #haben #noch #immer', '-']",-,content_B,post
t3483,u2479,2022-02-25 14:38:45+00:00,Covid,A***d,"#MedellínMeCuida 🧡 Estamos avanzando en la lucha contra la #COVID19. En Medellín tenemos primeras, segundas y dosis de refuerzo para todos los grupos poblacionales. Con la #VacunaciónMedellín estamos salvando vidas. https://***Eh","['#MedellínMeCuida 🧡 Estamos avanzando en la lucha contra la #COVID19. En Medellín tenemos primeras, segundas y dosis de refuerzo para todos los grupos poblacionales. Con la #VacunaciónMedellín estamos salvando vidas. https://***Eh', 'COVID-19 and climate change make international cooperation more important than ever. #ItsAllAboutGovernance https://***Gr https://***KD', 'Covid-19 patients found on Bangkok streets waiting for treatment after cases spike. #Thailand #Bangkok #Phuket #Samui #Pattaya #Ayutthaya #ChiangMai #covid19 #coronavirus #sandbox #beach #travel #tourism #tour #trip #reopen #omicron https://***jw', '-']",-,content_A,post
t3679,u1475,2022-03-02 02:14:47+00:00,Covid,C***V,"After 70 days, 41 in ICU, Michelle Liechty left @S***p today. She had COVID-19, which eventually led to respiratory failure. She received a ‘Clap Out’ ceremony from this hospital as she headed home. @M***h https://***8u","['CAMPAÑA DE VACUNACIÓN ESTE SÁBADO 5 DE MARZO 💉 Obtén tu vacuna contra el COVID-19 GRATUITA en la ubicación Hastings High School desde las 9am CT. Para mas información 🔽 @H***h @T***u https://***L5', 'After 70 days, 41 in ICU, Michelle Liechty left @S***p today. She had COVID-19, which eventually led to respiratory failure. She received a ‘Clap Out’ ceremony from this hospital as she headed home. @M***h https://***8u', 'Apenas 1/3 dos Ucranianos estão vacinados com dose de reforço. Além da guerra, desordem e caos podem ainda sofrer com aumento exponencial de covid-19. Algo que também que deve ser tido em conta na ajuda urgente que precisam. #Ucraina #COVID19 #WARINUKRAINE', '-']",-,content_B,post
t2182,u2228,2022-01-19 20:07:10+00:00,Covid,H***d,-,"['While distance learning can be challenging, the goal is to slow down the surge of #omicron cases, dual pediatric critical care and pediatric infectious diseases physician @E***D tells @K***3. Learn more from Dr. Levy here: https://***B4 #COVID19', ""People's life in #Xian has been gradually #back on track in some parts of the city as the new locally-transmitted #COVID19 cases dropped to single digits in a sixth consecutive day on Jan 16. https://***Wk"", 'Booster dose of COVID 19 vaccination for Srinagar Municipal Corporation (SMC) staff and frontline workers was started today. A dedicated centre has been set up. #COVID19 #Vaccination @O***K @m***_ @J***u @A***n https://***cK', '-']",tweet_B,-,retweet
t0714,u3060,2020-08-10 07:37:57+00:00,Covid,C***e,"On a visit to the hospital for a separate procedure, I have tested positive for COVID19 today. I request the people who came in contact with me in the last week, to please self isolate and get tested for COVID-19. #CitizenMukherjee","['On a visit to the hospital for a separate procedure, I have tested positive for COVID19 today. I request the people who came in contact with me in the last week, to please self isolate and get tested for COVID-19. #CitizenMukherjee', 'Toque de silencio en homenaje a los fallecidos por #COVID19, en solidaridad con sus seres queridos y en reconocimiento al personal médico que continúa salvando vidas. https://***GS', ""Interpol: Cybercrimes Increasing at 'Alarming Pace' Amid COVID-19 Pandemic. IT security company Trend Micro detailed that there was a 220-fold increase in spam messages from February to March this year and a 260% uptick in hits on malicious URLs. https://***MU"", '-']",-,content_A,post
t2231,u1588,2022-01-24 18:03:43+00:00,Covid,L***b,"An article published in @C***n that reports #weightgain during the #COVID19 #pandemic in a high-risk cohort of children in San Francisco, CA has been cited in @S***e. Read it here: https://***XL","['When it comes to making decisions about how countries should manage the Covid-19 pandemic, the science only tells us so much. The rest of the decision making is down to politics.', 'An article published in @C***n that reports #weightgain during the #COVID19 #pandemic in a high-risk cohort of children in San Francisco, CA has been cited in @S***e. Read it here: https://***XL', 'COVID-19: endemic doesn’t mean harmless. By @A***s https://***5X', '-']",-,content_B,post
t3853,u2699,2022-03-05 00:00:26+00:00,Covid,D***o,🧫Avance #Covid-19 en #Chile: todas las regiones disminuyeron sus casos en los últimos siete días https://***6m https://***5r,"['It’s important for those who are eligible for booster, but have not received it to get boosted, to have their best protection against COVID-19. Find a vaccine near you at https://***Bw', '🧫Avance #Covid-19 en #Chile: todas las regiones disminuyeron sus casos en los últimos siete días https://***6m https://***5r', '„Trebuie să discutăm despre costul covârșitor al războiului și al pandemiei COVID-19 asupra femeilor”, a declarat @C***1, șefa Reprezentanței Comisiei Europene în România. Detalii despre eveniment 👉 https://***8U https://***t1', '-']",-,content_B,post
t3460,u2418,2022-02-24 21:30:00+00:00,Covid,s***g,"📣Covid-19 Vaccination Clinic There is a walk-in clinic at the Priorswood Library on Thursday 24th Feb (9am-6pm). No need to book, you can just walk in. Open to all 1st, 2nd doses and boosters from 16+. ➡ https://***H0 @S***l @S***l @H***t https://***gr","['📣Covid-19 Vaccination Clinic There is a walk-in clinic at the Priorswood Library on Thursday 24th Feb (9am-6pm). No need to book, you can just walk in. Open to all 1st, 2nd doses and boosters from 16+. ➡ https://***H0 @S***l @S***l @H***t https://***gr', 'New2Trip: COVID-19 in cardiac arrest &amp; infection risk to rescuers: systematic review https://***Ta', 'In 2021, @Q***m and the Qualcomm Foundation donated over $6.5 million to initiatives combating the impact of #COVID19 around the world: https://***ST https://***Rq', '-']",-,content_A,post
t1601,u1699,2021-01-10 06:50:39+00:00,Covid,E***a,"Während in anderen Ländern endlich langsam der Groschen fällt, dass dies bei den aktuellen Infektionszahlen nicht funktioniert (und noch nirgends bisher funktioniert hat), wird hier #SARSCoV2 #Covid19 immernoch verharmlost. Risikogruppen sind in allen Bevölkerungsgruppen 1/n https://***YR","['Während in anderen Ländern endlich langsam der Groschen fällt, dass dies bei den aktuellen Infektionszahlen nicht funktioniert (und noch nirgends bisher funktioniert hat), wird hier #SARSCoV2 #Covid19 immernoch verharmlost. Risikogruppen sind in allen Bevölkerungsgruppen 1/n https://***YR', 'Grateful for all those who choose to serve their communities, and in a special way those at the MSO who have done the extraordinary this year to keep those we serve safe from COVID-19. #LawEnforcementAppreciationDay https://***BW', '#Pharma collaborations are key to accelerate access to #COVID19 medicines &amp; vaccines. This is why it is positive that @S***i is considering how it can help produce COVID-19 vaccines devised by other #pharma companies. @G***h @J***r @D***s https://***eo', '-']",-,content_A,post
t3146,u1697,2022-02-19 20:19:24+00:00,Covid,c***i,"@P***y @e***f @c***l @r***a @d***x @p***z @I***e Si, https://***R. La creamos el 2017 y entregamos al gobierno en Enero, 2018. Desde entonces nunca la han actualizado. Es propiedad de la segpres. Más recientemente hicimos sitios de inversión pública https://***u6 y recursos naturales https://***gJ","['@P***y @e***f @c***l @r***a @d***x @p***z @I***e Si, https://***R. La creamos el 2017 y entregamos al gobierno en Enero, 2018. Desde entonces nunca la han actualizado. Es propiedad de la segpres. Más recientemente hicimos sitios de inversión pública https://***u6 y recursos naturales https://***gJ', 'Venezuela registró 509.947 casos confirmados de Covid-19 | #Nacionales | https://***D7', 'Fewer than one in three students and parents rate #Covid19 online learning as ‘excellent’ or ‘good’ https://***9N', '-']",tweet_B,content_A,reply
t2207,u1129,2022-01-22 00:56:07+00:00,Covid,B***w,"From @f***3 @ 5: It's official. The Utah State Legislature has terminated mask mandates in the state. They also paused ""test to stay"" in the #COVID19 case surge: https://***Gf #utpol #utleg https://***ZZ","['I spent over an hour catching up with a college friend who lost a friend recently to Covid-19. We committed to catching up more regularly. Of course it was a natural conversation and like old times. There’s no excuse letting old friendships stagnate after we’ve all gone through', 'From @f***3 @ 5: It\'s official. The Utah State Legislature has terminated mask mandates in the state. They also paused ""test to stay"" in the #COVID19 case surge: https://***Gf #utpol #utleg https://***ZZ', '#Covid19 Case in Rajasthan 20 January 2022 #राजस्थान_सतर्क_है #LargestVaccineDrive #Unite2FightCorona https://***YD', '-']",-,content_B,post
t3140,u1706,2022-02-19 19:10:00+00:00,Covid,v***P,🧠⚕️👩‍⚕️ Canada: Teenagers’ perspective on pandemic isolation https://***aq via @C***l ht @L***e #Canada #mentalhealth #teenagers #Parents #psychology #pandemic #loneliness #isolation #treatment #Health #COVID19 #Science #STEM #STEMeducation,"['As outdoor mask measures relax again, it begins to feel hopeless. Again...1/2 the families outside of school at pickup NOT #physicaldistancing &amp; NOT giving a ____. #COVID19isreal #airborne #getvaccinated boosters #protectchildren - my 2yr old STILL ineligible for @p***r til &gt;Apr https://***QK', 'COVID-19 has highlighted the need to strengthen global health systems and to respond together to future health emergencies. 🌍 The EU supports vaccination campaigns and regional vaccine production hubs in Africa. Because no one is safe until everyone is safe. #AUEU #EUAU https://***Z8', '🧠⚕️👩⚕️ Canada: Teenagers’ perspective on pandemic isolation https://***aq via @C***l ht @L***e #Canada #mentalhealth #teenagers #Parents #psychology #pandemic #loneliness #isolation #treatment #Health #COVID19 #Science #STEM #STEMeducation', '-']",-,content_C,post
t3374,u0937,2022-02-23 10:51:35+00:00,Covid,c***n,Heads-up: the deadline to apply for City Corporation’s new Covid-19 Recovery Grant Scheme is 18 March. Find out if your Square Mile SME is eligible today👇 https://***MN https://***Ua,"['If you’re unvaccinated, you’re about 8 times more likely to be hospitalised with COVID-19 than if you’ve had both doses of the vaccine and the booster. 💉Get vaccinated now💉 https://***vC', 'Heads-up: the deadline to apply for City Corporation’s new Covid-19 Recovery Grant Scheme is 18 March. Find out if your Square Mile SME is eligible today👇 https://***MN https://***Ua', 'COVID19 Dünya Sağlık Örgütü\'nden ""endişe verici varyant"" uyarısı: Omicron\'un BA.2 alt varyantı daha bulaşıcı https://***lp', '-']",-,content_B,post
t3436,u0906,2022-02-24 10:48:00+00:00,Covid,S***y,"The challenge for SMEs is preparing for whatever their post-pandemic 'new normal' might be, recognising that many of the shifts in consumer behaviour sparked by lockdowns may be here to stay. #covid #pandemic #newnormal #postcovid #lockdown #business https://***Xi","[""The challenge for SMEs is preparing for whatever their post-pandemic 'new normal' might be, recognising that many of the shifts in consumer behaviour sparked by lockdowns may be here to stay. #covid #pandemic #newnormal #postcovid #lockdown #business https://***Xi"", '""I am STILL social distancing."" Say it like you mean it! Send the message. Order today! https://***Tn #coronavirus #SocialDistancing #SocialDistance #CoronavirusPandemic #gifts #Chicago https://***Gx', 'Dari data sebaran kasus Covid-19 di Indonesia (24 Februari 2022), Jawa Barat menjadi wilayah yang mencatatkan penambahan kasus tertinggi. Yuk, #SayaBISADisiplinProtokolCovid19! #updatecovid19 #positifcovid19 #omicron #omicronindonesia #varianomicron #jakarta #jabar #banten https://***X8', '-']",-,content_A,post
t3006,u2509,2022-02-17 19:01:19+00:00,Covid,A***O,"Gracias a las facilidades prestadas por @Q***t y @q***c a @S***c, contamos con el Centro de Vacunación en el #AeropuertoUIO donde colaboradores, familiares y amigos del aeropuerto podrán inmunizarse contra la #COVID19. #JuntosLoLogramos https://***RJ","['#Parents and #caregivers: You can help stop the spread of #COVID19. Get your children tested. https://***fx', 'Gracias a las facilidades prestadas por @Q***t y @q***c a @S***c, contamos con el Centro de Vacunación en el #AeropuertoUIO donde colaboradores, familiares y amigos del aeropuerto podrán inmunizarse contra la #COVID19. #JuntosLoLogramos https://***RJ', 'Pandemics and #disability — the #history lesson that policymakers ignore. #PublicHealth emphasizes the acute over the chronic, but influenza, polio and more have shown that infections can change lives even decades later (@N***e) https://***hW #policy #pandemic #covid19', '-']",-,content_B,post
t2312,u0156,2022-02-01 14:05:36+00:00,Covid,E***a,"#SmartAxistance C-19 in Calabria: il nostro impegno continua a supportare l'emergenza Coronavirus attraverso l'app che monitora da remoto e in sicurezza i pazienti affetti da Covid-19, permettendo il decongestionamento degli ospedali. #EnelX #Innovability","['Is it time for your #COVID19 booster? Everyone ages 12 years and older should get a booster shot as soon as they’re eligible to be better protected against COVID-19, especially severe illness, hospitalization, and death.', 'Pfizer and partner BioNTech asked the FDA to authorize use of their Covid-19 vaccine in children under 5 years, the last age group without access to the shots via @J***s @S***1 https://***QT', ""#SmartAxistance C-19 in Calabria: il nostro impegno continua a supportare l'emergenza Coronavirus attraverso l'app che monitora da remoto e in sicurezza i pazienti affetti da Covid-19, permettendo il decongestionamento degli ospedali. #EnelX #Innovability"", '-']",-,content_C,post
t2753,u2597,2022-02-14 16:23:11+00:00,Covid,G***e,"Is the Coronavirus COVID-19 a bigger, stronger #BiblicallyProphesied #birthpain? https://***aw","['Is the Coronavirus COVID-19 a bigger, stronger #BiblicallyProphesied #birthpain? https://***aw', ""Alan Self isolation Day 14 Alan's Girlfriend https://***45 #animation #animated #Quarantine #lockdownextension #lockdown #UKlockdown #Icanthearyou #stockpilinguk #SocialDistancinguk #SocialDistancing #StayHomeSaveLifes #IcanthearyouAlan #SelfIsolation 7"", '#PandemiaCovid19 😷 | “Pensar en un escenario con cero Covid-19, no parece ser a corto plazo”, indicó el secretario de Salud, Jorge Alcocer Varela. https://***2R', '-']",-,content_A,post
t2068,u2374,2022-01-01 13:01:01+00:00,Covid,M***o,"COVID-19 can spread to the heart and brain within days of infection and can survive for months in organs, according to a new study. https://***6I https://***wx","['COVID-19 can spread to the heart and brain within days of infection and can survive for months in organs, according to a new study. https://***6I https://***wx', '#COVID19 - En date du 30 décembre, voici la situation au Québec. https://***11', 'Mulai tanggal 1 Januari 2022, kegiatan deteksi COVID-19 di PRBM Eijkman akan diambil alih oleh Kedeputian Infrastruktur Riset dan Inovasi Badan Riset dan Inovasi Nasional. Selamat Tahun Baru 2022. Salam sehat, WASCOVE. Bersama, kita pulih kembali. Kami Pamit. https://***QD', '-']",-,content_A,post
t3646,u1277,2022-03-01 02:41:29+00:00,Covid,W***o,La Secretaría de Salud informó que México acumula 318 mil 149 muertes y 5 millones 508 mil 629 casos confirmados de COVID-19 desde el inicio de la pandemia https://***Lz,"['La Secretaría de Salud informó que México acumula 318 mil 149 muertes y 5 millones 508 mil 629 casos confirmados de COVID-19 desde el inicio de la pandemia https://***Lz', 'Data Penerima Vaksin Covid-19 sampai 27 Februari 2022 https://***R4 https://***Go', ""#Burundi. Les demandeurs des chaussures au marché dit chez #Sioni ont considérablement diminué. Cela provient de la cherté de la vie due à la hausse des prix de transport ainsi qu'à la pandémie #Covid19 #Abatwip https://***PM"", '-']",-,content_A,post
t2081,u2962,2022-01-04 21:26:46+00:00,Covid,B***e,"As the super-contagious omicron variant rages across the U.S., new COVID-19 cases per day have more than tripled over the past two weeks, reaching a record-shattering average of 480,000. https://***R2","['People who are overweight or obese are at a much higher risk of much more severe disease and even death from Covid-19 -- and one new study suggests that losing weight can reduce that risk. https://***Fh', 'I saw the guy who owns @C***e had contradicted Morrison saying he wouldn’t care if the government ‘undercuts’ the retail price of RAT test kits if it helps the public Covid-19 crisis need. Who is Morrison holding our for? Harvey Norman? #auspol', 'As the super-contagious omicron variant rages across the U.S., new COVID-19 cases per day have more than tripled over the past two weeks, reaching a record-shattering average of 480,000. https://***R2', '-']",-,content_C,post
t3572,u2145,2022-02-27 15:59:33+00:00,Covid,i***o,COVID-19 : les hospitalisations repassent sous la barre des 1000 en Ontario https://***UA,"['📰 Resumen #COVID19 #CDMX 🇲🇽 [Hilo Gráfico] Al 24 de febrero del 2022, se registraron: 🔴 1,342,303 #confirmados (+4,479) 🟢 12,954 #activos (-138) ⚫️ 42,013 #defunciones (+25) 🟡 142,615 #sospechosos (-659) 🔵 1,237,518 #recuperados estimados (+5,061) https://***OG', 'Stay safe against Covid-19. Follow these Dos &amp; Don’ts to protect yourself. Wear a Mask😷 Wash/Sanitise your hands frequently🧴🙌🏼 Maintain social distance 🧍♂️—🧍♂️ Get vaccinated if you are eligible 💉 #NHM #Covid19Meghalaya #covid_19 #covidindia #LargestVaccineDrive https://***1N', 'COVID-19 : les hospitalisations repassent sous la barre des 1000 en Ontario https://***UA', '-']",-,content_C,post
t3465,u1570,2022-02-24 23:46:51+00:00,Covid,n***s,-,"['Lombardia. VIA AL BANDO PER RIPRESA SISTEMA FIERISTICO #aiutialleimprese #covid19 #coronavirus #decretorilancio #bonus #Dpcm #agevolazionialleimprese Dal 3 al 31 marzo 2022 si potrà presentare domanda per il bando della Regione Lombardia volto a... https://***40 https://***wU', 'Jessica Iskandar, dan sang putra, El Barack terpapar Covid-19 sejak beberapa waktu lalu https://***wp', 'As a reminder #paraCPD sessions designed for Supporting Paramedic Practice During COVID-19 are available in the Paramedics elearning programme. Read about the programme at https://***m5 .@H***L &amp; @P***K https://***kU', '-']",tweet_B,-,retweet
t2059,u0876,2021-12-28 16:36:40+00:00,Covid,L***s,"With 2.3 billion doses delivered globally, AstraZeneca’s Covid-19 shot—shunned by the West—proves popular elsewhere and is neck and neck with China’s Sinovac in vaccines distributed https://***00 via @W***J @j***g","['With 2.3 billion doses delivered globally, AstraZeneca’s Covid-19 shot—shunned by the West—proves popular elsewhere and is neck and neck with China’s Sinovac in vaccines distributed https://***00 via @W***J @j***g', '#BREAKING: Ontario tops 10,000 new COVID-19 cases in a day for the first time https://***fW', 'NEWS: Bump in COVID-19 Cases in D.C. Area Spurs Additional Mitigation Efforts at Pentagon https://***yj', '-']",-,content_A,post
t3055,u0351,2022-02-18 15:21:39+00:00,Covid,R***n,"We have seen the clear economic, health, and social impacts of Covid-19, in particular in low- and middle-income countries, says @r***h during #MSC2022. How can we reverse these effects? Dr. Shah proposes a Covid Charter with 5 points: https://***dw https://***zs","['We have seen the clear economic, health, and social impacts of Covid-19, in particular in low- and middle-income countries, says @r***h during #MSC2022. How can we reverse these effects? Dr. Shah proposes a Covid Charter with 5 points: https://***dw https://***zs', '#चंद्रपूर शहर महानगरपालिका हद्दीतील कोरोना रुग्णांची शुक्रवार, दि. 18 फेब्रुवारी 2022 ची दुपारी 12:30 वाजेपर्यंतची अधिकृत माहिती..... #CoronaUpdate #Coronalert #BreakTheChain #LetsBeatCovid19 #CCMC #ChandrapurCityMunicipalCorporation https://***Xf', 'O Conselho de Ministros aprovou hoje a resolução que declara a situação de alerta em todo o território nacional continental até às 23h59 de 7 de março de 2022 e o decreto-lei que altera as medidas aplicáveis no âmbito da pandemia da doença COVID-19. https://***cL', '-']",-,content_A,post
t3484,u0583,2022-02-25 14:59:45+00:00,Covid,J***r,"Thanks to @G***B raising the incredible work by Muslim communities of #CardiffCentral to support our city through #COVID19. Foodbanks, PPE, pop up vaccination clinics &amp; meals for #NHS staff @C***d all crucial. Thank you @D***a @a***c @M***s https://***5N","['Eine Krankenkasse will in Abrechnungsdaten einen Skandal entdeckt haben. Angeblich seien Nebenwirkungen der Covid-19-Impfstoffe nicht erfasst worden. Ein Ärztevertreter nennt die Analyse »komplettem Unfug«. https://***yz', 'Thanks to @G***B raising the incredible work by Muslim communities of #CardiffCentral to support our city through #COVID19. Foodbanks, PPE, pop up vaccination clinics &amp; meals for #NHS staff @C***d all crucial. Thank you @D***a @a***c @M***s https://***5N', '#TeAvise Hay evidencias sólidas q sugieren q la 3a dosis (de refuerzo) protege frente a ómicron de la siguiente forma 1⃣ &gt;90% efectividad frente a la hospitalización x COVID19 2⃣ Efectividad media frente a la infección del 50-60% con desviación 35-72% en un total de 9 estudios https://***C6', '-']",-,content_B,post
t2882,u2765,2022-02-16 10:00:55+00:00,Covid,a***m,-,"['#TVSenado #SenadoFederal #SenadoContraCovid19 TV Senado - Ao vivo https://***AZ .', 'Guernsey to welcome cruise ships again after Covid-19 pandemic https://***y2', 'Older women’s low oestrogen levels could be 👉linked to risk of Covid-19 death https://***da Odds of dying from Covid-19 were twice as high among women on oestrogen blockers, but 54 per cent lower among women on HRT @F***c @P***9 @j***i', '-']",tweet_B,-,retweet
t2961,u2809,2022-02-17 08:24:12+00:00,Covid,j***s,Can having COVID-19 increase the risk of developing mental health problems? A large new study suggests it can. | via @n***s https://***57,"['The report offers several recommendations across 4️⃣ priorities: ☑️ promoting inclusive societies &amp; including migrants in #COVID19 response &amp; recovery efforts ☑️ promoting safe &amp; regular migration ☑️ preventing loss of life &amp; other tragedies during migration ☑️ building capacity', 'Can having COVID-19 increase the risk of developing mental health problems? A large new study suggests it can. | via @n***s https://***57', 'Todo el mundo tiene derecho a obtener información precisa de COVID-19. Justicia Campesina ha creado una canción sobre la vacuna de COVID-19 para niños en español con el fin de animar a las familias a #vacunarse. #HandsThatFeedUs https://***gM', '-']",-,content_B,post
t2496,u1909,2022-02-08 20:33:10+00:00,Covid,s***r,-,"['New2Trip: COVID-19 Data &amp; Surveillance https://***br', 'When will the #US be proactive with data from other nations? ""Russia...reported a daily count of new #COVID19 infections that is an increase of 10x from the month before. South Korea... crossed the threshold of 1M cumulative coronavirus cases Sunday"" https://***Th', 'COVID-19: Wie Forscher zukünftige Pandemien verhindern wollen: Boston – SARS-CoV-2 ist nicht das erste Virus, das vom Tierreich auf den Menschen übertragen wurde, und die meisten Experten sind sich einig,... https://***Ge #Studie #Pandemien #Praevention #Zoonosen https://***8e', '-']",tweet_C,-,retweet
t1825,u1647,2021-09-07 11:44:24+00:00,Covid,U***h,Federal agencies and health care systems have spent years working together to reduce hospital-acquired infections and increase overall patient safety. A new study from the agency shows the COVID-19 pandemic threatens to undo that progress. https://***fS,"['Federal agencies and health care systems have spent years working together to reduce hospital-acquired infections and increase overall patient safety. A new study from the agency shows the COVID-19 pandemic threatens to undo that progress. https://***fS', 'Despite the global COVID-19 pandemic, or perhaps because of it, mega deals and stock market listings are back in fashion in the media sector. @M***e outlines the blur of deal activity in her latest INMA blog: https://***C9 #CommunicationsStudies ^NI', 'September 7th COVID-19: Data reported after Holidays is always low and will be revised up https://***wJ https://***lZ', '-']",-,content_A,post
t3672,u1477,2022-03-01 21:56:47+00:00,Covid,C***n,-,"['The #physicaldistancing requirement directly impacted HCPs in a surprising way. While necessary to limit the spread of #COVID19, it disrupted social patterns and the taken-for-granted emotional support provided during rest breaks... @j***s @T***H https://***yI https://***Q2', ""'During India’s second COVID-19 wave, almost entire families got wiped out in certain cases. Did we fail by disallowing them to grieve with their relatives, and leave them to grieve alone?] 'Absolutely. Absolutely. Absolutely', Dr Rajagopal said."", 'Seremi de Salud reporta 129 nuevos casos de #Covid19 ➡️ 76 #Coyhaique, 30 #Aysén, 12 #ChileChico, 1 #LagoVerde, 2 #Cisnes 3 #Cochrane, 1 #Tortel y 4 #Guaitecas. ✅ 137 altas 🏥 25 pacientes hospitalizados (5 en VMI) 🔬 363 muestras analizadas ⚠️ 1.023 casos activos https://***S2', '-']",tweet_A,-,retweet
t2061,u0350,2021-12-29 13:19:00+00:00,Covid,N***T,The latest advice and information on #Covid19 and the new term can be found on our website https://***by Our Coronavirus hub has wider advice on all aspects of teaching during the pandemic https://***3f https://***Pq,"['The latest advice and information on #Covid19 and the new term can be found on our website https://***by Our Coronavirus hub has wider advice on all aspects of teaching during the pandemic https://***3f https://***Pq', '#ICYMI research in @J***t is in the @W***J. #COVID19 #JAMANetworkInTheNews https://***ci https://***1I', ""If you haven't done so already, read this smart &amp; compelling article by @a***t a/b the shame associated w #COVID19 &amp; other diseases like #HIV. The vaccines work - still some people who have been vaccinated have become #covidpositive - read more: https://***pe"", '-']",-,content_A,post
t0321,u2667,2020-03-15 15:48:52+00:00,Covid,F***z,"It’s now day three since I’ve been diagnosed with COVID-19, and I’m feeling healthy and strong. Check out my latest digital journal for the full update. https://***wo","['It’s now day three since I’ve been diagnosed with COVID-19, and I’m feeling healthy and strong. Check out my latest digital journal for the full update. https://***wo', 'In Colorado today, 30 new presumptive positive COVID-19 cases (to 131 total statewide), a 30% increase from yesterday’s. https://***oQ', 'На страна од Балканот и Украина, за остатокот од Европа, ова е најголемата криза последниве 75 години. #COVID19', '-']",-,content_A,post
t3808,u0734,2022-03-04 00:20:57+00:00,Covid,1***Z,"22,527 new Covid-19 community cases in NZ on Friday, five deaths https://***Y8 https://***s3","['22,527 new Covid-19 community cases in NZ on Friday, five deaths https://***Y8 https://***s3', '8/9 - North America - - Canada (R-eff=0.87) is landing to its #COVID19 safe zone, med mort, 86.8% 1 dose. Green in Sask; red (R-eff&gt;0.90) in 6 Terr. and Ont; orange elsewhere. - USA=0.70 (76.6%) are rapidly landing, very high mort. Green in 9 states, red in 6, orange elsewhere. https://***5z', 'En varios sectores de la ciudad puedes realizarte la prueba Covid-19 de manera gratuita. Aquí te contamos a qué lugares puedes asistir cumpliendo con todos los protocolos de seguridad. ↓ https://***5D', '-']",-,content_A,post
t0568,u2013,2020-06-08 09:31:11+00:00,Covid,d***e,"From garlic to UV light, there has not been a shortage of wild and weird myths surrounding #COVID19 treatments. See how @m***k transformed @W***O and @U***N content into a collection of myth-busting assets in English and #Arabic for everyone to use! https://***ze https://***ex","['Working on Covid-19? Call for Papers for Special session on Covid-19 (Coronavirus) - Regional Drivers, Effects, and Policy Responses at the 2020 NARSC Meetings in San Diego https://***82', 'From garlic to UV light, there has not been a shortage of wild and weird myths surrounding #COVID19 treatments. See how @m***k transformed @W***O and @U***N content into a collection of myth-busting assets in English and #Arabic for everyone to use! https://***ze https://***ex', 'Great initiative from @t***t student Sophie Finnegan (@S***n) and Mikkaila McKeever-Willis (@m***a) to help homeschoolers during the Covid-19 lockdown - @k***u: https://***mN', '-']",-,content_B,post
t0652,u2740,2020-07-03 11:37:45+00:00,Covid,N***v,"At least, 1 out of every 10 persons over 50 years old who had #COVID19 died from it in Nigeria. Please #TakeResponsibility today to protect yourself, your loved ones and the elderly around you and in our society. COVID 19 is real. https://***vl","['We (@s***s and @a***s) support the QS community from the west coast of USA. Our best regular summary of regional COVID-19 conditions comes from @B***r. This one gives a very clear picture. https://***31', 'At least, 1 out of every 10 persons over 50 years old who had #COVID19 died from it in Nigeria. Please #TakeResponsibility today to protect yourself, your loved ones and the elderly around you and in our society. COVID 19 is real. https://***vl', 'Our battle against COVID-19 has just begun. We must mitigate the economic burdens and cost of human life by proactively doing the smart thing—the right thing: establish the U.S. Africa Pandemic Health Force https://***Lf via @L***n', '-']",-,content_B,post
t3145,u3179,2022-02-19 20:18:49+00:00,Covid,K***s,"Would like to do a little survey to kill off the weekend. Because of the similarities between #COVID19, its #variants, a #badcold or #bronchitis, if you had a #rapidtest choice between a #swabtest or a #salivatest, which would you choose. Be Honest. #CovidIsNotOver #Testing","['Would like to do a little survey to kill off the weekend. Because of the similarities between #COVID19, its #variants, a #badcold or #bronchitis, if you had a #rapidtest choice between a #swabtest or a #salivatest, which would you choose. Be Honest. #CovidIsNotOver #Testing', '""We must not forget the challenges facing the Non-Self-Governing Territories, particularly in light of the ongoing COVID-19 pandemic,"" said @a***s in his statement to the C-24 at its 2022 opening session today, as delivered by Chef de Cabinet @c***t. https://***HL', 'In honor of Black History Month, ACP recognizes the contributions of Kimberly Manning, MD, as she leads the fight to combat COVID-19 misinformation. Check out her recent video -- “Creating Space for COVID Vaccine Conversations"" -- for our YouTube series. https://***uE https://***9j', '-']",-,content_A,post
t0328,u0829,2020-03-18 22:49:59+00:00,Covid,d***a,"If you are a scientist in any discipline and you want to volunteer in the fight against COVID-19, a new platform will help you do so: https://***vF And if you're already working on COVID-19, you can ask for tasks to be done for you for free. @C***1","['Media briefing on #COVID19 with @D***s. #coronavirus https://***d8', 'SERB IRHPA 2020 Special Call: COVID-19 and related respiratory viral infections. Last date of submission April 21, 2020. We solicit excellent collaborative proposals. @d***n @A***1 @I***T @s***e https://***FW', ""If you are a scientist in any discipline and you want to volunteer in the fight against COVID-19, a new platform will help you do so: https://***vF And if you're already working on COVID-19, you can ask for tasks to be done for you for free. @C***1"", '-']",-,content_C,post
t2278,u2215,2022-01-29 16:09:14+00:00,Covid,e***g,The fatality rate of covid-19 in the US is still astounding — and it’s rising. https://***Nc,"['The fatality rate of covid-19 in the US is still astounding — and it’s rising. https://***Nc', ""The faster we ramp up the distribution and manufacturing of vaccines around the globe, the sooner we can end this pandemic. That's why I'm calling for an additional $17 billion in funding to boost the global COVID-19 response. https://***kY"", 'Stories about education during #COVID19 often focus on deficits and loss, but narratives also surface what was learned. Learn about education innovations during the #pandemic from @B***t of @L***l in her #Aurora21 session recording: https://***Xy', '-']",-,content_A,post
t1796,u1232,2021-07-21 21:46:30+00:00,Covid,b***r,-,"[""Pandemic still here. It's July 2021. +COVID19 is a vaccine-preventable disease. +Vaccine is safe (we know this after MILLIONS of doses and months of time). +Vaccine is effective at preventing severe illness &amp; death. Goal: help at least 1 person you know get vaccinated today"", '#DigitalBanking is on the up and #FinancialServices now need to be available anytime, anywhere. Discover how banks and Financial Services are responding to accelerated customer demands due to COVID-19 through #DigitalTransformation: https://***AS https://***3g', 'Heute ist das #Impfmobil an der LMU: Ab sofort können sich LMU-Studierende am Geschwister-Scholl-Platz gegen #Covid-19 impfen lassen. https://***rV https://***rf', '-']",tweet_A,-,retweet
t2929,u2248,2022-02-16 22:59:36+00:00,Covid,j***o,-,"['#Vaccini anti #COVID19 in Italia, aggiornamento del 14/02/2022 ore 05:25 Finora sono state somministrate 132.099.697 dosi, pari al 99.1% delle 133.298.075 consegnate #Covid_19 #vaccinaItalia #AstraZeneca #coronavirus #pfizer #modernavaccine https://***77', 'Today\'s PR (https://***R) highlights ""Fatal #COVID19 and Non–COVID-19 Acute Respiratory Distress Syndrome Is Associated with Incomplete Alveolar Type 1 Epithelial Cell Differentiation from the Transitional State without Fibrosis"". Full text: https://***Nt', 'As Secretary Ghaly noted today, we have put in place multiple layers of protection against #COVID19 infection. Each of these layers are important at both the individual and community level. #OurActionsSaveLives https://***hR', '-']",tweet_A,-,retweet
t3606,u0702,2022-02-28 09:55:54+00:00,Covid,H***o,@L***d &amp; @B***r’s Jardiance wins FDA nod for treating wider range of patients with heart failure https://***eY #healthtech #innovation #health #fda #science #technology #Covid19 #Vaccines #pharmaceutical #manufacturing #healthcare #policies #funding #investment,"['Are you protected against #COVID19? @M***r can help! Call 216-631-5800 x300 for more info 💚 #Cleveland #Vaccine #Vaccination #StrongerTogether #GetVaccinated #GetBoosted #CovidIsNotOver https://***9l', '@L***d &amp; @B***r’s Jardiance wins FDA nod for treating wider range of patients with heart failure https://***eY #healthtech #innovation #health #fda #science #technology #Covid19 #Vaccines #pharmaceutical #manufacturing #healthcare #policies #funding #investment', 'Detectan primeros casos de la subvariante BA.2 de ómicron en Uruguay #Internacional #COVID19 #Ómicron #Uruguay https://***3B', '-']",tweet_C,content_B,reply
t2025,u2730,2021-12-16 15:17:49+00:00,Covid,n***s,"“In California, Latinos ages 20 to 54 have died from COVID-19 at a rate more than eight times higher than that of white people in the same age group” https://***cA","['Thank you to @r***9 &amp; @S***V for our discussion about the threat in the UK from Omicron. Vaccines are essential in mitigating the impact of Covid-19. Other infection control measures are also needed as discussed in my @i***e blog. https://***Sr', '“In California, Latinos ages 20 to 54 have died from COVID-19 at a rate more than eight times higher than that of white people in the same age group” https://***cA', 'Today, Prime Minister Justin Trudeau and @M***A Dominic LeBlanc held the 35th call with Canada’s provincial and territorial premiers to discuss their ongoing collaboration to address the #Covid19 pandemic. Read a summary of the call: https://***cr', '-']",-,content_B,post
t2776,u0683,2022-02-14 22:08:58+00:00,Covid,G***j,"I DO NOT care what they say about #MaskMandates OR Not to wear a Mask, I will CONTINUE to wear my mask around Strangers because some people are NASTY &amp; RATCHET #WearAMask #COVID19 #Vaccine #NBCNightlyNews #Pandemic #Schools #Teachers #Virtual #Shopping #Travel #Delivery #News","['WoW one of my favourite projects of all the times never more on top of the chart thankfully to #Covid19 😷#Pandemic: The history of John Snow, Cholera, and Cookies with Chris Schaich | Season 3 Episode 8 @c***r podcast!!! #EpiCookieChallenge #Rstats #RStudio #johnsnow https://***3B', 'Thousands of New York City workers set to lose jobs over vaccine mandate #NewYorkCity #International #VaccineMandate #UnpaidLeave #Covid19Vaccine #JobLoss https://***Ba', 'I DO NOT care what they say about #MaskMandates OR Not to wear a Mask, I will CONTINUE to wear my mask around Strangers because some people are NASTY &amp; RATCHET #WearAMask #COVID19 #Vaccine #NBCNightlyNews #Pandemic #Schools #Teachers #Virtual #Shopping #Travel #Delivery #News', '-']",-,content_C,post
t2561,u2573,2022-02-10 06:20:34+00:00,Covid,N***e,#NSTnation The Education Ministry said those attending schools are still required to scan the #MySejahtera QR code upon entrance. #Schools #Students #Covid19 #Temperature Read here: https://***g2 https://***Cj,"['RCMP says towing companies were asked if they could remove vehicles from Coutts crossing. They refused, fearing for their future livelihoods. #yyccc #ableg #abpoli #cdnpoli #yeg #yegcc #Covid19AB', 'CDC launches wastewater tool to help show COVID-19 trends https://***b8', '#NSTnation The Education Ministry said those attending schools are still required to scan the #MySejahtera QR code upon entrance. #Schools #Students #Covid19 #Temperature Read here: https://***g2 https://***Cj', '-']",-,content_C,post
t0691,u3242,2020-07-24 15:40:42+00:00,Covid,a***D,Thank you @N***s for inviting me to talk about #COVID19 and its impact on communities of color.@I***o @I***n @T***C @B***e #IDtwitter #MedTwitter https://***Rc,"['The #COVID19 pandemic impacts all aspects of society from how we live/work to how businesses operate. Our Future Consumer Index explores how consumers and industries are adapting to the crisis and how companies can respond as they drive strategies forward. https://***wu', 'Thank you @N***s for inviting me to talk about #COVID19 and its impact on communities of color.@I***o @I***n @T***C @B***e #IDtwitter #MedTwitter https://***Rc', '.@S***P bring your background in sustainability to your role in shaping Finance’s response to the #COVID19 crisis &amp; #ClimateChange. Today, I am asking you to publicly support a green &amp; #JustRecovery&gt;&gt; https://***Ak #cdnpoli @G***A https://***rf', '-']",-,content_B,post
t3645,u2260,2022-03-01 02:13:26+00:00,Covid,c***a,-,"['⭕️La Sociedad Española de Médicos de Familia y Médicos Generales alertan del riesgo de una séptima ola de Covid-19 si se relajan todas las restricciones. Fuente: Europa Press. https://***2p', 'COVID-19 Vaccination and Breakthrough Infections in Patients with Cancer [Dec 24, 2021] @d***t et al. @D***i @C***C @A***y https://***aX #COVID19 #COVID19Vaccine #CCC19 #COVID19nCancer #IDonc https://***GN', 'El Gobierno eliminó las restricciones de aforo con la finalidad de impulsar la reactivación económica. #Covid #COVID19 🔻Nota completa https://***th', '-']",tweet_C,-,retweet
t3655,u0005,2022-03-01 14:00:08+00:00,Covid,R***r,The best possible ways for corporate tenants to negotiate a rent reduction for premises closed by COVID-19. #CRE #TenantTips #Negotiation #Rent #NewNormal https://***wf,"['Dos leitos existentes na rede de saúde do Piauí para atendimento à Covid-19, 191 estão ocupados https://***tZ #seis #obitos #72 #casos #covid #sesapi #boletim', ""Finally, #Japan is easing its, let's face it, racist entry restrictions imposed earlier in the #pandemic. But slowly... https://***DC"", 'The best possible ways for corporate tenants to negotiate a rent reduction for premises closed by COVID-19. #CRE #TenantTips #Negotiation #Rent #NewNormal https://***wf', '-']",-,content_C,post
t2690,u2466,2022-02-13 06:51:09+00:00,Covid,L***e,"""राज्यातील निर्बंध कमी करण्याबाबत मुख्यमंत्री सकारात्मक"", राजेश टोपेंची दिलासादायक माहिती https://***64 #COVID #Covid_19 #coronavirus #restrictions #rajeshtope #uddhavThackeray","['Alan self isolation Day 10 Be seeing you. https://***Vo #animation #animated #Quarantine #lockdownextension #lockdown #UKlockdown #Icanthearyou #stockpiling #QuarantineLife #ToiletRoll #SocialDistancing #StayHomeSaveLifes #IcanthearyouAlan #SelfIsolation 1', '#COVID19Korea stats today (new cases in all 17 regions) 54941 NC (54828↗️ local) Total 1294205: Isolated 523532↗️, Discharged 770670, Deceased +33 (7045) Origin: Inbound #quarantine +55 (9192) #Sudogwon +34226, 34200↗️ local (#Seoul 13189 #Incheon 5059 #Gyeonggido 15952) https://***Ec', '""राज्यातील निर्बंध कमी करण्याबाबत मुख्यमंत्री सकारात्मक"", राजेश टोपेंची दिलासादायक माहिती https://***64 #COVID #Covid_19 #coronavirus #restrictions #rajeshtope #uddhavThackeray', '-']",-,content_C,post
t0367,u0435,2020-04-21 14:00:11+00:00,Covid,c***e,"A month into the Covid-19 crisis and our national shift to remote work, are we “improving” or “failing” at crisis adaptation? https://***tv","['A month into the Covid-19 crisis and our national shift to remote work, are we “improving” or “failing” at crisis adaptation? https://***tv', 'Dear REVIV Global Community, Protect yourself and your loved ones from COVID-19 with these simple reminders. Love REVIV x https://***Uu', 'Update Sat 4/18: COVID-19 Mid-Atlantic plots. @T***t reports ""infections have peaked in much of the rich world"". So far, there\'s no clear peak in the DC area-looks like a plateau. Doubling times are still above 8 days or so. thx @h***h https://***py', '-']",-,content_A,post
t2812,u0572,2022-02-15 11:56:55+00:00,Covid,A***B,@J***u has officially become a CORRUPT TYRANT. #BoycottTrudeau #BoycottTyrantTrudeau #Canada #TrudeauDictatorshipMustGo #TrudeauMustResign #FreedomTruckers #FreedomConvoy2022 #FreedomConvoy #VaccineDeaths #VaccineSideEffects #vaccines #COVID19 https://***WM,"['@J***u has officially become a CORRUPT TYRANT. #BoycottTrudeau #BoycottTyrantTrudeau #Canada #TrudeauDictatorshipMustGo #TrudeauMustResign #FreedomTruckers #FreedomConvoy2022 #FreedomConvoy #VaccineDeaths #VaccineSideEffects #vaccines #COVID19 https://***WM', 'A team of analysts from Lanzhou University estimates that the pandemic is likely to end globally in late 2023, with infections worldwide reaching at least 750 million. #China #ChinaDaily #pandemic https://***5u https://***Un', ""'Worse than expected' urgent Covid 'syphilis' warning over 'very serious' virus damage Via @M***N - Daily Express #Health #COVID19 #COVID19UK #COVID19EU #COVID19Infection #CardiovascularDamage #EqualToSyphilis https://***IK"", '-']",tweet_A,content_A,reply
t0678,u2480,2020-07-16 15:30:29+00:00,Covid,b***o,How COVID-19 has affected digital payments to merchants in Kenya Juliet.Mburu FSD Kenya https://***MS,"['Mark your calendars to join @U***h #COVID19 Grand Rounds Series led by Chris Longhurst, MD @c***t and Robert “Chip” Schooley, MD https://***Zg https://***om https://***Lh', 'BREAKING: Donald Trump Says “If a Tree Gets COVID-19 in a Forest and Nobody is Around to Test It, It Didn’t Get COVID-19”', 'How COVID-19 has affected digital payments to merchants in Kenya Juliet.Mburu FSD Kenya https://***MS', '-']",-,content_C,post
t0699,u0193,2020-07-28 20:52:44+00:00,Covid,J***C,The need for clear guidance to and from local leaders on #COVID19 will continue - hopefully COVID Local can help! @k***n @J***k @R***5 @B***C @E***n @N***D @g***s @T***s @C***v https://***C5 https://***un,"[""Nearly a month after face masks were mandated and bars closed, Austin’s COVID-19 situation appears to be plateauing. New cases are down over the past week or so and hospital admissions have leveled off. So what's the takeaway? https://***uj https://***9K"", 'The need for clear guidance to and from local leaders on #COVID19 will continue - hopefully COVID Local can help! @k***n @J***k @R***5 @B***C @E***n @N***D @g***s @T***s @C***v https://***C5 https://***un', ""As Missouri's COVID-19 cases continue to rise, Page to announce new restrictions for St. Louis County https://***CL"", '-']",-,content_B,post
t2642,u0997,2022-02-11 15:47:09+00:00,Covid,C***E,"In just three years, @A***N has made a big impact. We’re grateful for their support of CARE’s #COVID19 #vaccine access work in #Honduras and #Nepal! https://***RV","['Dr. Martin M. Grajower of @E***d shares tips for helping patients with diabetes safely manage fasting—whether for dietary, medical, or religious reasons—to avoid health complications during COVID-19. #DDPblog https://***g8 https://***kq', 'Brussels authorities have banned a pan-European ""freedom convoy"" of motorists - demanding an end to #COVID19 restrictions - from entering the Belgian capital https://***gj', 'In just three years, @A***N has made a big impact. We’re grateful for their support of CARE’s #COVID19 #vaccine access work in #Honduras and #Nepal! https://***RV', '-']",-,content_C,post
t3459,u2216,2022-02-24 21:08:01+00:00,Covid,y***s,"SCITECH | In a donation to fund research that delves deep into the viral origin of SARS-CoV-2 and the lingering effects of COVID-19, the Howard Hughes Medical Institute has granted $10 million to researchers at Yale. https://***KG","['Total Coronavirus Cases: 430,205,521 Current Deaths: 5,936,876 Total Recoveries: 358,606,650 #Coronavirus #Corona #Covid19 #CoronaVirusUpdate .', 'SCITECH | In a donation to fund research that delves deep into the viral origin of SARS-CoV-2 and the lingering effects of COVID-19, the Howard Hughes Medical Institute has granted $10 million to researchers at Yale. https://***KG', 'Imparto la conferencia: ""Es Omicron el fin de la pandemia de la COVID-19? ¿Qué sabemos?” Será el 9 de marzo vía Consejo General de Colegios Farmacéuticos de España. No os lo perdáis. https://***of https://***hD', '-']",-,content_B,post
t3296,u2264,2022-02-22 05:54:48+00:00,Covid,U***S,-,"['करोनाच्या पार्श्वभूमीवर बाहेर प्रवासासाठी जात असताना विशेष काळजी घेणे महत्त्वाचे आहे. त्यासाठी दिलेल्या सूचनांचे पालन करा आणि सुरक्षित रहा. #WearMask #traveling #GetVaccinated #StaysafeStayhealthy #FightAgainstCOVID19 https://***sy', '""With free testing for COVID-19 ending, large numbers of vulnerable people – including lots of working age disabled adults – may not get the crucial testing they need to keep safe. Asymptomatic testing enables people to meet friends, family and colleagues""', '#TravCo is on Item 5A: Receive briefing and take appropriate action regarding COVID-19 vaccine distribution, operations, and associated agreements.', '-']",tweet_B,-,retweet
t2818,u1261,2022-02-15 13:11:25+00:00,Covid,C***7,CDC warns US travelers to avoid 135 destinations due to 'very high' COVID-19 levels https://***kv,"[""CDC warns US travelers to avoid 135 destinations due to 'very high' COVID-19 levels https://***kv"", '“We’re going to pursue the case without the help of the government.” A former clinical trial overseer for a contractor holding trials of Pfizer’s #Vaccine against #COVID19 is pressing forward with a lawsuit against @P***r and her former company. https://***OF', 'Study shows that #COVID19 dealt a crushing blow to the preventive services that can catch potential health problems before they become life-threatening. Due to delays in #screenings, the next surge will be advanced chronic disease-- including #cancers. https://***sd', '-']",-,content_A,post
t2295,u1138,2022-01-31 05:30:00+00:00,Covid,U***a,"AW Rengma from #Nagaland 🇮🇳 got vaccinated against #COVID19 because he cares. Vaccines don’t just protect you, but they protect your family and those around you. Via @U***a https://***ng","['If you ordered a COVID-19 diagnostic test for home delivery and it was left on the doorstep in freezing temperatures, the FDA recommends you ""bring the package inside your home and leave it unopened at room temperature for at least two hours before opening.” https://***ZU', 'AW Rengma from #Nagaland 🇮🇳 got vaccinated against #COVID19 because he cares. Vaccines don’t just protect you, but they protect your family and those around you. Via @U***a https://***ng', 'COVID-19: Foreign Secretary Liz Truss who addressed Commons today says she has tested positive for coronavirus https://***lq', '-']",-,content_B,post
t2948,u0229,2022-02-17 04:18:00+00:00,Covid,A***C,"😀Can an online class teach you to be happy? 😷An online psychology course taken for credit at a UK university may have helped its students navigate the stress and anxiety caused by the COVID-19 pandemic, according to international researchers https://***4H https://***ZZ","['#ભારતમાં 🇮🇳 એક દિવસની #આંશિક રાહત બાદ ફરી #કોરોનાએ માર્યો #ફૂંફાડો, આજે આટલા ટકા વધુ 🆕 નવા કેસ આવ્યા સામે; જાણો આજના તાજા 🔢 #આંકડા https://***F1 #COVID19 #Covid19India #covidcases #CovidDeaths #COVID19outbreak #CentralHealthMinistry #COVIDVaccine @M***A', '😀Can an online class teach you to be happy? 😷An online psychology course taken for credit at a UK university may have helped its students navigate the stress and anxiety caused by the COVID-19 pandemic, according to international researchers https://***4H https://***ZZ', 'Boris Johnson ""Britains Death Knell"" #Britain #brexit #BorisHasFailedBritain #BorisJohnson https://***DO #socialist #covid19 #covid19UK #voteofnoconfidence #SocialistSunday #Socialist #BorisTheLiar 10', '-']",-,content_B,post
t0677,u1474,2020-07-16 14:11:13+00:00,Covid,a***e,"Long awaited (two months!) Phase I results from Oxford and @A***a's COVID-19 vaccine to be published on Monday. Join me and a panel from AZ @C***s and UK Vaccines Taskforce to discuss what happens next, and long-term pandemic preparedness https://***oe","[""At 70%, Mumbai's #Covid19 recovery rate higher than the national average https://***bj https://***Wv"", 'I believe if everyone, including #Millenials and #GenZ, wear a cloth face covering for the next 4 to 6 weeks, we can get the #COVID19 epidemic under control. https://***rK', ""Long awaited (two months!) Phase I results from Oxford and @A***a's COVID-19 vaccine to be published on Monday. Join me and a panel from AZ @C***s and UK Vaccines Taskforce to discuss what happens next, and long-term pandemic preparedness https://***oe"", '-']",-,content_C,post
t0707,u0006,2020-08-03 16:57:08+00:00,Covid,G***e,"#COVID19 may keep us physically apart, but music will always bring us together. Listen to the #GACChoirs rendition of the song “Don’t stop believing,” 🎶 which was created to spark hope in employees around the 🌎.➡️ https://***5F","['You may have heard a lot of skepticism about the reliability and benefits of #COVID19 testing. Learn how these tests work, and about their benefits and limitations, in the latest of @c***g’s Periodic Graphics by @c***m: https://***C2 https://***Sf', ""Smelltracker will be featured in this year's #ISOT2020 meeting where we will present our current data about #COVID19-related anosmia and how it can be assessed through a DIY home test See link for details: https://***ZJ"", '#COVID19 may keep us physically apart, but music will always bring us together. Listen to the #GACChoirs rendition of the song “Don’t stop believing,” 🎶 which was created to spark hope in employees around the 🌎.➡️ https://***5F', '-']",-,content_C,post
t3280,u2286,2022-02-21 19:15:03+00:00,Covid,e***m,Reina Isabel II da positivo por COVID-19 https://***QS,"['Vintage found footage - is Alans friend Dave an immortal https://***Mc #animation #animated #Animatedvideos #QuarantineLifeCalm #endlockdown #shortfilm #stopmotion #art #movie #video #lonely #sadmovies 54', 'Reina Isabel II da positivo por COVID-19 https://***QS', '""#LinkedIn est devenu un lieu de désinformation sur les vaccins contre le Covid-19. Critiquée, la direction se défend en disant ne pas vouloir « administrer la vérité »."" https://***ai @l***r', '-']",-,content_B,post
t2131,u2578,2022-01-12 10:56:56+00:00,Covid,V***7,I urge @O***M @m***a to Urgently Roll Out COVID-19 Booster Shots For All #BoosterForAll - Sign the Petition! https://***tw via @C***a,"['Bei sehr hohen Inzidenzen steigt die Zahl der Corona-Zufallsfunde im Krankenhaus: Patient:innen werden wegen anderer Beschwerden eingeliefert und dann positiv getestet. Aber: In Dänemark erfolgen 3/4 der Corona-Hospitalisierungen *wegen* Covid-19. https://***1e', 'Christina Wojewoda, MD, FCAP, (@C***j) and Daniel Rhoads, MD, FCAP, (@d***s) speak to @M***y on the best method for COVID-19 testing: https://***Z. #Pathologists', 'I urge @O***M @m***a to Urgently Roll Out COVID-19 Booster Shots For All #BoosterForAll - Sign the Petition! https://***tw via @C***a', '-']",-,content_C,post
t2399,u2868,2022-02-05 13:41:01+00:00,Covid,G***A,Al Ahly head coach @T***o Mosimane has returned negative to Covid-19 ahead of the Fifa Club World Cup opener against Mexico's CF Monterrey on Saturday. This is a boost for the Egyptian side. #GOALNews https://***Ng https://***0c,"['With #quarantine requirements scrapped, the #food, #shopping and #nightlife capital of #Thailand, #Bangkok, is ready to welcome foreign visitors back. @h***s https://***8u', ""Al Ahly head coach @T***o Mosimane has returned negative to Covid-19 ahead of the Fifa Club World Cup opener against Mexico's CF Monterrey on Saturday. This is a boost for the Egyptian side. #GOALNews https://***Ng https://***0c"", 'COVID-19-Impfstoffe auch für Menschen mit Rheuma verträglich und wirksam: Berlin – Patienten mit entzündlichen oder autoimmunen rheumatischen und muskuloskelettalen Erkrankungen vertragen COVID-Impfstoffe... https://***6F #Studie #Rheumapatienten #Coronaimpfung https://***Og', '-']",-,content_B,post
t0622,u0286,2020-06-19 15:15:39+00:00,Covid,T***x,#Encuesta https://***3P &amp; https://***Yz Conoce el miedo que tienen las personas de diferentes edades a morir por causa del #CORONAVIRUS @R***s | https://***O9 @C***C | https://***KM https://***vV,"['Aplica orden de restricción, pero por el covid-19 https://***wd', 'International students are important to every kind of institution, both educationally and financially. However, due to COVID-19, colleges can expect a downturn in international students this fall #IHEenrollment https://***fK', '#Encuesta https://***3P &amp; https://***Yz Conoce el miedo que tienen las personas de diferentes edades a morir por causa del #CORONAVIRUS @R***s | https://***O9 @C***C | https://***KM https://***vV', '-']",-,content_C,post
t3538,u0756,2022-02-26 14:55:38+00:00,Covid,_***l,"1.3 million people suffering with Long Covid according to ONS. Personal experience of autonomic dysfuction alone, leaves us in disbelief at how this isn't been written Into policy planning.#DisabilityTwitter #Preventativemedicine #LongCovid #POTS #Covid19 #WeDeserveBetter https://***Nk","['76 OFWs in Hong Kong positive for COVID-19 | ABS-CBN News https://***yB', ""1.3 million people suffering with Long Covid according to ONS. Personal experience of autonomic dysfuction alone, leaves us in disbelief at how this isn't been written Into policy planning.#DisabilityTwitter #Preventativemedicine #LongCovid #POTS #Covid19 #WeDeserveBetter https://***Nk"", 'Understand the role of non-structural #proteins (NSPs) and their implication in long-term severe repercussions of SARS-CoV-2 infection. Click the link below to browse our range of NSP #antibodies for your #COVID-19 #research. Click here: https://***86 #PhD', '-']",-,content_B,post
t3282,u1190,2022-02-21 20:00:00+00:00,Covid,G***s,Our top story from today: Most vulnerable to receive additional COVID-19 booster this spring https://***VL #GPnews,"['DATOS COVID-19 NAVARRA 20-2-22 🔴1 decesos: 233 decesos en últimos 250 dias ⛔157 en últimos 66 d 🟢3 nuevos ingresos Hosp(3+0) (mejor dato en 95 d) 🟢1 altas ayer hosp 🟢UCI baja 16 a 15 (mejor dato en 79 d) 🔴Hosp Planta&amp;Domic sube 110 a 113 https://***Km', 'Our top story from today: Most vulnerable to receive additional COVID-19 booster this spring https://***VL #GPnews', 'COVID-19 CASE &amp; VACCINE DAILY UPDATE –Friday, February 18th @ 4:47pm (+/- since 2/17) More information on COVID-19 case data and vaccines can be found at https://***C2 --- #COVID19 #coronavirus #covidvacccine2021 #GetTheVax #CovidUpdates #covid_19 #COVID19PH #covid https://***Zo', '-']",-,content_B,post
t3656,u0015,2022-03-01 14:38:03+00:00,Covid,A***d,"PS: You will need to schedule an appointment. ✔️ Call, and we'll gladly answer any questions you may have 😉 ✔️ We accept the cryptocurrency #ShibainuCoin -Team APOC- #APOCPlasticSurgery #southerncalifornia #pcrtest #rapidtest #covidtest #pcr #antibodytest #testcovid19 https://***dx","['A pesar de que los niños a menudo tienen un riesgo menor de contraer enfermedad grave a causa de COVID-19, las personas de todas las edades pueden enfermase gravemente a causa de COVID-19. Todas las personas de 5 años deben vacunarse: https://***Rh https://***da', '🔴 #Coronavirus en #Neuquén | La provincia tuvo este lunes de nuevo más altas que casos confirmados de coronavirus. Los detalles del parte 👇 https://***6H', ""PS: You will need to schedule an appointment. ✔️ Call, and we'll gladly answer any questions you may have 😉 ✔️ We accept the cryptocurrency #ShibainuCoin -Team APOC- #APOCPlasticSurgery #southerncalifornia #pcrtest #rapidtest #covidtest #pcr #antibodytest #testcovid19 https://***dx"", '-']",-,content_C,post
t0705,u0062,2020-08-03 08:31:15+00:00,Covid,K***y,9 out of 95 Ghanaian nurses dispatched to Barbados test positive for Covid-19. WASSCE https://***5q,"['👨⚕️Los casos de contagio por contacto estrecho son aquellos en que las personas estuvieron a menos de dos metros de distancia, y durante al menos 15 minutos, con un paciente positivo de Covid-19. Centro Médico... https://***SM', '""HSBC to cut 35,000 jobs as profits plunge amid COVID-19 pandemic"" https://***0N', '9 out of 95 Ghanaian nurses dispatched to Barbados test positive for Covid-19. WASSCE https://***5q', '-']",-,content_C,post
t3175,u0503,2022-02-20 04:05:53+00:00,Covid,M***7,-,"['The latest World Development Report highlights the interconnected financial risks faced by households, businesses, banks &amp; government. @c***t explains how COVID19 could spare a global financial chain reaction on #ExpertAnswers. https://***7h https://***Ca', 'U.S. office demand slowed in January, as occupiers paused on leasing activities in the face of a COVID-19 omicron surge. Explore CBRE’s Pulse of U.S. Office Demand to gauge the pace of recovery in the 12 largest U.S. office markets here: https://***zs https://***kw', '#COVID19 is providing cover for authoritarian regimes to further close civic space as they expand emergency powers. Steps to slow the spread of the virus must be proportionate, time-bound &amp; non-discriminatory. Read our new report⬇️ https://***ij https://***7S', '-']",tweet_B,-,retweet
t1816,u2124,2021-08-25 14:51:37+00:00,Covid,c***o,must read paper and great summarising thread about effective vaccination and screening protocols in schools against COVID-19. The issue is particularly timing with the approaching school season https://***J8,"['must read paper and great summarising thread about effective vaccination and screening protocols in schools against COVID-19. The issue is particularly timing with the approaching school season https://***J8', 'The COVID-19 pandemic left many businesses in financial stress, including child care! But NYS has allocated grant funding to help support the child care field. If you are interested in applying for a Stabilization Grant, visit https://***gp for more information! https://***8M', 'Happening Now: The arrival of 880,460 doses of Moderna COVID-19 vaccine was met at the airport by senior Kenya Government officials led by Ministry of Health, US Embassy Charge d’Affaires Eric William Kneedler &amp; heads of UNICEF &amp; WHO. @U***a @M***a @U***a https://***9f', '-']",-,content_A,post
t1610,u2992,2021-01-17 08:03:17+00:00,Covid,L***e,-,"['Burada “COVID-19 aşısı oldum” diye yazacağım günü dört gözle bekliyorum.', 'There is some evidence to suggest that a specific mutation — called E484K — found in the #COVID19SA variant could help it evade antibodies generated by the original version of the coronavirus previously circulating in the country. https://***PX', 'Our world has reached a heart-wrenching milestone: #COVID19 has now claimed two million lives. Sadly, the impact of the pandemic has been made worse by the absence of global coordination. In the memory of those two million souls, the world must act with far greater solidarity', '-']",tweet_C,-,retweet
t1565,u0116,2020-12-15 17:44:17+00:00,Covid,o***l,-,"['Hispanic and Black Americans are 2.8 times more likely to die from Covid-19 than White people, and those groups have been shown to be more worried about receiving the vaccine. via @b***s https://***dZ', 'The report analyses how migrant wages have evolved in 49 countries. It examines gender discrimination and the difficulties migrants have in getting a job that corresponds to their level of education. It also includes first indications of the impact of the COVID-19 crisis.', 'Opinion: Urging communities of color to get vaccinated against COVID-19. https://***eW', '-']",tweet_C,-,retweet
t3426,u3215,2022-02-24 02:08:10+00:00,Covid,T***o,"#LoÚltimo #LaPaz reporta este miércoles 92 nuevos casos de #Covid-19, 350 personas recuperadas y 3 decesos. https://***Dc","['🔴 #EnVivo Trujillo: familiares de pacientes infectados con #Covid19 acampan en los exteriores del Hospital Regional. 📻 ► 89.7 FM / 730 AM 📺 Movistar 10 - 710 HD 📱 https://***PK https://***Z4', 'It’s Tuesday which means it’s a great day to get your booster dose of the COVID-19 vaccine! Wednesdays are good too. So are Mondays &amp; Fridays. And weekends. We’re also open on Thursday if you’re into that. Drop into any clinic, any day. No appt needed. https://***WW https://***fh', '#LoÚltimo #LaPaz reporta este miércoles 92 nuevos casos de #Covid-19, 350 personas recuperadas y 3 decesos. https://***Dc', '-']",-,content_C,post
t0725,u2254,2020-08-20 09:20:50+00:00,Covid,d***h,The latest Emerging and Advanced Technologies! https://***BY Thanks to @n***i @N***8 #nanotechnology #covid19,"['The latest Emerging and Advanced Technologies! https://***BY Thanks to @n***i @N***8 #nanotechnology #covid19', 'Fear &amp; stress are normal #COVID19 crisis responses. Primary Care MSc, Dip &amp; Cert in Mental H/C for docs, trainees, nurses &amp; physios working in GP/Psych. #mentalhealth clin assessment &amp; acute #mentalhealth interventions @R***s @I***s @G***s https://***8T https://***67', ""How can tech help your #smallbiz survive through @c***9? We talk to 2 experts for #smallbusinesslifeline. Tip: there's alot of free training out there! @C***k @c***t @C***o @C***d https://***5W"", '-']",-,content_A,post
t1983,u2741,2021-12-01 15:07:36+00:00,Covid,d***y,Check out this excellent #JHU workshop on #healthcare #supplychains #covid19 #informs! Thanks to ⁦@T***i⁩ for sharing! https://***vN,"['Check out this excellent #JHU workshop on #healthcare #supplychains #covid19 #informs! Thanks to \u2066@T***i\u2069 for sharing! https://***vN', 'A negociação do novo pacto internacional sobre pandemias deverá com contar com ampla participação social e transparência, para que os objetivos do documento final sejam os mais inclusivos possíveis. Já escrevemos sobre isso! #WHASS2 #pandemics https://***Gg', '10,287 Mississippians are now dead from COVID-19 – more than ten years of motor vehicle deaths or nine years of cancer deaths. For every seven of us hospitalized for COVID-19, only six will live. Get vaccinated. Protect yourself, and protect Mississippi. https://***ZI https://***0o', '-']",-,content_A,post
t3612,u3029,2022-02-28 13:03:06+00:00,Covid,U***e,-,"['👉 #ElDiarioInternacional La #OMS alertó que unos mil 700 pacientes hospitalizados en #Ucrania con #Covid19 podrían necesitar este oxígeno, #CdVictoria #Tamaulipas ⬇️⬇️⬇️ https://***W6 https://***qj', ""🚨On Thursday at 9.00am CET, @E***l will hold an inter-parliamentary committee meeting on ‘'An ambitious future for Europe's women after COVID-19: mental load, gender equality in teleworking and unpaid care work after the pandemic’’ More info⤵️ https://***Wm"", 'Reported cases of multisystem inflammatory syndrome in children aged 12–20 years in the USA who received a COVID-19 vaccine, December, 2020, through August, 2021: a surveillance investigation (Vaccines reduce PIMS cases 200x.) fyi @r***d Pat Board https://***Ag', '-']",tweet_C,-,retweet
t1780,u2818,2021-07-07 09:24:14+00:00,Covid,T***k,Our director Paul Nurse spoke to @B***y this morning about the need for caution as we relax #COVID19 restrictions. 🎙️ Listen back to the interview from 1:14:30 ➡️ https://***ZJ https://***l7,"['NEW—Almost all #COVID19 restrictions are set to end in England on July 19. A group of scientists and health experts outline 5 key concerns and urge delaying complete re-opening until everyone—including the young—is better protected. Read https://***f. @d***1 https://***Gu', 'Our director Paul Nurse spoke to @B***y this morning about the need for caution as we relax #COVID19 restrictions. 🎙️ Listen back to the interview from 1:14:30 ➡️ https://***ZJ https://***l7', 'PubMed: The long-term effect of COVID-19 on disabled people in low- and middle-income countries: the situation in Yemen https://***c0', '-']",-,content_B,post
t1758,u0764,2021-06-08 16:22:06+00:00,Covid,S***3,-,"['Watch “Somos Esenciales: Jon Jacobo - SF COVID-19 Latino Task Force” on #Vimeo https://***pF', 'Over 5,000 people with #obesity died of #COVID19 in #Connecticut and the government will NOT prioritize a bill #sb1007 to fund #obesity medications or metabolic surgery for treatment @a***s @B***s @O***y @U***r @O***n https://***x8', 'Obesity Increases #COVID19 Death Risk in #Kidney Transplant Recipients https://***YY #ATC2021VirtualConnect', '-']",tweet_A,-,retweet
t3871,u2664,2022-03-05 09:29:17+00:00,Covid,C***4,-,"['#UkraineWar ... #Kherson, #Ukraine... amazing show of civilian strength. 🇺🇦✊ https://***aY', ""Biden's approval rating jumped EIGHT points in the past month to the highest level since before the Afghanistan withdrawal. Voters giving more positive marks on Ukraine situation by almost 20 points, and also on Covid-19 https://***iG"", 'Covid-19: Nisra records 33 deaths in Northern Ireland https://***QA', '-']",tweet_C,-,retweet
t3715,u1110,2022-03-02 15:50:35+00:00,Covid,F***h,Finch's C-diff med on FDA hold as agency seeks more info on COVID-19 screening https://***wa,"['9) The tragedy unfolding in Hong Kong underscores the importance not only of maintaining public health protections (which Canadian provinces are now proceeding to lift) but the necessity to vaccinate against the #coronavirus. Please review the chart by Our World in Data below. https://***SJ', 'ONU aprova resolução contra a Rússia, ataques russos tem como alvos prédios do governo ucraniano, testes de covid-19 podem ser deduzidos do imposto de renda. Veja essas e outras notícias hoje, às 19h45, no #SBTBrasil. É jájá! https://***Vw', ""Finch's C-diff med on FDA hold as agency seeks more info on COVID-19 screening https://***wa"", '-']",-,content_C,post
t3839,u0989,2022-03-04 16:02:05+00:00,Covid,T***b,World Bank to give Ghana additional $60.6m COVID-19 funding - Report https://***Ow,"['&gt; @n***r nos acompañará el 7 de marzo y es una de nuestras premiadas más recientes🥇 Durante la crisis de la COVID-19 lideró un grupo de expertos para contener la propagación del virus con mínimo coste 🦠 ¿Quieres escucharle en directo?👉https://***73 https://***dR', 'The new C-10 bill passed into law today gives Health Canada the authority to purchase and distribute hundreds of millions of #Covid19 #RapidTests to provinces, territories &amp; federal partners free of charge. Full story: https://***Fm https://***ux', 'World Bank to give Ghana additional $60.6m COVID-19 funding - Report https://***Ow', '-']",-,content_C,post
t1911,u0051,2021-11-04 14:02:46+00:00,Covid,N***s,A recent NIDA study suggests people with substance use disorders may be at higher risk for #SARSCoV2 breakthrough infections. Co-occurring health disorders appear to contribute to increased risk. Read more: https://***gW @W***y #COVID19,"['More evidence on the impact of COVID-19 vaccination - it’s not too late to get vaccinated! @U***D @U***l https://***NS', 'A recent NIDA study suggests people with substance use disorders may be at higher risk for #SARSCoV2 breakthrough infections. Co-occurring health disorders appear to contribute to increased risk. Read more: https://***gW @W***y #COVID19', 'During My tour today around Mama Ngina together with the manager Ali Noor, we witnessed the joy of the traders as we also encourage cohesion among them as they recover from the effects of COVID-19.', '-']",-,content_B,post
t2189,u3161,2022-01-20 19:53:12+00:00,Covid,D***a,"Resumen COVID-19 en NL: 1. Nuevo récord de contagios: 6,356 2. Incremento en hospitalizaciones y muertes 3. Aforo al 50% en espacios abiertos y cerrados como restaurantes, cines y supermercados. 4. Aforo al 30% en conciertos, casinos y estadios 5. 96% de los casos son Ómicron https://***f2","['Covid-19 vaccines and treatments: we must have raw data, now | The BMJ https://***wn', 'Hoje, no #BoletimDaNoite: 1) Boris Johnson acaba com TODAS as restrições relativas ao COVID-19. Incluindo a obrigatoriedade de máscaras e a apresentação de passaporte vacinal. 2) Ministro Barroso diz que TSE está ""avaliando"" o Telegram e pode proibir aplicativo no Brasil.', 'Resumen COVID-19 en NL: 1. Nuevo récord de contagios: 6,356 2. Incremento en hospitalizaciones y muertes 3. Aforo al 50% en espacios abiertos y cerrados como restaurantes, cines y supermercados. 4. Aforo al 30% en conciertos, casinos y estadios 5. 96% de los casos son Ómicron https://***f2', '-']",-,content_C,post
t2829,u1149,2022-02-15 15:27:04+00:00,Covid,d***i,-,"['We must not forget about the million or so #Rohingya living in refugee camps in Bangladesh. They still face many difficulties. Although COVID-19 cases have decreased, there are other health concerns, including a rise in dengue cases in some camps. https://***DD', 'We are pleased to announce that Novavax has filed for Conditional Marketing Authorization with SwissMedic for the Novavax protein-based #COVID19vaccine candidate in Switzerland. https://***u0 https://***zt', '#DYK: The #COVID_19 vaccine lowers the risk of hospitalization and death. More than 200 million people have received a COVID19 vaccine since FDA approval. To find more facts about #COVID19 testing and vaccination visit: https://***uH #WeAreAllIn https://***nH', '-']",tweet_B,-,retweet
t2518,u2431,2022-02-09 12:43:35+00:00,Covid,W***d,"The situation report on #COVID19 from #WHOThailand for 9 Feb 2022 is now available. Read online: https://***Jq To see all reports, please visit https://***tl https://***3d","['The situation report on #COVID19 from #WHOThailand for 9 Feb 2022 is now available. Read online: https://***Jq To see all reports, please visit https://***tl https://***3d', ""Un #certificato COVID #digitale dell'UE è una prova digitale attestante che una persona: ✔️è stata #vaccinata contro la patologia da COVID-19 ✔️ha ottenuto un risultato negativo al #test, oppure ✔️è guarita dalla patologia. https://***QD https://***bQ"", 'This briefing paper highlights current and emerging IP barriers for #COVID19 #vaccines and treatments, and provides an analysis of policy and legal changes to address them in the South African context and beyond. https://***KH', '-']",-,content_A,post
t2225,u0489,2022-01-24 01:31:26+00:00,Covid,A***Q,"De acuerdo a datos de la @S***x (visualizados en el tablero de @b***n), las hospitalizaciones por #covid19mx entre menores de 12 años registraron otro máximo en esta semana que termina. Tristemente ya hay defunciones registradas también. #VacunenALosNiñosMexicanos https://***5I","['Recommendations about implementing a #COVID-19 #vaccine #mandate in your #SOT program from @C***t https://***Nd', '#ICYMI: @D***d, adjunct professor of medicine at #GWSMHS, explained to @K***W why you should consider a plant-based diet (Hint: It can lower the risk of disease and improve the efficacy of the #COVID19 #vaccine). Listen now: https://***No', 'De acuerdo a datos de la @S***x (visualizados en el tablero de @b***n), las hospitalizaciones por #covid19mx entre menores de 12 años registraron otro máximo en esta semana que termina. Tristemente ya hay defunciones registradas también. #VacunenALosNiñosMexicanos https://***5I', '-']",-,content_C,post
t2048,u0828,2021-12-23 20:17:06+00:00,Covid,a***e,👇🏽 Great explainer here on how Paxlovid (COVID-19 therapy) works. https://***NV,"['👇🏽 Great explainer here on how Paxlovid (COVID-19 therapy) works. https://***NV', '#Coronavirus-Update: 7-Tage #Inzidenz der #SARSCoV2 Infektionen nach Kategorie des Immunschutzes (angenommen auf Basis des #Impfstatus oder/und Genesen-Status) und Altersgruppe mit Datenstand 22.12.2021. https://***vd #COVID19at #Impfung #PublicHealth https://***MY', '🗣 Just announced: Due to the COVID-19 emergency, the 0% interest rate and payment pause has been extended through May 1, 2022. https://***4K', '-']",-,content_A,post
t2044,u2030,2021-12-23 12:03:34+00:00,Covid,_***e,Liverpool's Boxing Day fixture with Leeds has been postponed due to Covid-19 cases in Marcelo Bielsa's squad.,"[""Liverpool's Boxing Day fixture with Leeds has been postponed due to Covid-19 cases in Marcelo Bielsa's squad."", 'Get the gift of prevention this holiday season by getting your COVID-19 vaccine! 🎄 💉 Find out where to get a vaccine near you at https://***zh or text your zip code to 438829. https://***Ex https://***Kk', 'Today, we will have shipped 350 million COVID-19 vaccine doses to the world. That is more than 1 dose to the world for every American and more than any other country. These 350 million doses have gone to 111 countries and are a part of our commitment to share 1.2 billion doses.', '-']",-,content_A,post
t2807,u3131,2022-02-15 11:15:44+00:00,Covid,U***y,Youth advocate Kyle Joseph from Guyana highlighted how COVID-19 and #ClimateChange have impacted children in Guyana and Suriname and around the world. He also underlined the need to invest in and ensure that all children not only survive but thrive. @U***R https://***Is,"['Consulta la información actualizada (14/02/2021) de la situación epidemiológica del #coronavirus en #CastillayLeon ⬇ https://***Sr Elaborado con los #datosabiertos proporcionados por @S***L https://***EX', 'Youth advocate Kyle Joseph from Guyana highlighted how COVID-19 and #ClimateChange have impacted children in Guyana and Suriname and around the world. He also underlined the need to invest in and ensure that all children not only survive but thrive. @U***R https://***Is', '#EsNoticia | La esposa del príncipe Carlos, Camilla, da positivo al Covid-19 https://***S2 #NoticiasEVTV #14Feb https://***fe', '-']",tweet_A,content_B,reply
t3455,u2586,2022-02-24 19:56:04+00:00,Covid,M***r,-,"['Traveling internationally?✈️ You may be at risk for getting and possibly spreading new #COVID19 variants. Whether you’re fully vaccinated or not, you should get tested 3-5 days after travel. Learn more travel recommendations from @C***l: https://***FQ https://***Rk', 'Researchers writing in @T***t discovered that the more trust and the less corruption there is in a country, the lower the #COVID19 infection rate. Learn more about their findings: https://***ew', 'DAILY UPDATE: Vaccine stats: 84.7% Residents of All Ages Vaccinated* New COVID-19 cases: 555 (7-day Rolling Average) View data dashboards at https://***6M https://***nQ', '-']",tweet_A,-,retweet
t1599,u2171,2021-01-08 17:34:19+00:00,Covid,l***5,-,"['Today, I had the opportunity to participate in an @A***y event to discuss FDA’s role in the #COVID19 response &amp; best practices/lessons learned to date, as well as unparalleled contributions to public health FDA has made over the past year. https://***22', 'For all the latest news, advice and information on #coronavirus in Scotland please follow @s***v 💙 https://***k3', 'Daily COVID-19 vaccine doses administered per million people (7-day average): 🇮🇱 Israel 14,498 🇪🇸 Spain 1,209 🇩🇰 Denmark 1,069 🇺🇸 United States 1,025 🇬🇧 United Kingdom 639 🇩🇪 Germany 470 🇲🇽 Mexico 38 Our database: https://***Rn', '-']",tweet_B,-,retweet
t3300,u0388,2022-02-22 07:25:04+00:00,Covid,I***a,Discover the latest updates on the COVID-19 pandemic health services in 2022! ?? Sign up for WHO's Health Services Learning Hub newsletter! ???????????? https://***b4 #HLH #WHO #HealthServiceLearningHub https://***Fe,"['?? @M***c Marc Elrich will provide #COVID19 updates at his weekly media briefing tomorrow at 12:30 p.m. (Wednesday, Feb. 23). ?? Watch live on Facebook and @C***o. ?? For more info ? https://***Q. https://***eb', ""Discover the latest updates on the COVID-19 pandemic health services in 2022! ?? Sign up for WHO's Health Services Learning Hub newsletter! ???????????? https://***b4 #HLH #WHO #HealthServiceLearningHub https://***Fe"", '#20Feb #Mérida #Vacunas @j***s: Activo punto de vacunación y despistaje de #Covid19 frente al CICPC. #VacunaciónAnticovid durante el Desfile LI Feria Internacional del Sol. 12 pm https://***8D', '-']",-,content_B,post
t1973,u2054,2021-11-27 16:30:09+00:00,Covid,M***C,Tune to Optimum Channel 67 or FiOS 2133 in 30 minutes (11am EST) to watch our Dr. Zingman discuss the importance of accessible treatments a/g #COVID19 via @B***V cc @E***d #ThisisHealthEquity https://***Z2,"['Interesante estudio donde puse mi granito de Arena Outcomes of COVID-19 in patients with primary systemic vasculitis or PM from the COVID-19 Global Rheumatology Alliance physician registry: a retrospective cohort study - The Lancet Rheumatology https://***Fl', ""The emergence of what could be a dangerous new Covid-19 variant in Africa underscores the myopia that has informed the developed world's vaccine nationalism from the start. It would have been right and smart to vaccinate the world. The US &amp; others failed on both counts."", 'Tune to Optimum Channel 67 or FiOS 2133 in 30 minutes (11am EST) to watch our Dr. Zingman discuss the importance of accessible treatments a/g #COVID19 via @B***V cc @E***d #ThisisHealthEquity https://***Z2', '-']",-,content_C,post
t2229,u0843,2022-01-24 15:36:04+00:00,Covid,N***H,"News: Social connectedness, sleep, and physical activity associated with better mental health among youth during the COVID-19 pandemic https://***Va","['News: Social connectedness, sleep, and physical activity associated with better mental health among youth during the COVID-19 pandemic https://***Va', 'So langsam Platz mit die Hutschnur, wenn ich das Narrativ der Begründung für die COVID-19 Maßnahmen wegen dem Schutz der Aufrechterhaltung der Intensivversorgung höre. Wenn ich das ernst meine, baue ich keine Intensivbetten ab und vergüte das medizinische Personal angemessen.', 'Women have been fundamental in fighting the #COVID-19 pandemic. However, they are still among the most affected by it. Join @M***g and @e***l on #SDGLive to be part of this urgent conversation about #GenderEquality: https://***ZN https://***hp', '-']",-,content_A,post
t1907,u3113,2021-11-03 16:30:09+00:00,Covid,A***s,-,"['#ICYMI: a new discussion from @N***H on #COVID19 advancements and what questions research still needs to answer: https://***4n', ""The IHCA welcomes the Government's authorisation of #COVID19Vaccine boosters for healthcare workers. This decision will not only protect front-line healthcare workers but also their patients and the Irish health service as a whole. https://***jk"", 'The Question: How does @R***M help keep doctors informed of new COVID-19 clusters? The Answer: #RShiny app with maps, interactivity, and multiple data sources called the Clusterbuster. Learn more about their work: https://***2t #rstats https://***0E', '-']",tweet_A,-,retweet
t3481,u2396,2022-02-25 14:00:13+00:00,Covid,C***D,#DYK kids ages 5 years &amp; up should get a #COVID19 vaccine? Learn more with a new COVID-19 video now available in American Sign Language (#ASL) on CDC’s YouTube channel. Watch the videos here: https://***JA https://***ik,"[""Latest Covid-19 figures for Ireland (4335 new cases, 4 deaths). The current 7-day rolling average of new PCR-confirmed cases is 3888.7 per day, down from yesterday's value of 3958.1 https://***8X"", '@z***y (6/7) If the testing procedure for the self-administered pre-arrival COVID-19 antigen test is conducted remotely (e.g., via the use of a telehealth service), the service provider must provide evidence to the traveller that the test was performed outside of Canada.', '#DYK kids ages 5 years &amp; up should get a #COVID19 vaccine? Learn more with a new COVID-19 video now available in American Sign Language (#ASL) on CDC’s YouTube channel. Watch the videos here: https://***JA https://***ik', '-']",-,content_C,post
t2656,u1639,2022-02-11 20:59:18+00:00,Covid,I***o,"Here’s a snapshot of our #COVID19 Dashboard for the week of February 6, 2022. Check out the full Dashboard here: https://***vr https://***zl","['Here’s a snapshot of our #COVID19 Dashboard for the week of February 6, 2022. Check out the full Dashboard here: https://***vr https://***zl', 'URGENTE | O Brasil acaba de atingir a marca de 370 MILHÕES de vacinas #Covid19 aplicadas. Com a força do nosso #SUS, conseguimos chegar a 93% do público acima de 12 anos vacinado com a primeira dose, e 86% com a segunda dose.', 'Tune in every weekday at noon on our Facebook page for #MusicForTheSoul – an hourlong performance featuring musicians from @L***M. The performances are dedicated to our #HealthCareHeroes battling #COVID19. Join us at noon: https://***D1 https://***BK', '-']",-,content_A,post
t2419,u2357,2022-02-06 20:20:01+00:00,Covid,A***s,"#AHRQ offers free, one-page forms that nursing home staff can use to record vaccinations and booster shots. Get the latest COVID-19 #vaccineadministration tools. https://***gQ https://***nU","['#AHRQ offers free, one-page forms that nursing home staff can use to record vaccinations and booster shots. Get the latest COVID-19 #vaccineadministration tools. https://***gQ https://***nU', 'Casos reportados y fallecimientos por COVID19, y muertes no violentas en LA MOLINA al 2022-02-05 https://***72', '#Enterate | La generación perdida de la pandemia. ¿Aún es tiempo de salvarla? #pandemia #COVID19 #educacion #Aristegui #TheBunkerMX https://***gV', '-']",-,content_A,post
t3415,u2853,2022-02-23 23:20:32+00:00,Covid,H***o,"Rob Smith, a 22-year-old who used to run 5 miles a day, now struggles to climb stairs, maintain a healthy social life and manage the uncertainty of his COVID-19 recovery due to ongoing fatigue and brain fog. #LongHaul Learn more and find your vaccine at https://***I. https://***Tr","['Rob Smith, a 22-year-old who used to run 5 miles a day, now struggles to climb stairs, maintain a healthy social life and manage the uncertainty of his COVID-19 recovery due to ongoing fatigue and brain fog. #LongHaul Learn more and find your vaccine at https://***I. https://***Tr', 'ZIP codes matter when it comes to severe COVID-19 https://***hV https://***DE', '#Saúde Petrópolis retoma campanha de vacinação contra covid-19 https://***4k https://***LC', '-']",-,content_A,post
t3389,u0202,2022-02-23 16:24:25+00:00,Covid,T***r,"As educators work to reinvent the classroom during and beyond COVID-19, social-emotional learning is essential. Thanks to @A***Q for the opportunity to share work by @S***s, @c***g, and @T***e at #NCE2022 to promote inclusion, SEL, and unity for us all! https://***vl","['As educators work to reinvent the classroom during and beyond COVID-19, social-emotional learning is essential. Thanks to @A***Q for the opportunity to share work by @S***s, @c***g, and @T***e at #NCE2022 to promote inclusion, SEL, and unity for us all! https://***vl', 'Public health officials begin to think we’ve turned the corner on the pandemic as new global cases drop 21% last week, the third consecutive week numbers and deaths have declined. @s***i @G***K #covid19news #covid19 https://***j4', 'PBA: Diseñan estrategias tecnológicas para mejorar la ventilación en las aulas. La iniciativa de un equipo interdisciplinario de investigadores busca disminuir el riesgo de contagio de COVID-19 contemplando la optimización de medidores de CO2. https://***im', '-']",-,content_A,post
t3510,u0954,2022-02-25 22:01:10+00:00,Covid,C***i,"The number of new COVID-19 infections has dropped 65% in the past two weeks. Recognizing that the nation is exhausted by the pandemic, the Biden administration is telling most Americans they can start leaving their face masks home. https://***N8","['The number of new COVID-19 infections has dropped 65% in the past two weeks. Recognizing that the nation is exhausted by the pandemic, the Biden administration is telling most Americans they can start leaving their face masks home. https://***N8', 'Jessica Iskandar, dan sang putra, El Barack terpapar Covid-19 sejak beberapa waktu lalu https://***wp', '#LoMásLeído | @G***K y @s***i piden autorización para su vacuna contra la #COVID19, que cuenta con una eficacia del 77% contra cualquier enfermedad sintomática asociada a la variante Delta cc @G***S @S***S https://***rF', '-']",-,content_A,post
t3892,u1418,2022-03-06 02:28:05+00:00,Covid,s***e,#Covid19 daily update in Malaysia (March 5): Another new high Read more: https://***w8 https://***J8,"['Remember: endemic doesn’t mean harmless, we can reach it more safely by learning from our experience with COVID-19 so far. Questions? Leave us a comment or send us a DM! 🙋🏿♀️ References: https://***v5 #ScienceUpFirst 🧵 [12/12] https://***dt', '#Covid19 daily update in Malaysia (March 5): Another new high Read more: https://***w8 https://***J8', '#COVID19: #España: Expertos solicitan un Plan de #SaludMental para Sanitarios. Una de las Poblaciones más Afectadas por el Estrés asociado a la Pandemia https://***9. Vía @S***l', '-']",-,content_B,post
t3762,u0262,2022-03-03 06:50:31+00:00,Covid,t***n,Australian all-rounder #AshleighGardner has tested positive for COVID-19 and will miss her team's first two games at the ICC Women's World Cup. #CWC22 https://***hM,"['2 años del inicio en 🇦🇷 #Pandemia #COVID19 #Argentina', ""📢 Are COVID-19 Data Standards still relevant? We certainly think so! We'll be discussing the importance of data standards and would love to hear from the NYC #data community. ⏰Join us on 8 March 2022, 1-2pm EST. Save the date! https://***FQ https://***ya"", ""Australian all-rounder #AshleighGardner has tested positive for COVID-19 and will miss her team's first two games at the ICC Women's World Cup. #CWC22 https://***hM"", '-']",-,content_C,post
t1706,u0584,2021-04-14 06:22:35+00:00,Covid,w***1,"#Webinar on #Infectiousdiseasesconf2021 scheduled on #May 18, 2021 Discussions on #COVID19 #eCertificate is provided as a #benefit Whatsapp- +44-2039369064 https://***uf","['Artificial intelligence has surged in popularity—it has become standard in workforce management, exponentially so amid travel restrictions, and as a defence against the spread of COVID-19. But is there human bias in AI design? https://***sX', '#Webinar on #Infectiousdiseasesconf2021 scheduled on #May 18, 2021 Discussions on #COVID19 #eCertificate is provided as a #benefit Whatsapp- +44-2039369064 https://***uf', 'Good news today with the beginning of deliveries of the one dose @J***s #COVID19 vaccine across 🇪🇺. This will help speed up access to vaccinations for citizens and ensure that we reach our target of vaccinating 70% of the adult population by the summer.', '-']",-,content_B,post
t3464,u2194,2022-02-24 23:42:47+00:00,Covid,c***a,".@s***l reportó 29.739 casos activos de #COVID19 este jueves 24. ➡️De acuerdo a la información proporcionada por el @M***y, en la jornada se llevaron a cabo 13.701 análisis y se detectaron 4.136 nuevos casos de coronavirus COVID-19. 🔗https://***RH https://***WC","['WHO-appointed Afrigen vaccine consortium looking beyond Covid-19 https://***uW https://***0m', 'When therapeutics for nonhospitalized patients with #COVID19 are limited due to logistical or supply constraints, we recommend prioritizing the treatment of patients who are at the highest risk of clinical progression: https://***uF', '.@s***l reportó 29.739 casos activos de #COVID19 este jueves 24. ➡️De acuerdo a la información proporcionada por el @M***y, en la jornada se llevaron a cabo 13.701 análisis y se detectaron 4.136 nuevos casos de coronavirus COVID-19. 🔗https://***RH https://***WC', '-']",-,content_C,post
t3690,u0540,2022-03-02 08:03:26+00:00,Covid,P***1,-,"['Some of the most common pain &amp; fever medication 💊could be making you more vulnerable to infections 🦠 like #COVID19, according to a wide-ranging global review led by @s***i researchers. https://***8K', 'In Australia we’ve had 5,210 covid deaths since covid19 was introduced into the country. 3,000 of those deaths occurred within the first 2 months of this year, this currently equates to a covid death in Australia every 30 minutes. https://***Cs', 'जिले में स्वास्थ्य विभाग की बड़ी लापरवाही सामने आई है। इस लापरवाही में चार महीने के एक नवजात की जान चली गई। जबकि कई नवजात बच्चे अभी अस्पताल में भर्ती हैं। #COVID19 #coronavirus #AmritVichar #Amroha https://***xC', '-']",tweet_A,-,retweet
t1542,u0083,2020-12-10 03:13:06+00:00,Covid,I***i,A great plenary by @J***g @W***n @b***g on participatory research and keynote by @l***o and Mel Heyworth @R***m on everyday life of autistic people during covid-19 @A***m #ASfAR20 @A***0 - and technology is our friend so far!,"['A great plenary by @J***g @W***n @b***g on participatory research and keynote by @l***o and Mel Heyworth @R***m on everyday life of autistic people during covid-19 @A***m #ASfAR20 @A***0 - and technology is our friend so far!', '""This is one of those moments that will go down in scientific and medical history."" @a***s reflects on the significance of the first #COVID19 vaccine being administered to 90-year-old Margaret Keenan. Get the latest on #COVID19: https://***zX https://***tP', 'The number of COVID-19 cases in the local authority I come from (Chalkidiki) are showing that the tough measures in Greece are working. Lets try to keep it this way so we can have happy christmas and a safe new year. https://***ss https://***t6', '-']",-,content_A,post
t3844,u0700,2022-03-04 17:58:08+00:00,Covid,K***A,HAPPENING NOW: About 100 people are standing on an overpass in Washington County as a convoy of truckers protesting COVID-19 mandates drives by. https://***Uf,"['Our ongoing series ""(In)Equity and Resilience: Black Women, Systemic Barriers and COVID-19 Project"" seeks to uncover historic and systemic inequities that led to Black women suffering more during the Covid-19 pandemic than any other demographic. https://***AK https://***C9', 'Funding announcement: @N***H research opportunities to evaluate #COVID19 rapid testing strategies in communities &amp; schools experiencing COVID-19 related health disparities. Research will be conducted in partnership with local, state, &amp; national orgs. https://***4N #RADx https://***7U', 'HAPPENING NOW: About 100 people are standing on an overpass in Washington County as a convoy of truckers protesting COVID-19 mandates drives by. https://***Uf', '-']",-,content_C,post
t2790,u0160,2022-02-15 05:05:32+00:00,Covid,b***v,"According to the DOH, from May 31, 2021 to February 11, 2022, the majority of COVID-19 deaths in the country were among adults aged 60 years and above. #FactNews #COVID19 #LagingHandaPH #BayanihanBakunahan #ResbakunaKids #Resbakuna #BIDAsolusyon #BCS https://***iZ","['How can we reflect #UHC in the #PandemicTreaty, and how can the treaty ensure that no one is left behind? Our new policy brief produced in collaboration with @U***0 presents how these goals can secure a safer and healthier future for everyone. ➡https://***xx https://***ov', 'I love how you pull the best quotes @l***z!!! This is so important and these scholars - including @a***e - shine a light! #COVID19 https://***Qo', 'According to the DOH, from May 31, 2021 to February 11, 2022, the majority of COVID-19 deaths in the country were among adults aged 60 years and above. #FactNews #COVID19 #LagingHandaPH #BayanihanBakunahan #ResbakunaKids #Resbakuna #BIDAsolusyon #BCS https://***iZ', '-']",-,content_C,post
t1238,u2516,2020-10-13 00:17:58+00:00,Covid,s***n,-,"['#Automation: #COVID-19 Accelerates Adoption of #AI and #Robotics https://***VO', 'Glad to hear, the advance appointment for COVID-19 vaccine has been open, Chinese students that will study abroad from November 2020 to January 2021, are among priority groups, and it will be free for these students. https://***jq', 'The virus that causes Covid-19 can survive on plastic banknotes, phone screens and stainless steel for up to 28 days, according to a study https://***0n', '-']",tweet_A,-,retweet
t2299,u2017,2022-01-31 16:36:59+00:00,Covid,d***k,-,"['JUST IN: Hays County Local Health Department reports one COVID-related fatality and 1,416 new cases of #COVID19 as of Jan. 31, bringing the total number of lab-confirmed cases to 47,851 in #HaysCounty and active cases to 8,447.', 'In continuation of the gospel of Covid-19 vaccination. These are lists of available Covid-19 vaccination centres in Oyo state, walk into your nearest vaccination post today and get vaccinated. #OYA #JabupOyo https://***5Q', 'Data shows that the dangers of the COVID19 virus to most people have been highly exaggerated and that the pandemic is over now. https://***4v', '-']",tweet_A,-,retweet
t2058,u1029,2021-12-28 04:48:39+00:00,Covid,d***t,-,"[""Planning a summer road trip? Check what's in #MyHealthRecord: https://***AW It’s secure access to essential #COVID-19 information including proof of vaccination and test results, and other important #health information. Whenever you need it, wherever you are. https://***vv"", 'RT if you think every single #COVID19 mandate should be repealed!', 'Did you know that side effects after getting a #COVID19 vaccine are normal signs your body is building protection? If you have side effects, they usually go away in a few days. Learn more: https://***v. #WeCanDoThis https://***Ag', '-']",tweet_B,-,retweet
t3486,u2927,2022-02-25 15:59:35+00:00,Covid,A***i,"February 25: #COVID19 in #Ontario - Cases*: 2427 - Deaths*: 12386 (39) - Hospital: 1003 (-63) - ICU: 297 (-5) - Vented: 186 (-6) - Active: 18410 (-39) 💉 Vaccines: 27,452(1st:2821, 2: 9265; 3: 15366) - Rt: cant't est. accurately Dashboard: https://***WA https://***x0","[""February 25: #COVID19 in #Ontario - Cases*: 2427 - Deaths*: 12386 (39) - Hospital: 1003 (-63) - ICU: 297 (-5) - Vented: 186 (-6) - Active: 18410 (-39) 💉 Vaccines: 27,452(1st:2821, 2: 9265; 3: 15366) - Rt: cant't est. accurately Dashboard: https://***WA https://***x0"", 'New Post added at Balloon Juice - COVID-19 Coronavirus Update: Tuesday / Wednesday, Feb. 22-23 -https://***ZL', 'explicamos cómo debido al gen TMPRSS2 extra que tienen los pacientes con Síndrome de Down contagiados de COVID-19 aumentan los niveles de ORF8, presentando una mayor desregulación inmunológica, inflamación en pulmones y daños cardíacos. https://***YT https://***LV', '-']",-,content_A,post
t2247,u2570,2022-01-25 23:00:00+00:00,Covid,J***o,Study found a third dose of the mRNA #COVID19 vaccine in patients with #multiplesclerosis being treated with anti-CD20 therapy or fingolimod improved protective humoral immunity and is considered safe. https://***2i,"['Study found a third dose of the mRNA #COVID19 vaccine in patients with #multiplesclerosis being treated with anti-CD20 therapy or fingolimod improved protective humoral immunity and is considered safe. https://***2i', 'Keep well this winter by making sure you get your COVID-19, flu or other vaccinations when they’re offered to you💉 For more information visit 👇 https://***CQ #HelpUsHelpYou https://***Eg', '""Why"" EpiTrace© Sentinel? New system that #health professionals can use to predict and mitigate #epidemics before they become a #pandemic. https://***xV https://***Se', '-']",-,content_A,post
t2125,u2770,2022-01-11 12:05:13+00:00,Covid,e***o,Nuestra solidaridad con el hermano @l***_ que se encuentra en proceso de recuperación después de confirmar un examen positivo a la prueba de COVID-19. Estamos seguros que superará esta prueba rápidamente para continuar con su trabajo en bien del digno pueblo mexicano.,"['We are proposing a NEW COVID-19 Emergency Response Package that will be the largest in the nation and will provide immediate funding for: - More tests - More vaccines and boosters - More support for hospitals - More partnerships to fight misinformation https://***33', 'Nuestra solidaridad con el hermano @l***_ que se encuentra en proceso de recuperación después de confirmar un examen positivo a la prueba de COVID-19. Estamos seguros que superará esta prueba rápidamente para continuar con su trabajo en bien del digno pueblo mexicano.', '#INTERNACIONAL: Andrés Manuel López Obrador, presidente de México, da positivo a covid-19 por segunda vez y dice que ""los síntomas son leves"" https://***9s', '-']",-,content_B,post
t2965,u3065,2022-02-17 09:35:54+00:00,Covid,B***t,"Today @m***S announces the success of the #brusselsairport pilot study for its ultra-fast Covid-19 PCR test! The study confirms that the test can perform rapid and high-quality diagnostics on the spot, providing an accurate result within 30min ⏱️ https://***to https://***I7","['Today @m***S announces the success of the #brusselsairport pilot study for its ultra-fast Covid-19 PCR test! The study confirms that the test can perform rapid and high-quality diagnostics on the spot, providing an accurate result within 30min ⏱️ https://***to https://***I7', 'While COVID-19 dominates our national and global attention, the biological threat continues to increase, said Asha George to the Senate on biodefense. https://***cH @B***c', '#StarEntertainment: While some of his peers have remained mum when it comes to the COVID-19 vaccine topic, singer Junior Reid declares his anti-vax stance in his new single Vaccination. https://***vK (File photo) https://***U5', '-']",-,content_A,post
t1755,u0926,2021-06-03 17:22:23+00:00,Covid,p***k,"“Without question, Amazon is one of the greatest single promoters of anti-vaccine disinformation, and the world leader in pushing fake anti-vaccine and COVID-19 conspiracy books,” says @P***z, whose book is buried beneath anti-vax books. But “they do not seem to care…”","['#Covid19 @S***T arranges for free use &amp; return oxygen concentrators for those who need them in Kodiyal. @v***p @K***P @D***9 @m***y @T***i https://***le', '“Without question, Amazon is one of the greatest single promoters of anti-vaccine disinformation, and the world leader in pushing fake anti-vaccine and COVID-19 conspiracy books,” says @P***z, whose book is buried beneath anti-vax books. But “they do not seem to care...”', 'DRDO Issues Instructions for Use of #Anti-COVID-19 Drug to Treat #Infected Patients https://***45', '-']",tweet_A,content_B,reply
t3043,u2812,2022-02-18 09:02:45+00:00,Covid,t***y,-,"['કોરોના સંક્રમિત થઈ ચૂકેલા લોકો માટે માઠા સમાચાર, સ્ટડીમાં થયો રૂંવાડા ઉભા કરી દે તેવો ખુલાસો https://***jR #coronavirus #COVID19 #mentalillnesses', 'Representatives from Pacific-focused health providers are not surprised that Pasifika people make up about half of the cases in the latest Covid-19 outbreak. https://***Mr', '#HongKong turns #public #housing into #COVID19 #Quarantine facilities as it #battles #OmicronVariant surge https://***s7', '-']",tweet_C,-,retweet
t1999,u0890,2021-12-08 22:05:02+00:00,Covid,R***a,"To respond better to future pandemics, it's important that we understand why the SARS-CoV-2 virus dispersed so rapidly. A recent @N***e describes a model of COVID-19 spread that can inform our understanding. Read it here: https://***RF","[""To respond better to future pandemics, it's important that we understand why the SARS-CoV-2 virus dispersed so rapidly. A recent @N***e describes a model of COVID-19 spread that can inform our understanding. Read it here: https://***RF"", 'Dati israeliani su terza dose (booster), in una coorte di popolazione di oltre 840.000 persone di età pari o superiore a 50 anni, mostrano una riduzione dei decessi pari al 90% per COVID-19 se confrontati con soggetti che non hanno ricevuto la terza dose. @A***i https://***BS', 'Number of Americans hospitalized with COVID-19 tops 60,000, highest in nearly 2 months', '-']",-,content_A,post
t1792,u1095,2021-07-17 21:20:02+00:00,Covid,d***d,CA Doctor Facing Federal Charges for Running COVID-19 Vaccine Card Scheme⁠ https://***xP,"['I received two COVID-19 vaccine doses while pregnant, Pfizer at 33 weeks and Moderna at 38 weeks. Thankful to be able to protect both my baby and I #VaccinesWork #vaccinated https://***gh', 'CA Doctor Facing Federal Charges for Running COVID-19 Vaccine Card Scheme https://***xP', 'NSW recorded 111 new locally acquired cases of COVID-19 in the 24 hours to 8pm last night. https://***re', '-']",-,content_B,post
t2793,u1791,2022-02-15 05:16:48+00:00,Covid,a***t,-,"['Evusheld, el fármaco 💉 de AstraZeneca que Sanidad 👨⚕️ autoriza contra el Covid-19 🦠 #covid-19 #evusheld #medicamento #astrazeneca https://***uV', 'Looking forward to taking part in this roundtable with colleagues in Beijing. Two countries with very different current approaches to #COVID19. I’ll be speaking about our experience of test validation in the UK https://***sM', 'Long-term cardiovascular outcomes of COVID-19 | Nature Medicine https://***mL', '-']",tweet_C,-,retweet
t1940,u0922,2021-11-19 16:48:06+00:00,Covid,l***s,Black Seed Oil Evaluated for COVID-19 https://***Z. I’m going to try this for my long haulers https://***ry,"['Black Seed Oil Evaluated for COVID-19 https://***Z. I’m going to try this for my long haulers https://***ry', 'México registra hoy las cifras de covid-19 más altas en al menos dos semanas https://***Ko https://***Zh', 'GVN Co-Founder @D***o of @I***d will give opening remarks at the GVN-MONACO #COVID19 Diagnostic Conference, held December 2-3, 2021: https://***YU https://***52', '-']",-,content_A,post
t1668,u0605,2021-03-10 11:21:29+00:00,Covid,v***a,Post-COVID19 fatigue Syndrome. SURVEY https://***Kt,"['Post-COVID19 fatigue Syndrome. SURVEY https://***Kt', 'When Pakistan rolled out its COVID-19 relief package, the government partnered with @H***k to leverage its leading digital payments platform. Watch COO Sagheer Mufti explain how the bank has transformed into ""a technology company with a banking licence."" https://***Hs', 'One year later, how has #COVID19 impacted #innovation? 💭 Join the #EUeic and @E***u as we hear from 3️⃣ #innovators who have received EU 🇪🇺 support and created solutions to deal with the pandemic. 🚀 Today at 10am CET 👉 https://***Z1 https://***3h', '-']",-,content_A,post
t3760,u1335,2022-03-03 05:54:19+00:00,Covid,T***s,-,"['COVID-19 : baisse des hospitalisations en Ontario, mais 27 décès de plus https://***u0', 'Check out this week’s #NYCTestandTrace #COVID19 testing sites #inBrooklyn. Testing is no cost to you. COVID-19 vaccines are available at select locations. Text ""COVID TEST"" to 855-48 for more info. Hours and locations: https://***Ya https://***GR', 'As @C***v minimizes #COVID19 community spread &amp; schools remove masking, in kids 5-11: ▶️vax effectiveness vs. infxns 1 mnth post #CovidVaccination:⬇️to 12% Ideal time to change the definition of risk?🤦♂️ Orig article👇https://***Z9 @s***s https://***Ib', '-']",tweet_B,-,retweet
t2129,u3153,2022-01-12 08:00:00+00:00,Covid,O***s,"Em entrevista à ONU News, a especialista da @W***O, @m***o, afirmou que ainda é preciso cautela para conter o avanço da #COVID19. Ela reforçou que comportamentos de cada pessoa têm impacto na contenção da transmissão do #coronavírus. https://***mO","['The #pandemic brought not only negative effects on our lives, but unexpectedly pushed forward under the limelight practices that so far had been only experimental, such as #telehealth and #eHealth. 👀👇 https://***6F @H***s #healthcare #MentalHealth', 'Em entrevista à ONU News, a especialista da @W***O, @m***o, afirmou que ainda é preciso cautela para conter o avanço da #COVID19. Ela reforçou que comportamentos de cada pessoa têm impacto na contenção da transmissão do #coronavírus. https://***mO', ""Can we all agree that the vaccines work and that our children should be protected? #GetVaccinated #MaskUp Kids' low COVID-19 vaccination rates called a 'gut punch' (from @A***P) https://***Z2"", '-']",-,content_B,post
t3858,u3254,2022-03-05 01:59:18+00:00,Covid,w***t,-,"['“Does music transmit COVID-19?”: Musicians in Turkey protest that while the outdoors mask mandate and contact tracing code requirements have been lifted, the music ban after midnight is still in effect https://***e9 https://***0S', ""@m***a Big milestone! India's vaccination prog against COVID-19 has been one of the most successful and largest in the world. It is mainly due to coordinating activities towards ensuring a smooth implementation of the vaccination drive. Kudos! @P***a @n***i #IndiaFightsCorona"", '#Podcast 🎙️| Cómo hacer una #vacuna made in Spain 💉🇪🇸 🎧 Descubrimos los entresijos de la III fase de ensayos clínicos del fármaco contra el Covid-19 desarrollado por #Hipra 📻https://***EN', '-']",tweet_A,-,retweet
t2879,u2933,2022-02-16 08:37:24+00:00,Covid,t***i,"भारत में कोविड-19 संक्रमण के 30,615 नए मामले और 514 लोगों की मौत #India #CoronaVirus #CovidDeaths #भारत #कोरोनावायरस #कोविडसेमौत https://***mb","['भारत में कोविड-19 संक्रमण के 30,615 नए मामले और 514 लोगों की मौत #India #CoronaVirus #CovidDeaths #भारत #कोरोनावायरस #कोविडसेमौत https://***mb', '@m***r @M***l mRNA #Impfpflicht Wahnsinn! #Wissenschaftler wie Dr. #RobertMalone, Prof. Dr. #ChristianSchubert, Prof. Dr. #SucharitBhakdi... sagen, daß die mRNA #Impfung schädlich ist. #Geimpfte Personen können auch das Covid-19 Virus weiterverbreiten. Sind #Politiker ignorante #Wesen?', '#NTM De acuerdo con el reciente informe del Dane, el Covid-19 fue la mayor causa de muertes en Colombia el año pasado. #NoticiasTM https://***fG', '-']",-,content_A,post
t1693,u2371,2021-04-06 23:24:33+00:00,Covid,G***4,Covid-19 passports ‘won’t be implemented in UK until at least 21 June’ https://***Ma,"['The UK needs to shift away from heavy reliance on financial services and towards high-tech industries following COVID-19 and Brexit https://***7u', 'After a year-long “sabbatical” and a 3-week quarantine imposed by COVID-19, I finally arrived at #XiamenUniversity before its centenary celebration on April 6th 2021. Now I’m more than ready to start all over again in the College of Chemistry and Chemical Engineering! https://***yz', 'Covid-19 passports ‘won’t be implemented in UK until at least 21 June’ https://***Ma', '-']",-,content_C,post
t1370,u0546,2020-11-01 16:25:24+00:00,Covid,v***7,In #coronavirus news - a new way to present the spike: https://***tL,"['How COVID19 Accelerated the Shift Towards Digital Transformation Read out the Outflow Of Digitalization Happen This Pandemic Free Blog Visit: ➡ https://***k7 ⬅ For More Call Sales Team +91 8866560111 +91 8141887285 #blogging #blog #Digital https://***mC', ""Here's the Elders' Statement, issued following the Board meeting: https://***BY #COVID19 https://***qp"", 'In #coronavirus news - a new way to present the spike: https://***tL', '-']",-,content_C,post
t2192,u1092,2022-01-21 03:54:08+00:00,Covid,P***r,"Oregon reports 10,034 new confirmed &amp; presumptive COVID-19 cases, 8 new deaths. 981 COVID-19 patients hospitalized. 😷💉💉💉 https://***bB https://***Ud","['@t***r @m***s Here is my recent article on the new isolation policy for Covid-19 cases in England, published in the BMJ today. 🔗https://***gK', 'Oregon reports 10,034 new confirmed &amp; presumptive COVID-19 cases, 8 new deaths. 981 COVID-19 patients hospitalized. 😷💉💉💉 https://***bB https://***Ud', ""@j***s @I***n @s***l I agree with Jen - the issue is supply at this point. I spent over a week trying to find RDT - when I felt poorly after #Booster and wasn't sure if I had #COVID19 I was unable to schedule test for &gt; 1 week. Luckily got RDT from sister and was negative - should not be this hard."", '-']",-,content_B,post
t1984,u2277,2021-12-02 05:10:28+00:00,Covid,L***n,-,"['Experiencing childrens art during #COVID19 with DrSmall in our gme #healthhumanities distinction track @H***e 🖍🎨🖌🖼 #narrativemedicine #ipe @m***n @H***y @w***s @K***D https://***c1', 'Die #COVID-19 Pandemie hat das Risiko von Gewalt gegen vertriebene Frauen und Mädchen erhöht. Es ist an der Zeit, geschlechtsspezifische Gewalt zu beenden, jetzt! ✋ #OrangeTheWorld #16days https://***mV', ""Had a revealing conversation with @m***y on the origin of Covid-19 today (drops next week). Very disturbing: most mainstream media won't even consider the lab leak hypothesis &amp; treat the spillover theory as definitive. It isn't. We don't know so open debate is critical. https://***uM"", '-']",tweet_C,-,retweet
t3825,u1717,2022-03-04 08:51:01+00:00,Covid,t***d,"🇭🇰 Hospital Authority COVID-19 update for March 4th: critical: 54 (37 unvaccinated) serious: 85 (59 unvaccinated) New reported deaths: 188 (136 new/52 backlog) 5th wave deaths: 1,341 Total deaths: 1,554","['🇭🇰 Hospital Authority COVID-19 update for March 4th: critical: 54 (37 unvaccinated) serious: 85 (59 unvaccinated) New reported deaths: 188 (136 new/52 backlog) 5th wave deaths: 1,341 Total deaths: 1,554', 'Members can catch-up now with our latest health, public health and social care round-up. #NHS #health #covid19 This month’s round-up includes an update on integrated care systems and plans to tackle the Covid-19 backlog. Read here: https://***a0', 'expert reaction to latest stats from the ONS COVID-19 Infection Survey, UK: 4 March 2022 https://***ag', '-']",tweet_B,content_A,reply
t2121,u0983,2022-01-10 17:08:24+00:00,Covid,M***z,-,"[""Last call to book your place at this event where we'll discuss the post-pandemic digital health landscape across UK &amp; China and adapting service provision throughout #COVID-19. Supported by @F***K in Beijing. Tues and Weds this week online 💻 https://***hD"", 'A model for enterprise knowledge management after the COVID-19 crisis https://***vJ #km #kmers #knowledgemanagement #enterprises #business #COVID19 #crisismanagement #pandemic #SMEs', 'Austin has opened up a $2.3 million grant program to help people in the music community, which has been on a rollercoaster of openings and closings (both permanent and temporary) amid waves of COVID-19. | @E***r https://***Ch', '-']",tweet_C,-,retweet
t1795,u1723,2021-07-21 06:14:55+00:00,Covid,E***s,-,"['Pritzker student @L***o presented her work on domestic violence and police reporting during COVID-19 at @S***e #SAEM21 https://***9a', 'In recognition of BIPOC Mental Health Month, we encourage you to check out the ""Understanding Trauma &amp; Ensuring Person-Centered Care During the COVID-19 Pandemic"" training series. You can access this material through the OAEC Resource Library. https://***r5 https://***pV', 'Nurse: ""They didn\'t all die. But most did."" RT Coroner\'s Inquest reveals Quebec nursing home often gave morphine rather than treat COVID-19 patients https://***WX', '-']",tweet_A,-,retweet
t2132,u2297,2022-01-12 11:08:04+00:00,Covid,A***s,President Biden is increasing federal support for COVID-19 testing for schools in a bid to keep them open. The White House says it’s making a stream of 5 million rapid tests and 5 million lab-based PCR tests available to schools starting this month. https://***J3,"['President Biden is increasing federal support for COVID-19 testing for schools in a bid to keep them open. The White House says it’s making a stream of 5 million rapid tests and 5 million lab-based PCR tests available to schools starting this month. https://***J3', '🔥#COVID-19: morphology and mechanism of the #SARS-CoV-2, global outbreak, medication, #vaccines and future of the #virus 🔗https://***Gw #Coronavirus #RNA #ssRNA https://***SP', 'Planning to go abroad in 2022? If so, before you begin your journey: ✅Check your destination’s entry requirements ✅Check the local COVID-19 rules ✅Check you have the right travel insurance', '-']",-,content_A,post
t3632,u1169,2022-02-28 21:29:03+00:00,Covid,p***y,-,"[""“The reality is that there is a significantly low amount of well-paying #jobs for #women.” Watch @a***o in conversation with @l***e as they discuss the impact of #COVID19 #pandemic on women's labour participation in #Africa. #gender https://***Yv"", 'Hey #primarycare treating #COVID19 over these ?? 🤯 years Important survey on practice impact 👇👇 https://***WE', '#BKK wehrt sich! Zahlen die von @P***y und anderen Institutionen unter Verschluss bleiben, um die ""Pandemie"" weiter unnötig zu verlängern? ""Die Wahrheit über die Wahrheit. Sie tut weh, deshalb lügt man"" #Nebenwirkungen #Coronavirus @K***h https://***O3', '-']",tweet_B,-,retweet
t2432,u0101,2022-02-07 12:01:18+00:00,Covid,C***p,#Covid19 and #Employment and #Enterprise. Two #ChurchillFellows have been awarded a #Covid19ActionFund grant as part of our third round of funding to tackle issues relating to employment and enterprise – including supporting #YoungPeople and #CareLeavers⬇️ https://***33,"['We thank everyone who got vaccinated and tested yesterday. Our thoughts are with those in hospital, and the families of people who have lost their lives. More data soon: https://***1P #COVID19Vic #COVID19VicData https://***3e', ""When schools moved online due to COVID-19, children in developing countries suffered the most. @U***F &amp; @W***k are working together to close learning gaps for children in the world's poorest countries. Read @D***G &amp; Henrietta Fore's blog: https://***t2 https://***uT"", '#Covid19 and #Employment and #Enterprise. Two #ChurchillFellows have been awarded a #Covid19ActionFund grant as part of our third round of funding to tackle issues relating to employment and enterprise – including supporting #YoungPeople and #CareLeavers⬇️ https://***33', '-']",-,content_C,post
t2304,u2484,2022-02-01 00:30:06+00:00,Covid,H***C,"DAILY UPDATE: Vaccine stats: 83.7% Residents of All Ages Vaccinated* New COVID-19 cases: 3,312(7-day Rolling Average) View data dashboards at https://***6M https://***8m","['DAILY UPDATE: Vaccine stats: 83.7% Residents of All Ages Vaccinated* New COVID-19 cases: 3,312(7-day Rolling Average) View data dashboards at https://***6M https://***8m', '1February: @m***x #COVID19 mRNA Vaccine Gains Full @U***A Approval--with what stipulation by the agency? Details in @G***o: https://***BH', 'After testing positive for COVID-19 in Jamaica, a couple paid $35,000 for a private jet home - https://***SO', '-']",-,content_A,post
t3757,u0114,2022-03-03 04:14:32+00:00,Covid,r***B,"115 kematian akibat COVID-19 dilaporkan semalam, adalah tertinggi sejak varian Omicron melanda - Khairy","['The COVID-19 vaccine saves lives. Period. Get vaxxed. Get boosted. #ProtectChicago https://***nG', '115 kematian akibat COVID-19 dilaporkan semalam, adalah tertinggi sejak varian Omicron melanda - Khairy', '1. Quick thread on the new @p***h analysis of the changing geography of COVID-19 deaths. Well worth a read: https://***Ci', '-']",-,content_B,post
t2178,u0644,2022-01-19 03:27:02+00:00,Covid,B***2,-,"[""Ordering the free COVID-19 rapid antigen self-tests took less time than creating this tweet. Go to https://***tJ -- it's that easy. https://***lK"", '🚨 At-Home COVID-19 Testing Alert 🚨 You can order four, FREE at-home COVID-19 tests per residential address and the @U***S will deliver them. Order here: https://***2Q', 'Haines City Mayor Morris West reads ""Martin Luther King, Jr., Day"" to pre-k students https://***3e via @t***r #preK #edtech #mondaythoughts #MondayMotivation #Ed #remotelearning #Omicron #edutwitter #earlyyears #teacher #EarlyChildhoodDevelopment #COVID19 #MLKDay', '-']",tweet_B,-,retweet
t1880,u0092,2021-10-15 16:07:10+00:00,Covid,a***p,"In September, the #AirLiquideFoundation brought together 6 research teams working on #covid19 among the 11 it supports. This meeting was very successful, suggesting future researchers cooperation. Watch the full video here. 👉 https://***Ox https://***CW","['In September, the #AirLiquideFoundation brought together 6 research teams working on #covid19 among the 11 it supports. This meeting was very successful, suggesting future researchers cooperation. Watch the full video here. 👉 https://***Ox https://***CW', 'Study finds that statin treatment is associated with a moderately lower risk of #COVID19 mortality, supporting their continued use for conditions like CVD and hyperlipidemia. By @A***r @R***t @C***n in @P***e. https://***IN https://***Ul', '#InvestinCanada’s FDI Report 2020 finds Canada navigated the challenges of the pandemic better than many other developed economies. Learn more about Canada’s #COVID19 FDI experience: https://***kK #BestToInvest https://***2E', '-']",-,content_A,post
t2384,u1335,2022-02-04 15:16:03+00:00,Covid,T***s,"Multiple expansions of globally uncommon #coronavirus lineages in Nigeria https://***G6 New #variants are lingering around, will #massvaccination help them thrive like #Omicron - read YALE &amp; UMich studies here https://***eK &amp; https://***cV #vaccine https://***8c","['#COVID19 ¿Cómo evolucionan los datos? De ayer a hoy se registraron 829 nuevas #defunciones, una cifra similar no se registraba desde septiembre de 2021, su tendencia actual es ascendente. 🧵 ¿Qué entidades federativas presentan un nivel alto en este indicador?... https://***px', 'Multiple expansions of globally uncommon #coronavirus lineages in Nigeria https://***G6 New #variants are lingering around, will #massvaccination help them thrive like #Omicron - read YALE &amp; UMich studies here https://***eK &amp; https://***cV #vaccine https://***8c', '#Covid19 | Port du masque en extérieur facultatif et non obligatoire, fin des jauges dans les lieux recevant du public assis, allègement possible du télétravail...retrouvez les nouvelles mesures sanitaires en vigueur depuis ce mercredi 2 février 👉 https://***mF https://***rI', '-']",-,content_B,post
t3109,u0060,2022-02-19 13:32:39+00:00,Covid,o***_,-,"['Emergency Awards: RADx-UP - Social, Ethical, and Behavioral Implications (SEBI) Research on Disparities in COVID-19 Testing among Underserved and Vulnerable Populations (U01 Clinical Trial Optional) https://***PS', 'T20I series against Sri Lanka in bag, Australia is expected to play with the side in the remaining matches https://***OJ #Anushka #Australia #BCCI #COVID19 #david', 'متحدہ عرب امارات میں کرونا وائرس کے بارے میں تازہ ترین معلومات: #Coronavirus #UAE #ChooseToVaccinate #TogetherWeRecover #اللقاح_طريقنا_للتعافي https://***wg', '-']",tweet_C,-,retweet
t1841,u1656,2021-09-20 18:29:49+00:00,Covid,f***m,Los residentes de Austin pueden obtener asistencia para el alquiler hasta por 15 meses si sus ingresos se han visto afectados por COVID-19. Visite https://***Fx para presentar una solicitud o llámenos al 737-717-4000 para obtener ayuda con la solicitud. https://***A2,"['The Pfizer Covid-19 vaccine has recently received full approval from the FDA, but you may still be wondering what is an mRNA vaccine and how does it work? 🧬 https://***D5', '#COVID19 vaccine pioneers Drs. Özlem Türeci and Uğur Şahin of BioNTech will receive a @P***l Luminary Award for their work on mRNA vaccines at #PMWC21 in Pittsburgh on Sept. 23. Register today at https://***F. @U***s @i***d', 'Los residentes de Austin pueden obtener asistencia para el alquiler hasta por 15 meses si sus ingresos se han visto afectados por COVID-19. Visite https://***Fx para presentar una solicitud o llámenos al 737-717-4000 para obtener ayuda con la solicitud. https://***A2', '-']",-,content_C,post
t1724,u2327,2021-04-23 15:31:10+00:00,Covid,p***j,"The capable global north, especially the US, must rescue India during this worst phase of the COVID-19 crisis, all the way urgently! No strings attached!!! Good for humanity at large. https://***1h","['Essex residents to receive Public Health guidance and support as Covid-19 restrictions ease Full statement below (1 of 2) https://***6B', 'The capable global north, especially the US, must rescue India during this worst phase of the COVID-19 crisis, all the way urgently! No strings attached!!! Good for humanity at large. https://***1h', 'The COVID-19 vaccine has been through the same clinical trials and safety checks that all other licensed medicines go through. Find out how the COVID-19 vaccine was developed and made safe for everyone. More info: https://***2Y https://***C8', '-']",-,content_B,post
t2108,u1509,2022-01-07 23:51:02+00:00,Covid,C***h,"Thanks for the shoutout, @v***m. Cue gives you the most accurate COVID-19 test results in 20 minutes at home. Get yours at https://***q. #GoCue. Go You. https://***E6","['It would be interesting to learn the mechanism behind #COVID19 increasing the risk for type 1 &amp; 2 diabetes -- does not occur with other kinds of respiratory infections. https://***sy', 'Need an at-home COVID-19 test kit? Drive-thru event is Saturday for Summit County https://***HG', 'Thanks for the shoutout, @v***m. Cue gives you the most accurate COVID-19 test results in 20 minutes at home. Get yours at https://***q. #GoCue. Go You. https://***E6', '-']",-,content_C,post
t0391,u3111,2020-05-14 21:59:37+00:00,Covid,h***i,"The legislation, which passed through the House Science committee last year on a bipartisan vote, aims to protect government scientists and scientific products from political influence. This is a long-standing need that COVID-19 has only made more urgent. 4/","['The legislation, which passed through the House Science committee last year on a bipartisan vote, aims to protect government scientists and scientific products from political influence. This is a long-standing need that COVID-19 has only made more urgent. 4/', ""Kinrgy &amp; I have partnered with @L***t to donate $200,000 to @M***t Foundation to help fitness instructors impacted by COVID-19. We've also created a Slack plug-in called #workingwell to help remote workers stay moving! To learn more, visit: https://***🤗✨ https://***Nr"", '#BREAKING India PM Modi announces $270 billion #coronavirus economic package https://***8D', '-']",tweet_B,content_A,reply
t2066,u0911,2021-12-31 20:05:01+00:00,Covid,l***n,-,"[""Today, I received a positive, breakthrough COVID-19 test result. Thankfully, my symptoms are mild &amp; I'm grateful to be fully vaccinated &amp; boosted. I'm currently isolating &amp; following all health protocols. My full statement: https://***VN https://***RR"", ""#Omicron #surge is 'unlike anything we've ever seen,' expert says #delta #variant #coronavirus #covid #spike #vaccine #booster #mask #pandemic #travel #NewYears #NewYearsEve #holidays @D***D @J***D @m***m https://***sA"", 'what are the chances that my entire grad school experience will be within the covid-19 pandemic??', '-']",tweet_A,-,retweet
t2057,u0411,2021-12-28 01:55:31+00:00,Covid,B***o,"New San Diego County COVID-19 tests show an 11% positivity rate over the last 7 days. Sunday results alone show more than 2,680 people tested positive. https://***Q1","['New San Diego County COVID-19 tests show an 11% positivity rate over the last 7 days. Sunday results alone show more than 2,680 people tested positive. https://***Q1', 'A medic collects the swab sample of a commuter for a #COVID19 RT-PCR test at Dhaula Kuan Bus Stand in New Delhi on Sunday, December 26, 2021. Photo credit: Shiv Kumar Pushpakar. https://***Km', 'Year in Review. ‘Prospective impact of #COVID19 on #mentalhealth functioning in adolescents with &amp; without #ADHD: protective role of emotion regulation abilities’ – video abstract of the @t***P paper by Dr. Rosanna Breaux. Video abstract published in May https://***4w https://***TB', '-']",-,content_A,post
t3549,u3005,2022-02-26 18:30:00+00:00,Covid,S***a,"Para #VíctimasParalelas, @P***m encontró que durante la pandemia de @C***9, el @G***X modificó el monto de 65 contratos y desapareció 10. 🔴 Dichas facturas tendrían un monto de 10 mil millones de pesos 🔴 Lee más aquí 👇 https://***bs https://***aq","['Para #VíctimasParalelas, @P***m encontró que durante la pandemia de @C***9, el @G***X modificó el monto de 65 contratos y desapareció 10. 🔴 Dichas facturas tendrían un monto de 10 mil millones de pesos 🔴 Lee más aquí 👇 https://***bs https://***aq', 'Selective enforcement of COVID-19 restrictions played a major role in religious repression throughout 2020 and 2021 https://***LX https://***ks', 'Dr. Soileau-Burke recommends that parents get their children vaccinated to prevent serious illness and hospitalization from COVID-19. The COVID-19 vaccine has been vigorously tested and is safe and effective. To make an appointment visit https://***c. #GoVAXMaryland https://***t8', '-']",-,content_A,post
t1209,u3076,2020-10-08 16:05:12+00:00,Covid,E***e,The aftermath of Covid-19 isolation on school learners: Trends in Neuroscience and Education studies children's achievement gaps https://***Hw https://***Ug,"[""The aftermath of Covid-19 isolation on school learners: Trends in Neuroscience and Education studies children's achievement gaps https://***Hw https://***Ug"", 'Join Anders Tegnell and I in conversation with @m***n at the 2020 Virtual Nobel-inspired Lecture on the Meaning of Science in the Age of COVID-19. Details in the poster. https://***BI', ""After my blog post on getting a Spotlight award at ICLR, as an Independent Researcher, I got nearly 2000 emails. Many have asked what happened after. – It's a painful story about losing the Google AI Residency due to COVID-19, and more. Here is that story! https://***v3"", '-']",-,content_A,post
t1410,u0536,2020-11-11 09:22:25+00:00,Covid,p***l,"PSSC and @i***r invite you to join PART 2 of the FREE webinar series on narratives of COVID-19! Part 2: ""Examining Social Protection Among Vulnerable Groups during COVID-19"" 18 November 2020 11:30AM (India) or 2:00PM (Philippines) via FB Live Register: https://***D1 https://***g2","['Joe Biden and Kamala Harris meet with their COVID-19 advisory council in Wilmington, Delaware. https://***Cm', 'PSSC and @i***r invite you to join PART 2 of the FREE webinar series on narratives of COVID-19! Part 2: ""Examining Social Protection Among Vulnerable Groups during COVID-19"" 18 November 2020 11:30AM (India) or 2:00PM (Philippines) via FB Live Register: https://***D1 https://***g2', 'In a recent survey by @e***h, 250 #security professionals were asked about their Zero Trust implementations, where they’re being successful &amp; how #COVID19 has affected these initiatives. Download the 2020 Zero Trust Networking Strategies Report: https://***Qt https://***jg', '-']",-,content_B,post
t1747,u1156,2021-05-23 09:29:07+00:00,Covid,D***g,"⚠️PAY ATTENTION to rising #B16172 crisis in UK—crucial because India variant affects us all. It is now ~50% of all cases in England, surging fast, especially in kids. Hospital #COVID19 ward in Bolton🇬🇧 filling up. “It’s too late to contain” @c***p 🧵 https://***cb https://***Tj","['I will lead the charge in curbing the spread of COVID-19 in India. I pledge to be a #YoungWarrior!', 'Time is running out to get a COVID-19 vaccine at the @o***c. Walk in or schedule your first dose before May 27 at https://***i. https://***sn', '⚠️PAY ATTENTION to rising #B16172 crisis in UK—crucial because India variant affects us all. It is now ~50% of all cases in England, surging fast, especially in kids. Hospital #COVID19 ward in Bolton🇬🇧 filling up. “It’s too late to contain” @c***p 🧵 https://***cb https://***Tj', '-']",-,content_C,post
t2925,u1711,2022-02-16 21:53:03+00:00,Covid,N***a,"🗣️😷 La secretaria @A***L informó que una Persona Privada de la Libertad falleció a causa de #Covid19, con lo que la cifra de internos que han perdido la vida debido a la enfermedad subió a 43. #Puebla #PPL https://***Hb","['New Research: Resilience and Anxiety Among Healthcare Workers During the Spread of the SARS-CoV-2 Delta Variant: A Moderated Mediation Model: Introduction The B.1.617.2 (Delta) variant of SARS-COV-2 has caused a surge in COVID-19 cases... https://***Yp #Psychiatry', '🗣️😷 La secretaria @A***L informó que una Persona Privada de la Libertad falleció a causa de #Covid19, con lo que la cifra de internos que han perdido la vida debido a la enfermedad subió a 43. #Puebla #PPL https://***Hb', 'Our team have worked with @C***c to support the COVID-19 response in the Pacific region, through PCR capacity building and training and whole genome sequencing for outbreak surveillance. Learn more about the amazing work Jean Moselen and Dr @A***t have contributed: https://***R4', '-']",-,content_B,post
t2448,u0313,2022-02-07 23:42:35+00:00,Covid,b***a,-,"['Of course we remember him. Rest in peace Dr. Li Wenliang. 💐 The whistleblower that warned the world about COVID-19, and was labeled troublemaker from the Chinese government. https://***BO', '117 zakażeń to dane bez wskazania adresu, które zostaną uzupełnione przez inspekcję sanitarną. Z powodu COVID-19 zmarła 1 osoba, natomiast z powodu współistnienia COVID-19 z innymi schorzeniami zmarło 9 osób.', 'How can there be such an enormous difference between cases reported? #COVID19 #Omicron https://***1w', '-']",tweet_C,-,retweet
t2063,u0695,2021-12-29 22:33:02+00:00,Covid,F***o,-,"['The results from a Pfizer study involving more than 2,200 people at high risk for developing serious COVID-19 found Paxlovid reduced the risk of hospitalization or death by 89%. | via @N***R https://***lC', 'Pour limiter la propagation de la #COVID19, assurez-vous de bien aérer les pièces. 🍃🌬️ https://***Tk', '🚨 As we work to keep Georgians healthy and Georgia open for business, it’s important that our citizens are empowered to make the right choices for their families with accurate information. Be sure your COVID-19 tests come from and are processed by authentic providers. https://***MM', '-']",tweet_C,-,retweet
t1760,u0931,2021-06-09 00:07:54+00:00,Covid,K***D,-,"['My wholehearted thanks to Hon. Prime Minister #MagnanimousModi for announcing #FreeVaccineForAll, in the true spirit of #CooperativeFederalism. #ThankfulTuesday #COVID19 #ModiSpeech #MasterStroke https://***98', 'Community partners key to building #COVID19 #vaccine access and trust -- @b***6 talks with @k***s of @F***s during #ForbesHealth event.', 'Well, Germany is really pulling out all the stops to convince people to get the #covid19 vaccine... https://***X1', '-']",tweet_C,-,retweet
t2777,u2199,2022-02-14 22:24:12+00:00,Covid,l***h,"COVID-19 Daily Update: February 14, 2022 New Cases: 2,457 (2,764,073 to date) New Deaths: 26 (29,928 to date) Current Hospitalizations: 2,054 https://***zm","['The only things breaking up here are #neutrons. Neutron scattering is used by industries such as automotive, aerospace, materials, energy storage and biomedicine to address the 21st century’s major scientific challenges, including #COVID19. https://***AJ #ValentinesDay https://***ur', 'Plus a loud MAHI PAI to all our heroic CONTACT TRACERS working long weeks to hunt every single tendril of the COVID-19 hydra. Tweet your own expressions of gratitude to our CONTACT TRACERS. #covid19NZ #ContactTracing https://***Bv', 'COVID-19 Daily Update: February 14, 2022 New Cases: 2,457 (2,764,073 to date) New Deaths: 26 (29,928 to date) Current Hospitalizations: 2,054 https://***zm', '-']",-,content_C,post
t3820,u2833,2022-03-04 07:35:09+00:00,Covid,s***r,-,"['Go to https://***lC next week to get more at home tests #COVID19 @P***S #SOTU', 'Starting today, parents and guardians have more options for vaccinating kids ages 5-11. Pediatric #COVID19AB vaccinations are being offered at select pharmacies &amp; doctors’ offices, and at AHS walk-in clinics with later &amp; weekend hours until March 16: https://***XH https://***Hr', '#CovidUpdate: Jamaica reported 34 new cases of COVID-19 in the last 24 hours and 10 virus-related deaths. One additional death was ruled as coincidental. There are 97 persons hospitalised, with seven of them listed as critical. https://***jT', '-']",tweet_B,-,retweet
t2665,u2278,2022-02-12 12:25:53+00:00,Covid,a***d,Substantial risk of cardiovascular disease in the one year after COVID-19 infection https://***eu,"['Substantial risk of cardiovascular disease in the one year after COVID-19 infection https://***eu', 'Es posible que alguna persona haya acudido a vacunarse sin saber que estaba contagiado de COVID-19. ¿Existe algún riesgo para su salud en estos casos? https://***xl', '#COVID19 മാനദണ്ഡങ്ങൾ കൃത്യമായി പാലിക്കുക #fightagainstcovid ശക്തമാക്കുക #IndiaFightsCorona https://***Wu', '-']",-,content_A,post
t3169,u1030,2022-02-20 03:02:36+00:00,Covid,J***e,-,"['#COVID19 : Es fundamental priorizar el fortalecimiento del sistema sanitario en su conjunto y, con prudencia, plantear un cambio de estrategia: https://***Ae', 'Der #Bundesrat hebt die Massnahmen gegen das #Coronavirus fast komplett auf. Alte #Gewohnheiten dürften nun bald zurückkehren, so eine Expertin. https://***rl', 'Descubren cómo la obesidad es un factor de riesgo para sufrir covid grave https://***0u @C***N #COVID19', '-']",tweet_B,-,retweet
t3784,u0341,2022-03-03 17:41:12+00:00,Covid,N***s,"In a memo to all 32 teams on Thursday, the NFL and NFLPA announced that they are suspending all COVID-19 protocols immediately. https://***sB","['In a memo to all 32 teams on Thursday, the NFL and NFLPA announced that they are suspending all COVID-19 protocols immediately. https://***sB', 'The COVID-19 pandemic, homelessness, and the economy are top of mind for Latinos in Los Angeles County, new poll finds. (health care costs, crime, education also concern but further down) @r***a https://***e5 https://***Um', '""Women working in the Bangladesh garment industry have been heavily affected by the COVID-19 pandemic"" @S***C research carried out by @U***l &amp; @t***h (funded by @a***s) featured in Fashion Manuscript via @M***b Read more 👇 https://***C6', '-']",-,content_A,post
t0710,u0466,2020-08-06 03:41:09+00:00,Covid,G***R,COVID-19 Severity Linked to Coagulation Dysfunction and Ancient Branch of Immune System https://***3l via @G***o @G***R Soliciting researches on Anatomy of #COVID19: #genetics and #Molecular Approach Visit: https://***EE,"['Tackling a triple threat in 🇰🇪 together from Turkana to Kisumu. #COVID19KE 🦠 Locusts 🦗 Flooding 🌊 Fantastic Kenyans like @a***r in Nairobi’s very own @i***d are helping to build strength against future shocks #ClimateAction https://***sA', 'COVID-19 Severity Linked to Coagulation Dysfunction and Ancient Branch of Immune System https://***3l via @G***o @G***R Soliciting researches on Anatomy of #COVID19: #genetics and #Molecular Approach Visit: https://***EE', 'Thrilled to have my paper ""Misinformation as a window into prejudices: COVID-19 and the information environments in india"" accepted with minor revisions to #cscw2020 . Excited for the opportunities this opens up for an early researcher like me.', '-']",-,content_B,post
t0390,u1055,2020-05-14 16:22:56+00:00,Covid,F***s,The latest article to be published on our journal +Plus explores the future of our cityscapes post-Covid-19. Our Urban Design team sketch three strategies to ensure the survival and continued thriving of London post-lockdown: https://***wY https://***CY,"['🏠 Shelters 📞 Hotlines 📲 Online counseling 👩⚕️ Psychosocial support These services prevent and respond to violence against women and need to be expanded and adapted to the new circumstances. Via @U***n #COVID19 https://***9q', 'The latest article to be published on our journal +Plus explores the future of our cityscapes post-Covid-19. Our Urban Design team sketch three strategies to ensure the survival and continued thriving of London post-lockdown: https://***wY https://***CY', 'Innovation is vital in our national effort as we fight #coronavirus. This is a great step forward 👇 https://***aj', '-']",-,content_B,post
t3014,u0674,2022-02-17 23:12:54+00:00,Covid,o***y,How are you feeling about the #pandemic lately? Let us know. #covid_19 #restrictions #cdc #variants #cdc #germany #unitedstates #bidenadministration,"['Get vaccinated or boosted against #COVID19 at your local college this weekend! #GetTheVax https://***h2', 'How are you feeling about the #pandemic lately? Let us know. #covid_19 #restrictions #cdc #variants #cdc #germany #unitedstates #bidenadministration', '175,000 plus bodies have piled on Johnsons slate for covid alone and his mps still want him to go on. #COVID19 #JohnsonLiedPeopleDied #JohnsonPartiedWhilePeopleDied', '-']",tweet_B,content_B,reply
t2123,u2202,2022-01-11 08:52:18+00:00,Covid,U***h,"Das UZH-Spinoff @M***s hat eine mögliche Behandlung für COVID-19 entwickelt. Die Therapie basiert auf DARPins (designed ankyrin repeat proteins), die ursprünglich im Team von Biochemiker Andreas Plückthun entwickelt wurden. @U***e https://***Km","['Das UZH-Spinoff @M***s hat eine mögliche Behandlung für COVID-19 entwickelt. Die Therapie basiert auf DARPins (designed ankyrin repeat proteins), die ursprünglich im Team von Biochemiker Andreas Plückthun entwickelt wurden. @U***e https://***Km', ""Bioethicist Art Caplan discusses how supporting and encouraging safe behaviors during COVID-19 doesn't include gloating if someone dies after refusing the vaccine or spreading false information. https://***sX https://***aD"", 'How has #COVID19 impacted #WellBeing? Join us on Jan 26 as we discuss the immediate impact of the pandemic on people’s lives in the US and across #OECD countries. Register now ➡️ https://***D4 https://***GQ', '-']",-,content_A,post
t0327,u3199,2020-03-18 15:08:50+00:00,Covid,U***T,"U.S. Special Operators partnered with the Lebanese Armed Forces (LAF) civil affairs team distributed health and hygiene kits to school children across Lebanon, Feb 27-28, 2020. “This came at a critical time as Lebanese schools recently shut down due to COVID-19 scares.” @U***M https://***Yu","['Our campus is implementing these Covid-19 restrictions with immediate effect: https://***yC @N***e @i***a @B***a https://***Yx', 'U.S. Special Operators partnered with the Lebanese Armed Forces (LAF) civil affairs team distributed health and hygiene kits to school children across Lebanon, Feb 27-28, 2020. “This came at a critical time as Lebanese schools recently shut down due to COVID-19 scares.” @U***M https://***Yu', 'Proud to be part of the effort to fight this battle: Like Emergency Medicine Special Forces, Colorado Doctors and Nurses Get Ready To Combat #Coronavirus https://***06', '-']",-,content_B,post
t3414,u1912,2022-02-23 22:52:00+00:00,Covid,a***i,Excessive Freedom sans accountability and disregard to fellow citizens and immigrants is wrong. So is COVID-19 Denialism. #Canada,"['Save $3.00 Off Each Admission to Zoo Miami! https://***n9 Buy tickets online. Due to Covid-19 #ZooMiami capacity it limited and walk-ins are not able to purchase tickets at the gate. #Miami #Coupons #Groupon #CouponCodes #PromoCodes #Deals #Florida #SoFla #Zoo https://***We', 'Excessive Freedom sans accountability and disregard to fellow citizens and immigrants is wrong. So is COVID-19 Denialism. #Canada', 'Partner content — the COVID-19 pandemic has upended traditional ways of working for government departments.@D***h teamed up with @W***y, surveying 130 government decision makers to explore what this digitally-led future looks like. Learn more ⬇ https://***7F', '-']",-,content_B,post
t1830,u1231,2021-09-12 15:39:57+00:00,Covid,S***R,-,"['Informe de la transparencia presupuestaria en tiempos de COVID-19 en #ElSalvador, por @F***g: https://***je #OpenBudgets #Account4COVID', 'These bars show you #COVID19 deaths among different age groups in England as a % of total cases in recent weeks. The higher the bars, the higher the fatality rate. The red bars are unvaccinated people. The dark blue bars are fully vaccinated people. https://***tE', '@s***r Having tested positive for Covid-19 on 31st August and just out of self isolation my answer is YES. This has not gone away.', '-']",tweet_A,-,retweet
t3488,u0433,2022-02-25 16:28:35+00:00,Covid,h***p,"2/14 Improving disease surveillance capabilities for diseases as #COVID19 is just one example of the potential in this field, as new #AI models can be catching and interpreting sounds, comparing them and learning new features simultaneously. https://***Nj","['2/14 Improving disease surveillance capabilities for diseases as #COVID19 is just one example of the potential in this field, as new #AI models can be catching and interpreting sounds, comparing them and learning new features simultaneously. https://***Nj', '¡No te dejes engañar! El #CertificadoCOVID19 se obtiene solo si las personas han sido vacunadas. Puedes obtenerlo sin costo en ➡️ https://***Fc o enviando un WhatsApp al 📲 56 1713 0557. Puedes verificar su autenticidad siguiendo estos pasos. https://***dT', 'Remember to continue following COVID Appropriate behaviour during &amp; after the COVID-19 vaccination. #IndiaFightsCorona #Unite2FightCorona https://***GS', '-']",tweet_B,content_A,reply
t1932,u0361,2021-11-16 09:45:48+00:00,Covid,L***e,New research article&gt; Neutralising antibody titres as predictors of protection against #SARSCoV2 variants and the impact of boosting: a meta-analysis https://***cg #COVID19,"['RT Green Bay Packers activate star QB Aaron Rodgers mere days after Covid-19 diagnosis &amp; subsequent treatment controversy https://***QJ', 'End to end COVID-19 solution for @P***o #HiFiviral https://***TA', 'New research article&gt; Neutralising antibody titres as predictors of protection against #SARSCoV2 variants and the impact of boosting: a meta-analysis https://***cg #COVID19', '-']",-,content_C,post
t2210,u2246,2022-01-22 12:32:02+00:00,Covid,J***k,See more of the research in @J***t linked on @C***N. #COVID19 #JAMANetworkInTheNews https://***j4,"['“The Forever Virus: What scientists say about the future of COVID-19” featuring @u***h Chief Health Officer Dr. @P***i https://***VY', 'See more of the research in @J***t linked on @C***N. #COVID19 #JAMANetworkInTheNews https://***j4', 'Nervous system consequences of COVID-19 https://***53', '-']",-,content_B,post
t2078,u1242,2022-01-04 16:37:36+00:00,Covid,C***I,-,"[""2 Toronto area hospitals declare 'code orange' as Ontario prepares to tighten public health measures | #cdnhealth #covid19 https://***4N"", 'The U.S. Food and Drug Administration has expanded eligibility for booster doses of Pfizer’s COVID-19 vaccine to include adolescents ages 12 to 15. https://***Bd', 'Today, January 4th AR Hospital Assoc Rpt Arkansas has so far identified 574,572 total cases of COVID-19 (1,750 added yesterday). The state has reported 9,221 total deaths (25 added yesterday).', '-']",tweet_A,-,retweet
t1606,u0612,2021-01-12 23:17:52+00:00,Covid,M***n,-,"[""There's still time to register! Are you an @E***y or @G***h student? Want to help create a solution to a COVID-19 related problem AND a chance to win a cash prize? Register for the HACK COVID-19 hackathon! Learn more and register now! &gt;&gt; https://***xA https://***80"", 'Over 700,000 patients in England may be unable to get to face-to-face appointments because their #GPs are at high risk from #Covid19, a report from the Health Foundation has said. Via @b***t https://***BG #GPWellBeing https://***Ng', 'The COVID-19 pandemic has forced governments to make difficult choices that affect the health, wealth and freedoms of their populations. A @N***e Comment article argues the case for making these decisions in a transparent and inclusive manner. https://***Ds https://***uS', '-']",tweet_A,-,retweet
t2755,u1131,2022-02-14 17:20:00+00:00,Covid,g***r,"Merci @v***n pour le soutien continu de #TeamEurope à #COVAX, avec un engagement pour augmenter son financement et les dons de doses de #vaccin contre la #COVID19 en Afrique 💉https://***3B","['A few sips of love https://***ne #NewsPaper #Breakingnews #Indiapolitics #AndhraPolitics #NewsFeed #IndiaCovid #coronavirusoutbreak New Delhi, Feb 12 (IANSlife) Romance is in the air, and a little tipple helps to calm the nerves and get in the mood. These cocktails...', 'Merci @v***n pour le soutien continu de #TeamEurope à #COVAX, avec un engagement pour augmenter son financement et les dons de doses de #vaccin contre la #COVID19 en Afrique 💉https://***3B', '#Veracruz: Semáforo #COVID19 del 7 al 20 de febrero, siete municipios en rojo https://***2b #Verfollow #Xalapa #Tuxpan #Coatzacoalcos #Pánuco #Coatepec #Córdoba #Orizaba #Perote #Alvarado #BocaDelRío #PozaRica #Álamo #Papantla #Tantoyuca #Misantla #Minatitlán #Cardel', '-']",-,content_B,post
t2817,u2239,2022-02-15 13:02:30+00:00,Covid,W***s,How to talk about the #skills you learned during the #pandemic https://***va via @s***c,"[""Find out how our partners at @i***o are working to help #smallbusinesses thrive in a global economy that's still suffering the effects of the COVID-19 pandemic. 🌎 https://***fN"", ""#SuperExclusive #BTS's #V Tests Positive For Covid-19!! #BollywoodSpy 🕵️ #KoreanUpdates #BTS https://***3A"", 'How to talk about the #skills you learned during the #pandemic https://***va via @s***c', '-']",-,content_C,post
t2676,u1123,2022-02-12 22:25:00+00:00,Covid,c***s,#Covid #booster #efficacy #wanes significantly by fourth month: US study. https://***FM #vaccine #Covid19,"['#Covid #booster #efficacy #wanes significantly by fourth month: US study. https://***FM #vaccine #Covid19', '""A MIRACLE"": A Kingwood mother of five survived COVID-19, three strokes and a heart attack while pregnant and delivered a baby boy, who is now named after a doctor who had faith she would make it during her four-month hospitalization. https://***og', 'Kasus terkonfirmasi positif COVID-19 di Bandung Raya kembali mengalami penambahan. Penambahan kasus terbanyak masih didominasi dari Kota Bandung. https://***Tn', '-']",-,content_A,post
t3782,u1206,2022-03-03 16:39:57+00:00,Covid,c***o,"📣Calling all bookworms📚 #TeamToronto has launched #VaxAndRead - a new campaign to bring #COVID19 vaccine clinics to @t***y branches until March 16. ✅Pfizer &amp; Moderna avail ✅1st, 2nd, 3rd &amp; child doses ✅ Walk-ins only Locations &amp; hours: https://***xM https://***fd","['More than 229 million construction workers may benefit from the new @i***o code of practice on safety and health in the sector, particularly in countries where construction is contributing to the post-#COVID19 recovery. 👷♀️ Read more ⤵️ https://***QK', '📣Calling all bookworms📚 #TeamToronto has launched #VaxAndRead - a new campaign to bring #COVID19 vaccine clinics to @t***y branches until March 16. ✅Pfizer &amp; Moderna avail ✅1st, 2nd, 3rd &amp; child doses ✅ Walk-ins only Locations &amp; hours: https://***xM https://***fd', 'Four of the nine people who died with COVID-19 were from south-western Sydney, three people were from Western Sydney, one person was from Sydney’s Inner West, and one person was from the Shoalhaven region. NSW Health expresses its sincere condolences to their loved ones.', '-']",-,content_B,post
t3079,u2519,2022-02-18 21:51:13+00:00,Covid,T***r,-,"['[JOURNAL] #COVID19 #appli #applicationmobile #confinement La cellule de crise anti-COVID-19 a annoncé aujourd’hui que les autorités mettraient fin à la gestion basée sur l’application « Protection sanitaire pour l’auto-confinement ». 👁️🗨️ Lire sur https://***LM https://***3g', '¡Muy buenos días! Acompáñanos a la conferencia diaria de actualización de casos #COVID19 y jornada de vacunación en #Durango Ya estamos #EnVivo, los invito a seguir la transmisión a través de https://***mW #NoBajesLaGuardia #Vacúnate✌🏻 #PrevenirEsVivir', ""R_eff in Greater Sydney vs rest of New South Wales: Greater Sydney: R_eff = 0.69 ± 0.05 NSW excluding Greater Sydney: R_eff = 0.74 ± 0.06 (Cases shown on a log scale) (note region-specific data is several days old, does not include today's cases) #covid19nsw #covidsydney https://***MK"", '-']",tweet_B,-,retweet
t2298,u1816,2022-01-31 15:13:31+00:00,Covid,A***n,My article: Israel's global #coronavirus diplomacy 🇮🇱😷🎩 https://***GO,"['So... Who in the Chicago media is going to cover the LEAKED HOSPITAL DATA my team received? Check it out! A whopping 59% of Adult #COVID19 positive inpatients are either Vaccinated w/ No Boost or Vaccinated &amp; Boosted! ReTweet to the reporters you think will investigate. #Twill https://***X5', ""My article: Israel's global #coronavirus diplomacy 🇮🇱😷🎩 https://***GO"", 'Ragon Steering Committee member Dan Barouch and colleagues have shown that cellular immunity conferred by COVID-19 vaccines still helps protect against severe disease caused by Omicron. @B***h @N***e Read the press release here: https://***gy', '-']",-,content_B,post
t2323,u1974,2022-02-01 19:36:34+00:00,Covid,S***n,"Graham Nash accused Joe Rogan of spreading Covid-19 misinformation, while India Arie said she opposes the language the podcaster uses around race. https://***gX","['Call after call tonight in the ICU for patients really sick with #COVID19 with a smattering of vaccine hx (unvaccinated, 1 dose, 2 doses/nonboosted) vaccine hx is a part of the HPI to help me predict how sick they will get!! #GetVaccinatedNow #GetBoostedNow #ScienceSunday', '~come see the first event I helped plan! 📈📺~ Watch Economy Disrupted at 1pm ET / 10am ET as @C***n hosts Governor Lou Leon Guerrero of Guam to discuss the island’s response and recovery to Covid-19, supply chain disruptions, and climate change: https://***8o', 'Graham Nash accused Joe Rogan of spreading Covid-19 misinformation, while India Arie said she opposes the language the podcaster uses around race. https://***gX', '-']",-,content_C,post
t3628,u0486,2022-02-28 20:24:52+00:00,Covid,B***7,"#COVID19 ist nicht weg, obwohl #Putin gerade einen #Krieg gegen die #Ukraine führt. #Covididioten #QuerdenkerSindTerroristen #SARSCoV2 https://***Xl","['NEWS: LOONA Haseul, Yeojin, Vivi confirmed COVID-19 positive will cease activities; waiting on results for other members. LOONA will not attend Queendom 2 round 1 filming today. #kpopnews https://***T8', 'A las 16:00 horas se llevará a cabo la videoconferencia sobre el panorama epidemiológico de #coronavirus en #Morelos. A través de la cuenta de twitter @G***s y vía facebook en Gobierno Estado de Morelos https://***xe', '#COVID19 ist nicht weg, obwohl #Putin gerade einen #Krieg gegen die #Ukraine führt. #Covididioten #QuerdenkerSindTerroristen #SARSCoV2 https://***Xl', '-']",-,content_C,post
t0340,u1681,2020-03-28 05:42:25+00:00,Covid,g***s,"California, for the first time starts reporting critical statewide #COVID19 hospitalization rates. Per @G***m today, ""746 people COVID-19 hospitalized pts, 200 in ICUs. 4,180 people in hospitals are awaiting COVID results."" CA DOH must report new hospitalizations daily!","['STOP COVID-19 - Special Prayer for those infected with the Corona Virus https://***VA via @Y***e', 'California, for the first time starts reporting critical statewide #COVID19 hospitalization rates. Per @G***m today, ""746 people COVID-19 hospitalized pts, 200 in ICUs. 4,180 people in hospitals are awaiting COVID results."" CA DOH must report new hospitalizations daily!', 'Ethiopia #COVID19 Status update የኢትዮጵያ የኮሮና ቫይረስ ሁኔታ መግለጫ https://***fZ', '-']",-,content_B,post
t2620,u1747,2022-02-11 00:18:03+00:00,Covid,A***l,-,"['Giving her remarks, UNDP Turkey Resident Representative Louisa Vinton said: “Poverty and vulnerability levels remain very high among refugees, exacerbated by COVID-19, as does unemployment and informal employment, including within the host communities.” https://***IV', 'Yes, we are back but with caution. How? Read: https://***v4 #WeMeanToClean #CleanDelhi #SwachhBharat #AirPollution #DelhiPollution #DelhiAirPollution #DelhiAirEmergency #DelhiAirQuality #DelhiChokes #Green #Trees #Afforestation #ClimateAction #Covid19 #WMTCBlog https://***rK', '🌞 Good Morning Montgomery County! @M***c Marc Elrich will provide #COVID19 updates at his weekly media briefing TODAY. 📺 Watch live at 12:15 p.m. on Facebook and @C***o. i ➡ https://***mt https://***2S', '-']",tweet_B,-,retweet
t3593,u1053,2022-02-28 03:00:19+00:00,Covid,W***c,"#Malaysia 🇲🇾 is expected to be on the recovery path in 2022. However, it should not let its guard down. New #COVID19 outbreaks, global economic slowdowns, and rising costs of living could all impact recovery in the year ahead. Read more here: https://***mw https://***mO","['#Malaysia 🇲🇾 is expected to be on the recovery path in 2022. However, it should not let its guard down. New #COVID19 outbreaks, global economic slowdowns, and rising costs of living could all impact recovery in the year ahead. Read more here: https://***mw https://***mO', ""Ghaly says he doesn't have the interactions or conversations with teacher's unions when asked how much of a role they play in this type of decision. He says the two weeks are important because the administration sees California's covid-19 numbers dropping even further."", 'Muertes diarias por COVID-19, Región Metropolitana, Chile 28/02/2022 #GraficoCovid010 #Covid19Chile https://***OO', '-']",-,content_A,post
t1797,u2795,2021-07-24 08:07:16+00:00,Covid,K***s,"Submission covid19 edcucation analysis, clustering and PCA to task Time for analysis by Tetsuya Sasaki has been accepted #kaggle https://***qD","['Frammer, Nature, 2020 ""SARS-CoV-2 vaccines in development"" This is a nice review paper on coronavirus 2 (SARS-CoV-2) vaccine development😉 https://***RK #COVID19Vaccine #Covid_19 #SARS_CoV_2 #coronavirus', 'Vacunas para los venezolanos Vacunas para los venezolanos Vacunas para los venezolanos Vacunas para los venezolanos Vacunas para los venezolanos Vacunas para los venezolanos Vacunas para los venezolanos Vacunas para los venezolanos ¡Todos contra el Covid-19!', 'Submission covid19 edcucation analysis, clustering and PCA to task Time for analysis by Tetsuya Sasaki has been accepted #kaggle https://***qD', '-']",-,content_C,post
t3056,u1486,2022-02-18 15:35:01+00:00,Covid,W***R,"If you test positive for COVID-19: *Stay home &amp; monitor your symptoms. *Separate yourself from others &amp; use a different bathroom if possible. *Wear a well-fitting mask when around others. *Use fever-reducing medication when indicated, stay hydrated, &amp; get plenty of rest. https://***PB","['Patients in the famotidine group had faster resolution of 14 of 16 symptoms assessed in the study, including loss of smell and taste, difficulty breathing and abdominal pain. Read More: https://***4r #COVID19 #Antacid #treatment https://***Z1', 'കൊവിഡ് മുക്തമായ രാജ്യങ്ങളുടെ പട്ടിക പുറത്ത് വിട്ട് ലോകാരോഗ്യ സംഘടന: പട്ടിക ഇങ്ങനെ #world #india #who #coronavirus #coronavirusvaccine #omicron #covid19 # https://***ID', 'If you test positive for COVID-19: *Stay home &amp; monitor your symptoms. *Separate yourself from others &amp; use a different bathroom if possible. *Wear a well-fitting mask when around others. *Use fever-reducing medication when indicated, stay hydrated, &amp; get plenty of rest. https://***PB', '-']",-,content_C,post
t2600,u3128,2022-02-10 17:45:25+00:00,Covid,Y***_,"Finanzas con sentido común : Importadores y exportadores, sustentable y sosteni... https://***v3 #blog #blogger #Comercio #Exportacion #Importacion #Globalizacion #BM #CEPAL #EEUU #PaisesBajos #Pandemia #Economia #Sustentable #Sostenible #COVID19 #Ecologico #Europa","['Finanzas con sentido común : Importadores y exportadores, sustentable y sosteni... https://***v3 #blog #blogger #Comercio #Exportacion #Importacion #Globalizacion #BM #CEPAL #EEUU #PaisesBajos #Pandemia #Economia #Sustentable #Sostenible #COVID19 #Ecologico #Europa', '""Americans are miserable. They\'re more miserable than they have been in half a century."" -- Survey shows Americans ""miserable"" over #COVID19 pandemic, economy: Business Insider https://***mR https://***Tf', 'Because their incomes 💰 haven’t recovered, workers need support for: ✅immediate material needs ✅business capital ✅support to cover expenses Read more of our learnings during the #COVID19 pandemic in 2021👇🏽 https://***Tp', '-']",-,content_A,post
t0313,u2628,2020-03-07 11:04:26+00:00,Covid,G***h,Second confirmed case of COVID-19 in South Africa. https://***3p,"['Second confirmed case of COVID-19 in South Africa. https://***3p', ""650 people are diagnosed with bubonic plague each year. Even though it's easily curable with antibiotics, I'd still shit myself more if I was told I had that than Covid-19."", 'What happens when the medics treating coronavirus get it? One doctor combating Covid-19 thinks contingency plans need to be made for the inevitable. https://***3C', '-']",-,content_A,post
t2540,u2758,2022-02-09 20:19:10+00:00,Covid,I***H,IDPH Director Dr.Ngozi Ezike joins Governor JB Pritzker for a COVID-19 update. https://***9b,"['4) 大阪:医療機関で患者・職員あわせて70人のクラスター 5) 東京都:10歳未満の患者が8日間で2.1万人 6) 瑶子さま:COVID-19肺炎発症の中等症で棟第病院に転院 7) イタリア:屋外でのマスク着用義務を撤廃 8) 香港:感染拡大で規制強化」同氏 https://***zu', 'IDPH Director Dr.Ngozi Ezike joins Governor JB Pritzker for a COVID-19 update. https://***9b', ""📣 Join @C***t on 2/10 at 11:30 am ET for an informative webinar addressing #COVID19 #vaccine questions. Hear directly from the @C***r, @F***R's Dr. Peter Marks, and @C***v’s Dr. Sara Oliver. RSVP to secure your spot: https://***P."", '-']",-,content_B,post
t1673,u3155,2021-03-12 12:48:15+00:00,Covid,S***a,"#COVID19 के लगातार बढ़ते मामलों के बावजूद लोगों की लापरवाही परेशान करती है। प्लीज़... मास्क ज़रूर पहनें, सैनिटाइज़ेशन का ध्यान रखें!! #StaySafe #stayathome #Corona","['Could a glass of wine diagnose long COVID? https://***DA #Conditions #COVID19coronavirus via @k***d', 'The Grim Reaper just keeps on reaping, sad to say. I have lost another friend. I got a phone call from a friend to tell me that our mutual friend Dr. Michael Engelberg had died. He was a victim of Covid-19, one of the half million we have lost. https://***8E https://***fe', '#COVID19 के लगातार बढ़ते मामलों के बावजूद लोगों की लापरवाही परेशान करती है। प्लीज़... मास्क ज़रूर पहनें, सैनिटाइज़ेशन का ध्यान रखें!! #StaySafe #stayathome #Corona', '-']",-,content_C,post
t2472,u1000,2022-02-08 11:59:59+00:00,Covid,a***0,Así llegó la ivermectina a enfermos de COVID-19 en la CDMX https://***zf vía @p***o,"['@J***n @E***z If there was no pandemic or fire at the Japan Chip Making Facility (@D***3) and we just had more money in our pockets what would inflation be? 2.7% 3.1% ??? Likewise, what would inflation be if we did not have money to burn but had COVID19 and chip shortages? Probably 1.1%', 'Así llegó la ivermectina a enfermos de COVID-19 en la CDMX https://***zf vía @p***o', '¿No te has enfermado de #COVID19? 🦠 Acá una posible razón de tu superpoder. 😮 https://***0K', '-']",-,content_B,post
t3487,u2927,2022-02-25 15:59:38+00:00,Covid,A***i,No. of #COVID19 #Tests in #Ontario : - Tests reported: 21550 (21449 yesterday) - Under investigation: 5749 - Tests processed by labs: 22676 (22350) - Percentage of tests that came back positive: 9.8% https://***WA https://***Kn,"['No. of #COVID19 #Tests in #Ontario : - Tests reported: 21550 (21449 yesterday) - Under investigation: 5749 - Tests processed by labs: 22676 (22350) - Percentage of tests that came back positive: 9.8% https://***WA https://***Kn', '🔬 El estudio de la cohorte americana de adultos mayores de 65 años (n=37.379), publicado en abierto en #Neurology, demuestra que el riesgo relativo de sufrir un #ictus en los 3 primeros días tras #COVID19 se multiplica por 10 en pacientes entre 65-74 años https://***bh', 'Vitam D &amp; Mg replacement therapy in elderly patients is known to redu risk of nonvertebral fractures, overall mortality, &amp; incidence of Alzheimer dementia. Some magnesium rich foods inclu almonds, &amp;spinach. Vitam D defic is assoc w/ higher risk of COVID-19 hospitalization. RT', '-']",tweet_A,content_A,reply
t1924,u0500,2021-11-10 01:56:09+00:00,Covid,Y***s,Check out our second year fellows @g***k ‘s paper on the emergence of a remdesivir mutation in an immunocompromised patient with a prolonged #COVID19 infection https://***Z9,"['Check out our second year fellows @g***k ‘s paper on the emergence of a remdesivir mutation in an immunocompromised patient with a prolonged #COVID19 infection https://***Z9', '#ICYMI, @U***A has authorized the Pfizer #COVID19 vaccine for children aged 5-11. Do your part to protect your family and community by getting yourself and your children, ages five years and older, vaccinated against COVID-19. Learn more: https://***bJ #wecandothis https://***MS', ""#ASA2022 Section on Methodology has three great sessions planned. I'm organizing one on the methodological challenges and opportunities presented by the pandemic. Time series, field work, comparative: COVID-19 impacted it all. How are folks dealing with it? Share your work! https://***YA"", '-']",-,content_A,post
t1803,u1870,2021-08-04 05:49:44+00:00,Covid,e***G,"School closures during the COVID-19 pandemic have reinforced existing social inequalities as not all families have had sufficient skills, resources or time to assist children with remote learning. Up-to-date research reviewed by Darmody, Smyth and Russell: https://***8q","['School closures during the COVID-19 pandemic have reinforced existing social inequalities as not all families have had sufficient skills, resources or time to assist children with remote learning. Up-to-date research reviewed by Darmody, Smyth and Russell: https://***8q', '""Today, the President will announce that the U.S. has now donated and shipped more than 110 million doses of its COVID-19 vaccines to more than 60 countries.""https://***5Y', 'The COVID-19 pandemic has resulted in a rise in poaching across Africa as wildlife rangers are stretched to the limit, causing alarm and worry for activists and conservationists. @C***A https://***XW', '-']",-,content_A,post
t3841,u1268,2022-03-04 16:55:27+00:00,Covid,C***m,🔴 #ÚltimaHora: Autoridades de #CDMX presentan el informe de la evolución de la epidemia de #covid19 y detalles de las jornadas de vacunación. 📷: Cuartoscuro https://***n8,"['🔴 #ÚltimaHora: Autoridades de #CDMX presentan el informe de la evolución de la epidemia de #covid19 y detalles de las jornadas de vacunación. 📷: Cuartoscuro https://***n8', ""(URGENT) S. Korea's daily COVID-19 cases surpass 200,000 for 1st time https://***js"", '#Breaking | திருமணம், துக்கம் சார்ந்த நிகழ்ச்சிகளுக்கான கட்டுப்பாடுகளில் தளர்வுகள்...!!! #Tamilnadu | #CoronaRestriction | #CoronaCurfew | #TamilNews | #TNGovt | #Covid19 | #updatenews360 | https://***Ll https://***4v', '-']",-,content_A,post
t2329,u1606,2022-02-02 01:20:07+00:00,Covid,Q***e,Denmark has ended Covid-19 restrictions and has reclassified the virus as a disease that no longer poses a threat to society. Residents have mixed feelings about the decision https://***7y,"['On January 26, 1,698,840 doses of #COVID19 vaccines donated by the United States through #COVAX arrived in Laos (@u***e). We know that COVID-19 vaccines are safe, effective &amp; reduce the risk of transmitting the virus. https://***8j', 'Denmark has ended Covid-19 restrictions and has reclassified the virus as a disease that no longer poses a threat to society. Residents have mixed feelings about the decision https://***7y', 'What is the #Omicron subvariant BA.2, and what do I need to know about it? MSK expert Dr. @E***y, Director of MSK’s Clinical Microbiology Service, answers your questions. #COVID19 https://***Bf', '-']",-,content_B,post
t2036,u0342,2021-12-21 17:11:45+00:00,Covid,N***h,"Cuba has vaccinated most against Covid-19, more than most large, rich countries https://***Ng","['Physician, sociologist and author Nicholas Christakis believes the enormous impact of COVID-19 is something we have yet to grasp. @h***i @N***s https://***25', 'Cuba has vaccinated most against Covid-19, more than most large, rich countries https://***Ng', 'David Moyes provides a West Ham Covid-19 update and expresses his desire to win a trophy in his pre-match press conference ahead of facing Tottenham in the much anticipated Carabao Cup quarter-final. (via @A***3) #COYI #WHUFC #CarabaoCup https://***Vw', '-']",-,content_B,post
t3274,u1126,2022-02-21 18:11:55+00:00,Covid,D***S,-,"['#AlEstiloJuliana | Minsa indicó que se priorizará este refuerzohttps://***na', '#ATENCIÓN📢 Estos son los puntos habilitados para la vacunación💉 contra el covid-19 durante este lunes 21 de febrero en Bogotá. ✅Acude teniendo en cuenta las medidas de bioseguridad⬇️ https://***qf', 'The COVID-19 booster helps give you longer-term protection against getting seriously ill from #COVID19. Book an appointment online or go to your nearest walk-in site. ➡ https://***f2 https://***Sx', '-']",tweet_C,-,retweet
t2532,u2193,2022-02-09 17:05:03+00:00,Covid,e***e,New findings suggest monitoring COVID-19 patients for signs of inflammation could help identify those at risk of long-term lung problems. https://***8q https://***ZH,"[""Statistics Canada to detail first findings from last year's COVID-19 pandemic census https://***Xn"", 'En el último mes han sido reportadas 8,366 muertes por #COVID19 en #México detectadas por la @S***x Durante toda la #pandemia, la cifra de fallecimientos por esta enfermedad es de 309,752 https://***HI https://***Ua', 'New findings suggest monitoring COVID-19 patients for signs of inflammation could help identify those at risk of long-term lung problems. https://***8q https://***ZH', '-']",-,content_C,post
t3686,u2790,2022-03-02 05:05:06+00:00,Covid,r***1,"HYDERABAD IS NEW ADDRESS FOR ULTRA WEALTHY POPULATION After Mumbai, Hyderabad boasts of highest number of ultra-rich Despite #pandemic, India's #ultrarich population up 11% Despite #Covid19, the number of #ultrahighnetworthIndiv…https://***pB https://***p2","[""HYDERABAD IS NEW ADDRESS FOR ULTRA WEALTHY POPULATION After Mumbai, Hyderabad boasts of highest number of ultra-rich Despite #pandemic, India's #ultrarich population up 11% Despite #Covid19, the number of #ultrahighnetworthIndiv...https://***pB https://***p2"", 'YES @P***S! Some say we have to live with COVID-19, but we need to continue to battle this virus like we do other viruses... “Because this virus mutates and spreads, we have to stay on guard” #SOTU', 'The more of us who are vaccinated, the safer our community will be. We’ve added 2 weekly COVID-19 vax clinics! Call 503.988.8939 for an appt or drop in: Wed @ Gateway WIC Clinic 11am-6:30pm Sat @ NE Health Clinic 9am-4:30pm See https://***3X for details &amp; more options', '-']",-,content_A,post
t2050,u2449,2021-12-23 22:03:16+00:00,Covid,h***l,-,"['New #Tableau viz showing recently released @C***v data on COVID-19 Case and Death Rates based on Vaccination status. Those who have gotten the booster are 9.4 times less likely to get COVID-19 and are 61 times less likely to die from the disease. Link: https://***Df https://***Eh', 'Waiting times for Covid-19 tests are growing again as demand surges before the holidays and the Omicron variant spreads https://***zn', '!!️ EMA’s regular press briefing on #COVID19 vaccines and treatments will be broadcast live 🔴 today, 21 December, from 13:30 to 14:15 CET. #EMAPresser 👉https://***rb https://***XI', '-']",tweet_C,-,retweet
t2263,u2955,2022-01-27 16:10:16+00:00,Covid,D***A,State COVID-19 Vaccination update as on (27th January 2022) @P***a @M***A @C***a @m***r @C***a @K***e @V***i @d***c @d***l @D***s @h***i @W***g @D***s @B***A @K***e @P***u https://***1l,"['State COVID-19 Vaccination update as on (27th January 2022) @P***a @M***A @C***a @m***r @C***a @K***e @V***i @d***c @d***l @D***s @h***i @W***g @D***s @B***A @K***e @P***u https://***1l', 'Epidemic Dreams: Why were our dreams during the pandemic weird? Computer analysis unearthed buried psychological reactions to the COVID-19 pandemic. // @R***g paper https://***X6 // Blog: https://***6N #nlp #deeplearning #networkscience https://***6y', 'Brilliant! Compelling reasons to get your booster COVID-19 vaccine Book an appointment today! https://***2i', '-']",-,content_A,post
t2201,u1376,2022-01-21 18:23:08+00:00,Covid,T***e,New2Trip: Equivalency of Protection From Natural Immunity in COVID-19 Recovered Versus Fully Vaccinated Persons: Systematic Review &amp; Pooled Analysis https://***ov,"['Two years ago, the first COVID-19 case was confirmed in the US. Happy anniversary, pandemic? 😐', 'The #Maricopa County Library District will be giving out FREE AT-HOME RAPID COVID-19 test kits tomorrow (Wednesday, Jan. 19) at 11 locations starting at 10 a.m. Info here: https://***kY', 'New2Trip: Equivalency of Protection From Natural Immunity in COVID-19 Recovered Versus Fully Vaccinated Persons: Systematic Review &amp; Pooled Analysis https://***ov', '-']",-,content_C,post
t2851,u3168,2022-02-15 18:34:14+00:00,Covid,L***e,"@l***e #Daïanée #Tisserand :"" #Coronavirus : la #réouverture tant attendue des #boîtes de #nuit ,c'est mercredi""""que le port du #masque ne serait plus obligatoire ... à partir du 28 février"" https://***ry","['Back to my second home - #Bangladesh and discussions with impressive #Rohingya community volunteers who have provided essential services in the camps during #COVID19 - they are true heroes! \u2066@U***D\u2069 \u2066@B***d\u2069 \u2066@R***G\u2069 https://***A8', '@l***e #Daïanée #Tisserand :"" #Coronavirus : la #réouverture tant attendue des #boîtes de #nuit ,c\'est mercredi""""que le port du #masque ne serait plus obligatoire ... à partir du 28 février"" https://***ry', 'Testing for COVID-19 During the Age of Omicron | https://***Vb \u2066@A***m\u2069 \u2066@J***o\u2069 \u2066@m***d\u2069 https://***XH', '-']",tweet_B,content_B,reply
t1845,u1914,2021-09-24 13:45:04+00:00,Covid,A***C,New Coalition Put Together By Penn Vet Aiming To Improve ‘National Crisis’ In Pet Care Caused By Pandemic https://***m7 @p***t #veterinary #pandemic #veterinarymedicine,"['New Coalition Put Together By Penn Vet Aiming To Improve ‘National Crisis’ In Pet Care Caused By Pandemic https://***m7 @p***t #veterinary #pandemic #veterinarymedicine', 'Brands like Nike, Amazon, and Asos, have been advertising on websites that spread Covid-19 misinformation and conspiracy theories. Their ads appear to have helped fund websites that host false claims. https://***CH @t***w @h***h @o***h @J***k', 'CHIBE is excited to share our 2020-2021 Annual Report! Find out more about our faculty, projects, COVID-19 and health equity projects, and much more. https://***J0 https://***eT', '-']",-,content_A,post
t0380,u2048,2020-05-04 17:51:16+00:00,Covid,G***I,"For researchers poring over COVID-19 literature, we developed the COVID-19 Research Explorer to help find relevant papers and highlight evidence for complex scientific questions. Learn more about the tool at https://***Yd https://***Kg","['RSVP/RT: T. 5/5 at 7pm ET is a virtual townhall on inequities #Latino students &amp; educators are facing as a result of #COVID19 w/ @N***y President @L***A, @L***C, @N***C &amp; @H***_. https://***q9 @N***s #EdJustice #NEALatinos #YoMeQuedoEnCasa #latism', 'For researchers poring over COVID-19 literature, we developed the COVID-19 Research Explorer to help find relevant papers and highlight evidence for complex scientific questions. Learn more about the tool at https://***Yd https://***Kg', 'Fiona Fox Blog: Does COVID-19 need a different kind of journalism? https://***DM', '-']",-,content_B,post
t3745,u1067,2022-03-03 00:16:54+00:00,Covid,1***s,"📣 Latest dispatch from our movement partners, @f***h: ""Women in the Frontlines: Rebuilding a Just Society Post COVID-19"". #WomensHistoryMonth https://***F2","['Coronavirus Covid-19 World Map for New Cases per 1 million of citizens 2/28/2022 More insights: https://***Nl #coronavirus #COVID19 #COVID2019 #COVID2020 #COVID19Pandemic #CoronaUpdate #CoronavirusOutbreak #Covid19usa #Covid_19 #corona #covid19us #covid19uk https://***Ap', 'States are scrambling to use stockpiles of COVID-19 vaccine doses before they expire and have to be added to the millions that have already gone to waste. https://***3x', '📣 Latest dispatch from our movement partners, @f***h: ""Women in the Frontlines: Rebuilding a Just Society Post COVID-19"". #WomensHistoryMonth https://***F2', '-']",-,content_C,post
t3380,u0337,2022-02-23 13:25:29+00:00,Covid,S***o,"#Coronavirus: da domani, 24 febbraio, saranno disponibili le prenotazioni per la quarta dose per i soggetti estremamente vulnerabili indicati del @M***e. Tutte le informazioni su: https://***Jo Prenotazioni su: https://***LV #SaluteLazio https://***50","['When your world is closed off due to #quarantine, enter a WHOLE NEW universe ... the #evouniverse. https://***1p #QuarantineAndChill #read #ShamelessSelfPromo #authors #QuarantineActivities #mustread #superhero #scifi #kindle #ebook #ShopBlack #ReaderCommunity https://***SD', ""Thinking Outside the Room: An Innovation Saved Time and PPE During the Pandemic - one med center's use of an IV pump relocation practice in response to COVID-19—and how nurses addressed concerns for safety and efficacy. https://***hy"", '#Coronavirus: da domani, 24 febbraio, saranno disponibili le prenotazioni per la quarta dose per i soggetti estremamente vulnerabili indicati del @M***e. Tutte le informazioni su: https://***Jo Prenotazioni su: https://***LV #SaluteLazio https://***50', '-']",-,content_C,post
t2126,u0303,2022-01-11 15:05:27+00:00,Covid,E***s,"EU citizens should complete their primary vaccination with one of the #COVID19vaccines authorised in the 🇪🇺 Those who have done so, should get a booster shot now. #EMAPresser","['EU citizens should complete their primary vaccination with one of the #COVID19vaccines authorised in the 🇪🇺 Those who have done so, should get a booster shot now. #EMAPresser', ""Moderna CEO pushes for second #COVID-19 booster shot, but doctors aren't yet convinced it's necessary https://***2U https://***YW"", ""“We have remarkable tools &amp; if we use them appropriately, we can control this virus” -@R***t speaking w/ @N***y's @b***n. He, @c***r @Z***l @d***s @l***o @m***m discussed living with #COVID19 in @J***t: https://***0i https://***LY"", '-']",tweet_A,content_A,reply
t1837,u0510,2021-09-19 14:48:26+00:00,Covid,a***f,"A Palestinian health worker collects a swab sample from a person for Covid-19 test, at a temporary vaccination centre set up, in Deir al-Balah in the center of #Gaza Strip on September 19, 2021. Photo by Ashraf Amra https://***1E","['A Palestinian health worker collects a swab sample from a person for Covid-19 test, at a temporary vaccination centre set up, in Deir al-Balah in the center of #Gaza Strip on September 19, 2021. Photo by Ashraf Amra https://***1E', '+++ FDA panel votes against COVID-19 booster recommendation @m***i #COVID19 #Pfizer', 'Vereador que tentou desobrigar uso de máscara morre de covid-19 aos 34 anos https://***Re', '-']",-,content_A,post
t2052,u2577,2021-12-24 20:10:05+00:00,Covid,D***E,#Coronavirus (COVID-19) Update: #FDA Authorizes First Oral #Antiviral for #Treatment of #COVID-19 #omicron #delta #variant #pandemic #surge #vaccine #booster #Paxlovid #Pfizer @U***A @F***r @H***v https://***yA,"[""Due to the #Covid_19 #pandemic 🦠 European prisoners have had to endure isolation, suspended visiting hours, and the cancellation of training and recreational activities. Read @V***p's contribution to our large investigation about Covid and prisons 👇 https://***9P"", '#Coronavirus (COVID-19) Update: #FDA Authorizes First Oral #Antiviral for #Treatment of #COVID-19 #omicron #delta #variant #pandemic #surge #vaccine #booster #Paxlovid #Pfizer @U***A @F***r @H***v https://***yA', ""The best way to protect yourself and your loved ones from getting seriously ill from COVID-19 is to be vaccinated and boosted. If you haven't yet, get vaccinated now: https://***9p If it's been 6 months since your second dose, get boosted: https://***lz"", '-']",-,content_B,post
t2394,u2199,2022-02-04 22:05:03+00:00,Covid,l***h,"LA County Numbers Show High Vaccination Coverage Helped Prevent Avoidable Deaths in Skilled Nursing Facilities -15,427 New Positive Cases and 85 New Deaths Due to COVID-19 in LA County. View: https://***3A https://***qy","['.@N***r has warned NYers to be aware of coronavirus testing #scams related to the federal government’s new #COVID19 test ordering program. Please be on the alert &amp; know that the only website for the free at-home test kits is https://***J. https://***UY', 'LA County Numbers Show High Vaccination Coverage Helped Prevent Avoidable Deaths in Skilled Nursing Facilities -15,427 New Positive Cases and 85 New Deaths Due to COVID-19 in LA County. View: https://***3A https://***qy', 'Children shouldn’t be forced to carry the cost of this pandemic for the rest of their lives. Now, today and before it’s too late children need to be at the heart of the #COVID19 response and recovery.', '-']",-,content_B,post
t2696,u2037,2022-02-13 15:33:54+00:00,Covid,i***t,Já se encontra disponível o Relatório de 13 de fevereiro da Situação Epidemiológica em Portugal da COVID-19. Mais informações em https://***u8 #SejaUmAgenteDeSaúdePública #EstamosOn #COVID19PT #DGS #INSA #InstitutoRicardoJorge #Saúde #SNS https://***Iv,"['Já se encontra disponível o Relatório de 13 de fevereiro da Situação Epidemiológica em Portugal da COVID-19. Mais informações em https://***u8 #SejaUmAgenteDeSaúdePública #EstamosOn #COVID19PT #DGS #INSA #InstitutoRicardoJorge #Saúde #SNS https://***Iv', '[VIDEO] Indian scientists claim to have designed a universal vaccine that can be effective against all variants of the coronavirus! LINK: https://***hv #Covid19 #Omicron #Odisha #IISER https://***KQ', 'COVID-19 update: As at 13 February 2022, Zimbabwe had 231 381 confirmed cases, including 223 133 recoveries and 5 374 deaths. To date, a total of 4 313 783 people have been vaccinated against COVID-19. https://***QV', '-']",-,content_A,post
t3341,u3150,2022-02-22 19:35:02+00:00,Covid,L***0,"In anticipation of the release of the @O***e 2022 Creative Economy Report, we're looking back at some of the highlights from last year’s report, such as the huge impact that the #COVID19 pandemic had on the creative industry. https://***u6","['The levels of protection from your first two doses of the COVID-19 vaccine wane over time. Getting your booster dose improves this protection. Protect yourself and your loved ones. Find your nearest walk-in here 👉 https://***zI Book here 👉https://***aC https://***5M', 'This Thursday: NPC Virtual Newsmaker with @G***D president of @A***n to address the latest on #COVID19 pandemic. Tune into the livestream at 11 AM on 2/24. https://***xo https://***9L', ""In anticipation of the release of the @O***e 2022 Creative Economy Report, we're looking back at some of the highlights from last year’s report, such as the huge impact that the #COVID19 pandemic had on the creative industry. https://***u6"", '-']",-,content_C,post
t0356,u1234,2020-04-09 15:06:57+00:00,Covid,I***p,A promising COVID-19 treatment gets fast-tracked from @H***e @J***s https://***QK by @J***s,"['A promising COVID-19 treatment gets fast-tracked from @H***e @J***s https://***QK by @J***s', 'Dec 2019 all Americans were equally susceptible to COVID-19, somehow Black people in April 2020 are disproportionately contracting the virus and dieing. https://***go', 'Update to our COVID-19 blog: Scalable testing for coronavirus. https://***wJ', '-']",-,content_A,post
t2745,u2705,2022-02-14 13:10:03+00:00,Covid,N***m,"Check out this week’s #NYCTestandTrace #COVID19 testing sites #inBrooklyn. Testing is no cost to you. COVID-19 vaccines are available at select locations. Text ""COVID TEST"" to 855-48 for more info. Hours and locations: https://***Ya https://***ux","['Check out this week’s #NYCTestandTrace #COVID19 testing sites #inBrooklyn. Testing is no cost to you. COVID-19 vaccines are available at select locations. Text ""COVID TEST"" to 855-48 for more info. Hours and locations: https://***Ya https://***ux', ""#COVID19 has magnified both the opportunities and threats of digitisation. #KPMG's recent report explores seven actions that #CISOs should take to help keep organisations resilient and competitive https://***ed | #KPMGCyber #DigitalTrust #cyberinfluencer"", 'The value of trade between #Africa and #China rose by 35% from 2020 to $254 billion last year, mainly due to an increase in Chinese exports to the continent. This is despite last year’s global supply chain challenges and other interruptions caused by the covid-19 pandemic. https://***Re', '-']",-,content_A,post
t1367,u2848,2020-10-31 16:05:49+00:00,Covid,g***e,"La COVID19 larga. He documentado algunas de las evidencias científicas sobre las secuelas y efectos que deja la enfermedad durante meses. Desde la fatiga y disnea, hasta problemas de corazón o cerebro. Agradezco RT. Abro hilo.","['7/Tem tosse, febre, dificuldade em respirar, perda de olfato ou de paladar? Não interessa se é ""época das constipações"", pode ser Covid-19 e pode estar a contribuir para o crescimento exponencial de casos que estamos a ver em Portugal. Contacte o SNS24 ou o seu centro de saúde.', ""We're delivering assistance to Angelenos facing economic hardship during the COVID-19 pandemic. Starting Monday, with our new Early Pay LA program, @L***l will offer a $20 discount on parking citations paid within 48 hours. https://***vi"", 'La COVID19 larga. He documentado algunas de las evidencias científicas sobre las secuelas y efectos que deja la enfermedad durante meses. Desde la fatiga y disnea, hasta problemas de corazón o cerebro. Agradezco RT. Abro hilo.', '-']",-,content_C,post
t2043,u1191,2021-12-23 08:35:51+00:00,Covid,D***g,Die Debatte zur allgemeinen #Impfpflicht nimmt Fahrt auf. Am 7. Januar diskutiert der Bundestag darüber. Alle wichtigen Argumente Pro und Contra hat der #Ethikrat in seiner Stellungnahme differenziert abgewogen. https://***mV #COVID19,"['BREAKING: U.S. authorizes first COVID-19 pill, a Pfizer drug that can be taken at home to reduce hospitalizations, deaths, per AP.', 'Managing the Cost of Fare Collection (COFC) is evolving and in some cases due to the effects from #COVID19, may remove cash payment altogether. Read our Executive Insights: https://***WO #transport https://***wK', 'Die Debatte zur allgemeinen #Impfpflicht nimmt Fahrt auf. Am 7. Januar diskutiert der Bundestag darüber. Alle wichtigen Argumente Pro und Contra hat der #Ethikrat in seiner Stellungnahme differenziert abgewogen. https://***mV #COVID19', '-']",-,content_C,post
t1754,u2482,2021-06-02 08:23:20+00:00,Covid,A***t,"Our @S***n and @s***r, along with @P***C + @C***A as part of the #TQICAlliance discussed supporting #ChildCareInstitutions via #Covid19 emergency preparedness and mental health so that our children have access to the care they deserve. #ChildCare https://***cj","['In the spirit of ""opening up,"" we\'re excited to introduce a new, simple way you can get COVID-19 test kits for your community. Whether you need kits for a one-off event or a recurring testing program, start here —&gt; https://***cB', 'Our @S***n and @s***r, along with @P***C + @C***A as part of the #TQICAlliance discussed supporting #ChildCareInstitutions via #Covid19 emergency preparedness and mental health so that our children have access to the care they deserve. #ChildCare https://***cj', 'Britain in talks with AstraZeneca to combat ‘beta’ COVID-19 variant https://***Em', '-']",-,content_B,post
t3919,u3055,2022-03-07 16:46:23+00:00,Covid,F***y,Friday marks two years since the WHO declared Covid-19 a global pandemic.,"['Friday marks two years since the WHO declared Covid-19 a global pandemic.', 'Por las reducciones del Covid-19 en la ciudad de México, se avanza al semáforo verde https://***1a', ""@c***k I see anti maskers/anti vaxxers as deliberately weaponizing #COVID19 against hospitals, schools and even their own families and friends. I've reluctantly cut them out of my life."", '-']",-,content_A,post
t1089,u1365,2020-09-23 00:15:52+00:00,Covid,E***g,"The Straits Times: World sees record weekly number of Covid-19 cases, deaths down https://***2K via @G***s","['The Indiana State Department of Health has given La Porte County a GREEN community spread level of COVID-19 as of September 20th. Approved activities and Return to School Testing (RST) may continue at this time.', 'The Straits Times: World sees record weekly number of Covid-19 cases, deaths down https://***2K via @G***s', 'The latest Veg(etari)ani Tweettanti! https://***OU Thanks to @V***r #coronavirus #iran', '-']",-,content_B,post
t1950,u0735,2021-11-21 00:33:50+00:00,Covid,C***B,-,"[""FDA authorizes Pfizer and Moderna's Covid-19 boosters for all adults, a move that will make boosters available to everyone ages 18 and up. https://***Tt"", 'Day 2...Light a candle in remembrance of those lives lost to COVID-19. #strengthandlovela https://***SA', '“Make no mistake—COVID-19 is a childhood illness” THE @D***t lays out how all data points to vaccination as the healthiest choice for your child, as these girls proud to have vaccine immunity can tell you! @W***s @W***l @n***l https://***0M https://***BT', '-']",tweet_C,-,retweet
t1996,u2383,2021-12-08 09:05:08+00:00,Covid,O***U,"'European leaders’ approach to #COVID19 is short-sighted and self-defeating. Unless they implement a credible plan to #EndThePandemic everywhere, they will face severe health, economic, and geopolitical consequences' writes @D***r for @e***r.👇 https://***8D","['EL viajero presenta esquema completo de vacunación y antecedente de COVID-19 en marzo 2021. Se realizó test de PCR previo al viaje de regreso a Argentina (adonde arribó vía Estados Unidos) según los protocolos establecidos, con resultado negativo.', ""'European leaders’ approach to #COVID19 is short-sighted and self-defeating. Unless they implement a credible plan to #EndThePandemic everywhere, they will face severe health, economic, and geopolitical consequences' writes @D***r for @e***r.👇 https://***8D"", 'Joining the worldwide campaign to support vaccination of all people. #GetVaccinated against #COVID19! https://***sh', '-']",-,content_B,post
t0727,u1020,2020-08-24 12:23:29+00:00,Covid,f***a,Les conséquences du COVID-19 ont accéléré l'adoption du digital : article de #google avec qqs données intéressantes https://***lf,"['#FRIL, a protein we might soon use to spray on the mask or in nose to trap SARSCOV2. ""When Covid-19 meets FRIL, FRIL holds on to the coronavirus \'crown\' by binding to complex type glycans, interfering and preventing the virus from entering host cells."" https://***Ij', ""The US has the highest overall number of #coronavirus deaths globally. President Trump says the Covid-19 death rate is one of the world's lowest. What does the data show? https://***gq"", ""Les conséquences du COVID-19 ont accéléré l'adoption du digital : article de #google avec qqs données intéressantes https://***lf"", '-']",-,content_C,post
t1784,u2051,2021-07-12 07:08:00+00:00,Covid,H***v,"Prof. Vipin Srivastava, former Professor of Physics and former Pro-VC of @H***v, analyses the pattern of new #Covid19 infections and deaths in the country since July 4 2021 and found that it appeared similar to that of first week of February 2021, when the second wave started. https://***Sk","[""I disagree with Pfizer's call for a booster: - 2 shots already great for preventing severe COVID-19, even due to delta variant - Necessity/ efficacy/ safety of a booster unevaluated - Wrong to extrapolate from flu shots. Entirely different vaccine. Entirely different virus."", 'Prof. Vipin Srivastava, former Professor of Physics and former Pro-VC of @H***v, analyses the pattern of new #Covid19 infections and deaths in the country since July 4 2021 and found that it appeared similar to that of first week of February 2021, when the second wave started. https://***Sk', 'And you can check out the News Feature from @N***e as well! https://***Mv', '-']",-,content_B,post
t1056,u2727,2020-09-19 10:58:29+00:00,Covid,h***r,-,"['Very cool that UN Deputy Secretary-General @A***d is wearing @U***A’s #UNGA75 mask. Protecting against #COVID19 in true #UNGA style! https://***Is', '49% of Americans say they definitely or probably would not get a COVID-19 vaccine if it were available at this time. Intent to get a COVID-19 vaccine has fallen from 72% in May to 51% today. https://***c6 https://***G7', 'People (N=2387) are more Utilitarian in Covid-19 Triage Dilemmas than w/ Trolleys. Why? No effects of period (pre- v. mid-pandemic) or prevalence (low v. high regional infections). Probably due to increased realism. Draft: https://***Q1 #COVID19 #ethics #xphi #validity https://***qw', '-']",tweet_B,-,retweet
t3299,u3154,2022-02-22 07:20:05+00:00,Covid,8***m,Vic eyes NSW pact on COVID-19 iso changes #nationalnews #lafm https://***qY,"['Even after getting vaccinated 💉 against #COVID19, continue to 👇🏽 ✅ #MaskUpWell 😷 ✅ Keep a safe distance ↔️ ✅ Avoid crowded places 🚷 ✅ Stay in well-ventilated places \U0001fa9f ✅ Clean your hands frequently 🧼 ✅ Cough/sneeze into your elbow 💪🏽 #DoItAll to #StopTheSpread https://***1z', '🔴#AHORA| Reporta @S***b que #Tabasco registra 3 defunciones y 96 nuevos casos positivos de #COVID19. |#Noticias |#QuedateEnCasa |#SanaDistancia |#UsaCubrebocas |#LavateLasManos https://***uW', 'Vic eyes NSW pact on COVID-19 iso changes #nationalnews #lafm https://***qY', '-']",-,content_C,post
t1763,u1241,2021-06-15 12:48:05+00:00,Covid,w***a,WU's Institute for Managing Sustainability just released its fith Report on Sustainable Development in the #EU. 📈 It outlines the first effects of the #COVID19 pandemic on the #sustainability progress. Read more here ➜ https://***NG https://***Bs,"[""#COVID19 let's all enjoy an outdoor summer. https://***mg"", 'Murió don Raúl Carvajal por COVID-19, esperando verdad sobre crimen de su hijo militar https://***Lo', ""WU's Institute for Managing Sustainability just released its fith Report on Sustainable Development in the #EU. 📈 It outlines the first effects of the #COVID19 pandemic on the #sustainability progress. Read more here ➜ https://***NG https://***Bs"", '-']",-,content_C,post
t3615,u0211,2022-02-28 15:15:06+00:00,Covid,N***G,Wash your hands regularly to help limit the spread of COVID-19. https://***KA,"['Wash your hands regularly to help limit the spread of COVID-19. https://***KA', 'How is your organization addressing the current business environment, especially #inflation, labor market challenges #COVID19 #vaccination? Participate in our survey today so we can understand your challenges better. https://***NE #FutureofWork https://***lE', 'You can still get your #COVID19 vaccination at a walk-in site without an appointment. This includes: ▶️ first and second doses for people aged 12 and over ▶️ booster doses for people aged 16 and over 🔎 Search for your nearest walk-in site 🔽', '-']",-,content_A,post
t2625,u1174,2022-02-11 01:30:20+00:00,Covid,U***K,"Starting at 6 p.m.! Oakland mayor @L***f is hosting a virtual town hall with our own chief of pediatrics, Dr. @l***c. They'll be discussing what to expect in 2022 &amp; tips to help kids and families fight #COVID19 pandemic fatigue. Watch online (info in the flier below). https://***gJ","['Kangaroo Crew Alphabet Matching Game Online Learning https://***d... ,https://***wg https://***VK https://***oj #COVID19 #Autism #ThursdayMotivation #thursdaymood #loneliness #teachertwitter #EarlyChildhoodDevelopment https://***eZ', 'The National #Budget is rooted in the assumption that the #economy has recovered from the dent inflicted by the #pandemic, however, the statistics beg to differ. @A***7 writes. #Budget2022 https://***pS', ""Starting at 6 p.m.! Oakland mayor @L***f is hosting a virtual town hall with our own chief of pediatrics, Dr. @l***c. They'll be discussing what to expect in 2022 &amp; tips to help kids and families fight #COVID19 pandemic fatigue. Watch online (info in the flier below). https://***gJ"", '-']",-,content_C,post
t1834,u1557,2021-09-15 14:25:43+00:00,Covid,U***s,"UPMC said over the past several weeks, doctors have seen as many as 19 times more unvaccinated #COVID19 patients ages 50 and younger at its hospitals. https://***Oh","[""Legacy continues to limit the number of visitors in our hospitals and clinics. Dr. Seth Podolsky, Legacy's Chief Medical Officer, discusses why this is important for healthcare organizations as the Delta variant increases COVID-19 infections everywhere. https://***WV https://***YB"", 'UPMC said over the past several weeks, doctors have seen as many as 19 times more unvaccinated #COVID19 patients ages 50 and younger at its hospitals. https://***Oh', 'Restaurants, chains grapple with reopening dining rooms as the Delta variant drives rebounds in Covid-19 infections. “The sand is shifting again,” says a restaurateur. https://***wa', '-']",-,content_B,post
t2976,u1178,2022-02-17 11:59:58+00:00,Covid,m***d,"Convalescent Plasma and Survival in Hematologic Malignancy and COVID-19 [Jun 17, 2021] @m***d &amp; @D***n et al. @j***d @D***h @h***r @C***C - @J***c https://***eS #COVID19CP #CCC19 #COVID19nCancer #COVID19 #IDonc https://***sO","[""#Inflation or #guns R problem? garbage #Poverty #1 cause of crime&amp;civil unrest. #FRB is a SCAM run by #criminalbankers of lawless #Debt manipulation. #washington #debt #curse abandons #citizens #humanity won't allow #Healthcare 4ALL #Americans as a civil nation? real #Pandemic"", 'Convalescent Plasma and Survival in Hematologic Malignancy and COVID-19 [Jun 17, 2021] @m***d &amp; @D***n et al. @j***d @D***h @h***r @C***C - @J***c https://***eS #COVID19CP #CCC19 #COVID19nCancer #COVID19 #IDonc https://***sO', '@P***C Research Associate @k***p is quoted in this @w***t article about the #COVID19 rollercoaster', '-']",-,content_B,post
t0376,u1200,2020-04-28 21:17:14+00:00,Covid,A***i,@f***a @d***a @m***i We need innovative ways to spread the message even in the most remote areas of TZ! Here is a song I wrote about COVID-19 in Kiswahili. Would be great on the radio in EA: https://***TD Here are also fact sheets in Kiswahili for hospitals: https://***AI,"['Today is World Day for Safety &amp; Health at Work #HealthWorkers are on the frontline of the #COVID19 response &amp; exposed to hazards that put them at risk of infection. Risks incl: -Pathogen -Long working hours -Psychological distress -Fatigue -Occupational burnout -Stigma -Violence https://***BJ', 'This #LesbianVisibilityDay comes at a time when lesbians may be self-isolating in unsupportive homes. The EU stands for their diversity &amp; against discrimination at all times and will launch a dedicated LGBTI+ Strategy. #EU4LGBTI #UnionOfEquality #COVID19 https://***la https://***sG', '@f***a @d***a @m***i We need innovative ways to spread the message even in the most remote areas of TZ! Here is a song I wrote about COVID-19 in Kiswahili. Would be great on the radio in EA: https://***TD Here are also fact sheets in Kiswahili for hospitals: https://***AI', '-']",tweet_A,content_C,reply
t3164,u0441,2022-02-20 02:21:28+00:00,Covid,G***s,-,"['EMA: Increase in NCEs approved amid overall drop for 2021 and continued COVID-19 pressure https://***T7', 'COVID-19 is still circulating in our local communities. We need to protect those most vulnerable, you can do your bit and help us stop the spread by: • Wearing a facemask • Washing hands regularly • Keeping your distance #DoYourBit https://***53', 'Scotland Daily Coronavirus (COVID-19) Report · Friday 18th February. 7,056 new cases (people positive) reported, giving a total of 1,333,332. 16 new deaths reported, giving a total of 10,582. https://***Yi', '-']",tweet_B,-,retweet
t2583,u0198,2022-02-10 14:44:43+00:00,Covid,B***n,"La mort de Luc Montagnier, prix Nobel de médecine devenu héros des antivax et antipass depuis qu'il a exposé ses thèses complotistes sur le Covid-19, est annoncée depuis plusieurs jours. A ce stade, ce n'est qu'une rumeur et c'est pour ça que les ""grands médias"" n'en parlent pas","['ರಾಜ್ಯದಲ್ಲಿ ಕೊರೊನಾ ಪ್ರಕರಣಗಳ ಸಂಖ್ಯೆ ಗಣನೀಯ ಇಳಿಕೆ – ಇಂದು 51 ಬಲಿ https://***Ni #Corona #Covid19 #Karnataka #CoronaVirus', 'La mort de Luc Montagnier, prix Nobel de médecine devenu héros des antivax et antipass depuis qu\'il a exposé ses thèses complotistes sur le Covid-19, est annoncée depuis plusieurs jours. A ce stade, ce n\'est qu\'une rumeur et c\'est pour ça que les ""grands médias"" n\'en parlent pas', 'Unvaccinated Scots who found their lives at risk from Covid-19 will urge others to take up the offer of a vaccine in a new advertising campaign from the Scottish Government. https://***Hs', '-']",-,content_B,post
t3289,u0757,2022-02-21 22:15:04+00:00,Covid,s***i,!! HIGHRISK: Flight JQ285 Auckland to Dunedin is a Close event. From: 2022-02-16 14:25:00 to 2022-02-16 16:10:00. Dunedin #Dunedin #Covid19,"[""Average daily COVID-19 cases and hospitalizations are continuing to fall in the U.S., an indicator that the omicron variant's hold is weakening across the country. https://***fQ"", 'Ultra-riches et #Covid19 : le cash coule à flots ! 🖊️ Notre édito du jour, signé @P***i https://***UU', '!! HIGHRISK: Flight JQ285 Auckland to Dunedin is a Close event. From: 2022-02-16 14:25:00 to 2022-02-16 16:10:00. Dunedin #Dunedin #Covid19', '-']",-,content_C,post
t1735,u3120,2021-05-05 18:11:05+00:00,Covid,O***a,"South African president emphasizes that ""vaccine apartheid' must end. President Cyril Ramaphosa has again called on developed nations to not exclude poorer countries from accessing the COVID-19 vaccines. https://***qy https://***6l","['ANNOUNCEMENT Incredibly excited to launch our oxygen centre that is coming up soon! So grateful to all of you that have made this possibly through your love, support and generous donations. More details coming soon #HemkuntFoundation #Covid19IndiaHelp #COVIDEmergencyIndia https://***yn', 'Hope grows for an L.A. summer economic boom as COVID-19 fades, tourists return, businesses recover https://***Os', 'South African president emphasizes that ""vaccine apartheid\' must end. President Cyril Ramaphosa has again called on developed nations to not exclude poorer countries from accessing the COVID-19 vaccines. https://***qy https://***6l', '-']",-,content_C,post
t1195,u0282,2020-10-06 12:54:37+00:00,Covid,L***k,Pleased to introduce our Indonesian🇮🇩colleagues to @U***g last night. Online learning enables officers to continue their professional development and master new skills to counter organized crime at borders while in-person training is restricted due to #COVID19. 👮‍♂️🌏👮‍♀️ https://***tV,"['TIMELINE of Kayleigh McEnany’s #COVID19 testing: Thursday— NEG Friday—NEG Saturday—NEG Sunday—NEG Monday—POSITIVE Day 5 is likeliest first day to begin to test positive, even if no symptoms, because it takes that long for viral load to build up. She was infected mid last week. https://***z3', 'LIVE 3-day virtual Master Class for Entrepreneurs – Enpowering 1000s https://***4c #covid19 #jobsearch #workfromhome #canada #Australia #germany #smallbusiness #entrepreneur #socialmedia #hiring #india #finance #business #sales #jobs #job #success https://***Kw', 'Pleased to introduce our Indonesian🇮🇩colleagues to @U***g last night. Online learning enables officers to continue their professional development and master new skills to counter organized crime at borders while in-person training is restricted due to #COVID19. 👮♂️🌏👮♀️ https://***tV', '-']",-,content_C,post
t1631,u1713,2021-02-07 22:06:24+00:00,Covid,S***y,"The case of Ingreso Solidario in Colombia: an important piece on informational data injustice in digital #socialprotection in the pandemic - a great contribution to our #COVID19 from the margins blog, now forming chapter 20 of the book! Thanks @j***s #bigdatasur #datajustice https://***Ou","['By Dr. Marina Del Rios, @C***n, @d***z @c***k and @D***k: Employers can play a bigger role in making sure Americans get #COVID19 vaccines https://***1K via @u***y @u***n #COVID', 'The case of Ingreso Solidario in Colombia: an important piece on informational data injustice in digital #socialprotection in the pandemic - a great contribution to our #COVID19 from the margins blog, now forming chapter 20 of the book! Thanks @j***s #bigdatasur #datajustice https://***Ou', 'Per pirmąjį vakcinacijos nuo COVID-19 ligos mėnesį sulaukta 311 pranešimų apie įtariamas nepageidaujamas reakcijas į vakcinas https://***un https://***bh', '-']",-,content_B,post
t3383,u1937,2022-02-23 15:04:59+00:00,Covid,M***t,Moderna has signed a deal with a Uruguayan pharmaceutical company (#Adium) in a bid to expand its reach of #COVID19 vaccine in Brazil &amp; Mexico &amp; across Latin America https://***0z,"['Moderna has signed a deal with a Uruguayan pharmaceutical company (#Adium) in a bid to expand its reach of #COVID19 vaccine in Brazil &amp; Mexico &amp; across Latin America https://***0z', ""As @L***s said in today's FT, Covid-19 has been a wake-up call: 'We now have a choice: carry on as before or find a way to ensure we are better prepared for extreme risks.' https://***2a"", 'Super excited that @i***s will be collaborating with @T***l as a training partner to reskill existing tour guides and train new tour guides in some districts of #Bengal to make the industry resilient in the #Covid19 world &amp; beyond. Grateful for this opportunity! https://***Ke', '-']",-,content_A,post
t2037,u0664,2021-12-21 18:19:31+00:00,Covid,E***N,"As of December 21, the Covid-19 certificate from Thailand is connected to the #EUCovidCertificate . We are glad that travel will thus be eased in the same conditions for Thai and EU certificate-holders from now on. https://***Qx #smartertogether https://***6n","[""Before #COVID19, the Centre collected ₹2.23 Lakh Cr as total excise duty including cesses from Petroleum products. In 2020-2021 with a series of hikes in #FuelPrices, the numbers jumped to ₹3.73 Lakh Cr. Our Hon'ble MP Shri @a***c's question REVEALS SHOCKING NUMBERS! https://***Nv"", 'As of December 21, the Covid-19 certificate from Thailand is connected to the #EUCovidCertificate . We are glad that travel will thus be eased in the same conditions for Thai and EU certificate-holders from now on. https://***Qx #smartertogether https://***6n', '21•12•2020 My dad got admitted into hospital after testing positive for Covid-19... then my worst nightmare began💔 It’s been a year of such heartache and sadness.....', '-']",-,content_B,post
t2270,u2526,2022-01-28 04:00:59+00:00,Covid,m***1,"COVID-19: Three States Had 3.5L Excess Deaths, and the Ex Gratia May Elude Many - The Wire Science https://***f4","['Read the latest #COVID19 news in England from our @R***y here 🔽 https://***ex', 'COVID-19: Three States Had 3.5L Excess Deaths, and the Ex Gratia May Elude Many - The Wire Science https://***f4', 'You can also find information about #COVID19 testing here: https://***Pn https://***Vx', '-']",-,content_B,post
t1641,u0312,2021-02-17 16:23:33+00:00,Covid,H***e,St. Luke's bilingual outreach team ensuring Hispanic &amp; Latino communities receive COVID-19 info https://***4d,"[""St. Luke's bilingual outreach team ensuring Hispanic &amp; Latino communities receive COVID-19 info https://***4d"", ""This week we've summarised 54 papers on the neuro/psych of COVID-19. Highlights: 🧠Further data suggesting cognitive decline among individuals with mild COVID-19 🧠Phenomenology of post-traumatic symptoms after severe COVID-19 https://***CK"", 'What we know about the impact of Covid-19 on children https://***Z5 via @t***y', '-']",-,content_A,post
t2252,u0518,2022-01-26 14:39:05+00:00,Covid,p***n,-,"['1.Akumulasi kasus terkonfirmasi positif #Covid19 hingga 24 JANUARI 2022 pukul 18.00 WIB ada 106881 kasus dengan 985 kasus konfirmasi aktif, 103724 sembuh dan 2172 meninggal', 'The #FederalTradeCommission (FTC) and other groups are warning consumers to be careful of fake #COVID-19 testing sites. These fake sites look real, with legitimate-looking signs, tents, hazmat suits, and realistic-looking tests. Read more: https://***JM', '#PublicaSalutIB Eficàcia i seguretat de sarilumab en pacients amb pneumònia per #COVID19 https://***rp @S***r https://***g8 https://***A5', '-']",tweet_A,-,retweet
t3687,u0311,2022-03-02 05:13:56+00:00,Covid,n***d,"The newly appointed Media Coordinator, Sh. Jagmohan Anand assumed charge in the office at Mini Secretariat in the presence of Haryana Chief Minister https://***Z3 #NewsOnline #COVID19 #Omicron #Media #Coordinator #ShJagmohan #HaryanaChiefMinister #ShManoharLal https://***2h","['The woman lives in Xibu Mingdu Garden at 155 #Zhidan Road in #Putuo District. Her #COVID19 symptom is light and she has been fully vaccinated, Wu Jinglei, head of the Shanghai Health Commission, said during a press briefing on Tuesday. https://***MB', 'The newly appointed Media Coordinator, Sh. Jagmohan Anand assumed charge in the office at Mini Secretariat in the presence of Haryana Chief Minister https://***Z3 #NewsOnline #COVID19 #Omicron #Media #Coordinator #ShJagmohan #HaryanaChiefMinister #ShManoharLal https://***2h', 'Daily New Deaths per 1M people - 7day avg. (2022-02-26) 3.96 #EuropeanUnion 3.86 #NorthAmerica 2.92 #SouthAmerica 1.31 #SriLanka 1.11 #World 0.99 #Oceania 0.41 #Asia 0.17 #Africa #COVID19SL #SriLanka #lka Source: @O***a - https://***ZD https://***CE', '-']",-,content_B,post
t3352,u2495,2022-02-22 22:59:08+00:00,Covid,U***c,.@U***s Pacific carried out an ethnography &amp; community immersion around the Nasese foreshore in Suva 🇫🇯 #Fiji; exploring how grassroot communities were grappling with the socioeconomic impacts of #COVID19 &amp; ways they're navigating their livelihoods: https://***Eq,"['9/ To conclude, #COVID19 vaccine will soon be offered to all 5-11 year-olds. Most will have natural immunity by then, which will help protect against reinfections &amp; severe disease. So, the added protection provided by the vaccine is likely to be small or, as JCVI says, “marginal”', 'As always, for your latest COVID-19 Vaccine Information and centres for Essex, please visit this website https://***eQ', "".@U***s Pacific carried out an ethnography &amp; community immersion around the Nasese foreshore in Suva 🇫🇯 #Fiji; exploring how grassroot communities were grappling with the socioeconomic impacts of #COVID19 &amp; ways they're navigating their livelihoods: https://***Eq"", '-']",-,content_C,post
t1793,u2677,2021-07-18 13:31:40+00:00,Covid,Z***e,"""Mass infection risks swamping hospitals, decimating workforces, sickening young &amp; weak, and creating vaccine-resistant variants - all of which could lead to further lockdowns, and ultimately less freedom. This is not learning to live with Covid-19 but caving in to it"" @a***a https://***AF","['""Mass infection risks swamping hospitals, decimating workforces, sickening young &amp; weak, and creating vaccine-resistant variants - all of which could lead to further lockdowns, and ultimately less freedom. This is not learning to live with Covid-19 but caving in to it"" @a***a https://***AF', 'As COVID-19 spread rapidly around the globe last year, UC joined a massive global mobilization of health care &amp; science to stop the virus. This illuminating timeline highlights the creativity &amp; hard work of those who brought us from crisis to cure. https://***fn https://***X0', 'Las personas que consumen dietas de alta calidad que contienen frutas, verduras y pescado tienen menos probabilidades de contraer el coronavirus de Wuhan (COVID-19). #dieta #dietasaludable #dietasana #dietasaudavel #frutasyverduras #frutas #frutasfrescas https://***mL https://***Rm', '-']",-,content_A,post
t2127,u1584,2022-01-11 18:53:22+00:00,Covid,g***a,Uepa aprova retomada das aulas presenciais; comprovante de vacina contra Covid-19 será exigido https://***1L #g1Pará,"['The official number of Covid-19 cases in Ireland has passed the 1 million mark. The 23,909 confirmed today takes the total here since the start of the pandemic to 1,002,013 More than a third of the cases were recorded in the last 3 weeks alone @R***s', 'Scientific collaborations between the US and China, writes @T***i’s Lan Xue, “can help, among other things, to address some of the unprecedented challenges we are facing such as climate change and COVID-19.” https://***sO', 'Uepa aprova retomada das aulas presenciais; comprovante de vacina contra Covid-19 será exigido https://***1L #g1Pará', '-']",-,content_C,post
t3722,u0149,2022-03-02 18:26:04+00:00,Covid,S***e,"Take a break from work w/@T***e &amp; @S***e We go 'Off the Clock' &amp; chat about the @M***B work stoppage, @o***e #datasecurity We also talk 2 years of #pandemic, honorary degrees &amp; more. Join the fun! #hr @H***r https://***9Z","[""Take a break from work w/@T***e &amp; @S***e We go 'Off the Clock' &amp; chat about the @M***B work stoppage, @o***e #datasecurity We also talk 2 years of #pandemic, honorary degrees &amp; more. Join the fun! #hr @H***r https://***9Z"", ""Michael Mina left his job as Harvard professor for startup that sells some of the most expensive #rapidtests. He's part of exodus of #COVID19 experts who have parlayed their careers into working for companies profiting from that expertise https://***dK #COVID19tests"", 'New @C***R finds #COVID19 vaccination protects against COVID-19-associated emergency department/urgent care visits among children &amp; teens and protects against COVID-19-associated hospitalizations in teens. More: https://***Z. https://***KZ', '-']",-,content_A,post
t1981,u1285,2021-11-30 20:26:03+00:00,Covid,L***n,"How spooked were travelers on the emergence of #Omicron variant? CEO of @T***l parent MCR Hotels Tyler Morse just told us he saw 10% of his bookings cancelled Friday. He says, they've boomerang'd back but people are still nervous. #COVID19","[""Verónica (@L***a) is a valued member of @O***F's Network of Experts (https://***), &amp; is moderating this event later today on 'Policing during a crisis: learnings from the Covid-19 pandemic'. There's still time to register 👇 https://***XI"", ""How spooked were travelers on the emergence of #Omicron variant? CEO of @T***l parent MCR Hotels Tyler Morse just told us he saw 10% of his bookings cancelled Friday. He says, they've boomerang'd back but people are still nervous. #COVID19"", 'Just in: Delhi CM #ArvindKejriwal has written to Prime Minister #NarendraModi requesting him to stop international flights from regions seeing a rise in #COVID19 cases. | reports @J***l', '-']",-,content_B,post
t3327,u1680,2022-02-22 17:00:26+00:00,Covid,N***n,".@U***P and @K***a's report, ""Catalyzing #Innovation for #WomenEntrepreneurs,"" focuses on the realities facing women #microentrepreneurs during/after #COVID19, and offers solutions to effectively support them. Read the key findings: https://***1y #socinn #finserv https://***Qz","['🇬🇧Boris Johnson apoya abandonar los testeos masivos contra el Covid-19. 🗣️""No podemos seguir gastando 2 billones al mes en tests"".', '.@U***P and @K***a\'s report, ""Catalyzing #Innovation for #WomenEntrepreneurs,"" focuses on the realities facing women #microentrepreneurs during/after #COVID19, and offers solutions to effectively support them. Read the key findings: https://***1y #socinn #finserv https://***Qz', 'China has jailed journalists for reporting on the #COVID-19 pandemic that started in Wuhan. Can we believe an article with super exclusive access to Shi Zhengli who runs the Wuhan Institute of Virology? @n***l @N***a @M***g https://***3C', '-']",-,content_B,post
t1708,u3135,2021-04-15 10:09:53+00:00,Covid,B***o,When there is so much research on #COVID19 and the #brain... How do we make sense of what these studies REALY mean? See our paper OUT TODAY in Annals of Neurology: https://***4X,"['No Conjur, hoje, novo artigo do Prof. Paulo Modesto sobre ""Prazo de instalação e possibilidade de extensão do objeto de CPI"". Fragmentos do texto foram divulgados aqui antes, mas agora receberam desenvolvimento. Link: https://***zy #COVID19 #CPIdaCovid #CPIdaPandemia https://***Qi', ""Six hours of fasting could tamper with the results of a GeNose test, said the researchers behind the Covid-19 testing machine due to an increase in one's gastric acid. The researchers advise you take a GeNose test in the morning or after iftar and use some mouthwash. https://***cW"", 'When there is so much research on #COVID19 and the #brain... How do we make sense of what these studies REALY mean? See our paper OUT TODAY in Annals of Neurology: https://***4X', '-']",-,content_C,post
t3293,u1012,2022-02-22 01:37:30+00:00,Covid,p***o,-,"['#COVID19 situation in #Thailand as 20 February 2022 😷New Confirmed Cases: 18,953 🦠Cumulative number of cases: 2,712,315 (+18,953) 👍🏻Recoveries: 2,527,231 (+13,962) 🩺Receiving medical treatments: 162,460 📣Fatalities: 22,624(+30) 💉Cumulative number of vaccination: 121,583,665 https://***IO', 'திராவிட இயக்கப் போர்வாளாக விளங்கும் அண்ணன் வைகோ அவர்கள் #COVID19 தொற்றிலிருந்து மீண்ட நிலையில், அவரது இல்லத்தில் நேரில் சந்தித்து நலம் விசாரித்தேன். கொள்கை மறவராக விளங்கும் அவரது பொதுவாழ்வு மேலும் சிறக்க விழைகிறேன். https://***21', '#Omicron #variante #COVID19 #COVID #Covid_19 Con la comparsa di Omicron si è registrato un picco senza precedenti di infezioni in persone già immunizzate da altre varianti. Ma il rischio di ammalarsi di forme gravi di COVID-19 rimane basso https://***NN', '-']",tweet_B,-,retweet
t2714,u1249,2022-02-14 01:24:23+00:00,Covid,L***r,"When #medtwitter peeps are all tweeting about #SuperBowl2022, u know we need a break from #COVID19","['At #CSocD60 today, I stressed: #COVID19 eroded gains in global poverty reduction. No poverty and zero hunger are basic human rights. It is timely and necessary to make poverty and hunger eradication as priority theme &amp; discuss inclusive recovery and implementation of #SDGs https://***Yf', 'The #EducationBureau announces that all kindergartens, primary, secondary and tutorial schools will continue the suspension of #FaceToFaceClasses and on-campus activities until March 6 #COVID19 https://***Li', 'When #medtwitter peeps are all tweeting about #SuperBowl2022, u know we need a break from #COVID19', '-']",-,content_C,post
t2663,u0543,2022-02-12 07:42:57+00:00,Covid,P***n,-,"['Despite challenges brought about by COVID-19, Elaine achieved the Advanced Apprenticeship in Team Leader/Supervisor. Elaine passed with Distinction and achieved 100% in the MCQ end point assessment. Congratulations Elaine! #NAW2022 https://***dk', 'The #pandemic threatens to reverse decades of progress made around the🌍 toward eliminating preventable child deaths. The indirect effects stemming from strained health systems and disruptions to life-saving health services can result in devastating increase in child mortality. https://***TI', 'El Ministerio de Salud señaló que aún no es claro cuándo llegarán los primeros lotes del medicamento para tratar el covid-19. ¿El tratamiento reemplazará las vacunas? Esto dijo: https://***o4 https://***N7', '-']",tweet_A,-,retweet
t0647,u2442,2020-06-30 19:55:57+00:00,Covid,D***c,"Is this a second peak of the first wave? Or the first peak of a second wave? 🤔🤔🤔🤔 #Coronavirus #COVID19 #Health #publichealth updates: Fauci warns U.S. could see 100,000 new cases per day as states issue more travel quarantine orders https://***iy","['Grateful to be part of amazing @P***n team developing monitoring system for COVID patients. Preprint: ""Inexpensive multi-patient respiratory monitor for helmet ventilation during COVID-19 pandemic"" w/ source, CAD and assembly video. https://***MF https://***UR', 'Is this a second peak of the first wave? Or the first peak of a second wave? 🤔🤔🤔🤔 #Coronavirus #COVID19 #Health #publichealth updates: Fauci warns U.S. could see 100,000 new cases per day as states issue more travel quarantine orders https://***iy', 'Un pequeño aporte para mejorar, #coronavirus #COVIDー19 #30Junio #diadelasredessociales #Ansiedad #BuenMartes #Bienestar https://***Fi', '-']",-,content_B,post
t1799,u0094,2021-07-28 14:19:33+00:00,Covid,E***n,-,"['Regions in the US with low vaccination rates are conducting a frivolous virology experiment with the COVID-19 Delta variant- allowing it to spread among the unvaccinated. OpEd w/@j***e explaining why this endangers us all! #maskup #COVID19Vaccines https://***fr', 'Endlich wieder gemeinsam Livemusik hören: Mit der #CoronaSchutzimpfung holen wir uns das volle Leben zurück, denn sie bietet den bestmöglichen Schutz gegen #COVID19. Jede Impfung zählt. https://***Cn #HelloAgain https://***TD', 'COVID-19 also impacted donations to @S***A. Our supporters continued to swipe their cards which meant that we were able to step in and help! We donated R240 000 towards new kennels at the facility so our furry friends can keep safe and warm during the cold winter months. https://***Ds', '-']",tweet_B,-,retweet
t2135,u2753,2022-01-12 22:26:21+00:00,Covid,w***r,"The U.S. is now averaging 747,267 new Covid-19 cases each day, according to The Johns Hopkins University. This is about three times the previous peak from a year ago - 251,987 average daily cases on Jan. 11, 2021.","['The U.S. is now averaging 747,267 new Covid-19 cases each day, according to The Johns Hopkins University. This is about three times the previous peak from a year ago - 251,987 average daily cases on Jan. 11, 2021.', 'COVID19 por Ómicron (🟢) frente a Delta (🟣)*: 1⃣ Hospitalización: 50% menos probable con ómicron. 2⃣ Ingreso en UCI: 75% menos probable. 3⃣ Mortalidad: 90% menos probable. 4⃣ Hospitalización 3,4 días (69,6%) más breve respecto a Delta. *Datos de EEUU https://***3z https://***9s', 'Articulating Concepts Matters! Resilient Actions in the Norwegian Governmental Response to the COVID-19 Pandemic; Comment on ""Government Actions and Their Relation to Resilience in Healthcare During the COVID-19 Pandemic in New South Wales, Australia and... https://***sF', '-']",-,content_A,post
t0690,u2792,2020-07-23 20:35:01+00:00,Covid,L***s,"#Ignorance Is Not Bliss: 😷If you’re wearing a #mask, why would you care if I’m not? 😷Your mask works, right? 🚘If you’re #sober, why would you care if I’m driving drunk? 🚘Your seatbelt and airbags work, right? #MaskUp #COVID19 #Coronavirus #DontBeKaren #BeCoolStayInSchool https://***R1","[""New antibody mix could form 'very potent' Covid-19 treatment, say scientists https://***rB"", 'Appeal from DCP NORTH BANGALORE CITY to general public to follow guidelines of government and join hands with police to fight covid-19 corona virus. Jai Hind Jai karnataka..vandematharam.. https://***SN', '#Ignorance Is Not Bliss: 😷If you’re wearing a #mask, why would you care if I’m not? 😷Your mask works, right? 🚘If you’re #sober, why would you care if I’m driving drunk? 🚘Your seatbelt and airbags work, right? #MaskUp #COVID19 #Coronavirus #DontBeKaren #BeCoolStayInSchool https://***R1', '-']",-,content_C,post
t3913,u0135,2022-03-07 13:32:00+00:00,Covid,B***P,"Con la satisfacción de que la mayoría de los niños y adolescentes en nuestro país están inmunizados vs #COVID19, inicia un nuevo curso escolar en varios niveles de enseñanza. #Cuba se enorgullece de garantizar una educación gratuita, inclusiva, de calidad y acceso universal. https://***FV","['983,486 Americans have died from COVID19 infections 😢.', 'Con la satisfacción de que la mayoría de los niños y adolescentes en nuestro país están inmunizados vs #COVID19, inicia un nuevo curso escolar en varios niveles de enseñanza. #Cuba se enorgullece de garantizar una educación gratuita, inclusiva, de calidad y acceso universal. https://***FV', 'Huhu, habt ihr #Covid19De noch auf dem Schirm?', '-']",-,content_B,post
t2906,u2244,2022-02-16 16:26:00+00:00,Covid,y***d,"🔴 #Coronavirus, 16 febbraio 2022 • Attualmente positivi: 1.480.113 • Deceduti: 151.962 (+278) • Dimessi/Guariti: 10.633.268 (+129.888) • Ricoverati: 16.200 (-521) • di cui in TI: 1.073 (-46) • Tamponi: 182.233.273 (+555.080) Totale casi: 12.265.343 (+59.749, +0,49%) https://***oc","['🔴 #Coronavirus, 16 febbraio 2022 • Attualmente positivi: 1.480.113 • Deceduti: 151.962 (+278) • Dimessi/Guariti: 10.633.268 (+129.888) • Ricoverati: 16.200 (-521) • di cui in TI: 1.073 (-46) • Tamponi: 182.233.273 (+555.080) Totale casi: 12.265.343 (+59.749, +0,49%) https://***oc', 'Many workers across the country are being forced back into their jobs despite obvious health risks. The new CDC guidelines allow employers to ask employees to come in when they’re not feeling well or have been exposed to COVID-19. https://***LR', '@L***p The Coming Storm from Forbidden America #QAnon #FakeNews #OurBodies #Covid19 #CanadaTruckers #ProudBoys #NineEleven #Intersectionalities #ECHO #MUFON #BlueRose https://***3q https://***Il', '-']",-,content_A,post
t2500,u0634,2022-02-08 23:20:04+00:00,Covid,U***2,"@T***h @a***i Read my book 'Critical State', I cover #Hindutva-#Brahman supremacist #Indian #BJP/#RSS regime&amp; its terroristic supporters spreading the myth that #Muslims spread #coronavirus, free PDF download #مقاطعة_المنتجات_الهندية #الهند_تقتل_المسلمين https://***zp","[""@T***h @a***i Read my book 'Critical State', I cover #Hindutva-#Brahman supremacist #Indian #BJP/#RSS regime&amp; its terroristic supporters spreading the myth that #Muslims spread #coronavirus, free PDF download #مقاطعة_المنتجات_الهندية #الهند_تقتل_المسلمين https://***zp"", '#IndiaFightsCorona: 📍More than 14 lakh (14,70,053) vaccine doses administered in the last 24 hours. ✅Together we can win the battle against #COVID19. #We4Vaccine #LargestVaccinationDrive #Unite2FightCorona https://***kW', 'COVID-19: What you need to know about the coronavirus pandemic on 8 February https://***pY #COVID19 #GlobalHealth https://***u9', '-']",tweet_A,content_A,reply
t0330,u1466,2020-03-21 15:21:11+00:00,Covid,N***o,New York State is doing more #Coronavirus tests per capita than China and South Korea. We are doing more tests than any other state. So we know the numbers will go up. But that’s a good thing — we are identifying positive cases.,"['My blog suggesting that getting COVID-19 is, rather remarkably, like packing a year’s worth of risk into a week or two https://***S7', 'Iran’s #coronavirus #stamp salutes #medical workers. #Iran has unveiled a postage stamp honoring medical professionals as front-line fighters of the #COVID19 outbreak in the country https://***nA #HealthForAll @W***O #WHO @i***O @M***l @M***i #philately https://***n1', 'New York State is doing more #Coronavirus tests per capita than China and South Korea. We are doing more tests than any other state. So we know the numbers will go up. But that’s a good thing — we are identifying positive cases.', '-']",-,content_C,post
t2392,u1860,2022-02-04 20:25:07+00:00,Covid,b***s,-,"['To beat COVID-19, we must #startwithcommunities 🤝. We are proud to support @a***s’ NEW briefing and interactive webpage documenting key themes from their conversations w/ #communityleaders on the topic of misinformation. Learn more via https://***UE https://***rP', ""Prime Minister Prayut Chan-o-cha on Friday called on the advisory board to discuss measures that could relieve the people's suffering amid the Covid-19 pandemic. #PM #COVID19 #ThailandNews #TheNationThailand Read more: https://***Ot"", 'Can’t swear to passport lifting next Monday because it has to go through committee. Some rural MLAs think the committee is soft because it’s almost all Calgary ministers. But Monday action is widely expected. #yyccc #ableg #abpoli #cdnpoli #yeg #yegcc #COVID19AB', '-']",tweet_A,-,retweet
t1252,u2614,2020-10-14 16:25:33+00:00,Covid,S***e,I'm attending (LIVE) Panel: Research on dementia and COVID-19 https://***4z,"['Paper out today on JMIR! We studied the collective attention of Wikipedia and Reddit users in US, UK, Italy, Canada during the 1st COVID19 wave. Attention peaked early and sharply decreased, while news exposure and COVID19 incidence remained high. 1/2 https://***V5 https://***nJ', 'The 12yo qualified for local final of @B***l but is home waiting for results his Covid19 test, taken because he’s lost his sense of smell. The local final is tonight. Can everyone cross their fingers that he gets a negative result in the next five hours, so he can race!', ""I'm attending (LIVE) Panel: Research on dementia and COVID-19 https://***4z"", '-']",-,content_C,post
t3031,u0311,2022-02-18 05:32:02+00:00,Covid,n***d,Haryana Government has released an amount of Rs. 561 crore as compensation of ‘Special Giridawari Kharif-2021’ https://***6U #NewsOnline #COVID19 #Omicron #Guidelines #SpecialGiridawariKharif #Government #ChiefMinister #amount #growth #haryanaNews https://***H9,"[""What's Happening With #Novavax #Stock [ https://***aJ ] Il y a 14heures With the big initial inoculation drive of the #Early pandemic now done, #Covid19 Vaccine #Stocks which includes U.S.- listed pharma and #Biotech companies. https://***r2"", '""Like most clinical trials, the 2020 Covid-19 vaccine studies didn’t collect data about menstrual variability among participants."" Another structural flaw in how we conduct medicine and research, exposed by Covid-19. by @l***g https://***QD', 'Haryana Government has released an amount of Rs. 561 crore as compensation of ‘Special Giridawari Kharif-2021’ https://***6U #NewsOnline #COVID19 #Omicron #Guidelines #SpecialGiridawariKharif #Government #ChiefMinister #amount #growth #haryanaNews https://***H9', '-']",-,content_C,post
t3528,u2217,2022-02-26 08:17:33+00:00,Covid,m***k,-,"['🆕️🧑🏻✈️ #Guerra #crisisPP #COVID19 etc, etc, etc 👉🏼 @s***n y su CORRUPTO GOBIERNO OCULTAN, que solo tenemos Gas para 20 días y Petróleo para 92 días 👇🏼👇🏼👇🏼👇🏼👇🏼 https://***v6', 'Three fugitives from San Fernando Valley convicted of stealing more than $18 million in COVID-19 relief loans have been captured in Montenegro, authorities say. https://***uP', 'Direktur Izin Tinggal Keimigrasian Pramella Yunidar Pasaribu menyampaikan latar belakang karena merebaknya pandemi Covid-19 sehingga menuntut perlunya perubahan secara dinamis melalui Surat Dinas Plt. Dirjenim Nomor IMI-GR.01.01-0441 Tanggal 22 Februari 2022 @K***M https://***4D', '-']",tweet_C,-,retweet
t3939,u0636,2022-03-08 23:33:26+00:00,Covid,T***s,-,"[""I can't believe Covid-19 is 2 years old now."", 'Omicron: Chinese city of Qingdao reports Covid-19 outbreak among students https://***Y3', 'Covid-19: pediatra do comitê da prefeitura recomenda que crianças sem as duas doses da vacina continuem usando máscara https://***Zt', '-']",tweet_B,-,retweet
t3750,u2736,2022-03-03 02:21:44+00:00,Covid,x***s,"México registra 304 nuevas muertes por COVID-19; suman 318, 835 acumuladas https://***ds #Mexico","['391 cases of COVID-19 have been reported. There are 511 individuals currently in hospital, 79 of whom are in critical care. 13 deaths have been reported, for a total of 2,896. https://***4m 3/3', '@M***s In this video testimony for the Global Workers’ Inquest into the COVID-19 Pandemic, Laura Miers shares her nightmarish experiences with Long COVID and speaks out on the immense dangers of the virus. https://***Uc', 'México registra 304 nuevas muertes por COVID-19; suman 318, 835 acumuladas https://***ds #Mexico', '-']",-,content_C,post
t3153,u0728,2022-02-19 22:56:02+00:00,Covid,M***r,"Why? Oscars to Require #COVID19 Vaccination for Nominees &amp; Guests, but NOT Performers and Presenters ""...but will be tested rigorously."" via @V***y https://***CI https://***yc","['Why? Oscars to Require #COVID19 Vaccination for Nominees &amp; Guests, but NOT Performers and Presenters ""...but will be tested rigorously."" via @V***y https://***CI https://***yc', 'Les comparto la actualización de casos #COVID19 en #QuintanaRoo al 19 de febrero. Sigue los hábitos para cuidar tu salud. https://***Po', ""💡 Coneixeu la pàgina web de l'@U***n? Entre molts altres recursos, podeu consultar els que fan referència a l'impacte de la #COVID19 en el #gènere 🔗 https://***ct"", '-']",-,content_A,post
t2262,u0918,2022-01-27 15:18:33+00:00,Covid,w***n,Do you think #Spotify should end its deal with Joe Rogan in response to his false Covid-19 claims?,"['#PublicaSalutIB Eficàcia i seguretat de sarilumab en pacients amb pneumònia per #COVID19 https://***rp @S***r https://***g8 https://***A5', 'Across the District, people 12 and older will now need to show proof of COVID-19 vaccination in order to enter certain indoor venues. By Tuesday, February 15, people 12 and older will need to show proof that they are fully vaccinated. https://***6o', 'Do you think #Spotify should end its deal with Joe Rogan in response to his false Covid-19 claims?', '-']",-,content_C,post
t3917,u0428,2022-03-07 16:01:00+00:00,Covid,H***v,"If you are pregnant or are planning for pregnancy, get up to date on your #COVID19 vaccines, including a booster, to protect yourself and your baby. https://***M7 https://***Ew","['Scientists have pinpointed 16 new genetic variants in people who developed severe COVID-19 in a large study published on Monday that could help researchers develop treatments for very sick patients. https://***zr', 'If you are pregnant or are planning for pregnancy, get up to date on your #COVID19 vaccines, including a booster, to protect yourself and your baby. https://***M7 https://***Ew', '“Having a diverse range of people donating blood samples will help us to understand how different people respond to vaccines, how long the vaccine provides protection against COVID-19 and the ability of vaccines to protect as new #variants emerge.” @P***n', '-']",-,content_B,post
t0310,u2637,2020-03-03 01:00:42+00:00,Covid,c***s,Very helpful COVID-19 PSA https://***ch,"['Very helpful COVID-19 PSA https://***ch', 'Watch for the most concise update on the Cronovirus Covid19 https://***8F', ""Baisse drastique de la pollution en #Chine : quand on a la confirmation que le plus dangereux virus de la planète c'est l'activité humaine ! #Coronavid19 #COVID19france #Coronavirus https://***RP"", '-']",tweet_B,content_A,quote
t2615,u1547,2022-02-10 21:35:32+00:00,Covid,c***m,Sector turismo y salud preocupados ante aumento de pruebas COVID-19 falsas en aeropuertos - https://***NC,"[""Yes. I'm sure that millions of clinically vulnerable people are looking forward to #Maskholes like him, contracting #Covid19 and then going into public places fully contagious, without masks and without distancing. Because why have any bloody concern about anyone but yourself? https://***9v"", 'Sector turismo y salud preocupados ante aumento de pruebas COVID-19 falsas en aeropuertos - https://***NC', '“BAĞIŞIKLIĞI ARTIRABİLİR” Grip veya Covid-19 aşısından sonra 90 dakikalık egzersiz önerisi https://***NP https://***0s', '-']",-,content_B,post
t2673,u1644,2022-02-12 17:24:00+00:00,Covid,G***y,"Afternoons with friends, hugs with grandparents, gatherings with family - all brought to you by the COVID-19 vaccines. The vaccines were #MadeToSave us and the moments we’ve missed most. Find where to get a vaccine near you today: https://***f1","['#DatosAbiertos #LOULTIMO 🇵🇪 El MINSA reportará con respecto al 10/02 68 muertes por #COVID19 con lo cual el promedio diario registra un descenso durante UNA semana desde el 02/02 y una reducción del 12% desde el pico máximo de esta #TerceraOla #NoBajemosLaGuardia https://***Rs', 'Afternoons with friends, hugs with grandparents, gatherings with family - all brought to you by the COVID-19 vaccines. The vaccines were #MadeToSave us and the moments we’ve missed most. Find where to get a vaccine near you today: https://***f1', 'Sempat Bertemu Ratu Elizabeth, Pangeran Charles Kembali Positif Covid-19 https://***dD', '-']",-,content_B,post
t3770,u2751,2022-03-03 12:25:52+00:00,Covid,D***r,Maintenance workers in Quebec health-care system demand COVID-19 bonus #health #mentalhealth #healthcare #goodhealth #research #healthissues #wellness #medicine https://***RH,"['Y que hace un Neurólogo tratando #COVID19? Pero aún que hace dandole #ivermectina? https://***yw', 'Maintenance workers in Quebec health-care system demand COVID-19 bonus #health #mentalhealth #healthcare #goodhealth #research #healthissues #wellness #medicine https://***RH', 'Toronto mayor, medical officer of health provide update on COVID-19 response https://***ua https://***87', '-']",-,content_B,post
t1757,u2616,2021-06-05 14:04:54+00:00,Covid,a***i,A global analysis of the impact of COVID-19 stay-at-home restrictions on crime https://***AA https://***5Z,"[""Very appreciative of @P***S' announcement that 🇺🇸 will share an initial 19M #COVID19 vax doses via #COVAX to protect those most at-risk &amp; for encouraging others to do the same. We hope to work closely with 🇺🇸 to share 80M doses before July. #VaccinEquity https://***HA"", 'This article from @h***s discusses the fact that neuro patients have experienced more severe cases of COVID-19, highlighting the need to be especially cautious with them amidst the pandemic. #COVID19 #Neurology #Pandemic #NeuroCon21 https://***Yr', 'A global analysis of the impact of COVID-19 stay-at-home restrictions on crime https://***AA https://***5Z', '-']",-,content_C,post
t2147,u2191,2022-01-15 17:31:11+00:00,Covid,K***r,KICUKIRO: URUKINGO RWA COVID-19 RURI HAFI YAWE; Gahunda yo gukingira Covid-19 izakomeza ejo kuri site zikurikira: @R***a @u***o @P***R @g***v @R***h @R***v @D***s @C***i @R***o @Y***W @P***i @P***o @C***n https://***vm,"['KICUKIRO: URUKINGO RWA COVID-19 RURI HAFI YAWE; Gahunda yo gukingira Covid-19 izakomeza ejo kuri site zikurikira: @R***a @u***o @P***R @g***v @R***h @R***v @D***s @C***i @R***o @Y***W @P***i @P***o @C***n https://***vm', 'A fast-spreading Omicron variant that causes milder illness compared with previous versions of the coronavirus has fueled the view that COVID-19 poses less of a risk than in the past.', ""Who needs Omicron? Come on Vaughan. It's on! Get off your roost &amp; get a boost! Make #Covid19 burn 🔥 when you file your #VaxReturn ! 💪💉 https://***6s"", '-']",-,content_A,post
t1890,u1442,2021-10-21 14:03:31+00:00,Covid,i***k,NEW #UKaid review assesses how well the UK government prioritised and redirected its official development assistance in response to the global COVID-19 pandemic. Read the review here: https://***dU https://***FL,"['Jeff Titus was new to Sunnybrook when he took on a role at our COVID-19 Assessment Centre in March 2020. 20 months later, he says the community that he &amp; his colleagues have established is what has helped him get through the darkest days of the pandemic: https://***Gk https://***jT', 'Happy to be in Delhi when India reaches the one billionth dose of Covid-19 vaccines! Delighted to note that vaccine exports to low income countries have resumed! Congratulations to Prime Minister @n***i @P***a @P***l @m***a and the Indian people!', 'NEW #UKaid review assesses how well the UK government prioritised and redirected its official development assistance in response to the global COVID-19 pandemic. Read the review here: https://***dU https://***FL', '-']",-,content_C,post
t2287,u3178,2022-01-30 13:30:00+00:00,Covid,K***T,¡Refuerza tu sistema y mejora tu salud consumiendo estos alimentos que te ayudarán contra el COVID-19! Conoce más AQUÍ ➡️ https://***HT https://***MY,"['¡Refuerza tu sistema y mejora tu salud consumiendo estos alimentos que te ayudarán contra el COVID-19! Conoce más AQUÍ ➡️ https://***HT https://***MY', '⭐Walk-in COVID-19 vaccination at Pakistani Community Centre⭐ - Saturday 29 January - 12pm - 4pm - Pfizer 1st and 2nd doses and booster - Open to people aged 12+ - No appointment needed https://***d9 https://***xl', 'El equipo de estudio de ITAC inscribió a casi 600 adultos hospitalizados de 18 años o más que tenían síntomas de COVID-19. La inscripción tuvo lugar en 63 sitios en 11 países de África, Asia, Europa, América del Norte y América del Sur entre octubre de 2020 y febrero de 2021.', '-']",-,content_A,post
t3553,u2121,2022-02-26 20:02:01+00:00,Covid,o***h,The @C***v recommends wearing an N95 mask or most protective mask that fits well &amp; can be worn consistently. Learn more at: https://***v. #OCCOVID19 https://***A7,"['#ATENCIÓN📌Conozca por qué el MinSalud asegura que no hay un ""tratamiento mágico"" para las secuelas de la #COVID19, aquí➡️ https://***oD https://***pw', 'The @C***v recommends wearing an N95 mask or most protective mask that fits well &amp; can be worn consistently. Learn more at: https://***v. #OCCOVID19 https://***A7', '. #Airports and #Airlines Urge Countries to Follow #EU Advice and Drop COVID #Travel Restrictions https://***zW @I***A @A***E #Europe #tourism #COVID19 #coronavirus #coronaviruspandemic #safetravel #ttot #aviation', '-']",-,content_B,post
t1628,u2518,2021-02-04 12:30:36+00:00,Covid,C***c,"#COVID19 pandemic accelerates moves to contract, gig and ‘on-demand’ work. https://***Oo","[""70% of countries covered in @T***U's Democracy Index recorded a drop to their democracy score in 2020. #Covid19 was the key driver behind the decline. Full index results can be found here: https://***WM"", 'Professor Zucai Suo from @F***M spoke to @c***n of @S***l about #COVID19 vaccines. https://***tN', '#COVID19 pandemic accelerates moves to contract, gig and ‘on-demand’ work. https://***Oo', '-']",-,content_C,post
t2183,u2941,2022-01-19 21:18:17+00:00,Covid,U***T,"Read our latest #COVID19 planning update for the #UofT community (Jan. 19, 2021) https://***Jc https://***23","['Read our latest #COVID19 planning update for the #UofT community (Jan. 19, 2021) https://***Jc https://***23', ""🔵💔Today's #BlueMonday, the saddest day of the year! 🤗Communities are still trying to cope with the stress caused by the #COVID19 #pandemic. How can they be more emotionally resilient? Read on @_***y https://***57 https://***cK"", 'Today, the ED/CEO NPHCDA, Dr. Faisal Shuaib along with the US Ambassador MaryBeth Leonard Inspected the Pfizer COVID-19 vaccines donated by the US Government to Nigeria at the National Strategic Cold Store, Abuja. https://***0j', '-']",-,content_A,post
t0576,u1325,2020-06-09 16:18:36+00:00,Covid,N***e,"Now is the time to demand equity from our elected officials! Join us on June 11 at 7 p.m. ET for #EquityForAll Forum &amp; hear from organization leads, grassroots organizers &amp; elected officials on prioritizing racial equity in #COVID19 legislation. RSVP: https://***a. https://***ss","['No distingues fusión de fisión, pero opinas de nucleares. No sabes qué son los anticuerpos, pero lo sabes todo sobre las vacunas. No sabes distinguir virus de bacterias, pero eres experto en Covid-19. Ni idea de ADN y ARN, pero transgénicos caca. Bien, campeón, bien.', 'Our paper ""Fighting COVID-19 misinformation on social media: Experimental evidence for a scalable accuracy nudge intervention"" is now in press at Psych Science! I’m super proud of this paper - but first, a thread on the results. Preprint: https://***0v https://***qN', 'Now is the time to demand equity from our elected officials! Join us on June 11 at 7 p.m. ET for #EquityForAll Forum &amp; hear from organization leads, grassroots organizers &amp; elected officials on prioritizing racial equity in #COVID19 legislation. RSVP: https://***a. https://***ss', '-']",-,content_C,post
t3923,u0157,2022-03-07 19:28:20+00:00,Covid,I***C,-,"['#COVID19Korea stats today (new cases in all 17 regions) 243628 NC (243540↘️ local) Total 4456264: Isolated ?↗️, Discharged ?, Deceased +161 (8957) Origin: #quarantine +30 (9963) #Sudogwon +131146, 131136↘️ local (#Seoul 49449 #Incheon 14854 #Gyeonggido 66833) https://***pJ', 'Covid-19 Mulai Terkendali, Politikus Golkar Minta PPKM Dicabut https://***sq https://***KZ', '#EnVideo📹| COVID-19 | Venezuela registró 292 casos comunitarios, 1 importado y 505.306 personas recuperadas #ChávezSiempreInvicto https://***nF', '-']",tweet_A,-,retweet
t2116,u2104,2022-01-09 14:17:07+00:00,Covid,A***o,"🇬🇧 The capital ""may have passed or be at the peak"" of its latest wave of #COVID19 infections, according to the city's public regional health director - Sky","['Active COVID-19 infections in B.C. rise above 33,000 for first time https://***q0', 'Fully vaccinated patients with cancer who developed breakthrough COVID-19 infections appeared at high risk for hospitalization and death, according to study led by Toni Choueiri of HMS and @D***r (via @G***o) https://***Zj', '🇬🇧 The capital ""may have passed or be at the peak"" of its latest wave of #COVID19 infections, according to the city\'s public regional health director - Sky', '-']",-,content_C,post
t1615,u0930,2021-01-19 09:50:10+00:00,Covid,e***e,"EAEPE 2021 Conference. 'Recovery from the Covid-19 Pandemic: Re-thinking the role of the State towards safe, cohesive, sustainable, and innovative economies' #EconTwitter https://***Ii https://***eg","['“Se brincó la fila”: Ex diputado de Morena presume haberse vacunado contra el covid-19 https://***S1 https://***KP', 'great work by Vishu Lingappa and coworkers introducing potent anti-SARS-CoV-2 drugs that target cellular host proteins involved in virus assembly From COVID-19 to the Common Cold: Novel Host-Targeted, Pan-Respiratory Antiviral Small Molecule Therapeutics https://***MU', ""EAEPE 2021 Conference. 'Recovery from the Covid-19 Pandemic: Re-thinking the role of the State towards safe, cohesive, sustainable, and innovative economies' #EconTwitter https://***Ii https://***eg"", '-']",-,content_C,post
t2368,u1869,2022-02-03 23:38:46+00:00,Covid,L***t,"Darwinian ""Although it is certainly possible that #SARSCoV2 will evolve toward a more benign infection, this is far from preordained. The #HIV &amp; SARS-CoV-2 #pandemics show how viruses can &amp; will evolve higher virulence when favored by natural selection."" https://***VZ https://***C8","['Darwinian ""Although it is certainly possible that #SARSCoV2 will evolve toward a more benign infection, this is far from preordained. The #HIV &amp; SARS-CoV-2 #pandemics show how viruses can &amp; will evolve higher virulence when favored by natural selection."" https://***VZ https://***C8', 'In the third quarter of 2021, the loans-to-deposits ratio among U.S. commercial banks was the lowest since the fourth quarter of 1955. Is that decline related to the Fed’s bond-buying since the start of COVID-19? https://***vS https://***do', 'During the #COVID19 pandemic, telework – or working remotely using informational &amp; communications technology – has significantly increased. @W***O + @I***O’s technical brief lays out how to make the most of the transition. https://***8J', '-']",-,content_A,post
t3870,u0379,2022-03-05 08:52:33+00:00,Covid,B***t,-,"[""#COVID19 hospitalizations keep falling in B.C. Now down to 511, with 79 in ICUs. Sadly, 13 more who had the disease died overnight. Here's the latest #covid19bc data: https://***1n"", '🇦🇷 | ARGENTINA Hoy se reportaron 8.141 nuevos casos y 133 muertes por COVID-19', 'Assouplissement des mesures contre le Covid-19 : dans l’horeca et les commerces, les sourires reviennent https://***KL https://***NB', '-']",tweet_B,-,retweet
t1903,u2141,2021-11-03 00:20:05+00:00,Covid,d***e,-,"['Die #Labormedizin🔬spielt eine große Rolle beim frühen Erkennen von Krankheiten, auch bei #COVID19. Im Projekt #CODECT helfen #KI und #Mathematik, die Prozesse effizient zu gestalten. Die @L***S berichtet https://***54 #weknowhow #FraunhofervsCorona #ITWMvsCorona', ""Dr. Mark Kline, physician-in-chief at Children's Hospital New Orleans, answered questions from parents on Good Morning America about kids and the COVID-19 vaccine. Check out answers from Dr. Kline and other pediatricians across the country! https://***wI"", 'The misinformation pandemic “The Oregon Poison Center received calls at 0.25/month in all of 2020, as compared w 21 calls in August 2021 alone, re toxic effects from ivermectin in persons who used the drug for prevention or treatment of Covid-19.” https://***6v', '-']",tweet_B,-,retweet
t1652,u2400,2021-02-27 01:20:29+00:00,Covid,F***_,-,"['Thanks 🇮🇳 &amp; Prime Minister @n***i for supporting #VaccinEquity. Your commitment to #COVAX and sharing #COVID19 vaccine doses is helping 60+ countries start vaccinating their #healthworkers and other priority groups. I hope other countries will follow your example.', 'After launching the European Journalism COVID-19 Support Fund last year, we now reviewed progress, impact and feedback from our first 94 grantees. Here are our key takeaways about providing emergency core funding 👇https://***xp', '""84% of business leaders say there has been more demand for #data insights in their companies with #COVID19"", one of the findings of Experian\'s 2021 global data management research. Download and explore more. #datamanagement #dataquality #digitaltransformation #digitaltrends2021 https://***ZT', '-']",tweet_B,-,retweet
t3366,u1840,2022-02-23 02:49:45+00:00,Covid,S***o,Free COVID-19 rapid tests available at Aurora libraries Wednesday morning https://***JL #COVID19Colorado #AuroraCO https://***6j,"['Pfizer liefert Covid-19-Medikament in Deutschland aus https://***Dz', 'Free COVID-19 rapid tests available at Aurora libraries Wednesday morning https://***JL #COVID19Colorado #AuroraCO https://***6j', '@d***1 @C***y Yes, I think this is the key point for me.', '-']",-,content_B,post
t2062,u3160,2021-12-29 19:41:04+00:00,Covid,D***i,-,"['BREAKING: CLINITEST Rapid COVID-19 Antigen Self-Test has been granted FDA Emergency Use Authorization.', ""@C***n @U***n @g***n @A***E @a***n RAPPEL 💉🟠 L'#univlyon1 et le SSU proposent aux étudiantes et étudiants des créneaux de #vaccination contre la #COVID19 dès le 3 janvier 2022 ➡️ https://***MW https://***2t"", 'As @N***m closes in on 1.5 million #COVID19vaccine doses, I continue to urge all NYers to get vaccinated and get your #booster shot when you’re eligible. We’ve come so far in our fight against this virus. Let’s continue our positive momentum: https://***gg https://***Eb', '-']",tweet_C,-,retweet
t3395,u1456,2022-02-23 16:57:03+00:00,Covid,A***n,-,"['#Covid19EnQuadratín | La Secretaría de Salud indica que de las 833 camas para enfermos de #Covid19, 113 se encuentran ocupadas. 😷👇🏼 https://***3K', 'The UNU Evidence, Policy, and Interventions for COVID-19 Tracker (UNU EPIC Tracker) is an inventory of the public health, economic, social and community measures taken to address COVID-19 across all countries https://***n7', 'தமிழக கோவிட் நிலவரம் (23.02.2022) #COVID19 | #TamilNadu https://***DP', '-']",tweet_B,-,retweet
t3447,u2893,2022-02-24 15:29:52+00:00,Covid,P***t,-,"['As of today the cumulative number of #COVID19 cases identified in SA is 3 665 149 with 3 118 new cases reported. Today 110 deaths have been reported bringing the total to 98 978 deaths. The cumulative number of recoveries now stand at 3 531 960 with a recovery rate of 96.4% https://***q2', '.@H***v is disbursing American Rescue Plan funds to community-based organizations around the US to ""help ... build confidence in the COVID-19 vaccine,"" according to HHS secretary Xavier Becerra. https://***Pl via @H***e #healthcare', '🗓️In her session, “Employee Health in the Aftermath of COVID-19,” Lianne Clarke of @C***e explores the immediate and far-reaching impacts of COVID-19 on employee health, with practical solutions for how employers can support their workforce https://***K. https://***p9', '-']",tweet_A,-,retweet
t2224,u2894,2022-01-24 00:40:30+00:00,Covid,D***s,Effect of oral L-Glutamine supplementation on Covid-19 treatment - Today's Practitioner https://***9N,"['¡El último Las lecturas del chupete! https://***OM Gracias a @a***p #neurodomingo #covid19', ""Effect of oral L-Glutamine supplementation on Covid-19 treatment - Today's Practitioner https://***9N"", '#COVID19 vaccines are working incredibly well at preventing severe disease — but future boosters will likely need to be tailored to target new variants, strengthen immunity, and ultimately help regain control over the pandemic, @a***r writes: https://***qx', '-']",-,content_B,post
t2133,u3119,2022-01-12 15:01:08+00:00,Covid,L***a,👉🏻 Todo lo que debes saber sobre las incapacidades por Covid-19 https://***bK,"['👉🏻 Todo lo que debes saber sobre las incapacidades por Covid-19 https://***bK', 'I knew it! Mary Jane to the rescue #cannabis #COVID19 https://***WY', 'Approximately 1.6 million Americans have chronic smell problems due to #COVID19. Richard Doty, PhD, told @w***t that 20-30% of people with viral infections &amp; smell loss recover in a relatively short time, but smell can also diminish due to aging. https://***t7', '-']",-,content_A,post
t2700,u2515,2022-02-13 16:35:52+00:00,Covid,c***l,-,"['Vacuna #Covid19 de #AstraZeneca podría relacionarse con el desarrollo del síndrome de #GuillainBarré https://***d3', ""I'm fed up with people trying to gaslight my emotions and legitimate fears of COVID-19"", 'Great to see the first @N***x #COVID19 dose has been administered in Australia. This vaccine has robust data on safety and efficacy against several variants, providing the world – and #COVAX participants – with yet another tool in the battle against #COVID19: https://***u2', '-']",tweet_B,-,retweet
t1714,u0910,2021-04-20 18:40:08+00:00,Covid,u***s,"#COVID19 has had a toll on #MentalHealth as support networks, jobs, housing, and health care access have toppled for many people during the #pandemic. Join us on Thur 4/22 at 11 am PDT as we discuss Mental Health in the Pandemic on the next #UCDavisLIVE - https://***dt https://***Hg","['Looking to travel this summer? Make sure you follow @C***v COVID-19 safety guidelines: ✈️Get a vaccine as soon as it’s available in your area. ✈️Wear a mask in the plane and in crowded areas. ✈️Wash your hands frequently. 👉https://***35 https://***zK', '#COVID19 has had a toll on #MentalHealth as support networks, jobs, housing, and health care access have toppled for many people during the #pandemic. Join us on Thur 4/22 at 11 am PDT as we discuss Mental Health in the Pandemic on the next #UCDavisLIVE - https://***dt https://***Hg', 'Having a hard time sparing a ton of thoughts and/or prayers... Prominent COVID-19 conspiracy theorist dies from virus he questioned -- after spreading it at illegal parties https://***FG', '-']",-,content_B,post
t2094,u1324,2022-01-05 23:05:00+00:00,Covid,U***A,"#COVID19 and its effects are harming countries already struggling to cope with poverty, conflict, climatic shocks &amp; other outbreaks. It is critical that resources and initiatives benefit the poorest &amp; most fragile contexts without adding to already high levels of debt burden.","[""Chief minister of India's national capital, Delhi, tests positive for #Covid19 as India reports over 37,000 new coronavirus cases and 124 deaths, with the daily surge hitting a 3-month high. Meanwhile, weekend curfew has been announced in Delhi. @s***t joins with more details https://***SJ"", '#COVID19 and its effects are harming countries already struggling to cope with poverty, conflict, climatic shocks &amp; other outbreaks. It is critical that resources and initiatives benefit the poorest &amp; most fragile contexts without adding to already high levels of debt burden.', 'Hospitalizations take center stage in COVID-19 fight https://***d? https://***7J', '-']",-,content_B,post
t3410,u0596,2022-02-23 21:53:23+00:00,Covid,a***e,-,"['🦠 Covid-19 acaba con la vida de Agustín Rodríguez, líder del STUNAM https://***AO https://***Fo', 'On Sunday, President #Biden declared an extension of the nearly two-year national emergency to March 1, citing #COVID-19 as a “risk to the public health and safety” to the citizens of the U.S. https://***tH', 'Covid-19 : quand le taux d’incidence repassera-t-il sous le seuil d’alerte ? Notre carte par département https://***Ky https://***U3', '-']",tweet_C,-,retweet
t2130,u1375,2022-01-12 08:10:02+00:00,Covid,B***N,-,"['2.Dengan demikian, terjadi penambahan kasus positif #Covid19 sebanyak 22 dan kasus sembuh bertambah 3 orang dan kasus meninggal bertambah 0 orang. Silahkan kunjungi https://***sI untuk mengetahui secara detail perkembangan harian #Covid19 di Kota Depok', ""Israel's Health Ministry recommends throat swab for COVID-19 tests while U.S. FDA warns against https://***ho"", ""Don't overdo immunity-boosting supplements as #COVID19 cases are on rising again. 8 basic things to do: - Good diet - Good sleep - Regular exercise - Plenty of water - Get some sunlight - Correct Vit-D deficiency - Stay connected with friends &amp; family - Quit alcohol &amp; smoking."", '-']",tweet_A,-,retweet
t2950,u2350,2022-02-17 04:44:23+00:00,Covid,J***s,SA sees slight uptick in new Covid-19 cases https://***EQ https://***Ko,"['Quality, not quantity. A new Israeli study shows that unvaccinated people with a prior #SARSCoV2 #COVID19 infection create antibodies that are more effective compared to vaccinated people who were never infected. @M***e', 'Status Terkini COVID-19 di Malaysia sehingga 16 February 2022 #KeluargaMalaysiaSiagaBencana https://***Ny', 'SA sees slight uptick in new Covid-19 cases https://***EQ https://***Ko', '-']",-,content_C,post
t1765,u2648,2021-06-16 23:28:33+00:00,Covid,M***Z,"The latest Situation and Outlook for Primary Industries (SOPI) report, released today at @F***Z, shows the sector has performed remarkably well over the past year, despite the challenges presented by COVID-19. Read more: https://***yf https://***Or","[""#Researchers are solving some of the world's hardest problems faster with the power of #free @O***d. What are you waiting for? Apply today. #COVID19 #lifescience #climatechange #humanities #datascience https://***IU https://***ZP"", 'The latest Situation and Outlook for Primary Industries (SOPI) report, released today at @F***Z, shows the sector has performed remarkably well over the past year, despite the challenges presented by COVID-19. Read more: https://***yf https://***Or', 'London’s University Hospital declared a COVID-19 outbreak on Sunday at its transplant unit.', '-']",-,content_B,post
t3516,u0488,2022-02-26 01:30:01+00:00,Covid,D***a,-,"['India’s Jan M&amp;A deals rose 100% YoY: Grant Thornton Bharat https://***QW #adani #Bharat #COVID19 #deals #Delhi Read Full 👇', 'Isha foundation MahaShivRatri 2022 Celebration COVID-19 Precautions at Isha Yoga Center #ishafoundation #Sadhguru #Coimbatore #MahaShivratri2022 #MahaShivaratri #COVID19 #ishaYogaCenter https://***QB', 'After being cancelled for the past two years because of COVID-19, the Ithaca Festival is planning a return in June with the theme ""Together Again."" https://***bv', '-']",tweet_B,-,retweet
t2197,u3166,2022-01-21 10:17:48+00:00,Covid,j***g,-,"['This is @R***L’s Florida. A public health official punished for practicing good public health. As DeSantis auditions for president, and is attacked by Trump, Floridians are suffering from his gross negligence in managing COVID19. https://***B0', 'Meat Loaf, one of the greatest rock singers of all time, has died at the age of 74 from COVID-19. https://***rS', 'Y si... tenemos OTRO récord de nuevo en contagios de COVID-19 de Nuevo León. Confirman 5,950 nuevos casos en 24 horas y 14 defunciones. https://***sb', '-']",tweet_C,-,retweet
t0320,u2159,2020-03-13 15:17:52+00:00,Covid,f***m,-,"[""So when is Belgium going to take action to limit the spread of COVID-19? If I compare what's happening in Ireland to how it's being handled here it seems quite worrying. Belgium is 1/3 the size of Ireland but has twice the population. 43 confirmed cases in Ireland, 399 in Belgium"", 'COVID-19 has caused more employees to work remotely. @m***r sat down with @e***v and @e***Y to talk about how spatial co-presence enables business continuity in uncertain times (spoiler alert: he reveals some new Magic Leap 2 details). https://***Ws', 'The blue curve is bad. The yellow curve, not so bad. What can we all do to make sure we keep #coronavirus cases at a manageable level? And will it really work? We asked a historian who studies epidemics: https://***Sm https://***EK', '-']",tweet_A,-,retweet
t0668,u0025,2020-07-13 18:10:50+00:00,Covid,S***2,"""... This might indicate that young male patients are at higher risk of testicular damage by COVID-19 than older patients."" https://***Vi","['#FamiliesOfToday should be places of love and care but unfortunately for many women, this is not the case. As many shelter at home during #COVID19, things got worse since the publication of this report. https://***s2 v @U***n https://***gP', 'Unfortunately, two days ago , the lung scan of my close colleague (our youngest Anatomy specialist) in the lab showed a focal change and the blood test also became positive for Covid-19. I hope he get his health ASAP.', '""... This might indicate that young male patients are at higher risk of testicular damage by COVID-19 than older patients."" https://***Vi', '-']",tweet_B,content_C,reply
t2006,u1916,2021-12-09 20:12:14+00:00,Covid,E***n,-,"['GOOD NEWS!!!! Preliminary data shows that 3 doses of #Pfizer vaccine NEUTRALIZE the #OmicronVariant in an experiment using serum after 1 month with the #Booster. The levels of neutralization are similar to those observed for the WT #COVID19. Science works! https://***No', 'Agree with @P***a here. COVID-19 brought bad news for malaria, but amazing work on the ground saved so many lives. @W***O @K***w https://***mb', 'Emergence of #OmicronVarient shows that US #COVID19 #surveillance has improved but still lags other jurisdictions, explains @M***i https://***Mu via @s***s', '-']",tweet_C,-,retweet
t2040,u1689,2021-12-22 03:29:19+00:00,Covid,I***I,COVID-19 Testing Update. For more details visit: https://***sZ @M***A @D***s @P***a @m***a @C***B #ICMRFIGHTSCOVID19 #IndiaFightsCOVID19 #CoronaUpdatesInIndia #COVID19 #Unite2FightCorona https://***Kq,"['COVID-19 Testing Update. For more details visit: https://***sZ @M***A @D***s @P***a @m***a @C***B #ICMRFIGHTSCOVID19 #IndiaFightsCOVID19 #CoronaUpdatesInIndia #COVID19 #Unite2FightCorona https://***Kq', ""Ha-ha (it's a covid-19 special laugh). https://***LU"", 'PHAs, housing providers, &amp; CoCs: If you want help bringing #COVID19 vaccines to residents, @H***v can help. HUD has helped organize over 1,100 vaccine clinics for HUD-assisted housing &amp; homeless progs. And we can do more. Contact HUD Field Offices today: https://***fJ', '-']",-,content_A,post
t1591,u3160,2020-12-30 17:32:55+00:00,Covid,D***i,What does not kill you makes you stronger ... sometimes 😆 #COVID19 #coronavirus #Corona #phdchat #academicchatter #Science #ScienceTwitter #telomere #life @_***_ @P***e @O***i https://***w1 https://***O1,"['What does not kill you makes you stronger ... sometimes 😆 #COVID19 #coronavirus #Corona #phdchat #academicchatter #Science #ScienceTwitter #telomere #life @_***_ @P***e @O***i https://***w1 https://***O1', 'Call form the 16th International Conference on Digestive Disorders and Gastroenterology,June 08-09, 2021 Webinar #Gastronomia #digestion #Webinar #CoronavirusVaccine #conference https://***wf https://***lu', 'CDC’s #COVID19 Vaccination Communication Toolkit has resources you can use to communicate about available vaccines. See it here: https://***I. https://***7A', '-']",-,content_A,post
t3471,u3034,2022-02-25 05:58:16+00:00,Covid,S***e,"In the midst of every crisis, lies great opportunity.""- Albert Einstein Lost your job due to COVID-19? Regardless of your age, don't waste this opportunity; start your online business today for free! https://***YU #Retweet #onlinebusiness https://***0E","['Here are some tips for looking after yourself and protecting your family members if you’ve tested positive for #COVID19 in Hong Kong. For more: https://***0U https://***TI', 'In the midst of every crisis, lies great opportunity.""- Albert Einstein Lost your job due to COVID-19? Regardless of your age, don\'t waste this opportunity; start your online business today for free! https://***YU #Retweet #onlinebusiness https://***0E', 'The #CBR Daily is out! https://***Uj Stories via @l***k @D***8 @f***n #covid19 #pandemic', '-']",-,content_B,post
t2361,u2514,2022-02-03 14:51:08+00:00,Covid,D***t,"Bündnis an Habeck: Patentaussetzungen für Impfstoffe ermöglichen: Berlin – Ein Bündnis aus Hilfs- und Menschenrechtsorganisationen fordert Bundeswirtschaftsminister Robert Habeck (Grüne) auf, gemäß einer… https://***m8 #Patent #Impfstoff #COVID19 https://***ba","['🦠De acuerdo con datos preliminares del @I***A , durante el primer semestre de 2021 la #COVID19 fue la principal causa de muerte en #México. 😔Se registraron 145,159 defunciones por esta enfermedad. ¿Qué nos dicen estos datos?👇 https://***ch https://***9Z', 'Bündnis an Habeck: Patentaussetzungen für Impfstoffe ermöglichen: Berlin – Ein Bündnis aus Hilfs- und Menschenrechtsorganisationen fordert Bundeswirtschaftsminister Robert Habeck (Grüne) auf, gemäß einer... https://***m8 #Patent #Impfstoff #COVID19 https://***ba', '“We have successfully established a #COVID19 Human Challenge Model which could accelerate development of future #therapeutics. New variants often means re-evaluation of #vaccines &amp; #antivirals. Human #challengestudies could be the fastest way to compare them."" - CF #hVIVO #OPRH https://***dn', '-']",-,content_B,post
t3831,u2896,2022-03-04 13:31:37+00:00,Covid,c***u,"#Ahora l En la Comisión Especial COVID-19, el titular del @M***u, Modesto Montoya, informa sobre el derrame de petróleo en el terminal Multiboyas N° 2 de la refinería “La Pampilla”, acontecido el pasado 15 de enero. 🎥 En vivo: https://***cm https://***ll","['Kapan Gejala Omicron Muncul Setelah Kontak dengan Pasien Covid-19? Ini Penjelasannya https://***RW', 'The #Canadian protests could evolve into a wider alignment of political views &amp; movements, bringing together conservative political sentiment &amp; #pandemic-induced discontent, opines Ayan Barman. #FreedomConvoy2022 https://***wv', '#Ahora l En la Comisión Especial COVID-19, el titular del @M***u, Modesto Montoya, informa sobre el derrame de petróleo en el terminal Multiboyas N° 2 de la refinería “La Pampilla”, acontecido el pasado 15 de enero. 🎥 En vivo: https://***cm https://***ll', '-']",-,content_C,post
t3584,u2162,2022-02-27 22:52:38+00:00,Covid,A***s,"#ÚLTIMAHORA: El alcalde de NY, Eric Adams, dice que podría retirar los mandatos de vacunación contra el COVID-19 para el 7 de marzo.","['Finally, as part of our effort to protect consumers, we issued a warning letter jointly with the @F***C to My Natural Treatment for selling unapproved products with fraudulent COVID-19 claims. https://***hL', 'How fortunate are our students to hear from @R***i &amp; @J***o on the lessons of #COVID19. What an honor', '#ÚLTIMAHORA: El alcalde de NY, Eric Adams, dice que podría retirar los mandatos de vacunación contra el COVID-19 para el 7 de marzo.', '-']",-,content_C,post
t3305,u0139,2022-02-22 09:38:58+00:00,Covid,E***K,"“Living with Covid-19 must not mean ignoring the virus all together – which in many respects the Government’s plan in England seems to do.” Must read response from Dr Chaand Nagpaul, @C***l BMA council chair, on the Prime Minster’s new Living with Covid strategy 👇 https://***2x","['Covid : quel est ce nouveau vaccin à base de plantes, qui serait efficace contre le variant Delta ? https://***2C #innovation #Covid19 #vaccin #plantes #laboratoire #pharma #santé https://***pw', '“Living with Covid-19 must not mean ignoring the virus all together – which in many respects the Government’s plan in England seems to do.” Must read response from Dr Chaand Nagpaul, @C***l BMA council chair, on the Prime Minster’s new Living with Covid strategy 👇 https://***2x', 'The cabinet has today agreed to end the #Covid19 mask mandate from February 28. Our political correspondent @M***e joins us now.', '-']",-,content_B,post
t3875,u1665,2022-03-05 14:26:08+00:00,Covid,M***o,Do you plan to continue wearing your mask in public once the mask mandate is lifted? Feel free to explain below. #onted #onpoli #COVID19,"['The #Virus that causes #COVID19 undergoes short, mutational bursts. #InfectiousDisease https://***97', 'Do you plan to continue wearing your mask in public once the mask mandate is lifted? Feel free to explain below. #onted #onpoli #COVID19', ""If you're a #startup in #MENA, it would be great to get your insights by filling in this 3-minute survey as part of a research report that is being carried out by @W***E in partnership with #Flat6Labs. 📝Survey link: https://***P3 #Entrepreneur #technology #COVID19 https://***lk"", '-']",-,content_B,post
t1848,u1032,2021-09-24 19:11:39+00:00,Covid,U***a,"#COVAX: 336.000 doses de vaccins #Johnson &amp;Johnson viennent d'arriver à #Conakry . Offertes par le Gouvernement des États-Unis, ces nouvelles doses de vaccins permettront d'accélérer la vaccination et de lutter contre la #COVID-19 en #Guinée. @G***N @E***y @W***O https://***OW","['Thanks for the conversation and for your leadership in helping to end this pandemic and prevent the next one. https://***E5', ""#COVAX: 336.000 doses de vaccins #Johnson &amp;Johnson viennent d'arriver à #Conakry . Offertes par le Gouvernement des États-Unis, ces nouvelles doses de vaccins permettront d'accélérer la vaccination et de lutter contre la #COVID-19 en #Guinée. @G***N @E***y @W***O https://***OW"", 'Hoy, el Presidente Biden anunció que EE.UU. donará 500 millones de vacunas adicionales de Pfizer contra el COVID-19 a países de ingresos bajos y medios bajos, lo que eleva la donación total de EE.UU. a más de 1,100 millones de dosis.', '-']",-,content_B,post
t3517,u0261,2022-02-26 03:13:24+00:00,Covid,t***N,UAE eases Covid-19 restrictions from March 1 #UAE #thelevant #Covid-19 #Covid_restrictions https://***4S,"['#IndiaFightsCorona #CoronaVirusUpdates #COVID19 વિશે આજે આખા દિવસ દરમિયાન કેન્દ્ર સરકાર તરફથી શું પગલાં લેવાયા, તે જાણવા માટે #PIB નું દૈનિક બુલેટીન વાંચવા નીચે આપેલી લિંક પર ક્લિક કરો. 👇 https://***mh https://***S9', ""Did you miss our COVID-19 vaccine clinic yesterday? Don't worry. We have one happening right now at Desert Heights Elementary School until 5 p.m. #CareYouDeserve #COVID19Vaccine #NorthernNevada #Reno #WCSD https://***Nk"", 'UAE eases Covid-19 restrictions from March 1 #UAE #thelevant #Covid-19 #Covid_restrictions https://***4S', '-']",-,content_C,post
t3290,u2787,2022-02-21 23:27:16+00:00,Covid,r***f,-,"['Su fuera cierto ese bulo de que las mascarillas causaban anoxia, yo estaría muerta. Pero resulta que gracias a las mascarillas he logrado sobrevivir al COVID-19 siendo personal de salud. La única vez que me contagié fue en casa,un familiar llegó con síntomas y no usó mascarilla. https://***Tv', 'Update situasi terkini perkembangan #COVID19 di Indonesia (20/2) #LawanCovid19 #jagajarak #dirumahaja #pakaimasker #ayovaksin https://***4n', 'Já se encontra disponível o Relatório de 21 de fevereiro da Situação Epidemiológica em Portugal da COVID-19 e respetiva Matriz de Risco. Mais informações em https://***u8 #SejaUmAgenteDeSaúdePública #EstamosOn #COVID19PT #DGS #INSA #InstitutoRicardoJorge #Saúde #SNS https://***Nc', '-']",tweet_C,-,retweet
t1682,u2136,2021-03-18 17:26:13+00:00,Covid,B***p,It’s been a year since the U.S. federal government issued a state of emergency in response to rising COVID-19 cases in the nation. How has COVID-19 affected practicing Christians? Find out in our latest research release: https://***AQ https://***md,"['✅Catalogue of good practices 👉 The present catalogue of good practices is a collection of numerous successful initiatives implemented by civil society organisations in Europe in response to the outbreak of the #COVID19 pandemic https://***26', 'It’s been a year since the U.S. federal government issued a state of emergency in response to rising COVID-19 cases in the nation. How has COVID-19 affected practicing Christians? Find out in our latest research release: https://***AQ https://***md', 'New from us (@H***l et al.): Effects of COVID-19 Lockdown on Physical Activity, Sedentary Behavior, and Satisfaction with Life in Qatar: A Preliminary Study https://***hl via @M***s', '-']",-,content_B,post
t2908,u2223,2022-02-16 16:38:22+00:00,Covid,a***o,-,"['Today, HUD announced that due to the actions taken by this Admin to aid U.S. economic recovery, HUD will lift the underwriting safeguards temporarily implemented during the onset of COVID-19, a move that will unleash multifamily development capital: https://***mS', 'As we now look to the future, my prayer is that the harsh environment that COVID-19 brought with it has helped to solidify our trust in God, and perhaps, built within us an enduring spirit to survive and succeed as a people and a nation.', 'As part of the COVID-19 palliative &amp; #EoLC funding arrangements, there is still additional grant funding available to support the rapid development of single point of contact for palliative care and 24/7 specialist palliative care advice. https://***04 https://***3u', '-']",tweet_A,-,retweet
t2590,u1948,2022-02-10 16:46:32+00:00,Covid,G***2,-,"['PM Modi changed scale of thinking, turned COVID-19 pandemic into opportunity for India: Amit Shah', '@W***O: COVID19 caused by Omicron can be mild or serious. For some people, symptoms can even lead to death. https://***IW', ""Vaccination is the best way to protect children from COVID-19. Learn how mRNA vaccines work like invisible coaches to teach your child's immune system to recognize the virus. #VaccinesWork #ThisIsOurShot https://***yj https://***EN"", '-']",tweet_B,-,retweet
t1970,u1265,2021-11-26 23:42:40+00:00,Covid,l***u,"""A woman who died from 'unrecognised' complications after having a Covid-19 vaccine was wrongly diagnosed with gastroenteritis, a coroner has said."" https://***GP","['COVID-19’un nörolojik etkilerini özetleyen güzel bir çalışma: Başağrısı, tad ve koku kaybı dışında bilişsel fonksiyonlarda azalma, hafıza kaybı, nöbet geçirme, nedenselleştirmede zorlanma, konsantrasyon zorluğu, kafa sinirlerinin tutulumuna bağlı bulgular https://***3i https://***3h', 'Kicking off #16Days of Activism, check out the #COVID19 Global Gender Response Tracker by @U***P &amp; @U***n that shows how 163 countries have enacted 853 policy measures to address #VAW. Learn more! https://***bA', '""A woman who died from \'unrecognised\' complications after having a Covid-19 vaccine was wrongly diagnosed with gastroenteritis, a coroner has said."" https://***GP', '-']",-,content_C,post
t2076,u2062,2022-01-04 15:00:34+00:00,Covid,F***e,When will we return to the #office? Updates on the #pandemic delays for #wallstreet in #FAmagazine #financialplanning #finance https://***wf https://***Uh,"[""Ro is a growing direct-to-patient company that supports patients with a wide array of healthcare needs. In the @n***s, Ro’s CEO @Z***o explains how we were able to quickly mobilize to offer Covid-19 tests due to the infrastructure we've built behind the scenes for years. https://***ta"", '@P***n COVID-19 Survival = {Individuals * (Vaccines + Mask + Isolation) + Health Care Workers Grit during each Surge} / (AntiVax + Compete Disregard to Science + Selfishness). AB, 2022', 'When will we return to the #office? Updates on the #pandemic delays for #wallstreet in #FAmagazine #financialplanning #finance https://***wf https://***Uh', '-']",-,content_C,post
t2145,u2687,2022-01-15 02:07:06+00:00,Covid,S***r,-,"['Companies developing COVID-19 treatments outpaced the market and, to an even greater extent, outpaced the broader pharma and biotech industries during the development periods for these treatments. #Covid19 #CovidVaccine https://***G0', 'Tenda no Campus Centro começa a realizar testagem rápida de covid-19 Local conta com a infraestrutura cedida pelo Instituto de Ciências Básicas da Saúde. Parceria da UFRGS com a Prefeitura de Porto Alegre visa desafogar as unidades de saúde https://***um https://***3y', '#CoronaInfoCH Cifre relative alla vaccinazione anti-COVID-19 - 14.01. Dosi di vaccino ricevute in Svizzera: 15 415 065 Persone vaccinate con min. 1 dose: 69,41% Completamente vaccinate: 67,77% https://***Of https://***R4', '-']",tweet_A,-,retweet
t1805,u2346,2021-08-06 16:49:40+00:00,Covid,T***e,New: Texas won’t require schools to notify parents of COVID-19 cases #TXed https://***Fb,"['Want to reduce your exposure to airborne threats such as #Covid19 in the workplace? IOM are running an online Face Fit Tester Training Live Workshop on the 14th of September Testing. Find out more here: https://***Gq #FaceFitTraining #FaceFit #IOMWorld https://***Ft', 'New: Texas won’t require schools to notify parents of COVID-19 cases #TXed https://***Fb', 'Prior to tonight’s game, the @Y***s made the following roster moves: •Placed C Gary Sánchez on the COVID-19 injured list. •Selected C Rob Brantly (#62) as a replacement player to the 26-man roster from Triple-A Scranton/Wilkes-Barre.', '-']",-,content_B,post
t0324,u3269,2020-03-15 22:36:50+00:00,Covid,n***p,Our quick and accurate COVID19 pathway and response system starting countrywide trial in the UAE! @N***l @N***k @B***e https://***uq,"['Our quick and accurate COVID19 pathway and response system starting countrywide trial in the UAE! @N***l @N***k @B***e https://***uq', 'Call to all scientists: it’s not just testing, not just vaccines, as the #Coronavirus causing #COVID19 will inevitably spread and likely stay with communities as seasonal disease - it’s also drugs (like tamiflu for H1N1) to lessen the pathology/severity that will be needed', 'More statistical evidence backing decisions to impose restrictions on public gatherings in many countries around the world !! #coronavirusnigeria #CoronaVirusUpdate #CoronavirusPandemic #coronavirus https://***bQ', '-']",-,content_A,post
t2405,u1493,2022-02-05 21:00:00+00:00,Covid,M***H,"Jayson on why he chose to get the COVID-19 vaccine: ""It was very important to have that extra level of protection - a shield. For me, the decision came down to doing my own research and I decided it was the best choice for me.” #TrustTheFacts #GetTheVax #Covid19MA https://***BQ","['Jayson on why he chose to get the COVID-19 vaccine: ""It was very important to have that extra level of protection - a shield. For me, the decision came down to doing my own research and I decided it was the best choice for me.” #TrustTheFacts #GetTheVax #Covid19MA https://***BQ', '[ON] TORONTO CLINIC UPDATE from @W***l: Due to the planned demonstration in Toronto this weekend, the vax clinic at JJP COMMUNITY CENTRE will from from 11:00 a.m. - 3:30 p.m. tomorrow! INFO: https://***Wl #VHCDose3 #VHCjr #COVID19ON #vhcON https://***4N', 'Explore how the #COVID19 pandemic impacts women and girls disproportionately with far reaching consequences around the world: https://***sS https://***rz', '-']",-,content_A,post
t3643,u1624,2022-03-01 01:21:21+00:00,Covid,K***d,".@C***p is finally returning on March 22 with their second LP, ""Liberty: In Our Cosmos,"" after all the bandmates have recovered from COVID-19. The group is also hosting their first-ever concert, ""2022 Cravity 1st Concert,"" on April 2-3. https://***8Q","['.@C***p is finally returning on March 22 with their second LP, ""Liberty: In Our Cosmos,"" after all the bandmates have recovered from COVID-19. The group is also hosting their first-ever concert, ""2022 Cravity 1st Concert,"" on April 2-3. https://***8Q', 'National Zoological Park reopened for the public, the zoo had shut down temporarily on January 5 due to a high number of Covid-19 cases, in the capital on Tuesday. #zoo #ReopeningSafely #COVID19 #NewDelhi Photos by: Subrata Dutta https://***Fg', '➡️Tomorrow, 2 March: How has #COVID19 affected jobs and women, and how can trade help make the recovery more inclusive? Register for the @i***o-WTO discussion and see the program here: https://***S... #TradeforWomen https://***kY', '-']",-,content_A,post
t3943,u1642,2022-03-11 13:00:01+00:00,Covid,W***D,"Problems with mental skills like thinking, remembering, and learning are common after severe COVID-19 infection, according to new research. https://***Vh https://***M2","['#WAshitshow [Coronavirus (COVID-19) | Notre Dame](https://***N) Notre Dame University', 'Problems with mental skills like thinking, remembering, and learning are common after severe COVID-19 infection, according to new research. https://***Vh https://***M2', 'CDC allows healthy Americans to take off their masks By Black Health Matters https://***hk #CDC #facemasks #covid-19 #pandemic https://***4Q', '-']",-,content_B,post
t2431,u1308,2022-02-07 11:34:36+00:00,Covid,g***a,-,"['By the time that the US and UK had reported 100k cases per million (Feb 2021) they had seen nearly 2k deaths per million. Australia passed that mark in Jan 2022 and has not yet broken 200 deaths per million from COVID-19', 'N95 and KN95 masks provide best protection against #COVID19 19 in CDC study https://***N4 https://***gt', 'COVID19 Catalunya: Clara disminució de la transmissió però encara 120.000 positius darrera setmana. Incidència 7 dies 1.540, disminució 50% en 10 dies. Taxa contagi 0.65%. Baixen ingressos, també a UCIs. 80% pauta complerta i 40% tercera dosi i 84% almenys 1 dosi.', '-']",tweet_C,-,retweet
t2356,u1477,2022-02-03 10:56:06+00:00,Covid,C***n,IMF says cost of pandemic &gt;$12.5 trillion over next 2 years. Huge gaps in COVID-19 vaccine rates &amp; overall widening divergence between rich &amp; poor caused by the pandemic given as key reasons. Cost of fixing this trivial by comparison. #COVAX @G***I @C***I https://***cm,"[""Mãe alerta sobre visitas na pandemia após bebê com 1 mês testar positivo para Covid-19: 'teve madrugada que gemia de dor'. #g1 #g1Paraíba https://***ax https://***sk"", 'Few public health or legal experts would describe the United States’ approach to curbing the COVID-19 pandemic via public policy as “centralized” or “comprehensive.” https://***a4', 'IMF says cost of pandemic &gt;$12.5 trillion over next 2 years. Huge gaps in COVID-19 vaccine rates &amp; overall widening divergence between rich &amp; poor caused by the pandemic given as key reasons. Cost of fixing this trivial by comparison. #COVAX @G***I @C***I https://***cm', '-']",-,content_C,post
t2515,u1384,2022-02-09 10:23:31+00:00,Covid,Z***a,"କୋରୋନା ବିରୁଦ୍ଧରେ ଆସିଲା ନୂଆ ଅସ୍ତ୍ର, ଲଞ୍ଚ ହେଲା ଦେଶର ପ୍ରଥମ ନାସାଲ୍ ସ୍ପ୍ରେ, ଜାଣନ୍ତୁ ଡିଟେଲ୍ସ #CoronavirusUpdates #NasalSpray #FabiSpray #bharatbiotech https://***xp","['Inflammation and thrombosis in #COVID19 pathophysiology: proteinase-activated and purinergic receptors as drivers and candidate therapeutic targets https://***1I ""P2Y12 inhibition (by clopidogrel or ticagrelor) has potentially beneficial effects that include enhanced""', 'କୋରୋନା ବିରୁଦ୍ଧରେ ଆସିଲା ନୂଆ ଅସ୍ତ୍ର, ଲଞ୍ଚ ହେଲା ଦେଶର ପ୍ରଥମ ନାସାଲ୍ ସ୍ପ୍ରେ, ଜାଣନ୍ତୁ ଡିଟେଲ୍ସ #CoronavirusUpdates #NasalSpray #FabiSpray #bharatbiotech https://***xp', 'Hasta el momento, se ha vacunado a 83 millones 917 mil 663 personas, de éstas 94% ya cuenta con esquema completo y 6% inicia su esquema de #Vacunación. https://***jA', '-']",-,content_B,post
t2124,u1503,2022-01-11 11:57:12+00:00,Covid,K***a,"Speaker Shisei Tei (@s***i) @K***s co-wrote ""Historical reflection on Taijin-kyōfushō during COVID-19: a global phenomenon of social anxiety?"" #taijinkyofusho #socialanxiety https://***qB","['Hoy, tenemos casi 5,000,000 de casos activos de COVID19 en México. ¡Cinco millones! ¿Y las autoridades? ¿Y las pruebas masivas? ¿Y la preparación para atender el tsunami de enfermos que requerirán hospitalización? ¿Y la vacunación con 3eras dosis? Criminales. @I***t https://***Bu', 'Speaker Shisei Tei (@s***i) @K***s co-wrote ""Historical reflection on Taijin-kyōfushō during COVID-19: a global phenomenon of social anxiety?"" #taijinkyofusho #socialanxiety https://***qB', 'In 2021, about 711 million people lived in extreme poverty worldwide. As we recover from #COVID19, we must ensure a systemic change. We must also raise awareness of social inclusion &amp; provide universal access to education to reduce inequalities. https://***8F https://***vO', '-']",tweet_B,content_B,reply
t0342,u0773,2020-03-30 02:38:34+00:00,Covid,M***c,"Interest in #telehealth has grown during the #COVID19 pandemic, as more people look for ways to maintain their health care while staying at home. Mayo Clinic has been enhancing #telemedicine tools for some time. Learn more: https://***yH https://***ZT","['Interest in #telehealth has grown during the #COVID19 pandemic, as more people look for ways to maintain their health care while staying at home. Mayo Clinic has been enhancing #telemedicine tools for some time. Learn more: https://***yH https://***ZT', 'Then this should increase our precautions. #StayAtHome Is COVID-19 an airborne disease? Will we all need to wear face... https://***po via @Y***e', ""1. A somewhat more technical thread than usual. I'm trying to understand the new @U***E #COVID19 forecasting model that was released this morning. Here is a web page with background, a link to a whitepaper, and estimates for US states: https://***U8"", '-']",-,content_A,post
t1835,u1494,2021-09-16 23:53:20+00:00,Covid,R***z,"Yesterday, we held a Renters’ Rights Workshop and provided updates on the federal Emergency Rental Assistance program. With #COVID19 disproportionately impacting our most vulnerable communities, the fight for #tenantrights is one we must not give up. https://***yA","['Yesterday, we held a Renters’ Rights Workshop and provided updates on the federal Emergency Rental Assistance program. With #COVID19 disproportionately impacting our most vulnerable communities, the fight for #tenantrights is one we must not give up. https://***yA', 'Vaccinated adults are not without anxieties and concerns surrounding vaccines: 54% of this group says the statement “we don’t really know yet if there are serious health risks from COVID-19 vaccines” describes them very or somewhat well. https://***1e https://***Q1', ""NEW: The Financial Accountability Office has found the Ontario government didn't spend ANY of the $2.7 billion COVID19 Response transfer payment it received. This money could have made schools safer for our children &amp; prevented a lot of suffering (and deaths). Just. Sickening."", '-']",-,content_A,post
t1900,u1148,2021-10-30 05:07:10+00:00,Covid,o***e,🧐 What to expect with COVID-19 vaccines for kids ages 5 to 11 https://***Zb,"['🧐 What to expect with COVID-19 vaccines for kids ages 5 to 11 https://***Zb', 'Only 5 African nations set to hit year-end COVID-19 vaccination goal https://***mO', 'Marcus Rittmanic, 28, beloved husband, son, family member, Provo, UT, died of #COVID19 on October 24, 2021. Wife Ashlyn is pregnant with their first son, due in April 2022. Rest in peace, Marcus. https://***vm https://***ad https://***r5', '-']",-,content_A,post
t2221,u2978,2022-01-23 15:40:00+00:00,Covid,B***a,"Together, we can strengthen our fight against the #COVID19 pandemic by encouraging our near and dear ones to get the second dose. #IndiaFightsCOVID https://***ZS","['#COVID19 #Moldau🇲🇩: Moldau gilt ab dem 23.1.22 um 0 Uhr als #Hochrisikogebiet mit einer #Reisewarnung. Bitte beachten Sie die geltenden Anmelde-, Nachweis- und Quarantänebestimmungen bei Einreise nach 🇩🇪. Mehr dazu finden Sie hier: ➡️https://***ls', 'Together, we can strengthen our fight against the #COVID19 pandemic by encouraging our near and dear ones to get the second dose. #IndiaFightsCOVID https://***ZS', '2,947 Americans died from COVID-19 today, as we convinced ourselves the pandemic is over.', '-']",-,content_B,post
t1737,u0242,2021-05-08 14:22:37+00:00,Covid,h***E,COVID-19 Spendenaufruf – #INDIEN 🇮🇳 45 € Corona – „Disaster Relief“ Helfen Sie einer Familie in Indien mit einem Lebensmittel- / Hygienepaket für einen ganzen Monat während dieser schwierigen Zeit. Spenden Sie jetzt auf: https://***rd https://***Ew,"['COVID-19 Spendenaufruf – #INDIEN 🇮🇳 45 € Corona – „Disaster Relief“ Helfen Sie einer Familie in Indien mit einem Lebensmittel- / Hygienepaket für einen ganzen Monat während dieser schwierigen Zeit. Spenden Sie jetzt auf: https://***rd https://***Ew', '🏘️El impacto producido por el covid-19, muchos grupos inmobiliarios han virado sus inversiones hacia el sector residencial y han apostado por soluciones habitacionales compartidas, como el #coliving https://***3I https://***N5', 'Breaking : French President Macron says at the #EUSummit - ""India does not need to listen to lectures from anyone about vaccine supplies. India has exported a lot for humanity to many countries. We know what situation India is in"" #COVID19Vaccination #CoronaPandemic', '-']",-,content_A,post
t3468,u0924,2022-02-25 00:55:37+00:00,Covid,j***1,ASPCA Statement of Support for Veterinarians Considering Megestrol Acetate as a Temporary Contraceptive for Female Cats During COVID-19 https://***Mq *Also endorsed by #AlleyCatAllies*,"['ASPCA Statement of Support for Veterinarians Considering Megestrol Acetate as a Temporary Contraceptive for Female Cats During COVID-19 https://***Mq *Also endorsed by #AlleyCatAllies*', 'PM Inggris, Boris Johnson mengumumkan akan mencabut aturan pembatasan domestik, seperti isoman bagi warganya yang positif #covid19. Simak selengkapnya di #CNNIndonesia: https://***WF https://***xg', 'Als de motie voor financiering van de wereldwijde aanpak van covid-19 onder Kuik zou vallen, zou het CDA daarmee het geld als het ware claimen. Initiatiefnemer Kuik schrikt daarvoor terug, blijkt uit onderzoek van @d***v en @d***e. https://***v9', '-']",-,content_A,post
t1692,u2324,2021-04-03 00:18:33+00:00,Covid,j***s,-,"['Wondering how you can take advantage of the disruptions caused by Covid-19 to make a positive change? Our new training with @a***e is for you! “Life After Covid-19: Get Ready for Our Post-Pandemic Future” is available to all learners on @C***a. https://***Qj', 'Live in Brookline and have questions about the COVID-19 vaccine? Join @D***t and @D***s for a panel discussion on Monday, April 5. Details below. https://***Po', 'Women have been on the frontlines of the COVID-19 pandemic as educators, healthcare workers and caregivers, but they are rarely included in COVID-related decision-making in the United States. https://***1o', '-']",tweet_B,-,retweet
t0378,u3099,2020-04-30 16:17:36+00:00,Covid,L***R,-,"['Cool stuff. Researchers have figured out many dozens of proteins that the #coronavirus meets inside of us on its path of destruction. Drugs could potentially target 66 of these proteins. 29 FDA-approved drugs do so already. Another 12 in clinical trials. (Obv study them first.) https://***Gd', 'Great article from @N***r about #coronavirus and implications for #medicalpractice, #preparedness, and #research. ‘We need to think not about resumption but about revision.’ https://***JH', 'Great article on an outstanding person. Dr. Stamer navigated ARVO through great successes and recent challenges due to COVID-19 with thoughtful and forward-thinking leadership. We are so grateful. https://***Pq', '-']",tweet_B,-,retweet
t2946,u2684,2022-02-17 04:01:13+00:00,Covid,N***a,France further eases Covid-19 restrictions #Covid19 #France #paris #PrimeMinisterJeanCastex #relaxed #restrictions https://***Oo,"['➡️ LGA-Lagebericht (16.02.2022) 7-Tage-Inzidenz in BW: 1.642,8 Neuinfektionen: +36.522 COVID-19-Fälle auf Intensivstation: 283 7-Tage-Hospitalisierungsinzidenz: 7,7 https://***wl', 'Minnesota Extends Workers’ Compensation Presumption for Frontline Workers Who Test Positive for COVID-19 https://***sW', 'France further eases Covid-19 restrictions #Covid19 #France #paris #PrimeMinisterJeanCastex #relaxed #restrictions https://***Oo', '-']",-,content_C,post
t3260,u1866,2022-02-21 14:01:02+00:00,Covid,g***s,"Galicia, con el mayor porcentaje de menores vacunados, prudente con el fin de las mascarillas en los colegios #Galicia #Sanidad #SERGAS #Educación #Coronavirus #COVID19 https://***K5","['@T***2 @B***7 @S***s Stroke is side effect of #COVID19 Cytokine Storm and some long Covid sufferers have Dementia directly linked to the novel virus. https://***Wl', ""A new issue of the DePaulia is out today! This week, we're covering the dance and cheer teams, Covid-19 confusion at DePaul and Chicago's Victims’ Justice Ordinance. Read all these stories and more at https://***5m or pick up a print copy from newsstands on campus."", 'Galicia, con el mayor porcentaje de menores vacunados, prudente con el fin de las mascarillas en los colegios #Galicia #Sanidad #SERGAS #Educación #Coronavirus #COVID19 https://***K5', '-']",-,content_C,post
t2279,u1128,2022-01-29 16:25:04+00:00,Covid,f***7,Our @f***a Regional Administrator Andrea Spillars thanking our @D***e partners for their continued support @C***p. The #COVID19 response has been &amp; continues to be a whole community effort. Big thanks to @R***i for her support &amp; help sharing our efforts in #STL https://***jx,"['Wow! The brain network from my first research paper was applied to study smell loss in Covid-19. Congrats @f***i, Alessandro Tessitore, and team! Our work👇 https://***su Covid-19 smell loss👇 https://***7U', 'Az @E***s ajánlását követően, a Bizottság ma feltételes forgalombahozatali engedélyt adott a Paxlovidnak. Ezzel egy újabb gyógyszerrel bővült a #COVID19 ellen hatásosan használható terápiás készítmények listája. #HealthUnion #StrongerTogether https://***Jk', 'Our @f***a Regional Administrator Andrea Spillars thanking our @D***e partners for their continued support @C***p. The #COVID19 response has been &amp; continues to be a whole community effort. Big thanks to @R***i for her support &amp; help sharing our efforts in #STL https://***jx', '-']",-,content_C,post
t3766,u2672,2022-03-03 09:12:46+00:00,Covid,a***t,-,"['#Manitoba #COVID19 #Covid19MB #Omicron How can you be asking for federal help while you are lifting provincial publich health restrictions?!?? @P***s @r***t @A***B @W***w @m***p https://***Kz', 'Austrian state-level risk estimate update for 2022-03-03 16:04:08 UTC. Estimated risk that at least 1 person is #COVID19 positive for events or other areas where 50 individuals are in close contact [Assuming 3:1 ascertainment bias] https://***Iv', 'COVID-19 | 91 peratus daripada kes kematian di luar fasiliti kesihatan (BID) tidak mengetahui mereka dijangkiti COVID-19. Data dikeluarkan KKM melibatkan 113 kes BID dalam tempoh 5 Februari hingga 21 Februari lalu. Video penuh di https://***Q4 https://***Ls', '-']",tweet_C,-,retweet
t1972,u1877,2021-11-27 16:29:28+00:00,Covid,M***l,"Respect to #SouthAfrica for its speed in identifying a new #COVID19 variant of concern. The world is in this together &amp; science &amp; transparency must lead the way. We know what works in #Africa &amp; around the world: mask wearing, hand washing, social distancing &amp; vaccine equity. https://***QP","['Respect to #SouthAfrica for its speed in identifying a new #COVID19 variant of concern. The world is in this together &amp; science &amp; transparency must lead the way. We know what works in #Africa &amp; around the world: mask wearing, hand washing, social distancing &amp; vaccine equity. https://***QP', 'Black Friday Special: Covid-19 vaccines are free all day at your nearest vaccination site. Get yours today while stocks last.', ""Many caregivers are stressed out and stretched thin. COVID-19 made it clear it's essential that we care for caregivers. https://***4Z"", '-']",-,content_A,post
t3479,u2155,2022-02-25 11:21:00+00:00,Covid,F***l,🔸Un aumento mundial de las epidemias zoonóticas es motivo de preocupación #COVID19 🔸75% de todas las enfermedades infecciosas nuevas en humanos son zoonóticas y están estrechamente relacionadas con la salud de los ecosistemas: @U***P 2016 | #ODS15 https://***H5 https://***tK,"['3 billion people are still waiting for their first #COVID19 vaccine. This inequity threatens the safety of the entire 🌎. Until we have #VaccineEquity, an equitable pandemic recovery remains out of reach: https://***AW https://***83', '🔸Un aumento mundial de las epidemias zoonóticas es motivo de preocupación #COVID19 🔸75% de todas las enfermedades infecciosas nuevas en humanos son zoonóticas y están estrechamente relacionadas con la salud de los ecosistemas: @U***P 2016 | #ODS15 https://***H5 https://***tK', 'Colombia levanta el uso de las mascarillas en espacios abiertos 👉 https://***41 📌 En localidades donde la cobertura de vacunación contra la covid-19 con esquema completo sea mayor al 70%. https://***O8', '-']",-,content_B,post
t1288,u0330,2020-10-19 08:40:53+00:00,Covid,C***d,"For those who are interested in public health beyond COVID-19, last week I gave a Gresham lecture on the role of the State in public health. It examines where the public expects State action, where it does not and the contested areas. https://***4F","['Unluckily, my PCR Covid-19 test result is positive and I have benefited!!! from the new contamination of this virus in my hometown. But the good news is That it is my 7th. Day and I do not have any symptom these days and my myalgia and arthralgia have ended.', 'For those who are interested in public health beyond COVID-19, last week I gave a Gresham lecture on the role of the State in public health. It examines where the public expects State action, where it does not and the contested areas. https://***4F', "".@M***s believes in improving #maternalhealth by understanding how the needs of #healthcareworkers in #reproductivehealth are changing since the #coronavirus outbreak. If you're a doctor, midwife, nurse or pharmacist, tell us your needs! https://***Lj"", '-']",-,content_B,post
t2499,u0279,2022-02-08 21:19:08+00:00,Covid,p***o,-,"['▪ RISING INTEREST RATES Top global economies expected to hike interest rates by April #economy #inflation #pandemic Arirang News ▶ https://***m0 News Center ▶ https://***gF https://***bJ', 'Kills virus,coronavirus,covid-19,Kills Germs, Kills Bacteria, Dual Hepa Active Carbon Ozone UVC Lamp model D Water Ozonator https://***gh Ozonator Dual Hepa Active Carbon UV Air Purifier D https://***Rw https://***ey', 'La #UNAM se la rifo; si todavía sufres por #COVID19 checa esto, te puede servir. 😮💨📺 https://***SN', '-']",tweet_A,-,retweet
t1852,u1150,2021-09-27 22:30:29+00:00,Covid,U***t,-,"['Home Recovery is now the default for majority of #COVID19 patients. This enables them to recover in the comfort of their homes, with the support of their families. They will have access to 24/7 telemedicine services, and assigned a Home Recovery Buddy. Find out more below. https://***AM', 'Cumberland Advisors Commentary - Lobsters &amp; China - https://***wT #Wuhan #COVID19 #MaineMaligned #LobstersAreInnocent https://***BA', '""Even the major medical journals in the US are controlled by big pharma; it\'s outrageous. I don\'t think there is such a thing as academic freedom."" -Dr. @P***k highlights the lack of scientific freedom in the US. @C***l To learn more, visit https://***5R https://***kE', '-']",tweet_A,-,retweet
t3688,u2406,2022-03-02 05:54:54+00:00,Covid,s***s,"#Covid_19 NEW DELHI Corona Update on 2-MARCH-22 Total Deaths 26,126 https://***ei #CoronaUpdate #CoronaFighters #DWARKA #NANGLOI #LAJPATNAGAR #ROHINI #SHAHDARA #KASHMIRIGATE #SAKET #CENTRALDELHI #SOUTHDELHI #ROHTAK #RITHALA #WESTDELHI #COVID19India #coronavirus","['Maranhão chega a 413.089 casos e 10.807 mortes por Covid-19 https://***pu #g1 #g1MA', '#Covid_19 NEW DELHI Corona Update on 2-MARCH-22 Total Deaths 26,126 https://***ei #CoronaUpdate #CoronaFighters #DWARKA #NANGLOI #LAJPATNAGAR #ROHINI #SHAHDARA #KASHMIRIGATE #SAKET #CENTRALDELHI #SOUTHDELHI #ROHTAK #RITHALA #WESTDELHI #COVID19India #coronavirus', 'Employing #Synergistic Strategies to #Advance #Nanomedicine #mondayquotes #staysafestayhealthy #covid19safety #omicronvariant #nanotechnology #nanomaterials #nanoscience #nanotechnology #conference2022 #londonuk For more information visit our website : https://***zz https://***rC', '-']",-,content_B,post
t2427,u1164,2022-02-07 05:43:14+00:00,Covid,T***h,"Children should receive their Covid-19 vaccines despite the risk of them developing myocarditis, leading virologist Dr Yong Poovorawan said in a Facebook comment on Sunday. #COVID19 #children #ThailandNews #TheNationThailand Read more: https://***5A","['U.S. COVID-19 death toll topped 900,000 on Friday, less than two months after surpassing 800,000, according to data from Johns Hopkins University. https://***hd', ""Looking for free vaccine records that you can print and use to track all COVID-19 shots? Find them in #AHRQ's updated #vaccinetracking tools for nursing homes. https://***gQ https://***Up"", 'Children should receive their Covid-19 vaccines despite the risk of them developing myocarditis, leading virologist Dr Yong Poovorawan said in a Facebook comment on Sunday. #COVID19 #children #ThailandNews #TheNationThailand Read more: https://***5A', '-']",-,content_C,post
t3879,u1612,2022-03-05 14:48:03+00:00,Covid,D***x,"But it does still occur, and rates appear to be rising sharply due to more children being infected with #Omicron Some children can sustain organ damage from #COVID19 while #LongCovid symptoms could also occur from damage to blood vessels","['But it does still occur, and rates appear to be rising sharply due to more children being infected with #Omicron Some children can sustain organ damage from #COVID19 while #LongCovid symptoms could also occur from damage to blood vessels', ""How did the UK and France's responses to the COVID-19 pandemic compare and contrast? What lessons have both countries learned from the pandemic? 📜 Read our new joint workshop report with the French @a***d : https://***MP https://***BU"", 'Welcome folks to a Pfizer cubed bae. We are now boosted against Covid-19. #GetJabbed #Boosted https://***rh', '-']",tweet_A,content_A,reply
t2571,u1552,2022-02-10 11:56:25+00:00,Covid,c***y,"And we may not have created as much at-risk manufacturing capacity for COVID-19 vaccines as we did for polio Vx in cohort proportional and technology adjusted terms, thanks largely to the efforts of The March of Dimes. (Though note global rollout was still considerably slower).","['And we may not have created as much at-risk manufacturing capacity for COVID-19 vaccines as we did for polio Vx in cohort proportional and technology adjusted terms, thanks largely to the efforts of The March of Dimes. (Though note global rollout was still considerably slower).', '#Covid19 | Científicos de #China presentan nuevo test ultrarrápido y preciso Las pruebas #PCR están consideradas las más precisas y sensibles para detectar el #COVID19 sin embargo, sus resultados pueden tardar horas en salir. | https://***pp', 'করোনাবিধি মানায় জোর দিচ্ছেন বিশেষজ্ঞরা। #BengalFightsCorona #coronavirus https://***Yi', '-']",tweet_A,content_A,reply
t3805,u2825,2022-03-03 23:39:59+00:00,Covid,f***n,-,"['NEW: The COVID-19 pandemic exposed a slew of inequities, but for small businesses in Los Angeles and across the country, one of the most consequential involved access to credit. https://***oj', '#ICYMI - Learning Through a Pandemic: The Current State of Knowledge on #COVID19 and Cancer by @A***f, @h***r et al. https://***if @V***h https://***Uc', '#1Mar El @2***n implementa medidas de concientización para evitar el contagio del Covid19 🦠 😷 mantén las medidas de Bioseguridad. #CarnavalesBioseguros2022 #CentinelasPorLaPatria #GNBTachira #Aux_PGuarumito #YoSoyFANB #GNB .@P***B .@T***B https://***3g', '-']",tweet_A,-,retweet
t2889,u3280,2022-02-16 12:43:08+00:00,Covid,T***h,"Updated table: 9 hospitalizations, 28 new positive cases and 7 reported positive self-tests. KN95 masks available for free - find out where at: https://***s… #twithaca #covid19 https://***8m","[""Today's COVID-19 news conference is done. There were no major announcements."", 'Updated table: 9 hospitalizations, 28 new positive cases and 7 reported positive self-tests. KN95 masks available for free - find out where at: https://***s... #twithaca #covid19 https://***8m', '@A***r NOPE!! #freedom over #Fear The problem was not #covid but the healthcare system riddled with bureaucratic fat like your #Union #covid19 is #pandemicLite @ best If we got hit w/ #spanishflu today 5%/225,000 #Albertans would be dead #FreedomConvoyCanada #TruckersForFreedom2022 https://***mh', '-']",-,content_B,post
t3337,u0616,2022-02-22 19:00:09+00:00,Covid,A***O,They identified a significant locus at UGT2A1 &amp; UGT2A2 – suggesting a genetic link to biomechanisms related to #COVID19 loss of smell or taste. Full findings here ➡️ https://***OT (2/2),"['Unregistered and unorganised, daily wage workers slip through the cracks during the #COVID19 #pandemic. #WATCH a day in the life of four daily wagers. @I***c @A***u @n***s #Repost https://***BX', 'If you have a lung condition and you are feeling worried about yesterday’s announcements, we want to remind you that our helpline nurses are here to offer support and our COVID-19 advice pages are continuing to be updated with advice to stay well.', 'They identified a significant locus at UGT2A1 &amp; UGT2A2 – suggesting a genetic link to biomechanisms related to #COVID19 loss of smell or taste. Full findings here ➡️ https://***OT (2/2)', '-']",tweet_C,content_C,reply
t1800,u0253,2021-07-29 09:37:31+00:00,Covid,D***_,A Third Dose of the Pfizer/BioNtech Covid-19 Vaccine Appears to “Strongly” Boost Protection Against the Delta Variant https://***zU @p***e aracılığıyla,"['A Third Dose of the Pfizer/BioNtech Covid-19 Vaccine Appears to “Strongly” Boost Protection Against the Delta Variant https://***zU @p***e aracılığıyla', '🎬 Watch LIVE: UN Security Council Arria Formula meeting organized by @U***k to hear from voices in Myanmar on #Myanmar Crisis, Conflict and #COVID19. 📆 29 July 🕙 10:30am (EDT) https://***7R', 'Job growth is outpacing economists’ expectations, and there’s still a long way – and 6.8 million #jobs – to go before the nation’s #LaborMarket returns to levels seen before #COVID19. https://***gg #business #work #workforce #HR', '-']",-,content_A,post
t1654,u2033,2021-03-02 14:37:02+00:00,Covid,c***y,"Dear #CFAS Members: Don't miss out on our ART Lab SIG Webinar: Preserving mental health and building resilience during COVID-19, taking place on March 19th at 5:00pm EST! #Fertility #Andrology #ARTLab #Education","['How falling levels of COVID-19 tests could threaten pandemic fight - ABC News - https://***H1 via @A***C', ""Dear #CFAS Members: Don't miss out on our ART Lab SIG Webinar: Preserving mental health and building resilience during COVID-19, taking place on March 19th at 5:00pm EST! #Fertility #Andrology #ARTLab #Education"", 'Student community is gearing up to appear for exams during a #pandemic. At such a time, facing tremendous pressure and stress, they need a warrior spirit. PM @n***i’s #ExamWarriors edition-2 could inspire young minds and give them the zeal &amp; courage to face the situation.', '-']",-,content_B,post
t3803,u2424,2022-03-03 23:17:26+00:00,Covid,m***l,".@k***d says Biden’s description of Test to Treat w #covid19 antivirals in #SOTU2022 was an “if you like your dr you can keep your dr” type moment - important to say, but requires lots of caveats https://***JH","['.@k***d says Biden’s description of Test to Treat w #covid19 antivirals in #SOTU2022 was an “if you like your dr you can keep your dr” type moment - important to say, but requires lots of caveats https://***JH', '#MiddayNews | #Mumbai: After #IIT- Kanpur study, #BMC rethinking its #decision of #shutting jumbo #COVID19 care #centres https://***VA', 'Very cool! Canada has approved a plant-based #covid19 #vaccine 🌱 Canada Approves a Second Vaccine Made Without mRNA Technology - The New York Times https://***5y', '-']",-,content_A,post
t1361,u0427,2020-10-29 10:08:14+00:00,Covid,J***e,"Due to the #pandemic situations we always look at safety of our speakers so we request you to join us for #webinar on #Nanoscience 2020 on November 18-19, 2020 URL: https://***xY Mail - juliyaventore@g***l.com #Register_now Early discounts are availing","['Due to the #pandemic situations we always look at safety of our speakers so we request you to join us for #webinar on #Nanoscience 2020 on November 18-19, 2020 URL: https://***xY Mail - juliyaventore@g***l.com #Register_now Early discounts are availing', 'Corona und #Reisen: Wie wirksam sind Kontrollmaßnahmen? Ein neuer Artikel auf #WissenWasWirkt zu einem @C***y #RapidReview von @C***H https://***CX #COVID19 #coronavirus @C***e @C***T https://***0g', 'How did was the Internet impacted by #COVID19? We will present our findings at the COVID-19 Network Impacts Workshop run by the Internet Architecture Board @i***d https://***cH', '-']",-,content_A,post
t1851,u2238,2021-09-27 14:17:14+00:00,Covid,S***g,-,"['FREE access to new research examining crisis management for hotels and strategies for recovery #crisisresponse #COVID19 #dubai #tourism @E***y https://***pW', ""A pill to treat Covid-19: 'We're talking about a return to, maybe, normal life' - CNN https://***mX"", 'Das Covid-19 Virus Erklärt (auf Deutsch) https://***UO', '-']",tweet_B,-,retweet
t2069,u1188,2022-01-02 15:14:03+00:00,Covid,t***l,#BREAKING: Twitter permanently suspends Marjorie Taylor Greene account over COVID-19 misinformation https://***7t https://***o2,"['#BREAKING: Twitter permanently suspends Marjorie Taylor Greene account over COVID-19 misinformation https://***7t https://***o2', 'As we enter the New Year I’ve been reflecting on the huge achievements of NHS and social care colleagues and our amazing volunteers as we have continued to give our all in the fight against COVID-19.', 'Em 1° de janeiro de 2021 eu testei positivo para CoViD-19. É 31 de dezembro de 2021 e eu estou derrubado pela gripe. Que ano bosta, do início ao fim.', '-']",-,content_A,post
t1776,u1574,2021-07-01 16:13:57+00:00,Covid,Y***t,This is a positive “sign” of things to come. 👍 #beatCovid19 #GetVaccinated https://***Ku,"['This is a positive “sign” of things to come. 👍 #beatCovid19 #GetVaccinated https://***Ku', 'It is essential for #publichealth &amp; #healthcare partners to prepare together, so that they can save lives during #emergencies like #COVID19. Read how @n***y, acute care, &amp; long-term care sectors have worked together during the pandemic: https://***iw', 'In accordance with University guidelines, individuals who have been fully vaccinated against COVID-19 can now visit the libraries without wearing a face mask.', '-']",-,content_A,post
t3220,u1924,2022-02-20 20:07:45+00:00,Covid,c***n,-,"['#Mauritius: Addition of information on a cyclone warning for Cyclone Emnati (‘Summary’ and ‘Natural disasters’ pages). Updated information on COVID-19 restrictions (‘Coronavirus’ page) #TravelAdvice https://***y8', 'Jika anak kecil anda positif COVID-19, mohon untuk diisolasi di rumah, jangan bawa keluar. Yang terpenting adalah pantau keadaan anak, jika anak nampak lemah, tak mahu makan, nafas laju, jangan tunggu lama-lama, bawa ke hospital segera.', 'Segundo a Sesapi, esse número de crianças com a 1a dose, representa 45,46% da população infantil. @s***i #PortalGP1 #GP1 #Piauí #Teresina #covid19 #vacina #vacinacãocovid #sesapi https://***Hj', '-']",tweet_A,-,retweet
t1686,u2584,2021-03-26 05:42:13+00:00,Covid,T***l,Urgent Desire To Shop At Kmart And Bunnings Confirmed As Covid-19 Symptom https://***8Y,"['Urgent Desire To Shop At Kmart And Bunnings Confirmed As Covid-19 Symptom https://***8Y', ""'When India decides, India delivers' - Dr Harsh Vardhan India’s handling of the COVID-19 crisis is being hailed all around the world as a big success story. For a population of 1.3 billion, the deaths and infections due to COVID-19 are low. @I***T @A***1 1/3 https://***6k"", 'Interesante. La vacunación rápida sin otras medidas puede a corto plazo ser contraproducente (por relajación de vigilancia) #COVID19 https://***qZ', '-']",-,content_A,post
t3818,u0383,2022-03-04 06:18:16+00:00,Covid,S***s,Fully vaccinated individuals stood at about 17 million at 43%. #COVID19 #VaccinationRolloutSA,"[""The COVID-19 pandemic certainly accelerated our transition toward a digital world. Now it's important we keep it secure. Explore how to re-think #cybersecurity in a post-pandemic world. https://***d1 https://***Nm"", 'Fully vaccinated individuals stood at about 17 million at 43%. #COVID19 #VaccinationRolloutSA', 'This report presents demographics, symptoms, laboratory findings, and walk test results of adults referred for post-acute sequelae of COVID-19, and indicates phenotypes vary by sex and degree of IL-6 elevation. https://***uL https://***g4', '-']",tweet_C,content_B,reply
t3519,u1956,2022-02-26 03:30:00+00:00,Covid,G***o,"Leverage what-if parameters in @M***t #PowerBI to identify the exact impacts of external factors like COVID-19 on your business revenue, projects, and more. https://***D0 #YourPoweerBIGuru #powerbiimplementation #BI #microsoftpowerbi #powerbionline #dataanalytics https://***W8","['Leverage what-if parameters in @M***t #PowerBI to identify the exact impacts of external factors like COVID-19 on your business revenue, projects, and more. https://***D0 #YourPoweerBIGuru #powerbiimplementation #BI #microsoftpowerbi #powerbionline #dataanalytics https://***W8', ""Today was the ninth straight B.C. government data update that showed a decline in the number of #COVID19 patients in the province's hospitals. One new COVID-19 death today. Four such deaths in the past few days have been people in their 40s. https://***uW"", '#BaiaBaia 📛 Retrasaron por 45 días la entrega a la Sedena de los ventiladores, vitales para el apoyo a personas con Covid-19, así lo dio a conocer la Auditoría Superior de la Federación. Que paguen. #TeamGatoPolítico https://***46', '-']",-,content_A,post
t2103,u0756,2022-01-07 13:41:39+00:00,Covid,_***l,Working from home can be a lifeline for Vulnerable families. The Work and Health programme supports people into working roles that suit your specific circumstances. Take a look 👇 https://***Xs https://***R6 #Covid19UK #Omicron #CV,"['""I acknowledge that that this dire outlook is the last thing you want to hear as we enter another year in the pandemic. We are tired of the virus, but the virus has not tired of us. Many of us are anxious and scared. We want to get to a time where #COVID19 isn’t weighing on us.""', 'Working from home can be a lifeline for Vulnerable families. The Work and Health programme supports people into working roles that suit your specific circumstances. Take a look 👇 https://***Xs https://***R6 #Covid19UK #Omicron #CV', 'Every time this #coronavirus passes taking its toll at our BoxOffice We prepare ourselves to come back &amp; he comes back more stronger &amp; with a vengeance. Doesn’t matter we will fight it back more stronger &amp; with unity. #JaiHind', '-']",-,content_B,post
t2049,u1253,2021-12-23 20:59:27+00:00,Covid,l***r,-,"['Here’s How and When to Test for Covid-19 as the Omicron Variant Surges https://***Q4', 'ÚLTIMA HORA Confirman 6 casos de la variante Ómicron de COVID-19 en Nuevo León. https://***Va', '""COVID-19 vaccines and boosters are effective against severe illness from the Omicron variant, fact-checkers say"" https://***g6', '-']",tweet_B,-,retweet
t0347,u0549,2020-03-31 17:32:07+00:00,Covid,d***i,-,"['#coronavirus #iorestoacasa Visite virtuali nei musei, letture online, lezioni per tenersi in forma grazie a personal trainer a distanza, ricette in diretta e tanto altro. Sono molti i suggerimenti della rete per passare le giornate in casa https://***iw @i***a https://***kP', 'Our district is working on the seven habits so this week Bay View #physed classes will reflect on the first habit as it connects with #coronavirus @M***E @K***E Journal entries were made by New York teacher, Carley Antonelli through our #Healthed teachers page on fb https://***PL', 'Latest #coronavirus numbers on 30 of March at 17.30 as of @D***C 🌍 Globally: - ✅ cases - 745,308 - ☑️deaths - 35,306 - ✅ recoveries- 151,544 https://***bH', '-']",tweet_B,-,retweet
t0345,u1615,2020-03-31 15:06:37+00:00,Covid,U***i,-,"['New #Musing - “We have been forced into a chance to learn from this life-altering pandemic.” https://***Th #Covid_19 #coronavirus', 'NOTICE:IF YOU WERE PART OF THESE CRUISES, PLEASE KNOW THAT YOU ARE A CONTACT AND THE DEPARTMENT IS LOOKING FOR YOU. Please make contact with the Departments of Health in KwaZulu-Natal and Free State #COVID19 #CoronaVirusUpdate', '.@u***s is uniting hospitality businesses with healthcare workers fighting Covid-19 on the front lines. Hostels, hotels, BnB’s and guest-houses will be able to offer safe harbour to doctors and nurses. Healthcare workers can find a place to stay closer to where they work. https://***xh', '-']",tweet_C,-,retweet
t1847,u1607,2021-09-24 17:21:23+00:00,Covid,p***h,"‘Exhausted and overworked’: From Northern B.C. to Quebec, nurses warn that workloads are pushing them to the brink, by ⁦@x***r⁩ ⁦@M***r⁩ via ⁦@g***l⁩ #COVID19 #cdnhealth #cdnpoli #nursing https://***Gj","['Emergenza Covid, i dati sui vaccini somministrati in #Calabria il 22 settembre. Il report è a cura del progetto COVIDA, che rende accessibili e facili da consultare tutti i dati sulla pandemia e sulla campagna vaccinale in Calabria👉 https://***DR #covid19 #vaccini https://***KA', '#3 internet infrastructure is necessary, but not enough for resilient local economies during a #pandemic.', '‘Exhausted and overworked’: From Northern B.C. to Quebec, nurses warn that workloads are pushing them to the brink, by \u2066@x***r\u2069 \u2066@M***r\u2069 via \u2066@g***l\u2069 #COVID19 #cdnhealth #cdnpoli #nursing https://***Gj', '-']",-,content_C,post
t2005,u0678,2021-12-09 20:10:55+00:00,Covid,c***k,"“In a free society, each individual would make their own decisions. But the problem is we now live in collectivist society where medicine has become collectivized or socialized. All the decision-making is made by one person.” - @R***l #Fauci #covid19 https://***Gh","['#Novavax’s COVID-19 vaccine: We could possibly conclude its evaluation before the end of the year. When authorised, this vaccine will provide a new option for vaccinating people in the EU and globally. #EMAPresser #COVID19vaccines', 'South Africa🇿🇦 into its 4th wave 🌊 As Gauteng surges, with other provinces now following, case incidence across SA now above 8.8 new cases per 100k and test positivity above 12% 🚩 Based on previous experience, have breached tipping points or thresholds for sustained increase https://***R8', '“In a free society, each individual would make their own decisions. But the problem is we now live in collectivist society where medicine has become collectivized or socialized. All the decision-making is made by one person.” - @R***l #Fauci #covid19 https://***Gh', '-']",-,content_C,post
t3428,u2776,2022-02-24 02:32:15+00:00,Covid,X***l,"La baja cobertura de vacunación en muchos países del Caribe debe ser abordada con urgencia para detener la propagación de la COVID-19, afirmó hoy miércoles la directora de la Organización Panamericana de la Salud (OPS), Carissa F. Etienne https://***JX https://***YF","['.@W***O announced that Serbia 🇷🇸 will be among 5 more countries to receive support from the 🌍 mRNA hub – the only country in the European Region so far. Building capacity to produce life-saving vaccines &amp; medical products as we battle #COVID19 &amp; prepare for better #HealthForAll https://***P2', ""Don't let #COVID19 get in the way of your 2022 plans... it’s not too late to come forward for your #COVID19 vaccination. You can still book an appointment or go to a walk-in site for your first or second dose ✅ 💻Visit https://***e7 to find out more. #SELondon https://***AW"", 'La baja cobertura de vacunación en muchos países del Caribe debe ser abordada con urgencia para detener la propagación de la COVID-19, afirmó hoy miércoles la directora de la Organización Panamericana de la Salud (OPS), Carissa F. Etienne https://***JX https://***YF', '-']",-,content_C,post
t3448,u0775,2022-02-24 16:10:03+00:00,Covid,M***e,"#Covid19's impact on @S***p goes in 2 ways, says @b***p: #1 refocus on #food transformation + Vital Spaces offer for people at work + accelerating #data journey #2 pull from the businesses: buy-in for the change &amp; #innovation @a***i #MTBCSS 🔴https://***1k https://***I2","[""#Covid19's impact on @S***p goes in 2 ways, says @b***p: #1 refocus on #food transformation + Vital Spaces offer for people at work + accelerating #data journey #2 pull from the businesses: buy-in for the change &amp; #innovation @a***i #MTBCSS 🔴https://***1k https://***I2"", 'Happening NOW: This #BlackHistoryMonth learn more about #cardiovascular health and the impact of #COVID19 vaccine hesitancy on the Black community. JOIN NOW: https://***5w', 'COVID-19 genetic risk variant protects against HIV. Read More: https://***3k #covid #people #data #biobank #biobanking #biobanks #biospecimen #biorepository #aids #HIV #risk #medical #health #covid #covid19 #pandemic #coronavirus', '-']",-,content_A,post
t3508,u0949,2022-02-25 21:35:38+00:00,Covid,G***V,"THIS WEEKEND: @f***a Administrator @F***e discusses Covid-19 pandemic response, natural disaster impact mitigation, climate resilience and equity and diversity. Sunday at 10:30 AM on @7***C https://***eZ","[""A pandemic doesn't stop tooth decay, &amp; dentists are reminding parents to get their kids back on a regular schedule before COVID-19 fallout does more damage. https://***JN https://***Y6"", 'THIS WEEKEND: @f***a Administrator @F***e discusses Covid-19 pandemic response, natural disaster impact mitigation, climate resilience and equity and diversity. Sunday at 10:30 AM on @7***C https://***eZ', ""When #OurNHSPeople ask you to wear a face covering, it's to protect our staff, your fellow patients and their families. Please help us to stop the spread of COVID-19 this winter. Thank you. #BecauseWeCare #CleaningForYourConfidence #MidlandsIPC https://***bU"", '-']",-,content_B,post
t2203,u0771,2022-01-21 19:38:48+00:00,Covid,R***n,Have you ordered your free COVID-19 tests yet? You can order 4 tests directly to your home by calling 800-232-0233 or visiting https://***O.,"['Have you ordered your free COVID-19 tests yet? You can order 4 tests directly to your home by calling 800-232-0233 or visiting https://***O.', ""A lot of the blame falls on the medical community. I know medical trainees &amp; attendings who still don't believe in the efficacy of vaccines. Honestly, I believe the government needs to mandate standardized #COVID19 education for all of us that's inclusive to marginalized groups. https://***fd"", 'COVID vaccines safely protect pregnant people: the data are in! 💉 #VaccinationData #Pregnancy #COVIDResearch #GetVaxxed #COVID19 #COVIDVaccination https://***Uw @N***e https://***ir', '-']",-,content_A,post
t3042,u0986,2022-02-18 08:58:07+00:00,Covid,M***m,-,"['#AragónCovid #EstudiandoCovid19 @C***2 954 positivos, hoy se ralentiza un poco la bajada, pero seguimos descendiendo, que es lo bueno. 1.443 fueron el miércoles anterior. Los fallecidos siguen en números altos, hoy sumamos 21 al acumulado, 4.668 en total https://***KX', 'The hospitalization rate /100K is still very high among the unvaccinated according to new @G***h data. #cdnhealth #covid19 https://***yE', 'This review of #MentalHealth and #COVID19 in #LMICs suggests that at-risk groups (i.e. people who are incarcerated or the elderly) need to be prioritised in nations’ efforts to address their mental health needs. https://***fS https://***dA', '-']",tweet_B,-,retweet
t3513,u1221,2022-02-25 23:40:18+00:00,Covid,f***n,-,"['Uganda is one of the latest countries to join Extractive Industries Transparency Initiative (EITI) following its admission in August 2020. This thread explains the EITI and what the membership means for Uganda @N***e @J***a #UgandaExtractives https://***5N', 'Will the COVID-19 Vaccine Speed Up Biotech Production? https://***4k', 'If you have a #startup in #MENA, please take a moment to fill in this 3-minute survey as part of a research report that is being conducted by @W***E in partnership with #Flat6Labs. 📝Survey link: https://***P3 #Entrepreneur #technology #COVID19 https://***Uu', '-']",tweet_A,-,retweet
t0712,u1908,2020-08-08 09:33:03+00:00,Covid,B***k,India's prime minister has pledged to increase #coronavirus testing to one million a day. But are they the right sort of tests? https://***zX,"['Read about our VoiceBot #MyEleanor in this recent piece on remote monitoring solutions for risk detection and combatting loneliness in older adults during COVID-19 and beyond. https://***Ts #aiinhealthcare #digitalcare #memberengagement #myeleanor #caremanagement https://***Az', ""India's prime minister has pledged to increase #coronavirus testing to one million a day. But are they the right sort of tests? https://***zX"", ""Don't let the Trump administration change the rules and use COVID-19 as a false pretext for denying the rights of asylum seekers, refugees, and unaccompanied children at our borders. Take action to #SaveAsylum. Submit a public comment before 8/10 https://***7y @W***M https://***9M https://***7T"", '-']",-,content_B,post
t3705,u0522,2022-03-02 14:39:32+00:00,Covid,O***r,"Ülkedeki son aşı durumu ne yönde bir bakmak istedim. 1 Mart 19.00 verileri itibariyle toplam nüfusun %62.38'i, +12 yaş nüfusun %75.88'i en az iki doz aşı yaptırdı. Üçüncü doz aşılama yüzdesi ülke geneli %32, +12 yaş nüfusta %39. #covid19tr https://***Og","['The Illinois House passed a bill Tuesday that would give teachers, professors and other educational employees paid leave if they miss work for COVID-19-related issues, but only if they’ve been fully vaccinated. https://***ay', ""Ülkedeki son aşı durumu ne yönde bir bakmak istedim. 1 Mart 19.00 verileri itibariyle toplam nüfusun %62.38'i, +12 yaş nüfusun %75.88'i en az iki doz aşı yaptırdı. Üçüncü doz aşılama yüzdesi ülke geneli %32, +12 yaş nüfusta %39. #covid19tr https://***Og"", 'Why Ukraine’s COVID-19 Problem Is Everyone’s Problem https://***DC', '-']",-,content_B,post
t3476,u2682,2022-02-25 08:22:00+00:00,Covid,S***h,What actions can help build a more sustainable world in the wake of #Covid19? This article sets out 3 system-level responses: 1. Work across silos 2. Visibly use science in policy 3. Harness simultaneous global interruption to habits #Agenda2030 #SDGs https://***b3,"[""COVID-19 vaccinations TODAY in BOSTON! It's never too late to get vaccinated. First, second &amp; booster doses - No appointment needed. https://***cW"", ""Around the world, the number of people teetering on the verge of famine continues to grow due to going conflicts, the climate crisis &amp; the effects of #COVID19. Learn more about @W***P's work to fight famine &amp; how you can help. https://***2M https://***GQ"", 'What actions can help build a more sustainable world in the wake of #Covid19? This article sets out 3 system-level responses: 1. Work across silos 2. Visibly use science in policy 3. Harness simultaneous global interruption to habits #Agenda2030 #SDGs https://***b3', '-']",-,content_C,post
t1655,u0372,2021-03-02 18:48:08+00:00,Covid,J***n,-,"['A ""threat"" and a ""burden"": @B***h and @P***l examine how UK media reacted to and represented #SocialDistancing in early March and April 2020, following Boris Johnson\'s announcement regarding the UK government\'s plan to fight #COVID-19. (rw) https://***5C', 'Texas and Mississippi said they\'re lifting COVID-19 restrictions, including mask mandates, a day after CDC Director Dr. Rochelle Walensky warned states that ""now is not the time"" to do so. https://***Cp https://***IE', 'Today, Nigeria, Angola, Kenya &amp; Democratic Republic of Congo received #COVID19 vaccine doses through #COVAX This is very important progress for equitable access to vaccines and an important learning opportunity for future outbreaks! THANK YOU @W***O @g***i @C***s @U***F https://***bi', '-']",tweet_A,-,retweet
t3191,u1367,2022-02-20 11:00:01+00:00,Covid,t***x,"When COVID-19 hit, the stories of children living in informal settlements weren’t being told. Duma Says aimed to change that. https://***yG","['93.2% (4,318,206) of eligible people 12+ in BC have received their 1st dose of COVID-19 vaccine. 90.6% (4,197,759) received their 2nd dose. 11,216,953 doses of vaccine have been administered. Full COVID Update: https://***vB', 'When COVID-19 hit, the stories of children living in informal settlements weren’t being told. Duma Says aimed to change that. https://***yG', 'महाराष्ट्र में कोरोना के 1635 मरीज मिले, 29 की हुई मौत, जम्मू-कश्मीर में भी संक्रमण के 166 नए मामले सामने आए #COVID19Update #COVID19 #JammuKashmir #Maharashtra https://***Rz', '-']",-,content_B,post
t2185,u2447,2022-01-19 22:16:59+00:00,Covid,S***P,¿Sos un caso confirmado de Covid-19? 😷 Seguí las indicaciones del @m***n 👇 https://***zv,"['1.Akumulasi kasus terkonfirmasi positif #Covid19 hingga 19 JANUARI 2022 pukul 18.00 WIB ada 106234 kasus dengan 341 kasus konfirmasi aktif, 103721 sembuh dan 2172 meninggal', '¿Sos un caso confirmado de Covid-19? 😷 Seguí las indicaciones del @m***n 👇 https://***zv', ""With pediatric COVID-19 cases on the rise, our Physician-in-Chief, Dr. Mark Kline, spoke with NBC News about the importance of vaccinating our youth. Schedule your child's vaccine appointment today at https://***bi https://***sZ"", '-']",-,content_B,post
t3482,u2270,2022-02-25 14:03:30+00:00,Covid,m***a,-,"['Fonk Au pays des manipulateurs Une sacrée liste #immigration #securité #Sante #PouvoirDAchat #antitocard #COVID19 #Politique et j’en passe https://***7r', 'Informe diario de la situación del #Coronavirus en la Provincia al día 24 de febrero. Más información acá 👇 https://***tk https://***k7', 'PHSD is also reporting two new #COVID19 outbreaks: Health Sciences North, Seventh Floor North Tower, and Fifth Floor, South Tower (hospital). #Sudbury #GreaterSudbury #NorthernOntario https://***MS', '-']",tweet_C,-,retweet
t0339,u1610,2020-03-26 20:18:55+00:00,Covid,D***s,Wells Fargo invests $1M in SaverLife and Neighborhood Trust Financial Partners to Disperse Financial Aid to Small Businesses Affected by COVID-19 - https://***ml,"['A message from the U.S. Department of Health and Human Services Office of Inspector General regarding COVID-19 Healthcare Fraud Scams https://***iH', 'Wells Fargo invests $1M in SaverLife and Neighborhood Trust Financial Partners to Disperse Financial Aid to Small Businesses Affected by COVID-19 - https://***ml', 'Keep your loved ones safe! #socialdistancing #coronavirus #thisoldhouse #askthisoldhouse https://***c3', '-']",-,content_B,post
t3893,u2332,2022-03-06 03:31:28+00:00,Covid,o***s,Global Covid Caseload Tops 445 Million #COVID19 #Coronavirus https://***tV,"['Hiring across the U.S. surged last month as the economy continued to recover from a labor market slowdown caused by the COVID-19 Omicron variant https://***Yv', 'Global Covid Caseload Tops 445 Million #COVID19 #Coronavirus https://***tV', ""We invite you to create a map that visualizes how your world has shifted or been reframed during the pandemic. Your contribution will become part of our Covid-19 mapping project — and we'll publish a selection of maps we receive in early April https://***cj"", '-']",-,content_B,post
t3767,u2365,2022-03-03 09:15:00+00:00,Covid,V***V,#Espectáculos | Reina Isabel II regresó a sus labores tras contagiarse de covid-19 https://***uz,"[""Check out Dr. Denise Dixon's blog post ✍️: VIDEO: Stay protected and protect others during the coronavirus #pandemic - SuffolkHealthPsy https://***j1 https://***5T"", '#Espectáculos | Reina Isabel II regresó a sus labores tras contagiarse de covid-19 https://***uz', '#EUStateAid #StrongerTogether Commission 🇪🇺 approves €100 million Italian 🇮🇹 scheme to support catering services operators in the context of the #coronavirus pandemic ⬇️ https://***nx https://***7M', '-']",-,content_B,post
t3545,u0785,2022-02-26 17:52:18+00:00,Covid,P***y,"Ανακοίνωση του Υπουργείου Υγείας για νέα περιστατικά της νόσου COVID-19, 26 Φεβρουαρίου 2022 👉 https://***mP","['#Regolecovid19: nell’ambito del #sistemascolastico si seguono direttive precise e ben definite. Quali sono i comportamenti da adottare? 🡪 https://***YU https://***54', 'The ‘Free Convoy Protests’ movement has evolved into a rallying agenda for right-wing parties to exploit legislation and mandates of #pandemic restrictions in the United States, argues Ayan Barman. #FreedomConvoy2022 https://***V5 https://***Mx', 'Ανακοίνωση του Υπουργείου Υγείας για νέα περιστατικά της νόσου COVID-19, 26 Φεβρουαρίου 2022 👉 https://***mP', '-']",-,content_C,post
t3940,u2181,2022-03-09 04:18:06+00:00,Covid,s***s,More people with disabilities employed during Covid-19 pandemic https://***tT,"['Great sense of responsibility &amp; enthusiasm among Young India👏 Over 7⃣5⃣% of youngsters between the 15-18 age group have received 1st dose of #COVID19💉 vaccine. #SabkoVaccineMuftVaccine #IndiaFightsCorona 🖼️: @m***a https://***a4', 'More people with disabilities employed during Covid-19 pandemic https://***tT', 'Tetap #DoItAll to #StoptheSpread! Lindungi diri Anda dan orang-orang lain dari #COVID19. https://***20', '-']",-,content_B,post
t3254,u2928,2022-02-21 12:28:38+00:00,Covid,l***l,"The global trade in #LNG increased to 380 million tonnes during 2021 as many countries rebounded from the economic impact of the COVID-19 pandemic, according to Shell’s latest annual #LNG Outlook https://***P1","['The global trade in #LNG increased to 380 million tonnes during 2021 as many countries rebounded from the economic impact of the COVID-19 pandemic, according to Shell’s latest annual #LNG Outlook https://***P1', '#XiJinping: #China #SriLanka relations have set an example of friendly coexistence and mutually beneficial cooperation between countries of different size. Since the outbreak of #COVID19 , we have stood together and helped each other, further elevating the traditional friendship. https://***Yi', '#DocTalk: Delaying Treatment Is Worse Than Cancer Itself, Says Doctor Expert- Dr. Ramesh Sarin Indraprastha Apollo Hospitals Delhi @H***o #Covid19 #Cancer #CancerTreatments #Doctalk https://***JI', '-']",-,content_A,post
t3295,u1568,2022-02-22 05:32:18+00:00,Covid,l***r,Covid-19 : salve de critiques outre-Manche après l’annonce par Boris Johnson de la fin de toutes les restrictions https://***P9,"['Maxime Bernier to plead not guilty to violating COVID-19 rules https://***u0', '#ÚltimaActualización #BoletínCOVID19 sobre afectación a población afrocolombiana #INSEsVigilancia https://***1v \ue740 https://***4Y', 'Covid-19 : salve de critiques outre-Manche après l’annonce par Boris Johnson de la fin de toutes les restrictions https://***P9', '-']",-,content_C,post
t0432,u2399,2020-05-31 20:44:41+00:00,Covid,D***n,-,"['307 new cases of #COVID19; Lagos-188 FCT-44 Ogun-19 Kaduna-14 Oyo-12 Bayelsa-9 Gombe-5 Kano-3 Delta-3 Imo-2 Rivers-2 Niger-2 Bauchi-2 Plateau-1 Kwara-1 10162 cases of #COVID19Nigeria Discharged: 3007 Deaths: 287 #TakeResponsibility https://***A5', 'Take aways from @C***C 1️⃣ 13% mortality in pts with cancer and #COVID19 2️⃣ Risk factors for inc mortality: inc age, male sex, former smoker, active cancer tx, higher comorbids, ECOG2 3️⃣ Next @h***b article? @D***y https://***G0', 'Coronavirus (Covid-19) vaccine latest update: Doubts over Moderna vaccine; no Indian jab in clinical trial stage yet For more details:https://***6C https://***v6', '-']",tweet_A,-,retweet
t2769,u2152,2022-02-14 20:29:47+00:00,Covid,s***s,It’s even worse watching how unserious our democracy is live 🤢 #covid19on #onhealth #onpoli #covid19 #cdnhealth #cdnpoli https://***5h,"[""After multiple release-date #delays — mostly chalked up to the #pandemic, though you needn't be Hercule Poirot to suspect other motives — #DeathOnTheNile finally steams into #theaters this week. Read more: https://***zL"", 'It’s even worse watching how unserious our democracy is live 🤢 #covid19on #onhealth #onpoli #covid19 #cdnhealth #cdnpoli https://***5h', 'NY mother: New York did not prioritize children during COVID-19 pandemic https://***iP https://***UK #Coronavirus #Covid19 #Cov19', '-']",-,content_B,post
t0371,u0675,2020-04-23 17:34:10+00:00,Covid,r***i,My son Ryan Tibshirani at Carnegie-Mellon University has just launched a covid-19 national tracking system https://***nM,"['#BreakingNews #COVID19 APOCALYPSE WATCH FULL VIDEO https://***IR STAY HOME🏠 https://***x8', 'How can health departments allocate scarce resources for Covid-19 investigations? Administrative data can help rapidly prioritize resources for the vulnerable. @H***s @D***h with Mark_Krass and @P***n https://***bQ', 'My son Ryan Tibshirani at Carnegie-Mellon University has just launched a covid-19 national tracking system https://***nM', '-']",-,content_C,post
t3530,u3228,2022-02-26 09:27:54+00:00,Covid,N***o,-,"['“Nearly two years into the COVID-19 pandemic, Apple has made Face ID useful again in iOS 15.4 by finally adding the ability to use the face unlock feature while wearing a face mask.” https://***eg', 'The CEO of Moderna fumbles explaining why COVID-19 contains a gene sequence that was patented three years before the pandemic. ""Accident is Possible. Human makes mistakes."" @Z***6 @L***o https://***fe', 'The CDC on Friday will announce a change to the metrics it uses to determine whether to recommend face coverings, shifting from looking at COVID-19 case counts to a more holistic view of risk. https://***YX', '-']",tweet_A,-,retweet
t2074,u2380,2022-01-04 07:54:51+00:00,Covid,B***I,"Dengan bantuan sosial ini, Pemprov DKI Jakarta berharap dapat membantu menjaga kualitas nutrisi anak dan remaja Jakarta yang kehilangan salah satu ataupun kedua orang tuanya akibat Covid-19. #kartupedulianakdanremaja https://***Td","['How accurately can an at-home #COVID19 test detect the highly transmissible — and now dominant — omicron variant? https://***3J', 'Dengan bantuan sosial ini, Pemprov DKI Jakarta berharap dapat membantu menjaga kualitas nutrisi anak dan remaja Jakarta yang kehilangan salah satu ataupun kedua orang tuanya akibat Covid-19. #kartupedulianakdanremaja https://***Td', 'CERB helped Canadians during COVID-19 — but not the most vulnerable in @P***s #whistler #BC https://***RR via @p***s', '-']",tweet_C,content_B,reply
t2534,u2571,2022-02-09 17:30:00+00:00,Covid,B***s,"#COVID19 shifting from a pandemic to an endemic is often discussed, but is it understood? @B***H's @E***e says there is no one meaning to an endemic but “it doesn’t mean the virus is suddenly not going to hurt us.” @T***c @j***3 @K***u https://***Wn","[""#COVID19 shifting from a pandemic to an endemic is often discussed, but is it understood? @B***H's @E***e says there is no one meaning to an endemic but “it doesn’t mean the virus is suddenly not going to hurt us.” @T***c @j***3 @K***u https://***Wn"", 'There are always those who take advantage of a crisis to make a quick dollar- most often in communities like ours. A Black Future means those who commit such frauds and scams will be held accountable. Support S.4945-A, the COVID-19 Fraud Accountability Act. https://***vR', 'Anyone know if PJP numbers have been impacted by COVID-19 masking precautions? The fungus is passed person to person and one assumes that at risk individuals are more masked than pre-pandemic.', '-']",-,content_A,post
t3775,u2623,2022-03-03 14:28:45+00:00,Covid,M***w,Why Pregnant People Were Left Behind While Vaccines Moved at ‘Warp Speed’ to Help the Masses #COVID19 https://***9e,"['Why Pregnant People Were Left Behind While Vaccines Moved at ‘Warp Speed’ to Help the Masses #COVID19 https://***9e', 'This daily infographic provides the total number of vaccine doses administered in Australia 🇦🇺 as of 1 March 2022 📅 Stay up to date with COVID-19 vaccine information here 💻 https://***MW https://***U4', '#Unite2FightCorona ➡️ India’s Cumulative #COVID19 Vaccination Coverage exceeds 178 Cr (1,78,02,63,222). ➡️ More than 21 Lakh doses administered in the last 24 hours. ➡️ More than 2.02 Cr Precaution Doses administered so far. https://***v0 https://***pS', '-']",-,content_A,post
t3912,u2705,2022-03-07 13:30:15+00:00,Covid,N***m,"Check out this week’s #NYCTestandTrace #COVID19 testing sites #inTheBronx. Testing is no cost to you. COVID-19 vaccines are available at select locations. Text ""COVID TEST"" to 855-48 for more info. Hours and locations: https://***Ya https://***kr","['Check out this week’s #NYCTestandTrace #COVID19 testing sites #inTheBronx. Testing is no cost to you. COVID-19 vaccines are available at select locations. Text ""COVID TEST"" to 855-48 for more info. Hours and locations: https://***Ya https://***kr', '#Coronavirus The 15 postcode areas with the highest seven day infection rate per 100,000. BT28 (Lisburn / Ballinderry) has the highest at 1,117 per 100,000 https://***LE', '⚠️COVID-19: right to work checks This guidance has been updated to reflect the extended end date for the temporary adjusted checking process which is now 30 September 2022: https://***1G', '-']",-,content_A,post
t3434,u1659,2022-02-24 08:38:25+00:00,Covid,W***r,"Fisheries research &amp; development challenges have changed significantly in 21st century. 🎣 💡Read about WorldFish's contribution in calling attention to #aquaticfood systems research for nutrition, economy, gender, sustainability, climate &amp; #COVID19. 👉 https://***Fj https://***lk","['Do you know someone who has done amazing #scicomm work on #COVID19 #genomics, #bioinformatiocs, or #genomicsurveillance? Send them my way! Looking to interview people for a @C***n feature 🧬 Feel free to RT #SARSCoV2 #Virology', ""Fisheries research &amp; development challenges have changed significantly in 21st century. 🎣 💡Read about WorldFish's contribution in calling attention to #aquaticfood systems research for nutrition, economy, gender, sustainability, climate &amp; #COVID19. 👉 https://***Fj https://***lk"", 'https://***OK Connect for Advertisement Ph: +91 9810126851 Mail: info@n***r.com #dailynews #news #india #latestnews #breakingnews #todaysnews #indianews #instanews #dailyupdate #politics #coronavirus #localnews #dailycurrentaffairs #newsonradar https://***3c', '-']",-,content_B,post
t3121,u2564,2022-02-19 17:00:10+00:00,Covid,W***O,❗False health information puts lives at risk. ✅ Share accurate fact-based information on #COVID19. #ViralFactsAfrica @V***s https://***nu,"[""Today's #COVID19 data update for case reports from 2/17/22: New Cases: 1,750 (1,231,760 to date) New Deaths: 63 (15,499 to date) For more data, including case count and hospitalization epi curves, see the dashboard: https://***U. https://***mq"", 'Good Morning 😊 Our Contact Centre is now open to answer your calls, tweets, DMs, &amp; any Covid19 enquiries. Drop us a message and we will get back to you 👍📩 #MySefton https://***26', '❗False health information puts lives at risk. ✅ Share accurate fact-based information on #COVID19. #ViralFactsAfrica @V***s https://***nu', '-']",-,content_C,post
t0706,u0239,2020-08-03 15:11:53+00:00,Covid,W***O,"This week scientists, practitioners and policy makers will gather for a WMO hosted international virtual symposium on #weather, #climate and #environment factors in the #COVID-19 pandemic 👩🏽‍⚕️👨🏼‍💻👨🏿‍🔬👩🏾‍🏫 More information is available at: https://***k3 https://***Oq","['@A***g How might we slow the spread of COVID-19?', 'Les 8 conseils post Covid-19 pour souscrire à une assurance santé https://***rj', 'This week scientists, practitioners and policy makers will gather for a WMO hosted international virtual symposium on #weather, #climate and #environment factors in the #COVID-19 pandemic 👩🏽⚕️👨🏼💻👨🏿🔬👩🏾🏫 More information is available at: https://***k3 https://***Oq', '-']",-,content_C,post
t0981,u0769,2020-09-15 16:13:57+00:00,Covid,U***y,"E così... siamo ripartiti! 💪 Da ieri siamo tornati ad accogliere sui campus 🏛️ le nostre #studentesse e i nostri #studenti. Ecco il video che riassume le #disposizioni di #protezione #COVID19🦠, rispettiamole tutti #insieme! #wecare #takecare #USILife ℹ️ https://***bb https://***VG","['E così... siamo ripartiti! 💪 Da ieri siamo tornati ad accogliere sui campus 🏛️ le nostre #studentesse e i nostri #studenti. Ecco il video che riassume le #disposizioni di #protezione #COVID19🦠, rispettiamole tutti #insieme! #wecare #takecare #USILife i️ https://***bb https://***VG', 'As the #UNGA72 spokesperson, I shared tips w/ @r***a when she became spokesperson for #UNGA74. But then #COVID19 hit &amp; she had to find a whole new way of communicating. She did the job perfectly &amp; now I’m the one going to her for tips. Wishing my “spokes-sister” all the best. https://***ZZ', '#BREAKING Arunachal CM Pema Khandu had undergone RT-PCR test and sample returned positive for Covid-19. He says he is asymptomatic and feeling healthy https://***Vu', '-']",-,content_A,post
t2060,u1019,2021-12-29 05:35:02+00:00,Covid,U***n,"Even before #COVID19, women did 3 times more unpaid care work than men. Let's make 2022 the year we balance the load. 👏👏 https://***oR","['WATCH: President Biden &amp; COVID-19 Response Team Speak with Governors https://***zI https://***ar', ""Even before #COVID19, women did 3 times more unpaid care work than men. Let's make 2022 the year we balance the load. 👏👏 https://***oR"", 'The US hit a record seven-day average of 254,496 new Covid-19 cases on Tuesday, blowing past the previous record of about 251,989 daily cases set on January 11 https://***BM', '-']",-,content_B,post
t1604,u0303,2021-01-12 08:29:12+00:00,Covid,E***s,EMA receives the application for a conditional marketing authorisation of #COVID19 Vaccine AstraZeneca: https://***vP https://***Pk,"['EMA receives the application for a conditional marketing authorisation of #COVID19 Vaccine AstraZeneca: https://***vP https://***Pk', 'COVID-19 hit our house this week. Wife felt sick Monday, tested Tuesday, and on Friday it was confirmed. Hit me Thursday night. Haven’t been tested because it seems pretty obvious what it is. Kids started showing symptoms past two days. https://***EE', 'Nonetheless, it feels grim to update my footnote, swapping a link regarding his rescheduled execution with a link about his premature death from COVID-19.', '-']",-,content_A,post
t3353,u0004,2022-02-22 23:07:00+00:00,Covid,A***l,"🇸🇳 ¿En Senegal no hay #COVID19, ni medidas sanitarias ni vacunas? 🔎 El uso de mascarillas en espacios cerrados sigue vigente y el gobierno actualiza las cifras de casos e inmunizaciones diariamente #AFP ➡ https://***hl https://***Ax","['🇸🇳 ¿En Senegal no hay #COVID19, ni medidas sanitarias ni vacunas? 🔎 El uso de mascarillas en espacios cerrados sigue vigente y el gobierno actualiza las cifras de casos e inmunizaciones diariamente #AFP ➡ https://***hl https://***Ax', '#SamsungElectronics Co. topped #globalTVsales for the 16th consecutive year in 2021 on increased sales of its high-end TVs amid the COVID-19 pandemic #SamsungTV https://***7I', '👩🏻❤️👨🏻 ¡Sin vacuna no hay boda! Una pareja de novios de la Sierra Norte de #Oaxaca, acudieron el día de su #boda a vacunarse contra el #COVID19, esto si es amor. https://***cg', '-']",-,content_A,post
t0381,u0387,2020-05-05 10:45:01+00:00,Covid,M***r,"🇨🇭 Pandémie de #coronavirus : les enfants de tous âges ""peuvent contribuer à la transmission du #SARSCoV2"" selon une étude suisse sur 23 nouveaux-nés, enfants et ados infectés par le #COVIDー19. Cela confirme l'étude allemande du virologue #Drosten. (Le Figaro) #COVID19","['Senior Living Team Works Creatively to Attract Customers Amid Covid-19 https://***dC', 'All of us can play a role in controlling the transmission of #COVID19. Practicing physical distancing, washing our hands frequently, following cough etiquette, isolating if you have symptoms. Our behaviors will directly end the pandemic. #Stop_the_virus #Save_lives #UNEgypt', '🇨🇭 Pandémie de #coronavirus : les enfants de tous âges ""peuvent contribuer à la transmission du #SARSCoV2"" selon une étude suisse sur 23 nouveaux-nés, enfants et ados infectés par le #COVIDー19. Cela confirme l\'étude allemande du virologue #Drosten. (Le Figaro) #COVID19', '-']",-,content_C,post
t0666,u0506,2020-07-13 09:42:58+00:00,Covid,M***0,Human trials begin on #coronavirus vaccine developed by #UQ https://***Dy,"['Human trials begin on #coronavirus vaccine developed by #UQ https://***Dy', 'These Tech Trends Will Impact Our Lives In A Post COVID-19 World https://***tX #COVID19 #ArtificialIntelligence #technologytrend #mobileappsolutions', ""Are we employing the most efficient learning tools to help today’s clinicians and organisations combat #COVID19? https://***br IHI's @P***r @D***k @K***e share their opinion @b***t."", '-']",-,content_A,post
t1369,u3110,2020-11-01 15:11:43+00:00,Covid,T***o,The bell tolls today for the hundreds of thousands of lives lost in this pandemic. With hope that God will wipe away all the tears. Remembering the Human Toll of Covid-19 | Harvard Memorial Church https://***8e,"['The bell tolls today for the hundreds of thousands of lives lost in this pandemic. With hope that God will wipe away all the tears. Remembering the Human Toll of Covid-19 | Harvard Memorial Church https://***8e', 'More than 230,000 Americans have died from COVID-19 –– and Donald Trump has given up on trying to get the virus under control. He may have quit on you, but I promise I never will.', 'In only NINE days the 14-day average CHANGE in #COVID19 deaths has increased now from 7% to 17%!! This means that deaths aren’t just going up, the rate of increase is ACCELERATING... fast. Deaths follow cases and we have exponentially increasing cases https://***mA https://***Qk', '-']",-,content_A,post
t3650,u0432,2022-03-01 08:52:00+00:00,Covid,e***h,"Prospects for the global economy after #Covid19 - new @c***g ebook @v***u, @D***u @T***e Maury Obstfeld &amp; Yung Chul Park https://***hX","['P.R., propaganda, and psyops, oh my. #Propaganda #IStandWithUkraine https://***Qs Hawaii, SE QLD, pilger, Tim Smith #COVID19 #vegan #influencermarketing https://***M1', 'Following a public consultation, the regulations which made COVID-19 vaccination a condition of deployment in health and social care settings will end on 15 March. Read more: https://***KI', 'Prospects for the global economy after #Covid19 - new @c***g ebook @v***u, @D***u @T***e Maury Obstfeld &amp; Yung Chul Park https://***hX', '-']",-,content_C,post
t2533,u2707,2022-02-09 17:15:05+00:00,Covid,I***L,Approval of Chinese-made Covid-19 vaccine for use in South Africa welcomed https://***h3,"[""Citing lower COVID-19 case numbers, the Chatham health board has voted to rescind its indoor mask mandate. The state's indoor mask advisory remains in place. Masks are still required at town board meetings."", 'Approval of Chinese-made Covid-19 vaccine for use in South Africa welcomed https://***h3', '@F***r @H***s @b***g @W***a @L***y @f***h @S***e @L***w @E***N @E***N 🟢 Songseang Supanya is a rising voice of empowerment for the slums of #Bangkok 🏘️✊🏽 📸 Check out her photo story by Siyoree Thaitrakulpanich &amp; @L***y ➡️ https://***89 #WHRDs #housing #Thailand #COVID19 @K***h @U***P @U***U @u***c #SDG11', '-']",-,content_B,post
t2858,u1318,2022-02-15 20:36:00+00:00,Covid,S***d,"Dr. Hal Skopicki calls study showing 📈 heart risk after #COVID19 a wake-up call and ""rallying cry"" that even younger people w/o major preexisting health problems should try to avoid getting COVID b/c they can suffer long-term heart issues. https://***ZH via @N***y","['#CoronaInfoCH Cifre relative alla vaccinazione anti-COVID-19 - 15.02. Persone vaccinate con min. 1 dose: 70,04% Completamente vaccinate: 68,66% Con vaccinazione di richiamo: 40,96% https://***Of https://***wH', 'Dr. Hal Skopicki calls study showing 📈 heart risk after #COVID19 a wake-up call and ""rallying cry"" that even younger people w/o major preexisting health problems should try to avoid getting COVID b/c they can suffer long-term heart issues. https://***ZH via @N***y', 'Mientras menos circule el virus entre las personas, menos probable es que aparezcan nuevas variantes del SARS-CoV-2. Evitá nuevas variantes: cortá la transmisión de la #COVID19. 🖐🏽🤚🏽 💦💉😷 #VariantesCOVID19 #COVID19 https://***JC', '-']",-,content_B,post
t1790,u0665,2021-07-15 14:15:00+00:00,Covid,H***M,"Following COVID-19, healthcare providers have had to adapt quickly. Read the article to find out the biggest priorities in healthcare for the post-COVID landscape: https://***0V #Telehealth","['Adolescent behaviors during the #COVID19 pandemic: Research in Northern California suggests use levels of #ecigarettes, #cannabis, and alcohol are unaffected but the percentage of teens physically active has dropped https://***ak', 'Following COVID-19, healthcare providers have had to adapt quickly. Read the article to find out the biggest priorities in healthcare for the post-COVID landscape: https://***0V #Telehealth', 'The European Central Bank will start tapering its pandemic-related asset purchases after its September meeting and stop buying them by the end of March, according to a Reuters poll which showed the top economic risk was new COVID-19 variants. https://***hj', '-']",-,content_B,post
t3310,u2144,2022-02-22 12:45:59+00:00,Covid,O***o,"🔷 Le Forum de l'@O***o intervient à un moment crucial où notre capacité à nous remettre du #COVID19 - et à sauver les #ODD - est dans la balance. ☑️ ""Nous avons besoin d'une relance verte, centrée sur l'humain, qui donne la priorité aux personnes"", selon @a***s. https://***0T","['Didn’t they say this before? Only the most vulnerable!!! This is not a #vaccine, it’s a disaster in the making! #COVID19 #QEPD https://***zx https://***4M', '🔷 Le Forum de l\'@O***o intervient à un moment crucial où notre capacité à nous remettre du #COVID19 - et à sauver les #ODD - est dans la balance. ☑️ ""Nous avons besoin d\'une relance verte, centrée sur l\'humain, qui donne la priorité aux personnes"", selon @a***s. https://***0T', ""Did you miss last week's COVID-19 press briefing with Dr. Cheryl Bettigole? Watch it here: https://***eW"", '-']",-,content_B,post
t3373,u1626,2022-02-23 10:30:06+00:00,Covid,R***h,The global project to share COVID-19 vaccines is struggling to place more than 300 million doses in the latest sign the problem with vaccinating the world is now more about demand than supply. https://***LN,"['The global project to share COVID-19 vaccines is struggling to place more than 300 million doses in the latest sign the problem with vaccinating the world is now more about demand than supply. https://***LN', '#ICTequipment was handed over to 🇫🇯@f***e through #FJPoliceProject supported by 🇳🇿@M***Z to strengthen: 1⃣ The rights of the arrested digitally connecting w/ the lawyer when #COVID19 2⃣ #Data collection &amp; analysis 3⃣ Emergency responses #SDG16 ➡️https://***Ro https://***Gb', 'Covid-19: nova vacina francesa tem eficácia de 100% contra hospitalizações e casos graves, segundo fabricantes https://***ZL', '-']",-,content_A,post
t1843,u2961,2021-09-22 17:42:13+00:00,Covid,A***h,Tus respuestas a las encuestas cortas de All of Us ayudan a impulsar la investigación del COVID-19. El programa tiene una nueva encuesta sobre si recibiste la vacuna del #COVID19 o no. Entra a tu cuenta y comparte tu opinión: https://***ao #ParticipaEnAllofUs https://***3s,"['Tus respuestas a las encuestas cortas de All of Us ayudan a impulsar la investigación del COVID-19. El programa tiene una nueva encuesta sobre si recibiste la vacuna del #COVID19 o no. Entra a tu cuenta y comparte tu opinión: https://***ao #ParticipaEnAllofUs https://***3s', 'My latest piece for @F***k #Bulletin. Why are Biden’s approval ratings dropping? Thoughts? #Biden #Afghanistan #COVID19 #budget2022 #approvalrating #Immigration #Haitians https://***xA', '🚨🇪🇸14th #COVID19 outbreak confirmed on a Spanish mink fur farm. We MUST end this uncontrollable virus spread &amp; needless suffering now. Call on G20 leaders to #StopDeadlyFur &amp; sign our global petition ➡️https://***d1', '-']",-,content_A,post
t2996,u2723,2022-02-17 17:53:57+00:00,Covid,C***r,-,"['Does a faint line on a lateral flow test mean you have Covid? What to do if you get one https://***8W #COVID19 #LateralFlowTest', 'The safest place for people during the COVID-19 pandemic is outside of detention. But as long as @I***v insists on detaining, they need to provide robust protection for the people in its care. SIGN IF YOU AGREE ➡️ https://***qU', '#coronavirus #COVID__19 #antibodytest #facemasks #variantecovid #vaccines #nanotechnology #therapy #FDA #antibody #NextGen #drugs #AstraZeneca #variants #medical_student #kids #pandemia #cancer Follow &amp; RT, please. https://***Jh', '-']",tweet_C,-,retweet
t3477,u0247,2022-02-25 08:33:34+00:00,Covid,I***s,-,"['Halloween Orange Black Stars Pattern Costume Party Face Mask https://***dU #facemasks #Omicron #Covid19 https://***7U', 'Comparing Covid-19 case rates among vaccinated and unvaccinated people to claim the vaccines are ineffective has been a repeated form of vaccine misinformation in recent months. The UKHSA says vaccine protection against hospitalisation “remains high”. https://***4Y', 'Injustice anywhere is a threat to justice everywhere #MLK #blackhistorymonth #blackhistory #EnoughisEnough #QuarantineRacism #BlackLivesMatter #BlackTwitter #stpatricksday #stpattysday #Texas #sweepstakes #EldenRing #ManhattanDA #AEWDynamite On Amazon https://***qz https://***n8', '-']",tweet_B,-,retweet
t3773,u1602,2022-03-03 12:49:33+00:00,Covid,m***s,സംസ്ഥാനത്ത് 2222 പേര്‍ക്ക് കൂടി കോവിഡ് സ്ഥിരീകരിച്ചു #Covid19 #Kerala Read more&gt;&gt; https://***r9 https://***ls,"['Today’s cases in Uttara Kannada https://***ks #Karwar #uttarakannada #Ankola #Sirsi #Yellapur #Siddapur #Haliyal #Joida #Bhatkal #Honnavar #Kumta #Mundgod #COVID19 #coronavirus @d***a', 'Rapid #COVID19 tests are effective in detecting the #omicron variant, according to a new real-world study from UMass Chan Medical School that eases concerns about possible false negative test results, @n***s reports: https://***JJ @E***s @N***r @N***v', 'സംസ്ഥാനത്ത് 2222 പേര്ക്ക് കൂടി കോവിഡ് സ്ഥിരീകരിച്ചു #Covid19 #Kerala Read more&gt;&gt; https://***r9 https://***ls', '-']",-,content_C,post
t3653,u2331,2022-03-01 10:44:57+00:00,Covid,K***s,"UPDATE Corona Indonesia, 1 Maret: Tambah 24.728 Kasus Baru, Meninggal 325 https://***nh #COVID-19","['Le port du #masque de protection contre le #Covid19 ne sera plus obligatoire à l’intérieur des écoles publiques à #NewYork https://***2h', 'Some thoughts on Covid-19, endemicity, and the devaluation of life.', 'UPDATE Corona Indonesia, 1 Maret: Tambah 24.728 Kasus Baru, Meninggal 325 https://***nh #COVID-19', '-']",-,content_C,post
t2570,u0557,2022-02-10 11:41:32+00:00,Covid,X***o,#Duterte 总统感谢阿布扎比王储兼阿拉伯联合酋长国 (UAE) 武装部队副最高指挥官 Sheikh Mohamed bin Zayed Al Nahyan 殿下，感谢他的国家为防止 Covid-19 在#Philippines 传播而提供的援助，尤其是在邦萨摩罗。 https://***mA,"['Macron ‘refused Covid-19 test for Putin meeting so Russia couldn’t get DNA’ https://***B6', 'The latest #COVID19 harmonized phone survey data shows that close to half of households in Latin America and the Caribbean have still not managed to recover the level of income they had before the pandemic. Learn more: https://***vh https://***0p', '#Duterte 总统感谢阿布扎比王储兼阿拉伯联合酋长国 (UAE) 武装部队副最高指挥官 Sheikh Mohamed bin Zayed Al Nahyan 殿下,感谢他的国家为防止 Covid-19 在#Philippines 传播而提供的援助,尤其是在邦萨摩罗。 https://***mA', '-']",-,content_C,post
t1695,u2983,2021-04-08 16:40:12+00:00,Covid,R***N,"Dr. Fauci says #Brazil should ""seriously think and consider"" new restrictive measures amid Covid-19 surge @C***N @C***I #CovidInLatinAmerica https://***O8","['Learn more about our new @c***a class, ""Life After COVID-19: Get Ready for our Post-Pandemic Future,"" with @a***e! https://***83 https://***JB', 'Dr. Fauci says #Brazil should ""seriously think and consider"" new restrictive measures amid Covid-19 surge @C***N @C***I #CovidInLatinAmerica https://***O8', 'Ready to safely spend more time with your loved ones? Vaccination is the best way to help defeat the pandemic. We’re joining @H***v to spread the word about COVID-19 vaccination efforts: https://***sn #WeCanDoThis https://***rM', '-']",-,content_B,post
t3654,u0175,2022-03-01 13:00:53+00:00,Covid,N***s,"If you have any symtoms of COVID-19 you should not visit any healthcare settings. This will help protect our staff, volunteers and patients. https://***23","['Texas researchers say they have made a monumental breakthrough in the battle against COVID-19. Read more: https://***ra', ""De L'argent ( Du peuple ) pour la guerre mais pas pour les hôpitaux qui meurent #nucleaire #COVID19 #France https://***RU https://***Ti"", 'If you have any symtoms of COVID-19 you should not visit any healthcare settings. This will help protect our staff, volunteers and patients. https://***23', '-']",-,content_C,post
t1836,u0278,2021-09-18 18:34:00+00:00,Covid,p***1,"COVID-19 is amplifying known barriers to women’s career advancement, perpetuating the multiple bias barriers women face in recognition and success. This is particularly true for women of color. We must speak up for change: visit https://***fh for ideas. https://***p6","['#Covid19 could erase years of progress for women. 🚨 We are breaking down the decline in women’s participation in the workforce during our Show Up United for Women in Workplace event on September 30 with @D***r. 📉 Register today: https://***qi https://***sN', 'COVID-19 is amplifying known barriers to women’s career advancement, perpetuating the multiple bias barriers women face in recognition and success. This is particularly true for women of color. We must speak up for change: visit https://***fh for ideas. https://***p6', ""COVID-19: France suspends thousands of health workers 'without pay' after they fail to get vaccinated - Sky News https://***B1"", '-']",-,content_B,post
t1958,u1944,2021-11-23 17:24:33+00:00,Covid,W***n,22 November 2021 - WHO has joined efforts with the Islamic Development Bank Group @i***p &amp; the Ministry of Public Health &amp; Population to construct 14 new oxygen production stations that will save lives from the COVID-19 pandemic. Read Press Release 👉https://***lk https://***3G,"['What are the effects of the COVID-19 pandemic on #mentalhealth services? Share your experience by taking the survey developed by @G***E and the EPA. https://***fY', 'Don’t miss today’s panel at #CSPC2021 convened by 🇬🇧 SIN Canada 🇨🇦 @U***a featuring How #Science Diplomats can help foster prosperity&amp;growth in the post #COVID19 Era. Great collaboration w/@U***s https://***MI @S***d @m***t @s***y', '22 November 2021 - WHO has joined efforts with the Islamic Development Bank Group @i***p &amp; the Ministry of Public Health &amp; Population to construct 14 new oxygen production stations that will save lives from the COVID-19 pandemic. Read Press Release 👉https://***lk https://***3G', '-']",-,content_C,post
t3802,u2068,2022-03-03 22:55:25+00:00,Covid,o***e,-,"[""🔴 Türkiye'de koronavirüs: 24 saatte 188 can kaybı: Türkiye'de 24 saatte 188 kişi koronavirüs nedeniyle yaşamını yitirdi. Salgının gündemden çıkarılması planı kapsamında Sağlık Bakanı Fahrettin Koca, günlük Covid-19 tablosunu salgının başından bu yana... https://***i8 https://***CY"", 'NFL and NFLPA have suspended all COVID-19 protocols. https://***Nl', 'BREAKING; Prime Minister Scott Morrison tests positive for COVID-19 👇👇👇👇👇👇👇👇👇👇👇👇👇👇👇👇👇👇👇👇 #COVID19 #coronavirus #Auspol #insiders #7NEWS #9News #theprojecttv #Liberal #BreakingNews 😷😷😷😷😷😷🦠🦠🦠🦠🦠🦠🦠🦠🦠🦠🦠🦠🦠🦠 https://***TC', '-']",tweet_C,-,retweet
t3518,u1843,2022-02-26 03:30:00+00:00,Covid,T***e,Why #HongKong Is Now One of the Worst Places to Be in #COVID19 Era https://***cv #TMRWorld,"['Why #HongKong Is Now One of the Worst Places to Be in #COVID19 Era https://***cv #TMRWorld', 'Latest #COVID19 in Canada info and updates: ➡️ #GOC website on #coronavirus disease: https://***wV ➡️Canada COVID-19 Daily Epidemiology Update: https://***1o', 'While COVID-19 recedes, the opioid epidemic continues raging unabated. Read more on our work with ODMHSAS and @S***a to help bring Oklahoma a stronger toolset to combat the opioid epidemic. @O***O #GoogleCloud https://***8v', '-']",-,content_A,post
t3443,u2705,2022-02-24 14:00:01+00:00,Covid,N***m,"Our interactive #COVID19 Heroes website tells the story of how our #HealthCareHeroes came to the rescue during the height of the pandemic. Read their stories, check out the photos and view the videos to learn more about saving lives on the front lines: https://***Dj https://***Gc","['Our interactive #COVID19 Heroes website tells the story of how our #HealthCareHeroes came to the rescue during the height of the pandemic. Read their stories, check out the photos and view the videos to learn more about saving lives on the front lines: https://***Dj https://***Gc', '🌎 Although new cases dropped across the Caribbean by 44%, more than half of the 13 countries and territories that reported increases in deaths in our region were in the Caribbean. @D***O #COVID19 https://***ib', 'Kids 5+ can get a COVID-19 vaccine, and ages 12+ can get a booster. Get your FREE COVID-19 vaccine, including booster, today: 💻Go to https://***w2 📱Text your ZIP code to 438829 📞Call 1-800-232-0233 #GreaterThanCOVID #BetweenUsAboutUs', '-']",-,content_A,post
t2017,u0192,2021-12-13 11:41:48+00:00,Covid,s***a,BREAK - Prime Minister confirms first patient has died with Omicron variant #coronavirus,"['BREAK - Prime Minister confirms first patient has died with Omicron variant #coronavirus', 'My latest Media &amp; Journos Daily https://***14 Thanks to @s***n @L***a @v***d #tolonews #covid19', 'Last year, Hancock was given a target of 100,000 #COVID19 tests a day. Took him weeks to achieve. This year, #TeamGP &amp; rest of vaccinators have been given target of 1,000,000 #CovidVaccines a day with a notice of about 12 hours and lack of detail about how this will be achieved.', '-']",-,content_A,post
t3075,u1765,2022-02-18 19:30:27+00:00,Covid,N***s,"Tune in at 2:30pm ET when former @A***s President @B***r joins host @D***l to discuss the latest on #Covid19 #vaccines for kids, and long covid for children.","['Bilan Covid-19 : moins de 3 000 patients en soins critiques, la pandémie poursuit sa forte décrue https://***eu', 'Tune in at 2:30pm ET when former @A***s President @B***r joins host @D***l to discuss the latest on #Covid19 #vaccines for kids, and long covid for children.', ""While we do have to adjust to the reality of living with #COVID19 we – and NHS leaders – believe this shouldn’t mean ignoring the ongoing harm it is still causing to many by removing protections to some of society's most vulnerable, says @C***l 👇 https://***Q4 https://***FA"", '-']",-,content_B,post
t3727,u2056,2022-03-02 20:40:29+00:00,Covid,j***n,-,"['Nuestro país lleva aplicados más de 90 millones de dosis de vacunas contra la COVID-19 en todo el territorio nacional. @a***z en la #AperturaSesiones2022 https://***Wc', ""If you're planning a trip to Italy soon, here's a look at the latest Covid-19 rules for arrivals from Australia. https://***v1"", ""#Hawaii to lift #COVID19 quarantine for travellers. From March 26 those arriving from other places in US won't have to show #vaccination proof or negative test to avoid 5 days isolation. Hawaii is the only US state to implement a coronavirus quarantine programme. #IO https://***94"", '-']",tweet_B,-,retweet
t2752,u0783,2022-02-14 16:04:24+00:00,Covid,C***P,"This weeks digest covers the effectiveness of the first typhoid conjugate vaccine, antibody levels from COVID-19 breakthrough infections, links between gastrointestinal microbes and depression, and much more. https://***lD","['This weeks digest covers the effectiveness of the first typhoid conjugate vaccine, antibody levels from COVID-19 breakthrough infections, links between gastrointestinal microbes and depression, and much more. https://***lD', 'IBM Study: Using only a single cloud provider is not enough for the majority of Surveyed Companies #CLOUD #ONPERMISE #HYBRIDIT #ITINFRASTRUCTURE #MULTICLOUD #COVID19 #HYBRIDCLOUD #PUBLICCLOUD #BUSINESSCONTINUITY #SCALABILITY #INNOVATION #COSTREDUCTION https://***4z https://***R5', '#4Million people in #America do not have a #HighSchool #diploma. #COVID19 is expected to raise this number by the time the #pandemic is over, &amp; ended. 🧸🕎✝️☪️🍪', '-']",-,content_A,post
t2215,u3044,2022-01-22 23:44:28+00:00,Covid,A***d,This high level of immunity implies that there will be very low levels of transmission for some weeks or months. Further reductions in transmission potential over the summer may extend the period of low #COVID19 infections into later in the year. 2/,"['This high level of immunity implies that there will be very low levels of transmission for some weeks or months. Further reductions in transmission potential over the summer may extend the period of low #COVID19 infections into later in the year. 2/', '🚨 #Endorsement Alert 🚨 Debra Benders is a powerhouse in N. BK as the RA President of Cooper Park Houses. Together, Debra &amp; I worked to bring Cooper Park residents #COVID19 vaccine &amp; tests, turkeys &amp; meals at the holidays, and baby supplies for new parents. Thank you, Debra! https://***CQ', 'Free at-home Covid-19 tests started shipping to US households yesterday, WH COVID-19 Response Coordinator Jeff Zients says', '-']",tweet_C,content_A,reply
t1821,u0344,2021-08-28 19:23:55+00:00,Covid,s***w,-,"['Publication co-authored by ISARIC member @f***a : Liver injury predicts overall mortality in severe COVID-19: a prospective multicenter study in Brazil | 👉 https://***PD', 'Getting both doses of a COVID-19 vaccine is critical to protecting yourself &amp; your loved ones from serious illness. Find a clinic: https://***th #VaxForBC #NursingKnows #VaccinesWork #VaccinesSaveLives https://***zo', '🔔 Registration is open for #AidWatch 2021! Each year, our report monitors the quantity and quality of EU #ODA. Where are we one year on from the initial impact of #COVID19? Join us for a lively debate! 📅 6 October, 16:00 - 17:30 CET 🔗 Register here: https://***rP https://***yL', '-']",tweet_B,-,retweet
t2289,u1117,2022-01-30 15:05:24+00:00,Covid,c***o,Uno dice #vaporub y otro dice #homeopatía ja! Así de ridículos los que gobiernan y dirigen. #gobierno #COVID19,"['Uno dice #vaporub y otro dice #homeopatía ja! Así de ridículos los que gobiernan y dirigen. #gobierno #COVID19', 'Beijing records highest COVID-19 cases since June 2020 as Olympics loom https://***QQ', 'Great thread on the @d***g march on Sunday', '-']",-,content_A,post
t1817,u3057,2021-08-25 21:45:08+00:00,Covid,A***R,"uptime, downtime and production velocity have become critical metrics during COVID-19 than ever before. Don't waste time on data for data sakes, but focus on what's impacting your business today #mes #smartmanufacturing #smartfactory #digitalmanufacturin…https://***Jl","[""uptime, downtime and production velocity have become critical metrics during COVID-19 than ever before. Don't waste time on data for data sakes, but focus on what's impacting your business today #mes #smartmanufacturing #smartfactory #digitalmanufacturin...https://***Jl"", 'It’s time for our kids to make memories again. Book COVID-19 vaccination appointments for eligible children in your family.', 'Getting the Covid-19 vaccine reduces your risk of infection and also protects you against severe illness. Read more details here ....https://***ZI', '-']",-,content_A,post
t3200,u0720,2022-02-20 13:13:30+00:00,Covid,c***r,"@b***2 Is it only me, who feels this man #billgate has a sinister plan for the next virus adventure, he was deeply supporting the vaccine capitalism. His past records were only #scams or #scandal. #COVID19 #OMICRON2 #podcastandchillwithmacg #Crypto #patent #VaccineDeath","['@b***2 Is it only me, who feels this man #billgate has a sinister plan for the next virus adventure, he was deeply supporting the vaccine capitalism. His past records were only #scams or #scandal. #COVID19 #OMICRON2 #podcastandchillwithmacg #Crypto #patent #VaccineDeath', 'A resurgence in cases expected with easing of public health measures. But scenarios @G***h projects are pretty extreme. Hard to pin down transmission. #cdnhealth #covid19 https://***OB', '@F***y @m***2 @S***z Genau! Wie bitte interpretieren Sie denn die 3x (!) über 60% Ja in beiden #Covid19-Abstimmungen+der #Epidemiegesetz-Abstimmung? Sie meinen doch nicht etwa ernsthaft, der🇨🇭#Bundesrat habe dadurch Volksmandat zur #Omikron-Durchseuchung+OHNE🇨🇭 #LongCovid-Statistik!? https://***6r', '-']",tweet_B,content_A,reply
t0333,u2111,2020-03-23 04:42:50+00:00,Covid,D***r,"African countries have so far lost an estimated $29 billion to the coronavirus economic disruption, an amount equal to Uganda’s gross domestic product (GDP), according to UN estimates https://***Et #COVID19UG #COVIDー19 #MonitorUpdates","['Make your cat his own computer so you can #WorkFromHome in peace #COVID19US #Covid_19 https://***Lx', 'African countries have so far lost an estimated $29 billion to the coronavirus economic disruption, an amount equal to Uganda’s gross domestic product (GDP), according to UN estimates https://***Et #COVID19UG #COVIDー19 #MonitorUpdates', 'Happy Monday! @t***h keeping our kids fit and safe. Physically distant, socially close #COVID19 @r***s https://***7u', '-']",-,content_B,post
t1685,u2386,2021-03-25 20:07:07+00:00,Covid,O***s,Important new research in @P***E from @D***D and others at OptumLabs looking at #COVID19 testing strategies. https://***JI,"[""Don't miss this FREE @C***y event TODAY and hear the experts talk about what's new, help you separate myth from fact, &amp; give you precise directions on the actions you must take. #health #immunity #covid #covid19 #vaccines #who #pandemic https://***yc https://***Qx"", 'Our new paper in @S***l highlights that a systematization of the impacts of #COVID-19 on the #WEF #nexus is needed; there is a lack of risk-based analyses and spatial aspects in the WEF nexus https://***jK @W***a @N***m @W***s @k***d', 'Important new research in @P***E from @D***D and others at OptumLabs looking at #COVID19 testing strategies. https://***JI', '-']",-,content_C,post
t3769,u0856,2022-03-03 11:28:58+00:00,Covid,_***_,"Depuis le 1er janvier 2020 le #COVID19 a touché en 🇫🇷France plus de 22 840 306 personnes, soit 33.68131% de la population. Il a tué plus de 138 762 personnes, soit 0.20462% de la population. Sur cette période il représente 9.46435% de tous les décès. #stats https://***XX","['Depuis le 1er janvier 2020 le #COVID19 a touché en 🇫🇷France plus de 22 840 306 personnes, soit 33.68131% de la population. Il a tué plus de 138 762 personnes, soit 0.20462% de la population. Sur cette période il représente 9.46435% de tous les décès. #stats https://***XX', 'How Sarah Moss created ‘The Fell,’ a dystopian novel about current-day COVID-19 https://***fT https://***0X', 'Still quietly stuggling, but finding joy in new hair and a #PandemicBaby that holds my face lovingly. https://***cz', '-']",-,content_A,post
t3231,u3016,2022-02-21 00:55:38+00:00,Covid,T***l,⚠️Mañana inicia la aplicación del refuerzo de la vacuna contra #COVID19🦠 a l@s jóvenes de 18 a 29 años en Tlalpan. 💉👧🏼🧑🏻 🔸Lleva impreso tu expediente de vacunación. 📄 🔸Corresponde a las letras 🅰️ y 🅱️ 👉Más información https://***Kt #Tlalpan #GrandeComoSuGente https://***dh,"['""Conclusion: Findings of this study shows that vitamin D supplementation is effective in reducing COVID-19 severity. Hence vitamin D should be recommended as an adjuvant therapy for COVID-19."" https://***gy', '⚠️Mañana inicia la aplicación del refuerzo de la vacuna contra #COVID19🦠 a l@s jóvenes de 18 a 29 años en Tlalpan. 💉👧🏼🧑🏻 🔸Lleva impreso tu expediente de vacunación. 📄 🔸Corresponde a las letras 🅰️ y 🅱️ 👉Más información https://***Kt #Tlalpan #GrandeComoSuGente https://***dh', 'Recuerda que la batalla contra el #COVID19 continúa; respeta la #SanaDistancia y respeta las medidas necesarias para evitar contagios. https://***Qw', '-']",-,content_B,post
t3190,u0928,2022-02-20 10:58:48+00:00,Covid,K***I,Update Kapasitas Rumah Sakit #COVID19 di Indonesia (20/2) #LawanCovid19 #jagajarak #dirumahaja #pakaimasker #ayovaksin https://***mY,"['Update Kapasitas Rumah Sakit #COVID19 di Indonesia (20/2) #LawanCovid19 #jagajarak #dirumahaja #pakaimasker #ayovaksin https://***mY', 'You are about 8 times more likely to be hospitalised with COVID-19 if you are unvaccinated compared to someone that has had both doses and a booster. Make sure you get vaccinated. Find out more here: https://***IF https://***uS', 'BOLETIM #brasil io #Covid19 no 622 (17/02) - CASOS: 27.951.145 (+ 131.149)* ÓBITOS: 642.224 (+ 1.128)* https://***Y9 - RT @b***o - #FiqueEmCasa #LaveAsMãos #UseMáscara - . Hoje, #Quinta, ultrapassamos #1100 #Mortos - 🥺😢😭😢🥺 - https://***X2 -', '-']",-,content_A,post
t2423,u1385,2022-02-07 00:16:47+00:00,Covid,G***a,-,"['There are three ways to get in touch with your GP practice. Use a convenient, secure online form, call or visit. For more information visit your practice’s website. Please follow Covid-19 safety measures when visiting. https://***TL', '- To, co przeżyłam rok temu, to był mój osobisty dramat, dramat mojej rodziny i przyjaciół. To było nie do opisania - posłanka @B***_ opowiedziała o swojej walce z COVID-19 https://***a1', '""The Great Recession was a generational cataclysm for the American middle class. The COVID-19 recession has not been..."" https://***AI', '-']",tweet_C,-,retweet
t3490,u1710,2022-02-25 17:00:17+00:00,Covid,p***m,"Harnessing the collaborative approach of COVID-19 could be the best way to strengthen trust in pharma, says @A***e. Check out the full feature to find out more. #pharma https://***Du","['Harnessing the collaborative approach of COVID-19 could be the best way to strengthen trust in pharma, says @A***e. Check out the full feature to find out more. #pharma https://***Du', 'LIVE: Gov. Justice holds press briefing on COVID-19 response - February 25, 2022 https://***Gl', 'Getting a booster dose is important, even if you already had COVID-19. Stay up to date with your COVID-19 vaccines for the best protection against illness, hospitalization, and death from COVID-19. Visit https://***93 to make an appointment today. https://***Or', '-']",-,content_A,post
t1593,u2706,2021-01-04 20:54:03+00:00,Covid,p***e,.@V***y CEO Kent Ivanoff says the #pandemic requires health care to rethink billing and payments https://***ao,"['.@V***y CEO Kent Ivanoff says the #pandemic requires health care to rethink billing and payments https://***ao', ""Today we are expanding the list of people eligible to get a COVID-19 vaccine to include all doctors, nurses and staff who come into contact with the public. Not sure if you're eligible? Visit https://***d."", 'Paldies @L***V par skaidri formulēto informāciju saistībā ar Covid-19 vakcīnu drošību un efektivitāti. https://***Zs', '-']",-,content_A,post
t2917,u0671,2022-02-16 18:56:02+00:00,Covid,A***1,-,"['stila Stay Liquid Lipstick Portofino - https://***jP #covid19 #gloss #lips #lipstick #stayhome https://***C4', '!! HIGHRISK: El Camino Cantina Queenstown is a Close event. From: 2022-02-13 12:00:00 to 2022-02-13 20:30:00. 35 Brecon Street, Queenstown 9300 #Queenstown #Covid19', 'Leading Through a Crisis: Voices from the front lines of the #pandemic via @C***e https://***Ug https://***Ir', '-']",tweet_B,-,retweet
t2011,u1716,2021-12-10 19:48:25+00:00,Covid,a***l,"COVID-19 booster jab planning can get better with @c***i's blood test that can measure immune responses in high-risk patients. Find out how this could play a crucial role in the fight against COVID, on @i***f. https://***e6","[""COVID-19 booster jab planning can get better with @c***i's blood test that can measure immune responses in high-risk patients. Find out how this could play a crucial role in the fight against COVID, on @i***f. https://***e6"", 'FDA grants EUA for AstraZeneca’s “Evusheld” for COVID-19 pre-exposure prophylaxis. Evusheld is based on monoclonal antibodies discovered by James Crowe, MD and the Vanderbilt Vaccine Center. @c***e @V***s https://***2L via @v***h', 'Check out the upcoming Covid-19 Vaccination Sites! #WeMustSaveUs Vaccine providers: @c***t @5***f @H***H https://***7i', '-']",-,content_A,post
t2098,u2022,2022-01-06 16:00:35+00:00,Covid,B***S,🗣️ 0-19 Team Leader Libby on how the #NHS has opened the national booking service for 12-15-year-olds to get your second #Covid19 jab to protect against the #Omicron variant 📲 Please visit the NHS website to book yours. #NWWinterReady @N***W @W***G @H***G https://***5j,"[""Latest IL COVID-19 #'s from IDPH: New cases: 32,279 (new record). Tests run: 202,225 in last 24 hrs. Hospitalizations: 6,842 (new record)."", 'Walmart and Kroger are raising prices for BinaxNOW rapid Covid-19 tests after the expiration of a deal with the White House to sell the kits for $14. By \u2066@s***p\u2069 https://***5s', '🗣️ 0-19 Team Leader Libby on how the #NHS has opened the national booking service for 12-15-year-olds to get your second #Covid19 jab to protect against the #Omicron variant 📲 Please visit the NHS website to book yours. #NWWinterReady @N***W @W***G @H***G https://***5j', '-']",-,content_C,post
t2985,u1049,2022-02-17 15:25:28+00:00,Covid,O***s,"Between its job creation, contribution to global #GDP, tax revenue and indirect impacts on a wide set of actors, the #beer sector is a key partner to drive global #economic recovery from COVID-19. 🍺 #beerbackbetter Learn more 👉 https://***J4 https://***fF","['Between its job creation, contribution to global #GDP, tax revenue and indirect impacts on a wide set of actors, the #beer sector is a key partner to drive global #economic recovery from COVID-19. 🍺 #beerbackbetter Learn more 👉 https://***J4 https://***fF', ""Did you know? A study published in late January found that children who weren't vaccinated against COVID-19 still benefited from fully vaccinated contacts and were up to 58% less likely to get COVID-19. Read more: https://***0N https://***pk"", '(READ) Autopsies show myocarditis heart damage in 2 boys after Covid-19 vaccine https://***Ha', '-']",-,content_A,post
t1670,u2858,2021-03-11 15:05:35+00:00,Covid,I***e,"Isolation, social distancing, anxiety, &amp; news, real &amp; fake, #COVID19 has taken a toll on our sense of direction. ""Prochaine Station,"" Peter Shaw &amp; @D***5 explore this in audio. Listen to the art piece at @m***l Access: https://***8R https://***F7","['The COVID-19 vaccine means hope. It’s a way to protect you, your family, and your way of life. Right now, the vaccines are available to millions of Americans, and soon it will be available to everyone. https://***ah', 'As St. Patrick’s Day approaches, it’s important that we continue to follow public health guidance to slow the spread of #COVID19.', 'Isolation, social distancing, anxiety, &amp; news, real &amp; fake, #COVID19 has taken a toll on our sense of direction. ""Prochaine Station,"" Peter Shaw &amp; @D***5 explore this in audio. Listen to the art piece at @m***l Access: https://***8R https://***F7', '-']",-,content_C,post
t3462,u1857,2022-02-24 21:53:47+00:00,Covid,H***a,"Today, @G***s &amp; @F***n announced new COVID-19 guidance for Florida. For a full press release and video message, visit: https://***pi For the full guidance, visit: https://***QG","['ഇന്ന് 5023 പുതിയ രോഗികൾ, 13 മരണം; ആകെ കൊവിഡ് മരണം 64,591 ആയി #Covid19 #Covid19kerala #COVID19 #Asianetnews #Asianetnewslive https://***up', 'Since the beginning of the COVID-19 pandemic, the number of export curbs on medical products increased—reaching a peak of 147 in October 2022. Around 50 were export restrictions affecting vaccines and products related to their production and distribution. https://***8D https://***n9', 'Today, @G***s &amp; @F***n announced new COVID-19 guidance for Florida. For a full press release and video message, visit: https://***pi For the full guidance, visit: https://***QG', '-']",-,content_C,post
t2720,u1772,2022-02-14 03:23:36+00:00,Covid,L***x,"La falsificación de los certificados de vacunación contra el SARS-CoV-2, más allá de la comisión de un delito del orden federal, representa un problema de enormes dimensiones... https://***ug #Nacionales #Covid19 #Certificado #Salud @s***o","['La falsificación de los certificados de vacunación contra el SARS-CoV-2, más allá de la comisión de un delito del orden federal, representa un problema de enormes dimensiones... https://***ug #Nacionales #Covid19 #Certificado #Salud @s***o', '@J***l #covid19sk follow the money. #vaccination was meant to hurt #humanity &amp; #profit the few. #WakeUpEverybody - We are being intentionally #misdirected &amp; #mislead to benefit a few.', '#Truvada, if taken as prescribed (1 pill every day), prevents HIV with effectiveness close to 100% (this can be fact-checked and has been endorsed by CDC and FDA). #Truvada may protect also against hepatitis, herpes viruses, and even COVID-19. A reason more to decide to get PrEP', '-']",-,content_A,post
t0687,u2685,2020-07-22 14:49:34+00:00,Covid,A***h,"Let's be clear, $19.50/dose for $PFE's vaccine is an affordable &amp; accessible price. It amazes me how many people still find reasons to scold pharma when biopharma industry are working 24x7 to develop a #COVID19 vaccine in unprecedented time and sell at cost or a very fair price. https://***3j","['Trump said more Covid-19 testing ‘creates more cases.’ We did the math https://***ns via @s***s', ""Let's be clear, $19.50/dose for $PFE's vaccine is an affordable &amp; accessible price. It amazes me how many people still find reasons to scold pharma when biopharma industry are working 24x7 to develop a #COVID19 vaccine in unprecedented time and sell at cost or a very fair price. https://***3j"", ""Wow. The Dr. Fauci of Germany (the virologist Christian Drosten) has a podcast called 'Das Coronavirus' where he discusses complex topics around Covid-19 and millions of people tune in. It's the #1 podcast. Locals are telling me this helped a lot with the response."", '-']",-,content_B,post
t2172,u2940,2022-01-18 15:16:35+00:00,Covid,c***y,"There are 7,086 new cases of #COVID19. Today’s numbers will be available at 10:30 a.m. at https://***n.","['Viele weitere interessante Links gibt es in diesem Posting: https://***fU #Corona #Covid19 #EuropaGegenCovid19', 'There are 7,086 new cases of #COVID19. Today’s numbers will be available at 10:30 a.m. at https://***n.', '📅 Abiertas las citas de la dosis de refuerzo contra el COVID-19 para los nacidos entre 1978 y 1982. 📲 Solicita tu cita a través de la app y en https://***UH 💻 Vacúnate. Ganamos todos 💞 💉 #VacunaCovid #SanidadAragón 👉https://***Zd @S***a https://***8Y', '-']",tweet_C,content_B,reply
t0334,u0560,2020-03-24 02:05:58+00:00,Covid,B***s,A SIDARTHE Model of COVID-19 Epidemic in Italy. https://***8m,"['Are there more silent #COVIDー19 spreaders than we thought? Iceland, which is able to test its entire population, found half of those who tested positive had no #coronavirus symptoms. More @b***s: https://***Jc https://***sc', 'For PR pros and brand managers, influencer marketing might be an important way to engage audiences that are flocking to digital platforms amid the COVID-19 outbreak. https://***QR', 'A SIDARTHE Model of COVID-19 Epidemic in Italy. https://***8m', '-']",-,content_C,post
t2249,u1895,2022-01-26 03:58:53+00:00,Covid,D***n,"All over the U.S., state National Guard units are seeing dramatic reenlistment rates, even as their troops juggle near constant duties with COVID-19, natural disasters and other military deployments. Always ready, always there! Thank you! @N***d https://***lQ","['De acuerdo con la encuesta #ENCOVID19Infancia, las afectaciones de la pandemia en hogares con niñas, niños y adolescentes se presentan en diferentes aspectos como los ingresos familiares, inseguridad alimentaria, salud mental y perdida de aprendizajes y asistencia a la escuela. https://***kK', 'Nearly all teens treated in intensive-care units for COVID-19 have been unvaccinated: study The hospitals included in the study are all based in cities and more than half of the teens admitted with COVID hailed from Southern states. https://***uC', 'All over the U.S., state National Guard units are seeing dramatic reenlistment rates, even as their troops juggle near constant duties with COVID-19, natural disasters and other military deployments. Always ready, always there! Thank you! @N***d https://***lQ', '-']",-,content_C,post
t3112,u2001,2022-02-19 15:27:37+00:00,Covid,I***1,"#CoronaUpdates : Thane District''s today''s status. #ठाणे जिल्ह्यातील #कोरोना रुग्णांची शनिवार, 19 फेब्रुवारी 2022 रोजीची स्थिती.. #Thane FightsCorona #COVIDUpdates #CoronaAlert #WarAgainstVirus #LargestVaccinationDrive #LetsBeatCovid19 #breakthechain @M***R https://***KH","['Το παρασιτοκτόνο ιβερμεκτίνη δεν είναι «θαυματουργό», ούτε αποτρέπει την επιδείνωση της Covid-19 https://***Rp', ""#CoronaUpdates : Thane District''s today''s status. #ठाणे जिल्ह्यातील #कोरोना रुग्णांची शनिवार, 19 फेब्रुवारी 2022 रोजीची स्थिती.. #Thane FightsCorona #COVIDUpdates #CoronaAlert #WarAgainstVirus #LargestVaccinationDrive #LetsBeatCovid19 #breakthechain @M***R https://***KH"", '📊 #Coronavirus, medie mobili settimanali e variazione dalla settimana scorsa Casi totali: 53.325 casi in media al giorno (-19.343, -27% rispetto a 7 giorni fa) Decessi: 289 (-37, -11%) Nuovi ingressi in T.I.: +70 al giorno (-18, -20%) Tamponi: 505.436 (-172.526, -25%)', '-']",-,content_B,post
t2253,u0787,2022-01-26 18:18:02+00:00,Covid,C***v,"Know the difference. Side effects after getting your #COVID19 vaccine are expected and should go away in a few days. Symptoms of COVID-19 are wide-ranging, more severe, and often last weeks but can last months. Learn more: https://***y. https://***Ep","['Good read : #COVID-19 - endemic doesn’t mean harmless via @N***e @A***s https://***9k', 'Know the difference. Side effects after getting your #COVID19 vaccine are expected and should go away in a few days. Symptoms of COVID-19 are wide-ranging, more severe, and often last weeks but can last months. Learn more: https://***y. https://***Ep', 'Two medical advisers for DHS implore the U.S. government to expand COVID-19 vaccination access and other mitigation measures at immigration detention centers. https://***to', '-']",-,content_B,post
t3702,u1355,2022-03-02 12:22:26+00:00,Covid,s***g,-,"['NEW: The latest #ConsumerFinanceInstitute COVID-19 Survey of Consumers reports we see rising concerns about making ends meet – a metric that is nearly as high as we saw it at the beginning of the crisis. Special report: https://***OZ https://***zm', 'Despite what you might see on social media, there is no evidence that any vaccine, including COVID-19 vaccines, can cause infertility, erectile dysfunction or swollen testicles.#FightingCov2 #GetTheScience https://***8T', 'Toutes les règles et consignes de la santé publique liées à la COVID-19 seront suivies avant, pendant et après le voyage de la ministre.', '-']",tweet_B,-,retweet
t3247,u0751,2022-02-21 10:06:36+00:00,Covid,S***a,-,"['Want to help #researchers better understand the effects of the #COVID19 pandemic on different groups of people over time? If so, we’d love if you would share your thoughts with All of Us Research: https://***Qe #JoinAllofUs https://***HW', 'Primera Brigada de Infantería del #EjércitoGT | #MINDEF apoya al @M***e en la organización y funcionamiento de jornada de vacunación contra el COVID-19, en el departamento de #Petén. https://***TW', 'Queen Elizabeth tests positive for Covid-19 https://***1d', '-']",tweet_C,-,retweet
t2009,u2857,2021-12-10 11:28:34+00:00,Covid,C***E,Waar vind ik informatie over Covid-19 in eenvoudige taal of in andere talen? Op https://***Sh verzamelen we alle info over Covid-19 in eenvoudige taal en meer dan 20 andere talen. Deze vertalingen komen tot stand dankzij een samenwerking met verschillende partners. https://***RI,"['Waar vind ik informatie over Covid-19 in eenvoudige taal of in andere talen? Op https://***Sh verzamelen we alle info over Covid-19 in eenvoudige taal en meer dan 20 andere talen. Deze vertalingen komen tot stand dankzij een samenwerking met verschillende partners. https://***RI', ""Our editors are attending today's @e***l virtual #SARSCoV2 conference. Reach out to Achim Breiling, Zeljko Durdevic or Novella Guidi to discuss your research, and browse our #COVID19 collection. #EMBLInfectionResearch @L***l @E***d @e***s https://***KH https://***XC"", 'The Government announced it will propose regulations to make #Covid19 vaccination mandatory in federally regulated workplaces. Resources will be developed to help you implement these requirements in your workplace. ➡️ https://***bW https://***nk', '-']",-,content_A,post
t1798,u1436,2021-07-27 05:46:05+00:00,Covid,F***e,"Mink infected with the coronavirus can suffer severe breathing issues and stomach upset - on top of the appalling conditions on #fur cage farms. Today, 420+ mink fur farms have been hit by #COVID19. 🚨Call on G20 leaders to #StopDeadlyFur &amp; sign now: https://***lt https://***WV","['We’re helping to manufacture #COVID19 vaccines to support the global supply. Companies are collaborating in new ways to help end the pandemic. #teamvaccines', ""My family are now engulfed in the optional part of this #pandemic: The #PandemicOfTheUnvaccinated Two youngish family members-evangelical about not getting vaccinated: Guess what? In hospital with #Covid. Oh..and they're still preaching #antivaxxers 🤪 https://***W9"", 'Mink infected with the coronavirus can suffer severe breathing issues and stomach upset - on top of the appalling conditions on #fur cage farms. Today, 420+ mink fur farms have been hit by #COVID19. 🚨Call on G20 leaders to #StopDeadlyFur &amp; sign now: https://***lt https://***WV', '-']",-,content_C,post
t1759,u1767,2021-06-08 18:10:59+00:00,Covid,W***h,-,"['W\\@l***n : The U.S.’s 10-day pause on Johnson &amp; Johnson Covid-19 vaccines had an unintended consequence: a surplus of millions of shots now expiring in June. Vaccinators are scrambling to use them as overall vaccination drops https://***OM', ""Pleased to join opening of the first Meeting of @W***O's Strategic &amp; Technical Advisory Group for TB. Productive discussions on #EndTB priorities for the region and on reimaging #TB care delivery in a post #COVID19 world. https://***na"", 'Self-care is not selfish. #ParentingMonth #TheBrainArchitects Listen to our conversation with @R***D National Director of @H***T @Z***E about the superheroes of pediatric care and moving beyond the challenges of #COVID19 https://***23 https://***br', '-']",tweet_B,-,retweet
t1811,u1225,2021-08-18 01:17:49+00:00,Covid,e***y,"I am fully vaccinated, largely isolated, and still managed to fall prey to a rare case of breakthrough #COVID19. Given that this is my second round with the virus, I can tell you that the vaccine has made a huge difference in limiting my symptoms. It’s worth the shots.","[""Healthy fam member early 20s about to start soph yr college. Senior yr disrupted d/t #COVID19; fresh yr college caught #COVID, out for sev. wks, then school shut down &amp; was virtual rest of yr. Vax'd few mths ago. 2/6"", 'Eric Song is part of our neurobiology symposium: ""Neurobiology of SARS-CoV-2 / COVID-19 and relevance to epilepsy"" #IEC2021 #COVID19 Aristea Galanopoulou, Marianna Bugiani, Victor Ferastraoaru @Y***d @e***g @N***t @A***c @E***d https://***wC', 'I am fully vaccinated, largely isolated, and still managed to fall prey to a rare case of breakthrough #COVID19. Given that this is my second round with the virus, I can tell you that the vaccine has made a huge difference in limiting my symptoms. It’s worth the shots.', '-']",-,content_C,post
t0852,u0892,2020-09-10 21:14:08+00:00,Covid,F***e,The approach of the fall harvest brings concerns about more COVID-19 outbreaks among farmworkers in FL. Gov. DeSantis has not been responsive to their safety needs despite constant advocacy by the Coalition of Immokalee Workers &amp; other farmworkers’ groups. https://***LL,"['Covid Notice – Urgent Notice – Out of Hours. If a member of your household tests positive for Covid-19 outside of normal school hours, please email us immediately on covidsebs@s***n.co.uk -- We will be in touch ASAP regarding any follow up protocol. Thank you.', 'The approach of the fall harvest brings concerns about more COVID-19 outbreaks among farmworkers in FL. Gov. DeSantis has not been responsive to their safety needs despite constant advocacy by the Coalition of Immokalee Workers &amp; other farmworkers’ groups. https://***LL', 'Atención Municipal https://***7m a través de @Y***e #MunicipalidadDeNatales #COVID19 #PuertoNatales #Magallanes #PandemiaDelCoronavirus #Natales', '-']",-,content_B,post
t3496,u1976,2022-02-25 18:00:01+00:00,Covid,P***t,🔴 LIVE at 1:30 pm: @p***c will provide an update on PA's response to the COVID-19 pandemic and highlight preparations being made to continue protecting public health. WATCH LIVE: • https://***SX • https://***9N • Español: https://***pz https://***xC,"['پاکستان میں کورونا سے مزید 43 اموات، 1232 نئے کیسز بھی رپورٹ https://***SL #Rozenews #Latestnews #Breaking #Pakistan #Coronavirus #Coronacases #43deaths', 'Hear a recap of the latest changes from the @C***v to help you keep your immunization program up to date. Our webinar TODAY will review recent updates to recommendations for #COVID19 vaccines and other adult #vaccines, such as influenza. Register today: https://***Ah https://***N0', ""🔴 LIVE at 1:30 pm: @p***c will provide an update on PA's response to the COVID-19 pandemic and highlight preparations being made to continue protecting public health. WATCH LIVE: • https://***SX • https://***9N • Español: https://***pz https://***xC"", '-']",-,content_C,post
t3537,u0724,2022-02-26 14:43:41+00:00,Covid,A***s,"2020 Delhi riots: Court fines six accused for false claim https://***VW #YSJagan #Breakingnews #Indiapolitics #AndhraPolitics #NewsFeed #BheemlaNaik #coronaviruspandemic #NewsPaper New Delhi, Feb 26 - A court here, in a case related to 2020 Delhi riots, has imposed…","['2020 Delhi riots: Court fines six accused for false claim https://***VW #YSJagan #Breakingnews #Indiapolitics #AndhraPolitics #NewsFeed #BheemlaNaik #coronaviruspandemic #NewsPaper New Delhi, Feb 26 - A court here, in a case related to 2020 Delhi riots, has imposed...', 'See also @F***J: The Lockdown Reckoning https://***Dw #COVID19 #Healthcare #PublicHealth', 'Gov. Charlie Baker announced the relaunch of a small grant program for small businesses impacted by the COVID-19 pandemic and opened the application window that will end with $75 million going to support businesses. https://***uI', '-']",-,content_A,post
t3411,u2742,2022-02-23 22:18:38+00:00,Covid,A***n,"New admissions of patients with confirmed COVID-19 has also been slowing for weeks, now down -70.6% from the Omicron peak per @H***v figures https://***LP https://***MF","['New admissions of patients with confirmed COVID-19 has also been slowing for weeks, now down -70.6% from the Omicron peak per @H***v figures https://***LP https://***MF', 'New Mexico COVID-19 update: 27 new deaths, 351 hospitalizations, 398 cases | 27 deaths are acceptable because they are unvaccinated? \u2066@G***G\u2069 (Via KOB 4) https://***m3', 'As of January 2022, there have been 8 published studies in 6 countries of #quercetin against #COVID19. For the list of studies, check out https://***V. https://***ol', '-']",tweet_C,content_A,reply
t3377,u1464,2022-02-23 12:02:35+00:00,Covid,s***b,"📢 @C***s en @C***s 👉 La pandemia #COVID19 nos ha dejado certezas como la del compromiso y determinación del Gobierno de España para no dejar a nadie atrás, tejiendo el mayor escudo social y económico de la historia de nuestro país. https://***hr","['🔴 #Coronavirus, 21 febbraio 2022 • Attualmente positivi: 1.321.971 • Deceduti: 153.190 (+201) • Dimessi/Guariti: 11.019.298 (+50.659) • Ricoverati: 14.303 (+85) • di cui in TI: 928 (-6) • Tamponi: 184.378.274 (+231.766) Totale casi: 12.494.459 (+24.408, +0,2%) https://***8k', '📢 @C***s en @C***s 👉 La pandemia #COVID19 nos ha dejado certezas como la del compromiso y determinación del Gobierno de España para no dejar a nadie atrás, tejiendo el mayor escudo social y económico de la historia de nuestro país. https://***hr', 'R@O***h Tools for #EuropeanHealthUnion Health systems resilience during #COVID19: lessons to #BuildBackBetter https://***3N Health system resilience post-COVID: cooperation https://***e2 European support to improve health systems https://***A2', '-']",-,content_B,post
t3714,u0573,2022-03-02 15:47:22+00:00,Covid,K***o,Sağlık Bakanı Fahrettin Koca: 💥Artık açık havada maske kullanmak zorunda değiliz. 💥Kapalı alanlarda havalandırma yeterliyse maske takmak zorunlu değil. 💥HES kodu uygulaması kaldırıldı. 💥Okullarda yalnızca pozitif çıkan öğrenciler izole edilecek. #COVID19 #fahrettinkoca,"['#Salud 👉 Hasta este miércoles 2 de marzo de 2022, se registran 166.340 casos confirmados de COVID-19 y 574 permanecen activos en Chaco. https://***AY', '@P***S Some are talking about “living with #Covid_19 .” Tonight, I say that we will never just accept living with COVID-19. We will continue to combat the virus as we do other diseases. #SOTU2022 #SOTU #StayAlive https://***9h', 'Sağlık Bakanı Fahrettin Koca: 💥Artık açık havada maske kullanmak zorunda değiliz. 💥Kapalı alanlarda havalandırma yeterliyse maske takmak zorunlu değil. 💥HES kodu uygulaması kaldırıldı. 💥Okullarda yalnızca pozitif çıkan öğrenciler izole edilecek. #COVID19 #fahrettinkoca', '-']",-,content_C,post
t1859,u3245,2021-10-01 11:15:44+00:00,Covid,W***h,'It could be effective…': Uncertainty and over-promotion in the abstracts of COVID-19 preprints | Impact of Social Sciences https://***pt,"['Just learned the clinical trials of molnupiravir, the first oral antiviral drug to treat COVID-19, were led by @U***C Researchers Drs. William Fischer and Tim Sheahan https://***Tj', '""Despite the devastating effects of the novel Corona Virus (COVID-19), Zimbabwe has experienced an unprecedented growth in Agriculture in the season 2020/2021"" - Zimbabwe Agricultural Society President, Mr Ngoni Kudenga #ZimAgricShow #ZAS111 https://***1U', ""'It could be effective...': Uncertainty and over-promotion in the abstracts of COVID-19 preprints | Impact of Social Sciences https://***pt"", '-']",-,content_C,post
t1632,u0562,2021-02-08 17:25:19+00:00,Covid,N***h,Funding opportunity! New #NOSI announces @t***I is accepting apps for current awardees to receive supplemental funding to promote studies on the impact of the #COVID19 pandemic on global #CancerPrevention and #CancerControl. Learn more &amp; apply: https://***nk https://***Cw,"['Showing @U***n some #GovLove for their responsiveness to meeting students’ nutritional needs through the COVID-19 pandemic. If your school is closed and you’re in need of a USDA Meals for Kids Site, check out: https://***Of 🥕🍅🥬🍊 https://***8b', 'Funding opportunity! New #NOSI announces @t***I is accepting apps for current awardees to receive supplemental funding to promote studies on the impact of the #COVID19 pandemic on global #CancerPrevention and #CancerControl. Learn more &amp; apply: https://***nk https://***Cw', 'Iniciativa busca hacer llegar vacuna contra el COVID-19 a comunidades de color @T***o @R***a @T***2 https://***gA', '-']",-,content_B,post
t2245,u1057,2022-01-25 18:33:27+00:00,Covid,p***i,"Just added to my @R***e account: ""From scientific visualization to public engagement. Learning from a public archive of #COVID-19 related visualizations"" #dataviz #informationdesign #COVID19 #data @p***n https://***oa","['On International Day of Education, OYW Ambassadors @d***i, @A***o, and @R***1 write about the impact of COVID-19 on Education, drawing attention to the need to invest in the education of young people📚 Read now✨: https://***0k', 'Just added to my @R***e account: ""From scientific visualization to public engagement. Learning from a public archive of #COVID-19 related visualizations"" #dataviz #informationdesign #COVID19 #data @p***n https://***oa', 'First Minister @N***n has asked people to continue to limit social contact with others if they can. Remember to take a lateral flow test before meeting people from other households. Read the current #coronavirus guidance here ⬇️ https://***uf https://***JJ', '-']",-,content_B,post
t1879,u1572,2021-10-14 10:10:06+00:00,Covid,B***d,Werdende Mütter brauchen besonderen Schutz vor einer #COVID19-Erkrankung. Schützen Sie Schwangere und lassen Sie sich gegen das #Coronavirus #impfen. Mehr Informationen zu #Schwangerschaft und der #CoronaSchutzimpfung unter: https://***1Y https://***GK,"['Werdende Mütter brauchen besonderen Schutz vor einer #COVID19-Erkrankung. Schützen Sie Schwangere und lassen Sie sich gegen das #Coronavirus #impfen. Mehr Informationen zu #Schwangerschaft und der #CoronaSchutzimpfung unter: https://***1Y https://***GK', 'Looking for a comfortable and caring place to get your COVID-19 booster? Or finally ready to start the two-dose series? The Department is opening a site at the Memorial Coliseum Monday. Get the details and make an appointment here: https://***jF or call 211 to schedule. https://***2K', 'zooming out: this study shows how behavioral science can offer new opportunities and solutions. Also beyond COVID-19, as behavior is so important in many other crises, like climate change. Precisely also as solution. We should start taking advantage of these opportunities🌱✨!', '-']",-,content_A,post
t2835,u2655,2022-02-15 16:45:51+00:00,Covid,A***C,"“We are glad that the District has finally agreed to implement basic COVID-19 precautions,” said attorney Zoé Friedland of @p***c. “This settlement is an important step in protecting the health and safety of the people incarcerated by the District in the D.C. Jail.”","['“We are glad that the District has finally agreed to implement basic COVID-19 precautions,” said attorney Zoé Friedland of @p***c. “This settlement is an important step in protecting the health and safety of the people incarcerated by the District in the D.C. Jail.”', 'Tune in for our COVID-19 update with @D***S Secretary Molly Magarik and @D***d Secretary Mark Holodick. Subtítulos en español: https://***ei https://***ME', 'Breakthrough infections happen when someone who is fully vaccinated tests positive to COVID-19. The presence of a breakthrough infection doesn’t mean that vaccines don’t work. Get the full story. #getthescience #fightingCov2 https://***wf https://***1J', '-']",tweet_A,content_A,reply
t0337,u2133,2020-03-24 13:58:13+00:00,Covid,r***s,-,"['#QuarantineLife I just sent students in my now ""virtual lab"", #rstats code automating the #COVID19 data from John Hopkins. Useful for anyone to evaluate current trends of this #coronavirus for themselves #remotelearning https://***Oy', '#ÚLTIMAHORA: Cuatro nuevos casos de #coronavirus en #Uruguay 🇺🇾, que elevan el total del país a 162. El presidente asegura que el acatamiento de las medidas de distanciamiento social ""es enorme"", aunque hay excepciones. Habrá más presencia policial para evitar aglomeraciones https://***zJ', 'While constantly monitoring the COVID-19 information,we would like to confirm you that: 1- Paper submission deadline has been extended. 2- We are considering to allow remote participations to the main conference and workshops More details and updates at -&gt; https://***yl https://***G2', '-']",tweet_C,-,retweet
t2206,u2775,2022-01-21 23:00:05+00:00,Covid,G***i,"Experts, @f***r, @V***b, Dr. Adolfo García-Sastre, and Dr. Peter Palese discuss the need for #research that provide a better understanding of #vaccine- and infection induced #immunity to prepare for the next #pandemic. Learn more: https://***Q2 https://***bU","['Experts, @f***r, @V***b, Dr. Adolfo García-Sastre, and Dr. Peter Palese discuss the need for #research that provide a better understanding of #vaccine- and infection induced #immunity to prepare for the next #pandemic. Learn more: https://***Q2 https://***bU', 'Toyota Motor Corp informó este jueves que está ralentizando la producción en hasta 11 plantas en Japón debido al aumento de las infecciones por Covid-19 entre sus trabajadores y proveedores de repuestos. Fuente El Economista', '#COVID-19 news from around the world: In Canada, Ontario Premier Doug Ford is expected to make a “positive” announcement today about COVID-19 restrictions. https://***0G', '-']",-,content_A,post
t3776,u2045,2022-03-03 15:05:52+00:00,Covid,p***s,"#Maharashtra: 467 New Covid-19 Positive Cases, 234 New Omicron Positive Cases Reported In Mumbai Today https://***sF","['Just as history was made on August 25th 2020, when Nigeria was certified Wild Polio Free, we are working hard to eradicate COVID-19 virus and improve routine immunization coverage. https://***C4', '#EUStateAid #StrongerTogether Commission 🇪🇺 approves €100 million Italian 🇮🇹 scheme to support catering services operators in the context of the #coronavirus pandemic ⬇️ https://***nx https://***7M', '#Maharashtra: 467 New Covid-19 Positive Cases, 234 New Omicron Positive Cases Reported In Mumbai Today https://***sF', '-']",-,content_C,post
t2194,u1508,2022-01-21 08:13:24+00:00,Covid,k***a,"@B***n FACT (if you know what a fact is) More than 85% of all Portuguese citizens have now been vaccinated against Covid-19, way ahead of the UK's 67%. France, Spain and Italy have also raced ahead of Britain and have infection rates ten times lower. FACT: something you can't dispute","['COVID-19 has hit farmers hard. But is there enough mental health support for them? @d***e &amp; @F***d (@U***D) argue that more needs to be done in this new @G***s post .👇https://***M3', ""@B***n FACT (if you know what a fact is) More than 85% of all Portuguese citizens have now been vaccinated against Covid-19, way ahead of the UK's 67%. France, Spain and Italy have also raced ahead of Britain and have infection rates ten times lower. FACT: something you can't dispute"", ""India's COVID-19 vaccination coverage surpasses 159.67 crores . . . . . . .#news #newsupdate #newspaper #newsflash #update https://***ZQ"", '-']",tweet_B,content_B,reply
t1812,u2276,2021-08-19 11:32:07+00:00,Covid,r***d,"We have just added a new chart to our COVID-19 Data Explorer, showing vaccine booster doses administered. 5 countries are now reporting data on booster doses: Israel, Turkey, Uruguay, Cambodia, and Thailand. Explore the data here: https://***xb https://***FF","[""Florida Gov. Ron DeSantis has been criticized for efforts to ban mask mandates and vaccine passports. Meanwhile, he's touting a COVID-19 antibody treatment in which a top donor's company has invested millions of dollars. https://***hX"", 'New: San Antonio school district requires teachers and staff to be vaccinated against COVID-19. https://***nu', 'We have just added a new chart to our COVID-19 Data Explorer, showing vaccine booster doses administered. 5 countries are now reporting data on booster doses: Israel, Turkey, Uruguay, Cambodia, and Thailand. Explore the data here: https://***xb https://***FF', '-']",-,content_C,post
t2196,u2356,2022-01-21 10:00:10+00:00,Covid,A***k,"#CfP: Towards 2030: Sustainable Development Goal 1: No Poverty. A Sociological Perspective - #openaccess journal @F***y - Deadline for abstracts Mar 31, 2022 https://***Wj #CallforPapers #COVID19","['✅Detection ✅Diagnosis ✅Control ✅Monitoring are priories to recover from the #COVID19 pandemia in #LatAm How can wastewater help? Participate in this event to move #FromWasteToAction. 📅 25/01 12:00pm ET 👉 https://***lf https://***WR', '#EXPLAINED This week, #NPHET is recommending an easing of #COVID19 restrictions across the board But why is this case when Ireland recently saw some of the highest #COVID19 infection rates anywhere in the world? #VMNews Correspondent @n***s explains ⤵️ https://***Mm', '#CfP: Towards 2030: Sustainable Development Goal 1: No Poverty. A Sociological Perspective - #openaccess journal @F***y - Deadline for abstracts Mar 31, 2022 https://***Wj #CallforPapers #COVID19', '-']",-,content_C,post
t0312,u3095,2020-03-07 04:17:35+00:00,Covid,D***b,-,"['How does the Coronavirus spread? #CoronaVirus #COVID19 @H***A https://***yX', 'What happens when the medics treating coronavirus get it? One doctor combating Covid-19 thinks contingency plans need to be made for the inevitable. https://***3C', 'This took years of experience and expertise. Stefan Pöhlmann and I were postdocs together in Bob Doms’ lab and Stefan has been working tirelessly on other hu CoVs (cleavage and entry) for many years! This is important! Congrats Stefan; we need you! #SARSCoV2 #COVID19 https://***AW', '-']",tweet_B,-,retweet
t1625,u0879,2021-02-03 15:03:31+00:00,Covid,b***n,"More Executive Orders from the White House, still no agreement on #COVID19 relief and prepping for a 2nd Impeachment. @C***m , @g***t and @J***h join an all new hour at 10AM Eastern delivered to you on @F***s Headlines 24/7 @S***M 115.","['#Corona verstärkt soziale Ungleichheit. Während DE &amp; AT bereits impfen, haben ärmere Länder kaum Zugang zum #Covid19-Impfstoff. @p***u vom @G***n zeigt dies am Beispiel der Republik Moldau. https://***3K', 'More Executive Orders from the White House, still no agreement on #COVID19 relief and prepping for a 2nd Impeachment. @C***m , @g***t and @J***h join an all new hour at 10AM Eastern delivered to you on @F***s Headlines 24/7 @S***M 115.', 'This is probably the best news of the day, so savor those graphs: Remember that this is preliminary and we will have to wait and see whether these trends continue, but it sure looks like the #covid19 vaccine is starting to show the effect we all hoped for in Israel. https://***qV', '-']",-,content_B,post
t2259,u0641,2022-01-27 07:50:19+00:00,Covid,t***t,"Morning all. @k***s in the office Today #COVID19 restrictions change in England 👉🏽 face masks &amp; passes no longer a legal requirement 👉🏽 official guidance says take care and keep wearing masks ""in crowded and enclosed spaces"" @B***s sums it up https://***Kd","['Mendenhall focuses on homelessness, COVID-19 and cost of living in annual State of the City address https://***JF', 'Morning all. @k***s in the office Today #COVID19 restrictions change in England 👉🏽 face masks &amp; passes no longer a legal requirement 👉🏽 official guidance says take care and keep wearing masks ""in crowded and enclosed spaces"" @B***s sums it up https://***Kd', 'NEW global report supported by @F***K shows the scale of learning loss due to COVID-19 &amp; best evidence on how schools can recover. Urgent action is needed. See @F***h report: https://***Fp #InternationalDayofEducation https://***fQ', '-']",-,content_B,post
t3521,u0214,2022-02-26 04:00:06+00:00,Covid,M***o,#COVID-19 #coronavirus metrics drop strong #mask recommendations for most of the United States ... | #FaceMask | #COVID19 | #infections | #Illness | #SARSCoV2 | By @e***n and @J***d via @C***N https://***uS,"['#COVID-19 #coronavirus metrics drop strong #mask recommendations for most of the United States ... | #FaceMask | #COVID19 | #infections | #Illness | #SARSCoV2 | By @e***n and @J***d via @C***N https://***uS', 'LIVE: Premier Mark McGowan provides a COVID-19 update. #9News https://***d4', 'I have tested positive for COVID-19. I had been feeling a little under the weather and this morning I took a rapid test. I am resting at home and will isolate accordingly. I am relieved that I am vaxxed and boosted.', '-']",-,content_A,post
t2187,u1062,2022-01-20 14:18:08+00:00,Covid,s***i,Super Junior’s Eunhyuk Confirmed To Have Tested Positive For COVID-19 https://***2B https://***Hn,"['Super Junior’s Eunhyuk Confirmed To Have Tested Positive For COVID-19 https://***2B https://***Hn', 'NEWS: The Supreme Court blocked the Biden administration’s COVID-19 vaccine mandate for private businesses, but allowed the requirement for healthcare facilities that receive CMS funds to continue. That staff must be fully vaccinated by 2/28. More: https://***7S https://***kl', 'Boa notícia que vem da #Africa: após nova onda de #Covid19 causada pela #Omicron, novos casos no continente caem 20% https://***TE', '-']",-,content_A,post
t0352,u1882,2020-04-07 14:59:28+00:00,Covid,b***s,"I’ve never been more proud to be part of biopharma. Our industry is united in purpose &amp; commitment, deploying ingenuity &amp; talent; to speed COVID-19 treatments, cures &amp; vaccines for the good of mankind. Despite the good intent, there’s more to do to overcome the trust deficit. https://***bC","[""Assurance santé en Thaïlande et Coronavirus - Covid19 Les nouvelles conditions d'entrée du 19 mars 2020 pour le Royaume Thaïlandais https://***iJ #assurance #expats #expatries #thailand #thailand #covid19 #coronavirus #visa #expatiation #workpermit #thai #expatriates https://***wP"", 'I’ve never been more proud to be part of biopharma. Our industry is united in purpose &amp; commitment, deploying ingenuity &amp; talent; to speed COVID-19 treatments, cures &amp; vaccines for the good of mankind. Despite the good intent, there’s more to do to overcome the trust deficit. https://***bC', 'Novel clinical trial for COVID-19 using immune cells https://***5Z', '-']",-,content_B,post
t2670,u0592,2022-02-12 16:29:28+00:00,Covid,T***i,"Keep wearing a KN95, N95, or KF94. This will provide individual protection as well as community protection. Those who claim masking is no longer needed are wrong. It’s that simple. I’d love to provide an off-ramp but COVID19 doesn’t answer to me or any other human.","['Keep wearing a KN95, N95, or KF94. This will provide individual protection as well as community protection. Those who claim masking is no longer needed are wrong. It’s that simple. I’d love to provide an off-ramp but COVID19 doesn’t answer to me or any other human.', 'A cidade do Rio de Janeiro deu início, nesta quinta-feira (10), à campanha de vacinação contra a Covid-19 em escolas públicas da rede municipal https://***OH', 'Besides uploading negative RT-PCR report (taken 72 hrs prior to journey), option to upload certificate of completing full primary vaccination schedule of COVID-19 vaccination provided from countries on a reciprocal basis. The list of countries: https://***Yi (2/6)', '-']",-,content_A,post
t2644,u1441,2022-02-11 15:57:39+00:00,Covid,f***s,-,"['Utah #coronavirus update: @U***h reports 677 current hospitalizations, 2,062 new cases and 15 new deaths. https://***Gq', 'QOD: What grade do you give the Biden administration’s handling of the COVID-19 pandemic? https://***yU', ""The #COVID19 crisis is widening inequalities among and within countries. To help tackle this crisis we're convening the #ILOGlobalForum. Global leaders together with a common agenda: ensure a human-centred recovery. 📅22-24 February 📺 Live here: https://***3T https://***4U"", '-']",tweet_B,-,retweet
t0634,u2108,2020-06-23 22:19:40+00:00,Covid,A***I,"Maharashtra: Eric &amp; Merlin, a couple from Vasai, Mumbai donated 50 beds to a quarantine centre on their wedding day. #COVID19 (23.06.20) https://***SQ","['Maharashtra: Eric &amp; Merlin, a couple from Vasai, Mumbai donated 50 beds to a quarantine centre on their wedding day. #COVID19 (23.06.20) https://***SQ', 'FORGOTTEN PARADISE 🌴 A short sci-fi melodrama made in quarantine. While bengcobb was recovering from Covid-19 he began a creative collaboration with eddiethewheel (who he had never met). The result is a 5 minute... https://***1M', 'Interesting view on the plight of internal #migrants: @W***s report #COVID19 Crisis Through a Migration Lens https://***20', '-']",-,content_A,post
t2117,u0370,2022-01-10 02:30:52+00:00,Covid,i***t,"Tingkat Penularan Lebih Cepat Dari Varian Delta, 414 Kasus Covid-19 Terkomfirmasi Varian Omicron https://***fb","['Tingkat Penularan Lebih Cepat Dari Varian Delta, 414 Kasus Covid-19 Terkomfirmasi Varian Omicron https://***fb', 'Australia Finally !! Crossing 1 Million covid cases..🔥 Since starting Pandemic to 19 DEC 2021 - 250,000 cases 3 JAN 2022 - 500,000 cases 7 JAN 2022 - 750,000 cases 10 JAN 2022 - 1,000,000 cases #Australia #OCEANIA #COVID19 #OmicronVariant', 'In his latest eNsight, @B***a, uses COVID-19 vaccination rates to demonstrate how using broad averages can unduly disadvantage Africa, and thus why Africans themselves need to take interest in presenting their case. Take a look: https://***Ei #eNiversity #NeXT', '-']",-,content_A,post
t3696,u0003,2022-03-02 09:42:32+00:00,Covid,m***s,-,"['Territory Takes a Step Forward with Downgrades to COVID-19 Protocols Read Full Story: https://***AQ #VISource #TheSource #StCroix #StThomas #StJohn #USVI #USVirginIslands #News #Caribbean #CaribbeanNews https://***GJ', 'New on our Keys to Economic Recovery from COVID-19 project page: the NC Office of Strategic Partnerships answers the question, “How might philanthropy leverage or complement the American Rescue Plan Act in NC?” Find it under ""Resources"" here:🔹https://***S🔹', 'La #NuevaNormalidad y #COVID19 en viñetas, 02.03.2022. @M***e #Álvaro @i***6 @B***a https://***vL', '-']",tweet_B,-,retweet
t0344,u1258,2020-03-31 13:30:05+00:00,Covid,D***t,"#DYK that Dialight Signals &amp; Components provides critical LED indicator lighting for Medical customers including manufacturers of hospital beds, ventilators, &amp; other diagnostic equipment? #Grateful for companies supporting medical workers on the front lines dealing with COVID-19.","['Our volunteers are knowledgeable, committed, and full of heart. We are lucky! Get in touch to volunteer, donate, or request PPE. #PPE #PPENow #VolunteersAgainstCovid19 https://***nV', 'Why Sub-Saharan #Africa needs a unique response to #COVID-19 https://***Fk via @w***f', '#DYK that Dialight Signals &amp; Components provides critical LED indicator lighting for Medical customers including manufacturers of hospital beds, ventilators, &amp; other diagnostic equipment? #Grateful for companies supporting medical workers on the front lines dealing with COVID-19.', '-']",-,content_C,post
t2482,u2055,2022-02-08 14:15:27+00:00,Covid,r***n,"Después de toda la evidencia contra el uso de Ivermectina para tratar #COVID, y la falta de ética del intento de experimento de @P***o , espero que ya ningún médico en México recete este medicamento a sus pacientes con #COVID19","['Después de toda la evidencia contra el uso de Ivermectina para tratar #COVID, y la falta de ética del intento de experimento de @P***o , espero que ya ningún médico en México recete este medicamento a sus pacientes con #COVID19', 'South Africa registers Pfizer’s Covid-19 Comirnaty vaccine for individuals over the age of 12 and MC Pharma’s Sinopharm shot for adults https://***Pw', 'Gay and lesbian adults report higher COVID-19 vaccination rates overall than heterosexual adults https://***yv', '-']",-,content_A,post
t3614,u1704,2022-02-28 14:51:27+00:00,Covid,F***x,"Read the @B***y piece by our Chairman Mark Kessel, underlining the crucial role of access to tests, treatments, and vaccines to stop the spread of #COVID19 ⬇️ https://***Wp","['Once a fringe ideology, antivaxx and conspiratorial stances and attitudes are likely to outlast the pandemic and COVID-19 related restrictions. Read about it in this article for the @I***t featuring @M***d and @j***y: https://***lh', 'Read the @B***y piece by our Chairman Mark Kessel, underlining the crucial role of access to tests, treatments, and vaccines to stop the spread of #COVID19 ⬇️ https://***Wp', 'Two new studies suggest that COVID-19 first spread in humans at same live market in Wuhan where the initial infections were reported. https://***8s', '-']",-,content_B,post
t0640,u0317,2020-06-28 07:44:00+00:00,Covid,i***e,💻 #Numérique : une réflexion de @b***i sur leçons à tirer de la gestion de la crise du #Covid19 pour une refonte de l’Etat tournée vers le numérique. https://***jR,"[""Phenomenal research by Dr. Doug Fraser and his research team in #LdnOnt in profiling the body's immune response to #COVID19 https://***1j @l***h @S***t"", '💻 #Numérique : une réflexion de @b***i sur leçons à tirer de la gestion de la crise du #Covid19 pour une refonte de l’Etat tournée vers le numérique. https://***jR', 'The ONLY good thing that #coronavirus WILL deliver to not only for #america but for anyone on this #planet is that the #world will be free from the #dictator @r***p and his irresponsible attitude towards... https://***OP', '-']",-,content_B,post
t3737,u1209,2022-03-02 22:00:22+00:00,Covid,M***s,Yelp shows business openings continue their rebound in year two of Covid-19. Here's who saw the biggest interest. https://***34,"['When Biden said ""Thanks to the progress we have made this past year, COVID-19 need no longer control our lives,"" he meant ""Thanks to how scared we are of the midterms this year, we can no longer use COVID-19 to control your lives.""', ""Yelp shows business openings continue their rebound in year two of Covid-19. Here's who saw the biggest interest. https://***34"", '#ComunicadoSalud Suministrados en México, 181.9 millones de biológicos contra #COVID19 ➡️ https://***tg https://***z9', '-']",-,content_B,post
t2650,u0334,2022-02-11 18:07:59+00:00,Covid,E***1,Minister of Health Lizzie Nkosi's #COVID19 update on 11 February 2022: https://***YF,"['#ICD11 update provides numerous benefits: 🔹Clearer terminology 🔹Data dictionary for @W***O guidelines 🔹Digital documentation of #COVID19 vaccination status. @W***O stands ready to support countries and partners to adopt #ICD11. Call on us! (2/3)', 'Algunas personas que padecieron covid-19 reportan que algunos síntomas han persistido semanas o meses. ¿Se considera esto covid prolongado? El doctor Elmer Huerta responde https://***6w', ""Minister of Health Lizzie Nkosi's #COVID19 update on 11 February 2022: https://***YF"", '-']",-,content_C,post
t1748,u0490,2021-05-25 12:12:39+00:00,Covid,D***y,"New Study: No correlation between school mask mandates and COVID-19 case rates for students and staff in Florida, New York, and Massachusetts.","['New Study: No correlation between school mask mandates and COVID-19 case rates for students and staff in Florida, New York, and Massachusetts.', '⚠️PAY ATTENTION to rising #B16172 crisis in UK—crucial because India variant affects us all. It is now ~50% of all cases in England, surging fast, especially in kids. Hospital #COVID19 ward in Bolton🇬🇧 filling up. “It’s too late to contain” @c***p 🧵 https://***cb https://***Tj', 'Data on the spread of the India Covid-19 variant in schools removed by Government from PHE report days before requirement on face masks dropped. https://***at', '-']",-,content_A,post
t2016,u2232,2021-12-12 19:43:29+00:00,Covid,E***s,Should ethical vegans get the COVID-19 vaccine? https://***rN via @V***g,"['Should ethical vegans get the COVID-19 vaccine? https://***rN via @V***g', 'Chewing Gum to Block COVID-19? Penn Researchers Hope So, but There’s a Long Way to Go The Philadelphia Inquirer https://***0D', 'Tosh Chilkoti of Duke University has developed a COVID-19 Test which measures Immunity against Multiple SARS-CoV-2 Variants in an Hour https://***kk', '-']",-,content_A,post
t2514,u0770,2022-02-09 09:57:47+00:00,Covid,L***g,COVID-19 and policies for care homes in the first wave of the pandemic: evidence from five European welfare states https://***5X,"['EpiTrace© Sentinel Solutions Inc. is an open-source Canadian developed distributed software system proven to help manage #pandemic outbreaks https://***lE #EpiTraceSentinel https://***XX', '¡También se recomiendan las vacunas COVID-19 si está embarazada! Consulte la hoja informativa de @M***y sobre las vacunas COVID-19 para obtener respuestas a preguntas comunes en https://***2.', 'COVID-19 and policies for care homes in the first wave of the pandemic: evidence from five European welfare states https://***5X', '-']",-,content_C,post
t2065,u0120,2021-12-30 16:00:14+00:00,Covid,S***t,"Howard University Hospital CEO Anita Jenkins was called a ""sellout to her people"" for encouraging them to get the Covid-19 vaccines. ""We had no idea how Covid was going to react to our patients in our community. We certainly knew we had to advocate for vaccinations."" @C***C https://***qk","['Howard University Hospital CEO Anita Jenkins was called a ""sellout to her people"" for encouraging them to get the Covid-19 vaccines. ""We had no idea how Covid was going to react to our patients in our community. We certainly knew we had to advocate for vaccinations."" @C***C https://***qk', ""Today's #COVID19MA vaccine update: - 14,807,600 doses shipped to MA - 12,707,897 total doses administered, 46,070 more than yesterday - 5,082,311 people are fully vaccinated. Read the full report: https://***VD"", '@v***d @P***r @A***t @W***D @A***r @n***k @g***r @D***l @C***D @G***D @t***l @I***_ To clarify intent of my tweet above. We should not have to ignore an unsafe #guidleine. The @A***t should change their guideline to keep patients and healthcare workers safe and protected from #COVID19.', '-']",-,content_A,post
t2191,u1217,2022-01-21 00:01:30+00:00,Covid,O***s,What COVID-19 Has Taught Cancer Care Systems: https://***Yu #globalhealth #MedTwitter #CancerCare #COVID #covidandcancer https://***Mu,"['In partnership with @W***n, we support the expansion of #COVID19 testing, enhance surveillance &amp; diagnostics, &amp; help provincial hospitals &amp; facilities improve case management and infection control in 34 provinces in Afghanistan. #StrongerTogether https://***9Z', '❌ #CovidMyth: The #Omicron variant is just cold &amp; cough. ✅ #CovidFact: Omicron is not mild and should not be taken lightly. It is essential to follow #COVID19 appropriate behaviour to protect yourself and your loved ones. 💉• 😷 •🧍↔️🧍• 🧼 📸 : @i***s https://***iz', 'What COVID-19 Has Taught Cancer Care Systems: https://***Yu #globalhealth #MedTwitter #CancerCare #COVID #covidandcancer https://***Mu', '-']",-,content_C,post
t2517,u0421,2022-02-09 12:13:43+00:00,Covid,W***9,"@S***s If COVID-19 is anywhere, it is potentially everywhere. COVID-19 vaccines will save many lives. Mask wearing is also a good idea.","['Since COVID-19 is an airborne disease that stays within indoor spaces, it is important to have good ventilation to prevent the spread of the virus particles. #IntheKnow #COVID19 #LagingHandaPH #BayanihanBakunahan #Resbakuna #BIDASolusyon #BCS https://***dp', ""À Madagascar, les fake news sont la forme de violence en ligne la plus répandue pendant le confinement dû à COVID-19, et continuent de l'être. Pour marquer #InternetPlusSûr, voici 5 astuces pour faire la différence entre informations fiables et fake news. #SaferInternetDay https://***2E"", '@S***s If COVID-19 is anywhere, it is potentially everywhere. COVID-19 vaccines will save many lives. Mask wearing is also a good idea.', '-']",tweet_A,content_C,reply
t3649,u3019,2022-03-01 06:30:00+00:00,Covid,S***d,"👉 Comunicat dels col·legis professionals de l’àmbit de la salut de Catalunya sobre la necessitat de mantenir els fons estatals COVID-19, via @C***a https://***4x https://***KA","['Los contactos estrechos dejarán de hacer cuarentena desde el próximo sábado #COVID19 #Covid_19 #COVID #COVIDー19 #coronavirus #Omicron #OmicronVariant #OMICRON2 #OmicronVarient #pandemia #saludpublica https://***BA a través de @2***m', '👉 Comunicat dels col·legis professionals de l’àmbit de la salut de Catalunya sobre la necessitat de mantenir els fons estatals COVID-19, via @C***a https://***4x https://***KA', 'Dr @D***e is not mincing words here CDC’s New Mask Guidelines For Covid-19 Throw Vulnerable People Under The Bus https://***w9', '-']",-,content_B,post
t0357,u0071,2020-04-10 09:30:38+00:00,Covid,P***F,#Covid19_Lockdown. Food Distribution. #PuruliaProtigyaFoundation. Contact No- 7318756437. https://***Z8,"['Here’s how India’s power grid survived the ‘Diya Jalao ’ #9Baje9Minute #coronavirusinindia #Covid_19 @P***a @n***i @t***n @T***a @p***a @M***p @l***i https://***uA', '#Covid19_Lockdown. Food Distribution. #PuruliaProtigyaFoundation. Contact No- 7318756437. https://***Z8', 'Après le #coronavirus, les idées percutantes de @f***x sur la gestion hospitalière en France https://***Fh', '-']",-,content_B,post
t3466,u2869,2022-02-25 00:29:30+00:00,Covid,C***N,-,"['Volunteer opportunities limited for Haldimand students during COVID-19 pandemic https://***Rr https://***qU', 'Flu and COVID-19 bring greater risk to pregnant women and their babies. Speak to your midwife about getting your free flu and COVID-19 vaccinations. 🤰 https://***Ts', 'Until 24 February, if you test positive for COVID-19 you are required by law to self isolate😷🧪 https://***x4', '-']",tweet_B,-,retweet
t3271,u0217,2022-02-21 16:48:22+00:00,Covid,D***C,Got a #COVID #Booster? You Probably Won’t Need Another for a Long Time #COVID19 #Coronavirus https://***bF,"['Over 25% of #HealthCare spending is unnecessary, and with a rise in deferred care from COVID-19, it’s evident that fee-for-service models aren’t sustainable. Our new article outlines a better way. https://***l8', 'تقرير مستشفى الحريري ليوم الإثنين 21 شباط (فبراير) 2022 https://***os #زوايا_ميديا #كورونا #كورونا_لبنان #coronavirus #COVID19 #Lebanon #مستشفى_رفيق_الحريري_الجامعي #كوفيد19 #Covid19 #لبنان #لقاح #Pfizer #AstraZeneca #Sinopharm @M***a @r***l', 'Got a #COVID #Booster? You Probably Won’t Need Another for a Long Time #COVID19 #Coronavirus https://***bF', '-']",-,content_C,post
t2389,u3010,2022-02-04 17:46:37+00:00,Covid,s***g,Conditions stemming largely from the omicron variant of Covid-19 have halted the recovery process for Omega Healthcare Investors. #skillednursing #healthcare https://***Lv,"['We have the tools to protect people in low- &amp; middle-income countries from #COVID19. A key reason mRNA vaccines aren’t being produced more widely is because @p***r @B***p &amp; @m***x aren’t allowing it. #VaccineEquity #ShareTheTech https://***CR', 'Conditions stemming largely from the omicron variant of Covid-19 have halted the recovery process for Omega Healthcare Investors. #skillednursing #healthcare https://***Lv', '#MENA is the world’s most water-stressed region, with over 60% of the population living in areas of high water stress. The #Covid19 pandemic has added an additional dimension of social &amp; economic impacts, putting substantial constraints on WASH services: https://***DF https://***Pp', '-']",-,content_B,post
t3609,u3139,2022-02-28 10:15:31+00:00,Covid,D***r,-,"['@L***l &lt;ᴇɴɢʟɪsʜ ᴛʀᴀɴsʟᴀᴛɪᴏɴ&gt; [NOTICE] Lee Jin Hyuk COVID-19 Test Result Information https://***C4', 'There are three ways to get in touch with your #Enfield GP practice. Use a convenient, secure online form, call or visit. For more information visit your practice’s website. Please follow Covid-19 safety measures when visiting. https://***Pg', 'In light of #COVID19Coronavirus and #Bible Prophecy, what are we to do? Start with Ask. Seek. Knock. https://***RD', '-']",tweet_B,-,retweet
t3789,u0810,2022-03-03 19:34:17+00:00,Covid,d***o,"#COVID19 | Pese a que los indicadores de la pandemia mejoran, hoy se han registrado más de 23.000 contagios, frente a los 18.803 de ayer https://***yo","['Visit your nearest vaccination site to get your #COVID19 jab. Region 2 vaccination sites. #VaccinesSaveLives https://***AQ', ""Today's #COVID19 data update for case reports from 2/26/22 through 2/28/22: New Cases: 2,096 (1,242,066 to date) New Deaths: 29 (15,796 to date) For more data, including case count and hospitalization epi curves, see the dashboard: https://***U. https://***yP"", '#COVID19 | Pese a que los indicadores de la pandemia mejoran, hoy se han registrado más de 23.000 contagios, frente a los 18.803 de ayer https://***yo', '-']",-,content_C,post
t0361,u1295,2020-04-14 12:58:38+00:00,Covid,E***n,"Do you work for a small business? If so, we are keen to help support during the uncertainty of #COVID2019 by offering SMEs mental well-being support. Take a look at more details below. #SmallBusinesses #support #coronavirusuk https://***2f","['Do you work for a small business? If so, we are keen to help support during the uncertainty of #COVID2019 by offering SMEs mental well-being support. Take a look at more details below. #SmallBusinesses #support #coronavirusuk https://***2f', ""Edmund Phelps on the COVID-19 response with @a***r for Manhattan Institute's E21: https://***eT"", '#Hydroxychloroquine prophylaxis: a strategy to control #COVID19 epidemic? we should know soon from a randomized study in Detroit https://***P4', '-']",-,content_A,post
t1726,u0703,2021-04-24 18:15:37+00:00,Covid,p***r,"Daniel Griffin on front-line health care worker survey, pre-exposure seropositivity and infection in healthy young adults, postvaccination infections in nursing facility, no evidence for brain infection, mortality among patients hospitalized with #COVID19 https://***Ak https://***iA","['Daniel Griffin on front-line health care worker survey, pre-exposure seropositivity and infection in healthy young adults, postvaccination infections in nursing facility, no evidence for brain infection, mortality among patients hospitalized with #COVID19 https://***Ak https://***iA', ""Since February 2020, more than 2.4M women have exited the workforce. @S***t’s 360 report, Forging New Pathways for Women's Careers: A Pink Pandemic Recovery Plan, explores COVID-19’s disproportionate toll on women across the world. Read here. https://***mY"", 'Our Deputy CoM was pleased to receive the visit of @U***i Director Chris Cushing &amp; David Taylor from @U***s in our warehouse today to show how we store their lifesaving #hygiene #COVID19 #kitchen and #fixing #kits for #emergency response in #Haiti and the region https://***ee', '-']",-,content_A,post
t0617,u1411,2020-06-17 19:31:11+00:00,Covid,t***b,"As many have noted, there has been an uptick in confirmed #COVID19 cases in multiple states starting roughly at the beginning of June. There is a major question surrounding how much ""re-opening"" efforts are contributing to increases in transmission. Figure from @n***s. 1/10 https://***ug","['As many have noted, there has been an uptick in confirmed #COVID19 cases in multiple states starting roughly at the beginning of June. There is a major question surrounding how much ""re-opening"" efforts are contributing to increases in transmission. Figure from @n***s. 1/10 https://***ug', '🧐To read! Following our last @E***e\'s webinar on solidarity and immigration during the pandemic: ""Risking Their Lives in Canada’s Pandemic and Hoping That’s Enough to Stay"" https://***pc #solidarity #Quebec #immigrants #COVID19', ""How has #COVID19 impacted scientific publishing? Maybe not how you'd expect – learn more in this timely analysis by @D***i and @e***i using #arxiv data, today on the AI2 Blog: https://***BR"", '-']",-,content_A,post
t2735,u2874,2022-02-14 10:34:37+00:00,Covid,A***p,COVID-19 cases decline 19% in world; South Korea sets daily record... https://***7D #covid- #cases #decline #% #in #world; #south #korea #sets #daily #record,"['La #aerolínea neerlandesa #KLM ya confirmó el cese de operaciones en el país a partir de esta noche, mientras que un avión de la ucraniana SkyUp tuvo que aterrizar en la vecina #Moldavia a petición del propietario del aparato. https://***2t', 'Am #Valentinstag verschenken wir kostenlose Impfungen! 💝💉 In den Stadtbibliotheken Fürstenried, Neuperlach und Pasing führen Teams aus medizinischen Fachkräften der @S***n und der @A***z Covid-19-Impfungen durch: https://***6U #Hierwirdgeimpft https://***gc', 'COVID-19 cases decline 19% in world; South Korea sets daily record... https://***7D #covid- #cases #decline #% #in #world; #south #korea #sets #daily #record', '-']",-,content_C,post
t1614,u1990,2021-01-18 23:46:35+00:00,Covid,K***r,-,"[""New Dawn Staley diary from @T***d: The @G***B coach speaks on why her team won't stand for the national anthem, and details her first midseason COVID-19 scare. https://***wI"", 'In the scenario where the ‘holiday’ ends on 31st March, we are confident demand will likely sustain. In December, Rightmove’s predictions indicated a 4% increase in house prices across this year, irrespective of Brexit, Covid-19 or the Stamp Duty Deadline. #stampduty #property https://***CQ', '#Psychiatric illnesses in #COVID19 may be the emerging theme in upcoming research. Prediction sourced from #EvidenceFlow: https://***c1 Paper: https://***pP https://***Nr', '-']",tweet_A,-,retweet
t2348,u0125,2022-02-02 20:00:11+00:00,Covid,C***H,"Early in the #pandemic, reliable information was hard to find. For vulnerable populations, there was nothing. @C***y student Tahmid Hasib Khan not only saw an opportunity to inform, but a way to educate beyond #COVID19 with @b***i https://***Uz https://***Uv","['Early in the #pandemic, reliable information was hard to find. For vulnerable populations, there was nothing. @C***y student Tahmid Hasib Khan not only saw an opportunity to inform, but a way to educate beyond #COVID19 with @b***i https://***Uz https://***Uv', ""JUST IN: British Foreign Secretary Liz Truss tested positive for Covid-19. Canada's PM Trudeau also tested positive today. Truss no longer going to Ukraine tomorrow with Boris Johnson"", 'Update: while we continue to push @P***S and his administration to provide accessible at-home #COVID19 tests, we’ve partnered with @a***o to provide any blind person the visual interpreting service for testing. https://***Ag', '-']",-,content_A,post
t1772,u2465,2021-06-26 19:44:17+00:00,Covid,d***5,Robert F. Kennedy Jr. WARNS: Don’t take a COVID-19 vaccine under any circumstances! You will no longer be able to be cured simply by removing toxins from the human body https://***pF,"['Risk of heart inflammation (myocarditis &amp; pericarditis) is greater if you get #COVID19 c/w rare chance of such a side effect w/ #CovidVaccine #GetVaccinated https://***wL', 'Robert F. Kennedy Jr. WARNS: Don’t take a COVID-19 vaccine under any circumstances! You will no longer be able to be cured simply by removing toxins from the human body https://***pF', 'The #COVID19 situation in Africa is worrisome. Both the number of cases &amp; deaths are almost 40% higher than the week before. https://***ob Vaccines donated next year will be too late for those who are dying, infected, or at risk today. #VaccinEquity - if not now, when? https://***Ox', '-']",-,content_B,post
t0335,u1821,2020-03-24 05:27:17+00:00,Covid,a***v,-,"['#ÚLTIMAHORA: 32 nuevos casos de #coronavirus en #Perú 🇵🇪, que elevan el total del país a 395 infectados. La inmensa mayoría de los pacientes están en Lima, ciudad que acumula ya 307 diagnosticados. Hay 36 ciudadanos hospitalizados. Se han realizado un total de 6.664 análisis https://***oi', 'Great work from the @a***n team in a COVID-19 world. Housebound celebrities pivot to creating online coronavirus content: https://***5E', ""I'm excited to launch these #COVID19 embeddings with my team! This is a small way I can contribute to helping the world learn more about the coronavirus. https://***LB"", '-']",tweet_B,-,retweet
t2613,u0645,2022-02-10 20:06:43+00:00,Covid,P***e,Main Line Health back in the red as Covid-19 cost struggles continue https://***Fi via @P***l,"['Main Line Health back in the red as Covid-19 cost struggles continue https://***Fi via @P***l', ""Discover a great variety of #data on the recovery of #tourism @U***O's new #COVID19 recovery tracker 🌍 ✈️ https://***1a"", 'Via @C***v, the #COVID19Vaccine has been the fastest vaccine rollout in history. Paper: https://***Zp https://***9z', '-']",-,content_A,post
t2711,u1186,2022-02-13 22:12:51+00:00,Covid,L***a,"#ULTIMOREPORTE 🚨 #COVID19 🇵🇪 #SINADEF Las cifras están bajando, pero no es motivo para bajar la guardia, sigamos cuidándonos, protocolos no olvidar. Gracias a @r***g 🙌🏼 por su trabajo. Lean todo el hilo por favor, y darle Rt chicos. Gracias 🤗 https://***1G","['#ULTIMOREPORTE 🚨 #COVID19 🇵🇪 #SINADEF Las cifras están bajando, pero no es motivo para bajar la guardia, sigamos cuidándonos, protocolos no olvidar. Gracias a @r***g 🙌🏼 por su trabajo. Lean todo el hilo por favor, y darle Rt chicos. Gracias 🤗 https://***1G', 'Remember that long table separating EMMANUEL MACRON from VLADIMIR PUTIN during their meeting this week in Moscow? @R***s reports it was because Macron refused to take a Russian Covid-19 test when he arrived, because he didn’t want to give Putin his DNA. https://***T5', 'México, el país que realiza menos pruebas para detección de #Covid19, superó CINCO veces el ""escenario catastrófico"" de muertes, sin estrategia alguna contra el virus. #Mexico🇲🇽 #COVID19🦠 #Vacunacion💉 #Vacuna💉#Vaccine💉@S***x⚕️ #LopezGatell💀 @l***_💀 https://***Na', '-']",-,content_A,post
t2246,u1810,2022-01-25 19:26:04+00:00,Covid,A***C,"Florida Gov. Ron DeSantis vows to ""fight back"" against the FDA's decision to limit the use of two monoclonal antibody treatments for COVID-19 that were found to be ineffective against the now-dominant omicron variant. https://***iH https://***Hk","[""A new study shows high levels of #coronavirus antibodies that fight the #omicronvariant four months after a third dose of the #Pfizer vaccine, a positive sign for the durability of a #boostershot's effectiveness. https://***84"", ""Just 51.9% of #Ontario kids aged 5-11 have received 1 dose of the #COVID19 vaccine. Many haven't been offered school-based vaccination clinics. How different would this be if the Ford government hadn't cut funding to schools and public health immediately after getting elected?"", 'Florida Gov. Ron DeSantis vows to ""fight back"" against the FDA\'s decision to limit the use of two monoclonal antibody treatments for COVID-19 that were found to be ineffective against the now-dominant omicron variant. https://***iH https://***Hk', '-']",-,content_C,post
t0717,u0449,2020-08-12 09:19:01+00:00,Covid,L***K,Meet Dr Angie Sin - she's been helping the @U***w #LighthouseLabsUK testing samples for #COVID19 - read her full Lab Story &gt; https://***c5 https://***l6,"[""Meet Dr Angie Sin - she's been helping the @U***w #LighthouseLabsUK testing samples for #COVID19 - read her full Lab Story &gt; https://***c5 https://***l6"", 'At the first sign of the #pandemic, our researchers began tapping into our extensive #antiviral expertise in the battle against #COVID19. Learn how: https://***Mb https://***Rd', 'Heart attacks and strokes are still happening during COVID-19. This CDC-approved PSA explains why you should seek emergency care if you experience symptoms. https://***L3', '-']",-,content_A,post
t2626,u0567,2022-02-11 04:45:34+00:00,Covid,l***N,"देश में 24 घंटे में कोरोना के 58,077 नये मामले, 657 मरीजों ने तोड़ा दम, 1,50,407 हुए स्वस्थ https://***nz #country #Coronapositive #newcases #patients #broken #healthy #positivityrate #recoveryrate #ICMR #COVID19","['COVID-19 Statistical report in Jordan 🌐 For details: https://***nI #jordan #jordan_corona #jordan_coronavirus #MOHJO https://***51', '🔴 وزارة الصحة تعلن عن تسجيل 1,499 إصابة جديدة بفيروس كورونا (كوفيد-19) في آخر 24 ساعة بالمغرب.. حالات الشفاء ترتفع إلى 1,112,921 مقابل 15,698 حالة وفاة. #كوفيد_19 #صحة #فيروس #كورونا #covid19 #كورونا_المغرب #المغرب #لقاح_كورونا https://***TT', 'देश में 24 घंटे में कोरोना के 58,077 नये मामले, 657 मरीजों ने तोड़ा दम, 1,50,407 हुए स्वस्थ https://***nz #country #Coronapositive #newcases #patients #broken #healthy #positivityrate #recoveryrate #ICMR #COVID19', '-']",-,content_C,post
t2226,u0732,2022-01-24 07:33:00+00:00,Covid,T***E,Booster doses of COVID-19 vaccines were at least 90% effective in preventing hospitalizations https://***AB,"['📅 The week ahead: ✔️ Ag Committee ✔️ Trade Policy Review of #Panama 🇵🇦 ✔️ Informal General Council ✔️ Investment Facilitation Discussions ✔️ #ecommerce Discussions ✔️ Market Access Committee - Session on Trade in #COVID19 Related Goods ✔️ DSB See: https://***Ja https://***5j', 'Booster doses of COVID-19 vaccines were at least 90% effective in preventing hospitalizations https://***AB', 'Did you know that MIS-C is a rare but serious condition that can occur in children and teens days to weeks after having COVID-19? The best way to protect your family is to get vaccinated against #COVID19. To learn more about MIS-C visit https://***jf https://***cz', '-']",-,content_B,post
t1809,u0498,2021-08-14 12:43:17+00:00,Covid,h***d,This is how we can work to defeat #COVID19 👇 https://***07,"['New study in @A***r about physiotherapists’ use and perceptions of #digital remote #physiotherapy during COVID-19 lockdown in🇨🇭 ➡️large increase in use during lockdown ➡️identified barriers to further implementation are discussed 👏👏👏https://***F3 https://***vs', 'Just now @c***k : FDA expected to authorize in 48hrs the third dose (booster) of #Covid19 vaccine for #transplant patients https://***66', 'This is how we can work to defeat #COVID19 👇 https://***07', '-']",-,content_C,post
t0479,u1364,2020-06-02 18:00:12+00:00,Covid,K***t,Spend Your Summer at The Culture House! COVID-19 COMPLIANT! https://***v2,"['Spend Your Summer at The Culture House! COVID-19 COMPLIANT! https://***v2', 'A @R***y DELVE Initiative COVID19 data set now available. Contains global data on policy, weather, excess deaths, mobility ... https://***S4 Data compiled by @a***8 @u***t @k***s @w***y and Andrei Paleyes on behalf of DELVE.', 'Excited to see @e***L, a wonderful colleague and ID doc, given the opportunity to adress a common question about COVID-19 testing. NPR: Coronavirus Testing: Should I Go For It Even If I Have No Symptoms? : Goats and Soda. https://***zI via @G***s', '-']",-,content_A,post
t2901,u1185,2022-02-16 14:57:33+00:00,Covid,A***e,BioNTech Unveils Mobile Covid-19 Vaccine Factories for Developing World https://***5p,"['BioNTech Unveils Mobile Covid-19 Vaccine Factories for Developing World https://***5p', ""#COVID19 doesn't care how we feel about vaccines or masks. It doesn't care that we're tired. It's a virus and it can't be reasoned with. We do need a safe return to more normalcy. We can't achieve that by suggesting, as Doug Ford does here, that vaccines are worthless. #onpoli"", 'India logs 27,409 new cases of COVID-19, while the current active cases stand at over 4 Lakh. #briflynews #Covid19 #covid19update #Covid19India #pandemic https://***ai', '-']",-,content_A,post
t2029,u0889,2021-12-17 18:45:04+00:00,Covid,N***a,U.S. health officials are endorsing “test-to-stay” policies that allow close contacts of students infected with COVID-19 to remain in classrooms if they test negative. https://***tK,"['At our #AliceSpringsSymposium2021 @c***8 spoke with ABC Alice Springs about the #pandemic response in remote NT &amp; the importance of #vaccination for those with #chronicdisease. Listen back here (Christine’s interview starts just after the 40min mark): https://***aw https://***h8', 'U.S. health officials are endorsing “test-to-stay” policies that allow close contacts of students infected with COVID-19 to remain in classrooms if they test negative. https://***tK', 'Airlines during the COVID-19 pandemic: ""We know it is hard to make plans, all tickets are refundable or rebookable"". @D***n German railways: ""So sorry, non-flexible tickets can not be refunded/rebooked"".', '-']",-,content_B,post
t1807,u2385,2021-08-10 17:34:14+00:00,Covid,D***r,"More Children Are Catching COVID-19, But It's Unclear If They're Getting Sicker : Coronavirus Updates : NPR https://***gN","[""More Children Are Catching COVID-19, But It's Unclear If They're Getting Sicker : Coronavirus Updates : NPR https://***gN"", 'Persistent effects on #mentalhealth deterioration due to the COVID-19 pandemic in the UK by #gender and #ethnicity #health #inequalities #persistence #medRxiv https://***on @J***0 @u***y @P***k @a***y @G***9 @U***h @U***s https://***yU', 'In the last 2 months alone, 8 new #COVID19 outbreaks on mink #fur farms were confirmed in Galicia 🇪🇸➡️bringing the total in Spain to 12. We must end fur farming to eliminate potential #coronavirus reservoirs &amp; #StopDeadlyFur 📣 - SIGN now✍ https://***ux #FurFreeSpain https://***Yi', '-']",-,content_A,post
t2704,u1593,2022-02-13 18:19:06+00:00,Covid,V***z,"#Austrian #RedCross ""Together we can achieve more"" https://***Hz #COVID19 #ÖsterrRotesKreuz @r***t #Gesundheitsministerium #bmlrt #bmlv #bmk #bmkoes #bmj #bmi #bmf #bmdw #bmbwf #bmafj #bundeskanzleramt #Bellen #MFAAustria #ghimel https://***3s","[""Hyderabad's Numaish likely to reopen in February-end #Numaish #NumaishExhibition #Hyderabad #Coronavirus https://***uU"", 'In 2️⃣0️⃣2️⃣1️⃣, @U***a supported national #COVID19 #response &amp; #recovery putting people &amp; the planet 🌎 at the center. 🙏 to our development partners for their generous support &amp; trust. @A***p More on results 🔽! https://***vo', '#Austrian #RedCross ""Together we can achieve more"" https://***Hz #COVID19 #ÖsterrRotesKreuz @r***t #Gesundheitsministerium #bmlrt #bmlv #bmk #bmkoes #bmj #bmi #bmf #bmdw #bmbwf #bmafj #bundeskanzleramt #Bellen #MFAAustria #ghimel https://***3s', '-']",-,content_C,post
t2387,u0456,2022-02-04 16:07:07+00:00,Covid,s***s,"84,053 new coronavirus cases today 254 more people have died #JohnsonOut11 #Covid19 #JohnsonTheCorruptPM #oneruleforthem #partygate #NotFitToGovern https://***gl","['Breaking: There are now 994 active cases of Covid-19 in the country. https://***1C', 'Sexual dimorphism in COVID-19: potential clinical and public health implications https://***Fx', '84,053 new coronavirus cases today 254 more people have died #JohnsonOut11 #Covid19 #JohnsonTheCorruptPM #oneruleforthem #partygate #NotFitToGovern https://***gl', '-']",-,content_C,post
t2272,u2659,2022-01-28 09:07:53+00:00,Covid,K***s,Dr. @H***a:The Banking Industry is committed to help SMEs to bounce back from the devastating effects of COVID-19 #inukaSME https://***OA,"['Dr. @H***a:The Banking Industry is committed to help SMEs to bounce back from the devastating effects of COVID-19 #inukaSME https://***OA', 'Prolonged SARS-CoV-2 Infection in Patients with Lymphoid Malignancies | Cancer Discovery \u2066@m***j\u2069 \u2066@S***a\u2069 \u2066@s***g\u2069 #COVID19 https://***Tt', 'Kudos to Olive Garden for 1.) offering all its hourly employees paid time off to get the COVID vaccine and 2.) the unlimited breadsticks. #COVID19 #VaccinesWork', '-']",-,content_A,post
t0326,u0322,2020-03-17 09:35:03+00:00,Covid,h***r,"Als Wissenschaftlerin finde ich es integer von Drosten, dass er sagt, was er nicht weiß und seine Einschätzungen korrigiert. Aber wie verhindert man Fehleinschätzungen, die durch dieses Podcast-Format zustandekommen? #COVID19de","['Mty no te acabes 🤣🤣🤣🤣 #Coronavirusmexico #Mty https://***Dq', 'Als Wissenschaftlerin finde ich es integer von Drosten, dass er sagt, was er nicht weiß und seine Einschätzungen korrigiert. Aber wie verhindert man Fehleinschätzungen, die durch dieses Podcast-Format zustandekommen? #COVID19de', '#Coronavirus has plunged the world into uncertainty and the constant news about the pandemic can feel relentless...This is how you can protect your #mentalhealth❤️ https://***o3', '-']",-,content_B,post
t3365,u0081,2022-02-23 01:52:54+00:00,Covid,L***2,-,"['Queen cancels virtual engagements as mild COVID-19 persists https://***w5 #MeAndMyNation #YourNewsYourTimeYourWay #TheSourceMatters https://***U3', 'Coffee chats, team building exercises, big tent #pandemic meals outdoors, board games, being together, staying connected. What are you doing to build connections? @t***t @T***h #IPPSRForum.', 'Vaccination pre-operatively reduces pre- intra- and postoperative risk of severe COVID-19, and its importance cannot be unsderstated, argues @e***y. https://***yq', '-']",tweet_B,-,retweet
t0343,u3237,2020-03-31 07:00:31+00:00,Covid,i***s,Don't panic! Government is committed towards providing help to stranded people from/in other States due to the preventive measure of lockdown to fight #COVID19. Simply dial the Odisha State helpline number. #IndiaFightsCorona https://***03,"['Big-4 consultancy firms defer promotions, appraisals and salaries amid COVID-19 crisis https://***vz', ""Don't panic! Government is committed towards providing help to stranded people from/in other States due to the preventive measure of lockdown to fight #COVID19. Simply dial the Odisha State helpline number. #IndiaFightsCorona https://***03"", ""Today, we're launching a high-throughput, CLIA-certified COVID-19 testing lab integrated with public health tools. We'll begin processing samples to support public health efforts over the coming week, with a near-term goal of 10,000 tests per day. https://***VP"", '-']",-,content_B,post
t1642,u1930,2021-02-18 16:03:57+00:00,Covid,A***V,Ice collects on branches outside PNC Arena in Raleigh where a mass COVID-19 vaccination clinic was canceled due to the threat of winter weather. #WRAL #NCWX https://***s5,"['One of the biggest critical failures of the media is not emphasizing the extraordinary harm that will be suffered by thousands of people who survived COVID-19. https://***jG', 'Latest news of third Covid-19 variant could be worse as it spreads more rapidly than other Covid-19 this is more airborne running rapidly U.K and U.S and now in Canada, South Africa and many other countries. This variant has spread Canada wide over 550 cases and rising rapidly.', 'Ice collects on branches outside PNC Arena in Raleigh where a mass COVID-19 vaccination clinic was canceled due to the threat of winter weather. #WRAL #NCWX https://***s5', '-']",-,content_C,post
t3867,u1259,2022-03-05 07:42:06+00:00,Covid,W***s,The mayor said that as of this week NYC schools had a COVID-19 positivity rate of 0.18%. https://***lB,"['Nitazoxanide RCT mild mod #COVID19 outpatient💥💥 Early treatment with nitazoxanide may reduce the progression to severe illness in high-risk participants and the time to sustained clinical response in participants with mild illness #IDTwitter https://***6i', 'The mayor said that as of this week NYC schools had a COVID-19 positivity rate of 0.18%. https://***lB', 'The latest El Diario de Rubén García! https://***xM Thanks to @j***m @m***y #covid19 #últimahora', '-']",-,content_B,post
t3700,u0241,2022-03-02 11:37:28+00:00,Covid,t***f,-,"['Global #Coronavirus quick facts: Cases:436,983 K(↑0.4%)&amp;US accounts for 18.1% Deaths:5,956(↑0.1%)&amp;US accounts for 16.0% Top 5: #US:79,045 K cases(↑0.1%) #India:42,931K(↑0.0%) #Brazil :28,796(↑0.1%) #France: 22,877 K(↑0.1%) #UK: 19,021 K(↑0.4%) https://***FH https://***wr', 'OMS: contagios y decesos por COVID-19 bajan en todo el mundo En su reporte semanal sobre la la pandemia, la agencia de salud de la ONU señaló que los decesos bajaron un 10% y mantuvieron la tendencia a la baja observada por primera vez hace una semana. https://***96 https://***op', 'Aşı kısırlık yapmıyor, tam tersine covid19 geçirenler bu sorunu ve daha fazlasını ( erektil disfonksiyon, hipogonadizm vs) yaşayabiliyor https://***NS', '-']",tweet_C,-,retweet
t2362,u2946,2022-02-03 15:15:27+00:00,Covid,r***l,-,"['কিছুতেই কমছে না বাংলায় কোভিডে মৃত্যু। #coronavirus https://***EI', ""Did you know National Disaster Medical System &amp; @D***v can help hospitals facing a surge in #COVID19 patients? During tomorrow's COVID-19 Clinical Rounds, healthcare professionals who partnered with federal teams share their experiences. Register today: https://***jh https://***NM"", '.@S***g | @A***n: ""7 reasons parents should get their kids vaccinated against COVID-19."" https://***81 https://***E1', '-']",tweet_C,-,retweet
t2474,u2424,2022-02-08 12:45:12+00:00,Covid,m***l,"In slides for its Q4 earnings conference call, Pfizer lays out manufacturing ramp-up of Paxlovid this year: 6M courses in Q1 24M in Q2 90M in second half of year Also notes it’s starting to test Paxlovid for kids, and developing a next-gen #covid19 antiviral https://***3v","['Biden officials trying to recalculate U.S. Covid-19 hospitalizations https://***Yt', 'Our latest release: As was the case in the early stages of the COVID-19 vaccination rollout in 2021, older Canadians are more likely to believe that the current effort is proceeding at the proper pace. https://***Fk', 'In slides for its Q4 earnings conference call, Pfizer lays out manufacturing ramp-up of Paxlovid this year: 6M courses in Q1 24M in Q2 90M in second half of year Also notes it’s starting to test Paxlovid for kids, and developing a next-gen #covid19 antiviral https://***3v', '-']",-,content_C,post
t2958,u0129,2022-02-17 06:41:41+00:00,Covid,I***s,"देश में फिर बढ़े कोरोना से मौत के मामले, पिछले 24 घंटे में सामने आए इतने नए केस, देखें आंकड़ें | #Coronavirus | #CoronaPandemic | #Coronacurfew | #coronapandemic | #COVID19India | #CovidVaccine | https://***WC","['देश में फिर बढ़े कोरोना से मौत के मामले, पिछले 24 घंटे में सामने आए इतने नए केस, देखें आंकड़ें | #Coronavirus | #CoronaPandemic | #Coronacurfew | #coronapandemic | #COVID19India | #CovidVaccine | https://***WC', 'Bincang U20 di JIS mengawali kesiapan Jakarta menjadi tuan rumah #Urban20 Mayors Summit 2022, sebagai bagian dari agenda Presidensi #G20Indonesia. Kami membahas isu perekonomian, transformasi digital, hingga energi terbarukan di tengah pandemi COVID-19. https://***C5 https://***kV', 'We are proud to announce that C40 has joined The @P***e Alliance, a global coalition of over 80 organisations and networks working together to advocate for equitable access to COVID-19 vaccines. https://***c6', '-']",-,content_A,post
t2531,u3081,2022-02-09 16:53:08+00:00,Covid,M***P,How to Talk to Your Child about Their Positive COVID-19 Test https://***tk,"['.@H***n are hosting a webinar tomorrow with some of the team from UKHSA looking at #HIVTesting trends, latest surveillance data &amp; how #COVID19 has impacted HIV testing. Book your place now: https://***PH #HIV #HIVTestingWeek #GetTested https://***rC', '• Of children aged 12 to 15, 83.4 per cent have received a first dose of COVID-19 vaccine, and 78.6 per cent have received two doses • Of children aged 5 to 11, 43.2 per cent have received a first dose of a COVID-19 vaccine', 'How to Talk to Your Child about Their Positive COVID-19 Test https://***tk', '-']",-,content_C,post
t3406,u1519,2022-02-23 18:58:56+00:00,Covid,H***A,As of today the cumulative number of #COVID19 cases identified in SA is 3 665 149 with 3 118 new cases reported. Today 110 deaths have been reported bringing the total to 98 978 deaths. The cumulative number of recoveries now stand at 3 531 960 with a recovery rate of 96.4% https://***q2,"['As of today the cumulative number of #COVID19 cases identified in SA is 3 665 149 with 3 118 new cases reported. Today 110 deaths have been reported bringing the total to 98 978 deaths. The cumulative number of recoveries now stand at 3 531 960 with a recovery rate of 96.4% https://***q2', 'Sri Lanka leg-spin all-rounder #WaninduHasaranga on Wednesday was ruled out of the upcoming T20I series against India as he is yet to recover from #COVID19 infection. https://***lw', '🔀 No todas las empresas o sectores han cambiado igual con la COVID-19. ➡ Aún así, convergen en un punto: el uso de #IA para analizar los #datos. @E***z ha charlado al respecto con Ana Mosquera, vicepresidenta senior en @C***S. ⏬ https://***Vz https://***X9', '-']",-,content_A,post
t2733,u0029,2022-02-14 10:00:02+00:00,Covid,I***a,"Getting vaccinated has positive impacts not only for you and your family, but for your whole community. You can save space in hospitals for those who need it most. Watch this video &amp; find out why Dr. Viviane advises you to get a COVID-19 vaccine. #VaccinesWork #AfricaTrustFund https://***Pr","['Getting vaccinated has positive impacts not only for you and your family, but for your whole community. You can save space in hospitals for those who need it most. Watch this video &amp; find out why Dr. Viviane advises you to get a COVID-19 vaccine. #VaccinesWork #AfricaTrustFund https://***Pr', 'At Kalanagar Signal #Bandra Full enforcement for #Mask. #COVID19 #Mumbai @R***i https://***5l', 'South Korea, to let COVID-19 patients with mild symptoms do self-treatments. Visit this website for more. ----&gt; https://***x5 #Bigbankchallenge #bikini #BugsBunnyChallenge #snowchallenge #tiktok #silhouettechallenge #Bussitchallenge #Jamaica #Jamaican https://***mJ', '-']",-,content_A,post
t1461,u1709,2020-11-23 07:38:32+00:00,Covid,G***A,Deficiencies in implementing the infection control measures and delayed reporting of #COVID19 testing need to be addressed to limit morbidity and mortality associated with the COVID-19 pandemic (Part 2/2).,"['Deficiencies in implementing the infection control measures and delayed reporting of #COVID19 testing need to be addressed to limit morbidity and mortality associated with the COVID-19 pandemic (Part 2/2).', ""🟥 🟥 Anche la #sessione d'#esami📝 invernale 2021, il prossimo gennaio, si terrà #online🖥️ per prevenire l'incertezza legata a #COVID19 e garantire #equità di trattamento 🟥 🟥 #coronavirus #WeCare #TakeCare #USILife i️ 👇 https://***Zg"", ""TOMORROW the Turing hosts #TuringCovidConf, our public conference (it is free and virtual) to assess the response of the UK's #DataScience and #AI community to #COVID19. Keynotes are @d***l, @d***r and @l***d. ➡️Book your place: https://***H6 https://***F6"", '-']",tweet_B,content_A,reply
t3350,u2221,2022-02-22 22:31:24+00:00,Covid,g***o,Vacina Covid-19 em Uberlândia: cerca de 27 mil pessoas são convocadas para receber dose de reforço em novo calendário https://***4L #g1 #uberlandia https://***Lb,"['Vacina Covid-19 em Uberlândia: cerca de 27 mil pessoas são convocadas para receber dose de reforço em novo calendário https://***4L #g1 #uberlandia https://***Lb', ""À partir d'aujourd'hui, les États membres peuvent émettre un certificat de rétablissement à la COVID-19 sur la base de tests antigéniques. Jusqu'à présent, la remise d'un certificat de rétablissement n'était possible qu'à la suite d'un test PCR positif ↓ https://***3r"", 'UK - Queen Elizabeth tests positive for #COVID19 https://***Y2 h/t Shiloh', '-']",-,content_A,post
t3385,u3223,2022-02-23 15:31:37+00:00,Covid,M***s,"சிறைச்சாலை முகாமைத்துவம், மறுவாழ்வளிப்பு அலுவல்கள் இராஜாங்க அமைச்சை மீள அமைக்க ஜனாதிபதி உத்தரவு - https://***Zx #lka #SriLanka #COVID19LK #COVID19SL #COVID19 #coronavirus #CoronavirusOutbreak https://***Xq","['(22/febrero/2022) Actualizado al mediodía: Tasa de positividad de #COVID19 en #PuertoRico: 7.35%⬇️ Municipio con la mayor tasa de positividad: Lajas. Municipio con la mayor tasa de incidencia de casos: Las Marías. Mayor cantidad de casos en los pasados 6 días: San Juan. https://***QP', 'PACIFIC ISLANDER ENGLISH 21 February 22. #news #covid19 #media #coronavirus #currentaffairs #latestnews #politics #article #press #community #melbourne #Australia #multilingual #multicultural #radio #victoria #english #pacificislander #vaccine https://***Bk', 'சிறைச்சாலை முகாமைத்துவம், மறுவாழ்வளிப்பு அலுவல்கள் இராஜாங்க அமைச்சை மீள அமைக்க ஜனாதிபதி உத்தரவு - https://***Zx #lka #SriLanka #COVID19LK #COVID19SL #COVID19 #coronavirus #CoronavirusOutbreak https://***Xq', '-']",-,content_C,post
t2294,u0384,2022-01-31 01:20:44+00:00,Covid,g***e,mcneilljared: Heartbreaking story that serves to remind us that this #COVID19 pandemic is far from over. Great work from @C***e. https://***S…,"['mcneilljared: Heartbreaking story that serves to remind us that this #COVID19 pandemic is far from over. Great work from @C***e. https://***S...', 'Two years into the pandemic, scientists are still trying to understand how COVID-19 can impact the brain and help people living with lingering symptoms. https://***oP', 'NATIONAL COVID-19 VACCINATION DAYS CAMPAIGN LAUNCH Theme: Protect yourself, protect your family. Get vaccinated against COVID-19 NOW! Live https://***4h', '-']",-,content_A,post
t1736,u0110,2021-05-07 16:55:08+00:00,Covid,c***s,"@m***k Covid19 outbreak, medicine shortage.","[""This is a must read OpEd by @J***e in @c***r, especially prior to tomorrow's #WTO meeting regarding the #CovidVaccine #TRIPSwaiver. I hope the U.S. makes the right choice. The lives of so many depend on it. https://***Tz #COVID19"", 'Today at 6:15 pm in our #COVID19 Lectures series Martin Boeker, Alena Buyx and Dirk Heckmann will talk about #DataProtection in the pandemic (in German). Read the interview with Martin Boeker and Dirk Heckmann and watch the Livestreams via Youtube / Zoom: https://***Fe', '@m***k Covid19 outbreak, medicine shortage.', '-']",tweet_A,content_C,reply
t2318,u2390,2022-02-01 17:38:43+00:00,Covid,j***b,"Join us for episode 49 of #JAXTechTalk, TODAY, at 1 PM (ET). JAX Technical Information Scientists will discuss the newest advancements in #COVID19 research: #sciencetwitter 👀: https://***0X https://***oB","['Join us for episode 49 of #JAXTechTalk, TODAY, at 1 PM (ET). JAX Technical Information Scientists will discuss the newest advancements in #COVID19 research: #sciencetwitter 👀: https://***0X https://***oB', ""Nisha Pillai and @A***n Albert Park discuss Asia and the Pacific's economic outlook, the impact of COVID-19, and prospects for growth in the region. Watch our latest episode of ADB Insight ⬇️ https://***re"", '""A pediatric nurse practitioner has been arrested for selling phony COVID-19 vaccine cards on Long Island — and her NYPD officer husband faces a departmental probe over his possible involvement in the scam, prosecutors and sources said."" https://***OP', '-']",-,content_A,post
t3758,u0362,2022-03-03 05:03:00+00:00,Covid,D***h,"#Covid19 | UT #Ladakh reports 16 new cases and 22 recoveries; Active cases stand at 138, this includes 137 cases in #Leh and 1 case in #Kargil district. Read more at: https://***Ge @l***h @L***H @L***K @s***t @D***y @L***y https://***c1","['NOW! Community leaders lead a vigil in Albany. COVID-19 has taken an immense toll on immigrants across NY. All NYers deserve access to health services. #Coverage4All is an essential piece to our budget and our communities. https://***Oa', 'Today, I learned I was a close contact of a confirmed case of COVID-19. I took a rapid test and tested positive. I have very mild symptoms, and am grateful to be fully vaccinated and to have received a booster. I will be working remotely until my self isolation is complete.', '#Covid19 | UT #Ladakh reports 16 new cases and 22 recoveries; Active cases stand at 138, this includes 137 cases in #Leh and 1 case in #Kargil district. Read more at: https://***Ge @l***h @L***H @L***K @s***t @D***y @L***y https://***c1', '-']",-,content_C,post
t3445,u2514,2022-02-24 14:58:08+00:00,Covid,D***t,DIVI-Präsident: Lage auf den Intensivstationen „sehr stabil“: Berlin – Auf den Intensivstationen der deutschen Kliniken hat sich die Situation offenbar beruhigt. „Die Lage auf den Intensivstationen ist mit Blick auf… https://***5E #DIVI #COVID19 #Intensivstation https://***tO,"['DIVI-Präsident: Lage auf den Intensivstationen „sehr stabil“: Berlin – Auf den Intensivstationen der deutschen Kliniken hat sich die Situation offenbar beruhigt. „Die Lage auf den Intensivstationen ist mit Blick auf... https://***5E #DIVI #COVID19 #Intensivstation https://***tO', '@R***o I understand the concept of devolution, we discussed this a lot in grad school, unfortunately, for a virus that does not respect geographic boundaries, without standardized metrics, reporting requirements, local control is not meaningful, for me anyway.', 'Boosters increase your protection from COVID-19, including variants. Get yours today. More: https://***xs #VaxUpMS #MSUext https://***by', '-']",-,content_A,post
t3263,u1114,2022-02-21 15:10:48+00:00,Covid,e***9,-,"['With the COVID-19 pandemic, the situation for refugees worldwide has become even more challenging. Meet some of our incredible team members who are providing health and hope to refugees.⬇️#StandWithRefugees https://***pa', 'Chinese Proficiency Test held in S. Korea under #COVID19 health protocols More #AsiaAlbum stories here: https://***la https://***jC', 'This is our WA COVID-19 weekend update for Sunday, 20 February 2022. For official information on COVID-19 in WA, visit https://***yD https://***Yp https://***7t', '-']",tweet_C,-,retweet
t3072,u2568,2022-02-18 18:57:40+00:00,Covid,h***n,"This. And it's time for my more than occasional reminder that the United States lacks universal health insurance, affordable healthcare, and mandated sick pay. All of this likely played no small role in our Covid-19 death toll. https://***FD","[""This. And it's time for my more than occasional reminder that the United States lacks universal health insurance, affordable healthcare, and mandated sick pay. All of this likely played no small role in our Covid-19 death toll. https://***FD"", 'Covid-19 A #family tale. Remaining positive https://***GH #covid #isolation', 'Grevenbroich - 7-Tage-Inzidenz-Wert - Aufschlüsselungen Daten, #Grevenbroich, #SARSCoV2, #Coronavirus, #Infektionen, #Aufschlüsselung, #Alter, #Wohnort, #Geschlecht, https://***hx', '-']",-,content_A,post
t1814,u1890,2021-08-24 20:21:33+00:00,Covid,C***r,Five Aucklanders who turned up for their Covid-19 vaccine last month may have got a dose of saline solution instead but the Ministry of Health still has not told them. https://***Nt,"['Lessons on COVID-19 from Indigenous and remote communities of the Arctic. Correspondence from Andrey N. Petrov and colleagues @A***I https://***VO', 'Five Aucklanders who turned up for their Covid-19 vaccine last month may have got a dose of saline solution instead but the Ministry of Health still has not told them. https://***Nt', 'As of 21 Aug 2021, 78% of our population has completed their full regimen/ received two doses of COVID-19 vaccines, and 82% has received at least one dose. https://***ac', '-']",-,content_B,post
t1768,u1677,2021-06-22 09:06:18+00:00,Covid,S***S,Thank you @E***s for the article on Grief during Covid times. https://***2W #covid #pandemic #grief #covidcarenetwork #ccn #nationalcovidmemorial #coronavirus,"['Thank you @E***s for the article on Grief during Covid times. https://***2W #covid #pandemic #grief #covidcarenetwork #ccn #nationalcovidmemorial #coronavirus', 'Staying safe if children haven’t received the #COVID19 vaccine -- here are some tips that will help: https://***kn #HarvardHealth https://***YB', 'Help slow the spread of #COVID19 and identify at risk cases sooner by self-reporting your symptoms daily, even if you feel well 🙏. Download the app https://***as', '-']",-,content_A,post
t1734,u0352,2021-05-03 14:58:05+00:00,Covid,F***r,"The only way out of the #COVID19 pandemic is to make sure there are vaccines for everyone, everywhere. That's why I'm donating to #GoGiveOne. Join me and #GoGiveOne today. https://***d8","['अपने स्वास्थ्य कर्मियों के बारे में सोचें जो इस कठिन समय में अपनी जान जोखिम में डाल कर लोगों की सेवा में लगे हैं। उनका सम्मान करें और एक जिम्मेदार नागरिक बनें। #Unite2FightCorona #COVID19 #ENDCOVID19 https://***76', ""The only way out of the #COVID19 pandemic is to make sure there are vaccines for everyone, everywhere. That's why I'm donating to #GoGiveOne. Join me and #GoGiveOne today. https://***d8"", 'Me, after getting my second dose of the Pfizer vaccine last week. Pure joy!! No side effects other than a sore arm. Hooray for #science! #GetVaccinated #vaccinated #coronavirus #seconddose https://***ZV', '-']",-,content_B,post
t2118,u0402,2022-01-10 10:30:31+00:00,Covid,H***o,-,"['Meet the Kovids. These people share the same name as the covid-19 pandemic. https://***NB', '#EnVivo | Actualización en Veracruz sobre COVID-19| 09 Enero de 2022 https://***b3', 'My latest Media &amp; Journos Daily https://***z0 Thanks to @g***y @B***s @N***n #covid19 #brooklyn', '-']",tweet_C,-,retweet
t3214,u1491,2022-02-20 17:59:49+00:00,Covid,e***w,Queen Elizabeth has tested positive for COVID-19. https://***do,"['Queen Elizabeth has tested positive for COVID-19. https://***do', 'Boris Johnson ""Britains Death Knell"" #Britain #brexit #BorisHasFailedBritain #BorisJohnson https://***DO #socialist #covid19 #covid19UK #voteofnoconfidence #SocialistSunday #Socialist #BorisTheLiar 2', 'So a dead Epstein “association” is more dangerous than a live Covid-19 variant? 😂🤣 https://***Vd', '-']",-,content_A,post
t1739,u0407,2021-05-11 16:53:30+00:00,Covid,f***a,#Tanzania tunarudishwa nyuma sana na hoja kinzani Bungeni dhidi ya chanjo za #COVID19 Mjadala huu ulishajibu hoja hizo: https://***kC Kamati ya #Covid19 inasemaje ? #ChanjoLiniTZ ? https://***2j,"['“It is not about my father alone. Many Kashmiri prisoners are suffering in various prisons. The political prisoners are feeling helpless. It would be prudent to release all prisoners, keeping in view the alarming situation due to COVID-19,” Mujahid said. https://***vL', 'Global Citizens around the world are getting the #VaxBecause they want to protect their loved ones and finally end this pandemic. You can join the fight against COVID-19 and help us secure vaccines for everyone, everywhere by taking action at https://***g. #VaxLive', '#Tanzania tunarudishwa nyuma sana na hoja kinzani Bungeni dhidi ya chanjo za #COVID19 Mjadala huu ulishajibu hoja hizo: https://***kC Kamati ya #Covid19 inasemaje ? #ChanjoLiniTZ ? https://***2j', '-']",-,content_C,post
t3057,u1940,2022-02-18 15:37:32+00:00,Covid,s***t,"If you needed more proof that vaccines work, Switzerland is reporting COVID-19 deaths by vaccination/booster status. https://***Oc","['Is everyone a winner though? As well as wearing a mask to protect myself I also do it because I know there are many people in the community who are clinically vulnerable (yes even with vaccines). I don’t want to spread Covid to them. Public health is a collective act. #Covid19Aus https://***TV', 'If you needed more proof that vaccines work, Switzerland is reporting COVID-19 deaths by vaccination/booster status. https://***Oc', 'Record number of patients caught COVID-19 in hospitals last month https://***Fk', '-']",-,content_B,post
t2891,u2794,2022-02-16 12:50:29+00:00,Covid,p***r,The announcement of the beginning of the end of the pandemic in Poland may be premature. The rate of patients requiring hospitalization still remains high https://***NU #News #the #announcement #beginning #end #pandemic,"['कोरोना का कहर जारी, पंजाब में इस तारीख तक बढ़ी पाबंदियां https://***oR #punjabenews #punjabinews #punjabnews #punjabgovt #increased #corona #restrictions #extended #25february #coronavirus #latestnews #punjab https://***B0', 'Heutige #COVID19 Inzidenz in der AG 5-14 je Landkreis (davon 3 &gt;7.000!)⬇️ @K***h @d***r @F***t @e***t @C***1 @D***r @I***d @d***a @t***u @N***o @N***k @m***l @L***b #Impfluencer #SchuetztdieKinder (Gern teilen)❤️ https://***6s', 'The announcement of the beginning of the end of the pandemic in Poland may be premature. The rate of patients requiring hospitalization still remains high https://***NU #News #the #announcement #beginning #end #pandemic', '-']",-,content_C,post
t3420,u2798,2022-02-24 00:34:06+00:00,Covid,U***l,Statewide COVID positivity rate is 2.02%. #COVID19 https://***lo,"['People on low incomes are already at greatest risk from COVID-19- death rates have consistently been 2-3x higher in the most deprived. How are the poorest supposed to protect themselves &amp; their families when you make it even harder?', 'Statewide COVID positivity rate is 2.02%. #COVID19 https://***lo', ""We're announcing a distribution service agreement with Adium Pharma S.A., a leading private Latin American pharmaceutical company, to support the commercialization of the our #COVID19 vaccine across Latin America. https://***aY https://***wi"", '-']",-,content_B,post
t3532,u2467,2022-02-26 12:01:01+00:00,Covid,T***t,More evidence of the effectiveness of well-fitting face masks &amp; respirators in preventing SARS-CoV-2 infection; Our summary of a study published in @C***R https://***ke #GrandRounds #COVID19 #healthcare #meded #foamed,"['More evidence of the effectiveness of well-fitting face masks &amp; respirators in preventing SARS-CoV-2 infection; Our summary of a study published in @C***R https://***ke #GrandRounds #COVID19 #healthcare #meded #foamed', 'Minsal confirma 30.675 casos nuevos de #Coronavirus y 224 fallecidos registrados Revisa el balance completo ⬇⬇ https://***Nc https://***Ni', 'ICCSD Superintendent Matt Degner remembers cancelling international trips in February 2020 due to COVID-19. He never imagined that one month later, he would be sending his students, teachers, and administrators home for the next year and a half. Learn more https://***fZ https://***R7', '-']",-,content_A,post
t3793,u2705,2022-03-03 20:02:03+00:00,Covid,N***m,"Brooklyn native Freddy Virola was admitted to NYC Health + Hospitals/Woodhull on March 27, 2020 with severe #COVID19 symptoms. He was not expected to survive. Thanks to ECMO treatment from @B***p, he is now able to tell his story: https://***DJ https://***5Z","['Brooklyn native Freddy Virola was admitted to NYC Health + Hospitals/Woodhull on March 27, 2020 with severe #COVID19 symptoms. He was not expected to survive. Thanks to ECMO treatment from @B***p, he is now able to tell his story: https://***DJ https://***5Z', 'Utah #coronavirus update: @U***h reports 306 current hospitalizations, 461 new cases and nineteen additional deaths. https://***OS', 'China Develops Inhalable Antibody Against COVID-19 https://***Qp #TempoEnglish', '-']",-,content_A,post
t1407,u0249,2020-11-10 17:53:07+00:00,Covid,D***a,How Has COVID-19 Changed NYC Travel Patterns? Learn more: https://***HP #datascience #COVID19 #bigdata #nyc #MTA https://***2t,"['The Covid Files: Part 4 🌿 ‘So long, and thanks for all the fish!’: Urban dolphins as #ecofascist #fakenews during COVID-19 Marcia Allison @m***n considers the ecofascism of the #lockdowndolphins 🐬 Read the article for free here 👉 https://***Zn https://***lp', ""BREAKING: Pfizer's Covid-19 vaccine prevented more than 90% of infections in a study of tens of thousands of volunteers https://***sA https://***uX"", 'How Has COVID-19 Changed NYC Travel Patterns? Learn more: https://***HP #datascience #COVID19 #bigdata #nyc #MTA https://***2t', '-']",-,content_C,post
t2460,u1986,2022-02-08 05:30:11+00:00,Covid,S***e,"Could biological sex differences in immunity bias males for severe #COVID19? A #SciencePerspective from last year explores various ways antiviral immune responses differ between the biological sexes, with implications for #COVID19 severity. https://***zE https://***XQ","['A year after the European Commission’s Green Paper on Ageing, @e***d’s report on ""COVID-19 and older people: Impact on their lives, support and care"" was published this week. Click here to read more: https://***sn https://***cW', '#COVID19 #Research #References (February 8 ’22) https://***7j on @b***n', 'Could biological sex differences in immunity bias males for severe #COVID19? A #SciencePerspective from last year explores various ways antiviral immune responses differ between the biological sexes, with implications for #COVID19 severity. https://***zE https://***XQ', '-']",-,content_C,post
t1863,u0611,2021-10-03 14:39:28+00:00,Covid,R***6,-,"[""Merck's COVID-19 pill cuts risk of death, hospitalization by 50% in study https://***sH https://***Qq"", 'Overcoming Pandemic - Call to Responsible Living, a new webinar conversation by Leadership Focus International. #Virus #Pandemic #Covid19 #Vaccines #Conspiracies #Truth https://***CV', 'The Global Innovation Index (GII) 2021 report has ranked Tanzania among the top 5 most innovative countries in Sub-Saharan Africa amid Covid-19. @G***x', '-']",tweet_C,-,retweet
t2282,u1181,2022-01-30 04:00:57+00:00,Covid,F***w,Some stores selling the popular rodents were told they could reopen after meeting strict COVID-19 hygiene standards. https://***KE,"['Jeg er vaccineret x 2, boostet &amp; overholder anbefalingerne. Er testet + nu, efter mand/datter har været lagt ned med COVID-19. Det betyder isolation og sygefravær. Kære #dkpol. Hvordan skal sundhedsektoren &amp; øvrige arbejdspladser klare sig med reinfektioner &amp; hyppigt sygefravær?', 'Being #CovidWise helps ensure we keep ourselves and our communities safe from #Covid19. 🏠 Stay home if sick ↔️ Maintain physical distance 😷 Wear a mask 🩹 Get vaccinated https://***A7 https://***Yb', 'Some stores selling the popular rodents were told they could reopen after meeting strict COVID-19 hygiene standards. https://***KE', '-']",-,content_C,post
t2507,u3249,2022-02-09 04:45:32+00:00,Covid,S***t,-,"['Marjorie Taylor Greene sounds like she’s struggling to breathe during her rant today about masks. At one point Greene said, “children are not at risk of COVID-19.” https://***93', 'Regardless of your vaccination status, CDC recommends getting tested 3-5 days after international #travel to #SlowTheSpread of #COVID19. For more international travel recommendations, visit: https://***Gy https://***xI', ""Are you due one of your Covid-19 vaccines - first, second or booster? Come along to one of our many clinics across the borough offering vaccination. Walk-in and bookable appointments available. Don't delay protecting yourself and keeping #TowerHamletsSafe https://***7e https://***U7"", '-']",tweet_B,-,retweet
t1745,u2752,2021-05-19 16:38:21+00:00,Covid,F***a,Oyeyemi also revealed that the comparison made with year 2019 period is due to the effect of the COVID-19 pandemic in 2020 which halted conventional operations.,"['“My doctor begged me to go to the hospital because it was so bad,” Salma Hayek says of her COVID-19 diagnosis. “I said, ‘No, thank you. I’d rather die at home.’” Hayek spent about seven weeks isolated in one room and, at one point, was put on oxygen. https://***8B https://***Su', 'Oyeyemi also revealed that the comparison made with year 2019 period is due to the effect of the COVID-19 pandemic in 2020 which halted conventional operations.', 'A nice interview. If you can understand tamil do watch it. #tamilnews #COVID19 https://***N5', '-']",tweet_A,content_B,reply
t2969,u3262,2022-02-17 10:54:32+00:00,Covid,K***n,Imagine my😭💔ringing #AlarmBell as hard as I could4 my #HongKongers friends &amp; loved ones before + during this accelerated exponential growth phase of #Covid19 fallen on deaf ears. And be told by elders/adults they won't #vax unless asked/told/forced by #HKGov #NursingHome!😭💔🇭🇰 https://***tT https://***Sz,"['Just as there are lessons to be learned from the #COVID19 pandemic, we continue to build our understanding of managing epidemics, helping to limit the impact of deadly diseases such as #ebola: https://***R7 via @T***a', ""Imagine my😭💔ringing #AlarmBell as hard as I could4 my #HongKongers friends &amp; loved ones before + during this accelerated exponential growth phase of #Covid19 fallen on deaf ears. And be told by elders/adults they won't #vax unless asked/told/forced by #HKGov #NursingHome!😭💔🇭🇰 https://***tT https://***Sz"", '¿Duda si necesita una prueba de COVID-19? Hay una nueva y genial herramienta que usa ubicación y otros factores para ayudarlo a decidir. Vacunación, cubrebocas, distanciamiento social y las pruebas ayudan a detener la propagación del virus en su comunidad. https://***3y https://***NT', '-']",-,content_B,post
t2386,u1136,2022-02-04 16:00:09+00:00,Covid,c***c,"Monday, February 7 is a statutory holiday at the MUHC. Our offices, clinics and test centres will be closed. Only the COVID-19 Testing Clinics will remain open for employees with symptoms and patients who require a test before surgery or treatment. https://***ZJ","['#Cambodia records 48 new positive cases of #Omicron on February 2... #RFAKhmer #Health #COVID19KH', 'Monday, February 7 is a statutory holiday at the MUHC. Our offices, clinics and test centres will be closed. Only the COVID-19 Testing Clinics will remain open for employees with symptoms and patients who require a test before surgery or treatment. https://***ZJ', ""Covid-19: la restauration commerciale en repli de 35% en 2021 par rapport à l'avant-crise https://***X9 https://***iX"", '-']",-,content_B,post
t3107,u1664,2022-02-19 12:45:01+00:00,Covid,P***4,The young scientist hopes to build a prototype of the capsule for her project and put it to the test so that she can solve the scourge of Covid-19. https://***Qu #Homeschooling #Parenting #Education,"[""We can't wait to hear Prof. Marleen Temmerman @M***i from @A***l and @u***t sharing challenges faced by women and girls in #healthscience in Europe during the Covid-19 pandemic. #AskProfAgnes Join us on Feb 24 at 2PM CAT: https://***hX https://***0e"", '@w***2 Diese Frage kann ich nicht beantworten. Ich weiß aber seit gestern, dass man Schwurbler auch daran erkennt, wenn sie behaupten, dass z. B. #Schweden in der #Pandemie deutlich besser abgeschnitten hätte als #Deutschland... #corona #coronavirus https://***kT', 'The young scientist hopes to build a prototype of the capsule for her project and put it to the test so that she can solve the scourge of Covid-19. https://***Qu #Homeschooling #Parenting #Education', '-']",-,content_C,post
t3198,u0236,2022-02-20 13:00:01+00:00,Covid,c***r,At-home COVID-19 tests are a simple way to stay on top of your health. Do your part and get tested. https://***uK #ProtectChicago https://***9D,"['If you run a hospitality or leisure business that was impacted by the restrictions brought in to tackle the COVID-19 Omicron variant, there’s still time to apply for a one-off grant worth up to £6,000. Applications close 28 February. Find out more at https://***4n https://***EW', 'At-home COVID-19 tests are a simple way to stay on top of your health. Do your part and get tested. https://***uK #ProtectChicago https://***9D', '🤖 Top hashtags used by the scientific community in english tweets in the last 12h: #COVID19 #BIORXIV #GU22 #VACCINEQUITY #MSC2022 Follow us here for more data or subscribe to our daily/weekly newsletter.', '-']",-,content_B,post
t2855,u2053,2022-02-15 19:49:12+00:00,Covid,P***y,-,"['#13Feb |🇻🇪📢 ¡ETIQUETA DEL DÍA! ▶️ #ProtégeteContraLaCovid19 Sabemos cómo hacerlo. ¡Cuidémonos! https://***hj', 'This Valentine’s Day, BCS would like to remind everyone that all vaccines, no matter the label or manufacturer, are proven to be safe and effective in boosting your immune system in case of COVID-19 infection. #IntheKnow #COVID19 #LagingHandaPH #ValentinesDay #RESBAKUNA #BCS https://***33', 'Please do not let a fear of needles stop you getting your #coronavirus vaccine or booster. Talk to your doctor or nurse if you are worried about needles, there are things they can do to help you. #Autism #CovidVaccine https://***Hh', '-']",tweet_B,-,retweet
t3902,u3151,2022-03-06 19:27:08+00:00,Covid,G***y,"In his new book, Scott Atlas praises PANDA (he says they ""stood up to censorship"") &amp; he praises PANDA's science advisors, the authors of the Great Barrington Declaration Here's a gentle little reminder, in case you need one, of what PANDA said about Covid-19 vaccines: https://***sK https://***4y","['In his new book, Scott Atlas praises PANDA (he says they ""stood up to censorship"") &amp; he praises PANDA\'s science advisors, the authors of the Great Barrington Declaration Here\'s a gentle little reminder, in case you need one, of what PANDA said about Covid-19 vaccines: https://***sK https://***4y', '#Belgium will lift more #Covid19 measures such as wearing masks in public places after the federal govt agreed to move the country to code yellow, which means that the pandemic situation is under control, according to an official report published by the National Crisis Centre. https://***Nx', 'A study published in the Proceedings of the National Academy of Sciences by #researchers at the @C***z significantly advances the understanding of a key aspect of the #immunesystem during #COVID-19: the interferon response. https://***kF via @m***s', '-']",-,content_A,post
t3608,u0440,2022-02-28 10:03:14+00:00,Covid,N***g,"👉 Do you belong to the 15 to 17 age group? If yes, you must 💉#GetVaccinated &amp; continue to follow #COVIDAppropriateBehaviour to safeguard yourself from #COVID19. 💉•😷•🧼•🧍‍♂️↔️🧍 Together, we can win the battle &amp; help #IndiaFightCOVID19!😷 https://***PD","['How can governments increase productivity in the post-COVID-19 world? 🗨️ Catch up on what the #FutureOfGovernment disruptive debates panelists had to say here: https://***pF https://***FX', 'OMS llama a mejorar higiene de manos para prevenir COVID-19 @N***V @N***x https://***Vv', '👉 Do you belong to the 15 to 17 age group? If yes, you must 💉#GetVaccinated &amp; continue to follow #COVIDAppropriateBehaviour to safeguard yourself from #COVID19. 💉•😷•🧼•🧍♂️↔️🧍 Together, we can win the battle &amp; help #IndiaFightCOVID19!😷 https://***PD', '-']",-,content_C,post
t1992,u0903,2021-12-06 17:00:01+00:00,Covid,B***y,"It's time to talk openly and without judgment about #COVID19 #vaccination — because our #military's mission readiness depends on it. We've teamed up with @J***s to provide trustworthy advice, resources, and conversation guides to help you get started: https://***aD https://***DY","['About 2 years ago, the COVID-19 outbreak began. The fear, division, loss of common humanity &amp; the failure of institutions all challenged my hope for the future. But I remain optimistic. I believe this pandemic has inspired millions of young minds to help build a better future.', '“I will forever be in their debt; they have truly given me and my family a second chance and helped us get back on our feet."" Chris was separated from his family for 10 months during Covid-19, we helped him reunite with them in time for Christmas. ➡️ https://***5I https://***Hb', ""It's time to talk openly and without judgment about #COVID19 #vaccination — because our #military's mission readiness depends on it. We've teamed up with @J***s to provide trustworthy advice, resources, and conversation guides to help you get started: https://***aD https://***DY"", '-']",-,content_C,post
t1687,u2924,2021-03-28 19:20:15+00:00,Covid,h***a,Sheikh Abdullah bin Zayed launches first Covid-19 vaccine production line in UAE https://***Ci https://***lc,"['“COVID-19 has been obliterated in Israel,” says @f***t. Daily cases have plunged from 1,200 .. to just 39. The rollover began as vaccine penetration hit 26% — a level the US is now approaching. “If Israel is a template, US cases are set to rollover in a sustained way soon.” https://***fk', 'Scientists at the @U***n and the @c***n have isolated a molecule that might open new avenues in the fight against SARS coronavirus 2. #COVID19 https://***mH', 'Sheikh Abdullah bin Zayed launches first Covid-19 vaccine production line in UAE https://***Ci https://***lc', '-']",-,content_C,post
t2861,u2550,2022-02-15 21:19:10+00:00,Covid,F***v,-,"["".@1***t to end #LateralFlowTest and .@B***n declares #COVID19 has been defeated ignoring the 7000 deaths we had in January and which continue to climb Never has there been a worse leader he's a #LiarNotALeader #johnsonout23 https://***SI"", 'Djokovic Prepared to Miss French Open, Wimbledon Tournaments Over COVID-19 Vaccine Mandates https://***jH', ""I'm stepping out for the first time today. ah Corona! #COVID19"", '-']",tweet_B,-,retweet
t3320,u1700,2022-02-22 15:11:01+00:00,Covid,s***1,Более 10 тысяч подростков было вакцинировано от COVID-19 в Республике Молдова @U***a https://***7Y,"['COVID-19 testleri pozitif çıkan Tarım ve Orman Bakanımız Sn. @b***i’ye ve Genel Başkan Vekilimiz Sn @N***s’a geçmiş olsun dileklerimi iletiyor, Cenab-ı Allah’tan kendilerine ve tüm hastalarımıza acil şifalar diliyorum.', 'Более 10 тысяч подростков было вакцинировано от COVID-19 в Республике Молдова @U***a https://***7Y', 'Vil til enhver tid lytte til vaccinemodstanderes kritik/bekymringer. Vaccinen beskytter ikke mod smitte, nej - men beskytter mod alvorlige COVID-19-forløb &amp; reducerer mortalitet. Det er en dokumenteret effekt! At påstå det er ""SÅ dårlige resultater"" strider mod al evidens.#dkpol https://***b0', '-']",-,content_B,post
t0784,u0916,2020-09-09 07:21:16+00:00,Covid,a***i,-,"['Cumbre de Franquicias preparará al sector frente a Covid-19 #franquiciasmexico https://***fb https://***Sy', ""Proud to join @C***F for tonight's incredibly important townhall on how we can support our local #Oakland artists during #COVID19. In times of hardship, art gives us hope &amp; joy. Thank you for your service to our community! https://***Fd"", 'The presidential task force on Covid-19 is gradually easing the lockdown in phases and several business categories are yet to resume operations so they have no cash flow to enable them to bear the burden and I believe this is unfair.', '-']",tweet_B,-,retweet
t2276,u0777,2022-01-29 14:33:34+00:00,Covid,h***g,-,"['Texas public health officials say the state’s largest wave to date of COVID-19 infections appears to have peaked with the seven-day average for new confirmed cases trending downward since last week. https://***C0', 'Due to a number of COVID-19 cases within the company, we are extremely sorry to have to cancel our final 3 performances of Spring Awakening. We are extremely sorry for the inconvenience, but the safety of our cast, staff and audiences are of the utmost importance.', '$32.1B &amp; counting to support ♀️, children &amp; adolescents 🧒🏿🧒👧🏽 in getting health services &amp; priority social protections throughout the #COVID19 crisis &amp; recovery periods @P***H #PartnersForChange #COVIDCalltoAction Learn More: https://***70 https://***c6', '-']",tweet_B,-,retweet
t0359,u2740,2020-04-12 20:11:55+00:00,Covid,N***v,Five new cases of #COVID19 have been reported as follows: 2 in Lagos 2 in Kwara 1 in Katsina As at 09:10 pm 12th April there are 323 confirmed cases of #COVID19 reported in Nigeria. 85 have been discharged with 10 deaths There are 19 states with confirmed cases in Nigeria https://***TQ,"['If the right covid-19 antibody can be found, manufactured, and bottled, it could be among the first treatments. Here’s an inside look into that race. https://***BG', 'Five new cases of #COVID19 have been reported as follows: 2 in Lagos 2 in Kwara 1 in Katsina As at 09:10 pm 12th April there are 323 confirmed cases of #COVID19 reported in Nigeria. 85 have been discharged with 10 deaths There are 19 states with confirmed cases in Nigeria https://***TQ', '#IIML students among Top 10 in the Global Hackathon organised all around the world to ideate, build &amp; execute the prototype within 48 hours to solve the Covid-19 crisis Members of the team: Manavdeep Singh, Radhika Chhapolia and Shubhendu Trivedi #IIMLucknow #FightAgainstCOVID19 https://***oN', '-']",-,content_B,post
t3856,u2710,2022-03-05 00:29:16+00:00,Covid,p***m,-,"[""The Alberta Court of Appeal, Court of Queen's Bench and provincial courts say in a news release that all COVID-19 restrictions will remain in place. https://***fU"", 'Side effects from the vaccine are usually mild and only last a day or two. They are much less serious than developing COVID-19 or complications from COVID-19. Visit https://***o2 to book an appointment or find your nearest drop-in clinic. #TakeItFromThem #NHSGGC https://***Qm', ""Kenyataan media Mesyuarat Khas Pusat Kawalan Operasi Bencana (PKOB) Pusat 'Yang sahih di Berita RTM' #RTM #BeritaRTM #KeluargaMalaysia #COVID19Malaysia #Banjir https://***Ud"", '-']",tweet_A,-,retweet
t2175,u2994,2022-01-18 18:45:12+00:00,Covid,H***k,Why a Judge Ordered FDA to Release Covid-19 Vaccine Data Pronto by @A***G https://***Xl,"['Why a Judge Ordered FDA to Release Covid-19 Vaccine Data Pronto by @A***G https://***Xl', 'We know annual flu shots protect us as flu viruses evolve. Omicron and Delta show how #COVID19 evolves, too. Keep up as conditions change. Get boosted to maintain your vaccination’s power. https://***Rk https://***xQ', '""Yet, this is probably not enough for the Omicron,"" Israeli Study Shows 4th Shot of #COVID-19 Vaccine Less Effective on #Omicron https://***Zw', '-']",-,content_A,post
t3602,u1316,2022-02-28 08:30:17+00:00,Covid,c***a,"CTV’s Katie Griffin speaks with Dr. Peter Juni, the scientific director of Ontario’s COVID-19 science table, about why we could be in for a good spring, summer, and early fall. https://***0u","['#Covid19: sono 17.981 i nuovi casi positivi in #Italia, 207 i decessi [guarda la mappa interattiva del territorio nazionale] https://***eJ', 'Eligibility for COVID-19 testing has changed. If you are sick with COVID-19 symptoms, please stay home and isolate. ➡️Who should get tested for COVID-19: https://***DF ➡️Who should self-isolate: https://***0Y https://***Lt', 'CTV’s Katie Griffin speaks with Dr. Peter Juni, the scientific director of Ontario’s COVID-19 science table, about why we could be in for a good spring, summer, and early fall. https://***0u', '-']",-,content_C,post
t1967,u2592,2021-11-25 23:15:13+00:00,Covid,e***s,"And we end on an awesome @K***e song. We dedicate the season to my cousin brother Terry Bob Lee, who I lost to Covid-19. He would have loved this show, and he would have told me everything I did wrong. I hate that he won't be at our table tonight. #N8vTakeover","['Con il #Covid19 abbiamo migliorato la nostra capacità di prevedere gli scenari epidemici, prendendo a prestito i concetti tipici della climatologia. Di @A***a https://***2i', 'On November 22, 840,000 doses of #COVID19 vaccine donated by the United States through #COVAX arrived in Mozambique. We know that #COVID19 vaccines are safe, effective &amp; reduce the risk of transmitting the virus. https://***To', ""And we end on an awesome @K***e song. We dedicate the season to my cousin brother Terry Bob Lee, who I lost to Covid-19. He would have loved this show, and he would have told me everything I did wrong. I hate that he won't be at our table tonight. #N8vTakeover"", '-']",-,content_C,post
t1756,u0610,2021-06-05 14:03:08+00:00,Covid,m***y,"if ERA-EDTA want to discuss what they mean by 'strong kidneys' and 'your GP should....' check renal function regularly' if had covid-19/or overweight, and throwing in a bit of 'mindfulness' for health, let me know. have some swear words I'd like to use up @t***9 @n***n https://***3S","['A new BMJ clinical update reports that the number of ppl engaging with life-enhancing cardiac rehabilitation clinics has declined during the #pandemic, making the case for more home-based and virtual alternatives. @U***S @U***k @b***t More at https://***zu https://***MD', ""if ERA-EDTA want to discuss what they mean by 'strong kidneys' and 'your GP should....' check renal function regularly' if had covid-19/or overweight, and throwing in a bit of 'mindfulness' for health, let me know. have some swear words I'd like to use up @t***9 @n***n https://***3S"", 'It’s free to get a COVID-19 vaccine. Roll up your sleeve and get your shot today.', '-']",-,content_B,post
t0354,u0868,2020-04-07 21:45:21+00:00,Covid,s***p,La @s***r ordena a las plataformas de comercio electrónico el retiro de cualquier publicidad o referencia de productos que ofrezcan beneficios contra el COVID-19. https://***No,"['#EnVivo @B***n ingresó al hospital después de no tener mejoría tras dar positivo al Covid19. La apuesta de Johnson de no evitar los contagios en Inglaterra con medidas restrictivas fue polémica y hace unas semanas ya había tenido que retractarse. https://***oH', 'As at today, the total number of confirmed #COVID19 cases is 1749. There is also another death, bringing the total to 13 deaths. It was a male who had stage 4 prostrate cancer at Parklands Hospital. We convey our condolences to the family of the deceased', 'La @s***r ordena a las plataformas de comercio electrónico el retiro de cualquier publicidad o referencia de productos que ofrezcan beneficios contra el COVID-19. https://***No', '-']",-,content_C,post
t0355,u1953,2020-04-08 00:45:21+00:00,Covid,S***m,"During #COVID19 computer screens are classrooms! I loved joining students at my alma mater @O***e for a Dean &amp; Friends Seminar about my work in health policy. I’m so impressed by these inquisitive, brilliant young minds @O***s! The future is bright &amp; gives me hope! https://***Ed","['During #COVID19 computer screens are classrooms! I loved joining students at my alma mater @O***e for a Dean &amp; Friends Seminar about my work in health policy. I’m so impressed by these inquisitive, brilliant young minds @O***s! The future is bright &amp; gives me hope! https://***Ed', 'Im Netz kursieren viele Gerüchte zu #Corona. Was stimmt, was sind #FakeNews ? Auf https://***zH haben wir die wichtigsten Fakten zusammengetragen 👉 https://***Ju #COVID19 https://***n4', 'With help from @F***k, @C***n researchers hope to fill a gap in COVID-19 data, tracking symptomatic infections at the local level to improve pandemic forecasts. @m***u @C***s https://***V9 https://***4F', '-']",-,content_A,post
t0360,u2965,2020-04-14 10:51:58+00:00,Covid,D***0,-,"['The social lesson of #Covid : It’s time to flatten the ego curve. #coronavirus #MaskIndia https://***VB', 'En un grupo reducido de pacientes con #covid19, el sistema inmunitario🛡 hace más daño que bien, y está detrás de lo que se conoce como ""tormenta de citocinas"", con consecuencias graves 👇 https://***wS vía @l***s y @e***a', ""Threat of #Coronavirus is Looming Over #Mexico's Migrants via @n***s https://***rP #immigration"", '-']",tweet_A,-,retweet
t1731,u0960,2021-04-28 13:00:26+00:00,Covid,M***m,We’re doing our part to help close gaps in vaccination rates by making it easier for people to get reliable information and amplifying messages from partners to help increase demand for COVID-19 vaccines. See how 👇https://***ti,"[""TW: COVID-19, DEATH. You read about stuff like this in dystopian novels. Or an apocalypse movie. A deadly disease affecting millions, the cure is not fast enough to stop it's spread. People dying by the thousands. mass cremations. Underground trade of medical supplies. 1/n"", 'We’re doing our part to help close gaps in vaccination rates by making it easier for people to get reliable information and amplifying messages from partners to help increase demand for COVID-19 vaccines. See how 👇https://***ti', 'Vaccines rock! “In both new studies, neutralizing antibodies from vaccinated people were better at thwarting the virus than those from people who developed antibodies from being sick with Covid-19.” https://***mJ', '-']",tweet_A,content_B,reply
t2433,u0661,2022-02-07 13:25:03+00:00,Covid,d***t,"#IndiaFightsCorona #Rajasthan 7th Feb 22 #COVID19 6pm Bulletin Plz Keep #MaskUp😷 &amp; #StaySafe 2298 Positive Cases, 12 Death Reports Out of which 403 Positive from #Jaipur 239 #Jodhpur 131 #Jhunjhunu 123 #Alwar 114 #Rajsamand Active +Ve 40880 Cumulative 1247480 Detail Chart👇 https://***GL","['#IndiaFightsCorona #Rajasthan 7th Feb 22 #COVID19 6pm Bulletin Plz Keep #MaskUp😷 &amp; #StaySafe 2298 Positive Cases, 12 Death Reports Out of which 403 Positive from #Jaipur 239 #Jodhpur 131 #Jhunjhunu 123 #Alwar 114 #Rajsamand Active +Ve 40880 Cumulative 1247480 Detail Chart👇 https://***GL', 'A downturn in U.S. Covid-19 infections and hospitalizations continued over the weekend, while deaths of people diagnosed with the disease appear to have stopped climbing https://***56', '1 in 28 people in the UK are suffering from Covid-19 symptoms. #CovidInquiryNow #WalkTheWall #KatiePersinger', '-']",-,content_A,post
t3268,u3085,2022-02-21 16:11:24+00:00,Covid,S***4,-,"['COVID-19 Statistics Qatar: 20 February 2022 https://***Xr #QatarNews https://***ee', 'Corea del Sur construirá la planta eólica en alta mar más grande del mundo Vía @M***o https://***HK #coronavirus #ecológico #energíaeólica', 'Download and use the NHS COVID-19 app. https://***Bn', '-']",tweet_A,-,retweet
t1856,u1189,2021-09-30 07:51:12+00:00,Covid,U***S,-,"['#COVID19 - Research shows that #COVID19 can infect cells in #pancreas that make #insulin &amp; change their function, potentially explaining why some previously healthy people develop diabetes after catching the virus. Find out more: https://***d1', 'COVID-19 exacerbated many deadly health emergencies and limited the social impact sector’s ability to respond. Lessons from this time can help build readiness to respond to future catastrophes more proactively. My latest for @f***d @r***a @M***_ @C***a https://***Za', 'Brilliant and important study from @L***h @W***R and many others at @C***o Basic virology to clinical data supporting the SARS-CoV-2 inhibitory mechanism. A prenylated dsRNA sensor protects against severe COVID-19 https://***Dj https://***Ms', '-']",tweet_C,-,retweet
t2370,u0835,2022-02-04 05:16:01+00:00,Covid,u***m,Gundran: Importante sa disaster management ay nagtutulungan tayo. Hindi kaya ng nasalantang community na makabangon on their own. #StopCOVIDDeaths #COVID19 #typhoonodette,"['Thanks to funds from the American Rescue Plan, @C***e provided child care workers with direct relief—a lifeline amidst the COVID-19 pandemic. I spoke with some of those recipients &amp; heard about the difference that support made for child care workers &amp; their families. https://***yn', 'Gundran: Importante sa disaster management ay nagtutulungan tayo. Hindi kaya ng nasalantang community na makabangon on their own. #StopCOVIDDeaths #COVID19 #typhoonodette', 'Experienced Tech Project Manager Immediately Available - PT or FT - https://***2A #PMP #PPM #project #Agile #cybersecurity #bitcoin #ai #SAFe #zerotrust #virtual #mindmap #remote #COVID19 #scaledagile #creative https://***VW', '-']",tweet_C,content_B,reply
t2434,u2704,2022-02-07 16:19:42+00:00,Covid,c***a,Continue usando máscaras para se proteger da Covid mesmo que já tenha tomado todas as doses recomendadas das vacinas. #LAbI #UFSCar #CDMF #COVID19 https://***Ij,"['Aria fresca. Una nuova Italia è possibile #COVID19 https://***9Q', 'This week, we mark two years since the RFL cared for its first patients with #COVID Here is senior clinical research nurse, Toluleyi, during the #Novavax COVID-19 vaccine trials. 💬""We were hit with a lot of uncertainty but at the heart of finding a solution is research."" https://***x4', 'Continue usando máscaras para se proteger da Covid mesmo que já tenha tomado todas as doses recomendadas das vacinas. #LAbI #UFSCar #CDMF #COVID19 https://***Ij', '-']",-,content_C,post
t3367,u2398,2022-02-23 04:00:47+00:00,Covid,n***t,"Fight COVID-19, Stay Safe. Watch live interaction with experts for free and enhance your knowledge by Connecting to #PMeVIDYA DTH TV channels classes 1-12 and the ""NCERT official"" YouTube channel. https://***TO","['Fight COVID-19, Stay Safe. Watch live interaction with experts for free and enhance your knowledge by Connecting to #PMeVIDYA DTH TV channels classes 1-12 and the ""NCERT official"" YouTube channel. https://***TO', 'Mass Covid-19 testing for all #HongKong residents in March, all schools to have early summer holiday, city leader Carrie Lam says https://***F6 https://***3I', ""Alberta teachers' union 'cautiously optimistic' as fewer COVID-19 cases in schools https://***Ew"", '-']",-,content_A,post
t0700,u2045,2020-07-29 05:18:07+00:00,Covid,p***s,The girl wants to help her father earn some extra income as the rickshaws aren't operating because of the #COVID19Pandemic #lockdown #Pune @m***s @T***r https://***VX,"[""The girl wants to help her father earn some extra income as the rickshaws aren't operating because of the #COVID19Pandemic #lockdown #Pune @m***s @T***r https://***VX"", 'How covid-19 conspiracy videos keep getting millions of views https://***NI', 'The $5 mill XPRIZE RAPID COVID TESTING starts now. 🙌 The mission: develop COVID-19 testing solutions that are frequent, fast, cheap and easy, so the world can safely move forward. 🧪 🌎 REGISTER NOW 👉 https://***ho #covidtesting #takeactionnow #prizelaunch https://***dN', '-']",-,content_A,post
t3026,u2341,2022-02-18 04:48:10+00:00,Covid,A***e,"Until the entire world is vaccinated, #COVID19 will continue to be a problem, even for highly vaccinated countries. Let's make policies adaptive and people-centred to reduce the negative impacts of control measures. - @d***1 #AmrefCovid19Response #MaskMandates @S***E","['As promised, we have more info information for you about the newly expanded eligibility for 12-17 year-old booster doses. Youth aged 12-17 are now eligible to receive a booster dose of the #COVID19vaccine. Find further details in the latest PSA here: https://***bK', ""Until the entire world is vaccinated, #COVID19 will continue to be a problem, even for highly vaccinated countries. Let's make policies adaptive and people-centred to reduce the negative impacts of control measures. - @d***1 #AmrefCovid19Response #MaskMandates @S***E"", 'There is no longer a legal requirement to wear face coverings but, choosing to wear a face covering in crowded and enclosed spaces can help stop the spread of COVID-19. https://***F2', '-']",-,content_B,post
t3450,u1199,2022-02-24 17:25:02+00:00,Covid,G***e,"""Social isolation, rising rents and house prices, and pressures on small retirement homes during the COVID-19 pandemic are changing housing options for older adults."" #HamOnt https://***4B","['""Social isolation, rising rents and house prices, and pressures on small retirement homes during the COVID-19 pandemic are changing housing options for older adults."" #HamOnt https://***4B', 'While schools are off for half-term, the NHS is reminding 12 to 15 year olds to come forward for their COVID-19 vaccination, with plenty of appointments available for this age group during the holiday. https://***Lh https://***TM', 'கொவிட் தொற்றிலிருந்து மேலும் 257 பேர் குணமடைந்தனர் https://***vU #Dailyceylon #lka #SriLanka #COVID19 #CoronavirusUpdates https://***KG', '-']",-,content_A,post
t2248,u1408,2022-01-25 23:05:06+00:00,Covid,c***s,"Hace un momento participé en el foro virtual “Reducción de la violencia en el centro de la recuperación de COVID-19”, de la Organización de las Naciones Unidas (ONU). https://***bE","['Asthma severity tied to more severe COVID-19 outcomes https://***2z', 'Hace un momento participé en el foro virtual “Reducción de la violencia en el centro de la recuperación de COVID-19”, de la Organización de las Naciones Unidas (ONU). https://***bE', 'Special thanks to friends and colleagues, esp @b***d @G***D, for encouraging me to write this important piece. @r***d @C***d are extremely supportive work environments, esp during #COVID19- workplace #psychological #safety is crucial for being open.', '-']",-,content_B,post
t3811,u0943,2022-03-04 01:30:04+00:00,Covid,c***c,"Saturday is the two-year anniversary of the first case of #COVID19 in Waterloo region. I'll ask @R***h's Medical Officer of Health, Dr. Hsiu-Li Wang to reflect on what the day means for her. Hear that tomorrow (Friday) morning at 8:10 @C***1. https://***OZ","[""Saturday is the two-year anniversary of the first case of #COVID19 in Waterloo region. I'll ask @R***h's Medical Officer of Health, Dr. Hsiu-Li Wang to reflect on what the day means for her. Hear that tomorrow (Friday) morning at 8:10 @C***1. https://***OZ"", 'You think the COVID-19 vaccine is going to give you AIDS? 🙁 https://***34', 'Queridos UFSMers, atenção!✍ 💉A partir de abril, calouros da UFSM deverão anexar comprovante de vacinação contra Covid-19 no Portal do Aluno. 🚨FIQUE LIGADO: A Universidade divulgará assim que a funcionalidade estiver disponível no Portal. 🔗Veja: https://***Er https://***7V', '-']",-,content_A,post
t0385,u3225,2020-05-07 00:36:56+00:00,Covid,S***A,"Excellent article about @M***z who lead the charge to open a shelter in Northampton to meet the pressing and immediate needs (where the State did not step up) all while suffering from #COVID19 himself. H/t, Mayor, for demonstrating what leadership is all about. #mapoli https://***ux","['Excellent article about @M***z who lead the charge to open a shelter in Northampton to meet the pressing and immediate needs (where the State did not step up) all while suffering from #COVID19 himself. H/t, Mayor, for demonstrating what leadership is all about. #mapoli https://***ux', 'Hiring in Time of Coronavirus: How Can TalentLyft Help? https://***P1 by @T***t #recruitmentsoftware #coronavirus(covid-19)', 'Here is video about #SARSCoV2 #Covid19 as a preview of my #biochemistry course this summer. Thanks to Niki Barolini for her awesome animation work! https://***1m Registration: https://***ow Course info: https://***RV https://***jT', '-']",-,content_A,post
t3710,u0691,2022-03-02 15:00:27+00:00,Covid,E***A,-,"['Do you work in Gauteng at a place where there are 50 or more employees who need a COVID-19 vaccine jab? Send your request on Email: popupsite@g***g.gov.za or call 0800 222 8827 and the @G***e will come to your workplace and vaccinate all employees #VaccinesSaveLives https://***r9', 'Este #NexoGráfico mostra a evolução de óbitos por covid-19 no mundo até esta terça-feira (01). Foram 7.751 novas mortes registradas. No total, são 5.956.509 óbitos https://***LZ', ""If you are planning a winter vacation or getaway, knowing what to expect and what you will need to do prior to travel due to #COVID19 is important. Here's what you need to know: https://***xi https://***JL"", '-']",tweet_C,-,retweet
t2558,u1300,2022-02-10 05:33:00+00:00,Covid,j***s,"Europe 3,387 avg deaths/day more than N.America (3,071/day), &amp; S.America (1,729/day). Deaths on rise everywhere but Oceania. World region COVID19 2wk avg death/day increase Middle East: 74% Asia: 70% South America: 56% Europe: 13% Africa: 11% North America: 10% Oceania: -14% https://***j7","['Europe 3,387 avg deaths/day more than N.America (3,071/day), &amp; S.America (1,729/day). Deaths on rise everywhere but Oceania. World region COVID19 2wk avg death/day increase Middle East: 74% Asia: 70% South America: 56% Europe: 13% Africa: 11% North America: 10% Oceania: -14% https://***j7', 'Comunicado médico 📌 Edouard Michut y Alexandre Letellier dieron positivo por Covid-19 hoy, se encuentran aislados y cumpliendo el protocolo vigente.', ""Protests from Ottawa have spread to Windsor over Canada's COVID-19 mandates. Traffic coming in from Windsor is open, but traffic coming from Detroit remains closed. Commercial vehicles are being asked to take the Blue Water Bridge. https://***oc"", '-']",-,content_A,post
t2820,u0959,2022-02-15 14:25:34+00:00,Covid,F***a,-,"['“COVID-19 induces mild to severe neurological problems in children, such as stroke, encephalopathy, mild shortness of breath, and myalgia.”', 'Scientists Design a Molecule With Great Potential for Treatment of COVID-19 https://***Gl #Chemistry #COVID19 #Pharmaceuticals #UppsalaUniversity #Virology', '.@U***n’s COVID-19 Modeling Consortium has developed a forecasting model that utilizes hospital and cell phone data to predict COVID-19 trends in Austin. https://***vH', '-']",tweet_B,-,retweet
t0642,u2168,2020-06-29 15:00:23+00:00,Covid,w***k,"Williams College is bringing students back. With an intriguing twist: a 15 percent price cut on total tuition/room/board relative to what had previously been announced for the coming year. Also, covid-19 testing will be required for all students.","['Happy #PRIDE2020 everyone! #PrideInLondon may be online this year due to #covid19 but next year #Pride celebrations will be back...bigger &amp; better than ever! #HappyPrideMonth2020 #loveislove https://***Rc', 'پیدائش کے فوراً بعد اور پہلے چھ ماہ تک صرف ماں کا دودھ دینا نومولود بچوں کی بھرپور نشوونما میں مدد دیتا ہے۔ عالمی وبا #COVID19 کے دوران، مائیں نیچے دیے گئے اقدامات کی مدد سے اپنے نومولود بچوں کو محفوظ انداز میں اپنا دودھ پلا سکتی ہیں۔ https://***8n', 'Williams College is bringing students back. With an intriguing twist: a 15 percent price cut on total tuition/room/board relative to what had previously been announced for the coming year. Also, covid-19 testing will be required for all students.', '-']",-,content_C,post
t1548,u0133,2020-12-11 15:26:45+00:00,Covid,n***s,"An analysis in @N***s shows that male patients with COVID-19 are 3 times more likely to require intensive care, and have about a 40% higher death rate. https://***TM https://***Yl","['An analysis in @N***s shows that male patients with COVID-19 are 3 times more likely to require intensive care, and have about a 40% higher death rate. https://***TM https://***Yl', ""🔴#COVID19 - La situazione in Italia all'11 dicembre: https://***fx https://***pW"", 'This year’s unprecedented challenges have created a pivotal moment for leaders to seize opportunities to #innovate. I share 3 key ways boards &amp; CEOs can leverage disruption to reframe their businesses’ paths to recovery in a post-COVID19 world @A***k. https://***5Z', '-']",-,content_A,post
t2184,u1560,2022-01-19 21:55:59+00:00,Covid,c***h,-,"['Writing for the Press &amp; Journal, Professor in Nutrition Giovanna Bermano says #Covid19 highlights why tackling #obesity should be more than a New Year resolution. Read more: https://***1X https://***CH', '#COVID19, #medtwitter #globalhealth #telehealth #healthcare #MedEd #Caregivers #FamilyCenteredCare #mentalhealth #HospitalsTalkToLovedOnes ""A Nurse is part of the patient team"" https://***K4', 'Christeyns UK has a full range of liquid and spray disinfectants suitable for cleaning hard surfaces, floors &amp; textiles. As #covid19 infectivity can stay on surfaces for several days, we advise using these types of products to effectively kill the virus. #professionalhygiene https://***42', '-']",tweet_A,-,retweet
t2503,u1645,2022-02-09 00:14:02+00:00,Covid,B***t,B.C. COVID-19 ICU patient count highest since October https://***Kw,"['In this episode, we interview Federico Mento from the Department of Information Engineering and Computer Science at the University of Trento. @U***o #covid19 #lungultrasound #acoustics https://***zw https://***FS', 'B.C. COVID-19 ICU patient count highest since October https://***Kw', 'Nutrition for Little Minds | A HERD Community Initiative – Get Involved! 🍊🍌 https://***Am Before the Covid-19 pandemic, 1 in 3 children in South Africa suffered from malnutrition. That number has grown since the pandemic. https://***gi @G***g https://***Pn', '-']",-,content_B,post
t3573,u0606,2022-02-27 16:09:16+00:00,Covid,P***H,"Pregnant women are at an increased risk of developing severe COVID-19. If you are pregnant or currently family planning, protect yourself and your baby against COVID by getting both doses of the COVID vaccines. @n***l @E***n @U***n @W***n @g***i @W***O https://***6C","['""They condition our thinking and emotions"" Dieser gewollte neue Kalte Krieg wird die Beziehungen zu Russland längerfristig belasten, und das kann nicht im Interesse des europäischen Volkes sein. Profitieren wir weiter die Elite. #Covid1984 #Agenda2030 #Ukraine #RussiaUkraine', '“Quality mentoring programs are more necessary than ever.” Educator Catherine López shares her experience and insights on how mentoring teachers has changed from before the #COVID19 pandemic to now: https://***15', 'Pregnant women are at an increased risk of developing severe COVID-19. If you are pregnant or currently family planning, protect yourself and your baby against COVID by getting both doses of the COVID vaccines. @n***l @E***n @U***n @W***n @g***i @W***O https://***6C', '-']",-,content_C,post
t1587,u1652,2020-12-21 17:04:02+00:00,Covid,c***h,"I am heartened that a spirit of compromise prevailed to ensure we continue needed relief for hard-hit families, unemployed workers, small businesses, and healthcare providers on the front lines of our fight against COVID-19. https://***wb","['For now? ~Tweet links to scientific data. ~Share your COVID19 vax selfies with humility, carefully writing words alongside it that consider others who cannot get the vaccine yet. ~SHARE VACCINE FINDINGS FROM POPULATION DATA OVER PERSONAL ANECDOTES. 8/', 'I am heartened that a spirit of compromise prevailed to ensure we continue needed relief for hard-hit families, unemployed workers, small businesses, and healthcare providers on the front lines of our fight against COVID-19. https://***wb', 'If you need a direction where to begin your job search, register to get all your career questions answered during this live webinar and be equipped for taking proactive steps in making your job search. RSVP: https://***tI #jobsearch #career #coronavirus #socialimpact https://***IY', '-']",-,content_B,post
t2512,u1270,2022-02-09 09:34:01+00:00,Covid,E***U,#ECDC Deputy Chief Scientist - Piotr Kramarz presents the current pandemic situation in the EU/EEA. „The peak of the current #Omicron wave is going across Europe in the west-to-east direction.” #COVID19 https://***JS,"['Vacunación para población de diversos grupos de edad, 1ra, 2da dosis y dosis de refuerzo, ahora en Nacajuca Del 9 al 11 de febrero, consulta las sedes oficiales y acude por tu vacuna contra el #COVID19 Recuerda llevar identificación con foto, que indique tu edad y domicilio https://***e2', '#ECDC Deputy Chief Scientist - Piotr Kramarz presents the current pandemic situation in the EU/EEA. „The peak of the current #Omicron wave is going across Europe in the west-to-east direction.” #COVID19 https://***JS', 'A great big CONGRATULATIONS to Luanne, PSW from The Village of Winston Park who is our Booster Club Grand Prize winner receiving a $10,000 travel voucher. We also awarded 120 team members with gift cards during this campaign. Get your #Covid19 booster dose! #ProudToWorkAt https://***rZ', '-']",tweet_A,content_B,reply
t2283,u1702,2022-01-30 04:11:55+00:00,Covid,f***s,-,"['Covid-19: Northamptonshire major incident at an end https://***n6', 'Remember to keep reporting your result each time you take a rapid lateral flow COVID-19 test – positive, negative or void. It’s a great way to help the NHS reduce the spread of the virus. Report it here 👇 or call 119. https://***fR https://***jR', 'Es kursieren seit einiger Zeit Daten zum Thema #SarsCoV2, #Covid-19 und #Impfung aus UK im Internet &amp; in #socialmedia. Diese Daten suggerieren eine erhöhte Sterblichkeit bei Menschen, die geimpft sind vgl. mit nicht geimpften Personen. Also, was ist hier los? Thread 1/20 https://***32', '-']",tweet_B,-,retweet
t1761,u2305,2021-06-10 10:02:38+00:00,Covid,M***w,"Poem speaks volumes 2 me. Hospitalised 4 Covid-19 St George's London for 47 days, 23 in ICU. I'll always remember the nurses who cared for me with kindness &amp; professionalism. Forever grateful. Poem by Niaomi Gordon, ICU nurse - Remember us https://***zK via @U***e","[""Poem speaks volumes 2 me. Hospitalised 4 Covid-19 St George's London for 47 days, 23 in ICU. I'll always remember the nurses who cared for me with kindness &amp; professionalism. Forever grateful. Poem by Niaomi Gordon, ICU nurse - Remember us https://***zK via @U***e"", '""The COVID-19 outbreak is a wake up call for us to rethink our daily choices and actions."" Linfa Wang of DGHI and @d***s talks about the importance of learning the roots of the pandemic in this great article from the Duke-NUS magazine: https://***c.', 'How we powered up social media and #FOAMed to share and disseminate the best available evidence during the #COVID19 pandemic. Paper now out in @P***J @R***M @R***M @T***M @p***g @E***l @r***y @d***e https://***BW', '-']",-,content_A,post
t3948,u2259,2022-03-13 06:53:38+00:00,Covid,a***v,"Covid-19 : la Chine enregistre près de 3400 cas en un jour, record en deux ans https://***1s","['Covid-19 : la Chine enregistre près de 3400 cas en un jour, record en deux ans https://***1s', '117 COVID-19 cases recorded March 11th https://***Zq https://***Nb', 'Ontario administered 16229 doses of COVID-19 vaccine by 8PM yesterday, for a total of 31867050 administered so far. Among all eligible Ontarians (5+): 1st dose 89.81% (+0.01%), 2nd dose 86.07% (+0.03%), 3rd dose (12+ only) 54.74% (+0.05%) https://***ha', '-']",-,content_A,post
t0626,u3045,2020-06-21 05:05:37+00:00,Covid,_***_,Today I simultaneously watched *yet* another human die from #COVID19 and news of maskless men gathering for a president who pretends these rising death counts do not exist... I am exasperated.,"[""Got free time &amp; want to contribute to Uganda's COVID-19 response? Support @m***a in mapping border towns to enhance surveillance and contact tracing efforts in these communities. #taskingmanager #covid19uganda https://***2g"", 'At @c***x, @e***s &amp; @B***a\'s @r***t recorded a live ""Out of the Crisis"" #podcast episode. They discussed the tech industry\'s response to the #Coronavirus pandemic + what its role must be in solving society\'s problems going forward. https://***vJ', 'Today I simultaneously watched *yet* another human die from #COVID19 and news of maskless men gathering for a president who pretends these rising death counts do not exist... I am exasperated.', '-']",-,content_C,post
t3306,u0343,2022-02-22 10:01:02+00:00,Covid,c***s,NamesCon Global 2022 – Master Your Digital Assets 👉 https://***oJ #cloudcomputing #hosting #datacenter #technology #technews #domain #business #network #pandemic #digitalasset @N***n https://***LT,"['#COVID19 #lockdown measures resulted in #AirPollution drop in many cities 🏙️ Question: was #pollution-related mortality lower and to what extent? A study supported by @E***0 project helps us reply. Read more on @C***U 👉 https://***FC #EU #HorizonEU https://***2K', 'NamesCon Global 2022 – Master Your Digital Assets 👉 https://***oJ #cloudcomputing #hosting #datacenter #technology #technews #domain #business #network #pandemic #digitalasset @N***n https://***LT', '#Frecuencia de palabras en los textos de #internacional de #LaNacion del 19.02.2022 📊 1. #casos 199 2. #coronavirus 77 3. #países 75 4. #febrero 68 5. #vacunación 67 6. #puesto 60 7. #rusia 48 8. #población 47 https://***64', '-']",-,content_B,post
t2067,u1931,2022-01-01 09:19:11+00:00,Covid,K***S,"As the 1st day of #2022, help stop #COVID19 hanging around. Take a test before visiting family or friends, in order to prevent the spread of COVID-19. Info ➡️ https://***Dt https://***qs","['Are you a parent with questions about kids and the COVID-19 vaccine? Hear what some of the state’s top doctors have to say about why it’s a safe, effective, and important way to protect your child. Learn more at https://***BQ https://***wR', 'As the 1st day of #2022, help stop #COVID19 hanging around. Take a test before visiting family or friends, in order to prevent the spread of COVID-19. Info ➡️ https://***Dt https://***qs', 'BREAKING: CLINITEST Rapid COVID-19 Antigen Self-Test has been granted FDA Emergency Use Authorization.', '-']",-,content_B,post
t3847,u0460,2022-03-04 18:35:18+00:00,Covid,C***L,"Muertes diarias por COVID-19, Chile 04/03/2022 #GraficoCovid010 #Covid19Chile https://***yV","['The population earning income from businesses has reduced from 19% in 2019 to 16% in 2021 due to the impact of COVID-19 on the Micro Small Enterprises population. Please find out more about how MSEs were affected by COVID-19 here: https://***vu #InclusiveFinance', 'Muertes diarias por COVID-19, Chile 04/03/2022 #GraficoCovid010 #Covid19Chile https://***yV', 'Debates over COVID-19 safety measures in schools and a new law restricting how race-related issues can be discussed in classrooms have made Texas school board races much more visible this year. https://***rC', '-']",-,content_B,post
t1838,u1895,2021-09-20 02:41:22+00:00,Covid,D***n,"Long Covid Is Affecting One Third Of People After Covid-19 Coronavirus Infection, CDC MMWR Study Finds. @n***u @F***c #GetVaccinated https://***XE","['Long Covid Is Affecting One Third Of People After Covid-19 Coronavirus Infection, CDC MMWR Study Finds. @n***u @F***c #GetVaccinated https://***XE', 'Mark you calendar to get your COVID-19 vaccine this week , help protect your loved ones and get vaccinated at one of our local vaccine clinics. https://***8c', 'The COVID-19 Virus Explained https://***yJ', '-']",-,content_A,post
t2422,u1063,2022-02-06 23:00:11+00:00,Covid,C***o,Ottawa Mayor Jim Watson declares state of emergency due to trucker convoy protesting against COVID-19 vaccine mandates. https://***ka,"['@p***m @s***l @r***r Noch mal ein Update dazu: ""Pre-infection deficiency of vitamin D is associated with increased disease severity and mortality among hospitalized COVID-19 patients"" https://***Hm', 'Ottawa Mayor Jim Watson declares state of emergency due to trucker convoy protesting against COVID-19 vaccine mandates. https://***ka', 'Phnom Penh Municipal Police are trying to implement 4 arrest warrant regarding the case of obstruction to implement measures to prevent COVID-19- 1-Kheng Chenda (female) 2- Ouk Sopheak Molika (Female) 3- Meng Kanika (female) 4- Eng Srey Bo (female) https://***lv', '-']",-,content_B,post
t2168,u1014,2022-01-18 03:30:06+00:00,Covid,N***e,"mRNA technology is famous for delivering vaccines against COVID-19. Now, it has achieved another distinction—with an experimental Lyme disease preventive. https://***KX","['OMG - this little girl is the best. She just told you off @B***n, you naughty boy. #COVID19 https://***kp', 'mRNA technology is famous for delivering vaccines against COVID-19. Now, it has achieved another distinction—with an experimental Lyme disease preventive. https://***KX', 'World Health Organization recommends two new drugs to treat COVID-19 #Covid19 #GlobalHealth @W***O https://***AZ', '-']",-,content_B,post
t1853,u0395,2021-09-28 05:43:57+00:00,Covid,S***H,Sweden In Cambodia is proud to be part of this highly relevant support to children’s right to education in Cambodia during Covid-19. Looking forward to opening of schools for all children in Cambodia and globally @U***a @S***a @S***t https://***n8,"['From smallpox to #COVID19, CDC collaborations with India have benefited both our countries, the entire region, and the world. Read about CDC’s long partnership with India in this report: https://***Ij https://***xX', 'Trade Beyond COVID-19 : Building Resilience https://***oY', 'Sweden In Cambodia is proud to be part of this highly relevant support to children’s right to education in Cambodia during Covid-19. Looking forward to opening of schools for all children in Cambodia and globally @U***a @S***a @S***t https://***n8', '-']",-,content_C,post
t2897,u1279,2022-02-16 14:16:00+00:00,Covid,C***4,BTS to hit the stage in South Korea for first time since Covid-19 began https://***8f https://***Xp,"['The 3rd #booster #mRNA #COVID19 #vaccine dose produces an initial increase in circulating anti-#Omicron neutralizing #antibodies, but titers remain 10-20-fold lower than against #Wuhan-Hu-1 and are, in many cases, insufficient to prevent #infection. Indiv...https://***yT', 'BTS to hit the stage in South Korea for first time since Covid-19 began https://***8f https://***Xp', 'La vacuna #Patria contra #COVID19 podría suministrarse de manera intramuscular y #Nasal; no requerirá temperaturas bajo cero para almacenarla como la de @P***r. #AgenciaMxNoticias https://***pi', '-']",-,content_B,post
t0569,u0215,2020-06-08 11:40:50+00:00,Covid,p***j,-,"['BREAKING: There are no known COVID-19 cases in New Zealand for the first time since the virus was first confirmed in the country on Feb. 28, the government has announced https://***mr', '#COVID19 en la #región #Cajamarca hasta el 5 de mayo https://***Vg', 'It took how long for this updated advice ?? I’m not one to open criticize but come on, it’s already it’s already June. WHO updates and advises to wear masks in public areas, reversing policy #COVID19 #Masks4All https://***17', '-']",tweet_C,-,retweet
t1104,u1705,2020-09-25 14:30:33+00:00,Covid,D***4,-,"['Some nice features have gone into ensuring privacy on the #NHSCOVID19app https://***s2', ""Female voices 'drowned out' in reporting on Covid-19, report finds https://***Gf"", ""The Firm's @m***a and Jan Eidrienne De Luis discusses overpricing of medicine and medical supplies during #COVID19 in this @l***y article: https://***E3 #TheFirmatForty #SettingTheBar #WeMakeHistory #COVID19 #Philippines #Healthcare #MedicalOverpricing https://***sV"", '-']",tweet_A,-,retweet
t3829,u3227,2022-03-04 13:28:56+00:00,Covid,N***G,"COVID-19 Vaccination made easy. Hello Nigerians, the Johson and Johnson single dose vaccine is now available in all vaccination sites across the Country. This vaccine requires only one dose, to be fully vaccinated. The best time to get vaccinated is now! #YesToCOVID19Vaccine https://***2E","['COVID-19 Vaccination made easy. Hello Nigerians, the Johson and Johnson single dose vaccine is now available in all vaccination sites across the Country. This vaccine requires only one dose, to be fully vaccinated. The best time to get vaccinated is now! #YesToCOVID19Vaccine https://***2E', 'Most POSITIVE (+ve) word for the last 2 years has been NEGATIVE (-ve) ! पिछले दो सालों में ""नेगेटिव"" शब्द ही सबसे बड़ा पॉजिटिव शब्द रहा है #pandemic #endemic #COVID19 #कोविडमहामारी #WednesdayMotivation', 'Check out this week’s #NYCTestandTrace #COVID19 testing sites #inQueens. Testing is no cost to you. COVID-19 vaccines are available at select locations. Text ""COVID TEST"" to 855-48 for more info. Hours and locations: https://***Ya https://***Ss', '-']",-,content_A,post
t3644,u1465,2022-03-01 01:33:06+00:00,Covid,J***5,"The Oregon Health Authority reports 40 new deaths related to COVID-19 and 1,694 new cases since Friday. https://***fY","[""Thinking about it, those people saying how they're still wearing masks are probably the same ones who never shut up during the pandemic about how they obeyed all the rules &amp; used the Covid app &amp; stayed with 5km of home. #Covid19Ireland"", '""We\'ve lost that tradition of the common good. And I think it\'s served us really badly during COVID-19."" — @L***n (@G***w, @o***e). At 8/11pm with @D***u (@M***H), Mario Possamai (SARS Commission) &amp; @s***n | Producer: @s***s https://***m6', 'The Oregon Health Authority reports 40 new deaths related to COVID-19 and 1,694 new cases since Friday. https://***fY', '-']",-,content_C,post
t2134,u0345,2022-01-12 21:11:47+00:00,Covid,j***9,"Thanks to all who showed up to protest against forced quarantine &amp; COVID-19 vaccine mandates for kids. Because of our efforts the Board of Health removed forced quarantine &amp; vax mandates from their agenda for today ! We will be here until the meeting ends at 3pm, join us! https://***E8","['Boston cumulative #COVID19 numbers on January 12, 2022: Total: 138,042 confirmed cases Recovered: 97,706, recovered Deaths: 1,550 deaths https://***c5', 'NIH recently extended existing guidance for preparing applications during COVID-19: https://***yS', 'Thanks to all who showed up to protest against forced quarantine &amp; COVID-19 vaccine mandates for kids. Because of our efforts the Board of Health removed forced quarantine &amp; vax mandates from their agenda for today ! We will be here until the meeting ends at 3pm, join us! https://***E8', '-']",-,content_C,post
t3531,u1096,2022-02-26 09:29:08+00:00,Covid,r***n,"https://***r, le Journal est en ligne! https://***AW Merci à @C***s #covid19 #covid","['https://***r, le Journal est en ligne! https://***AW Merci à @C***s #covid19 #covid', 'An estimated 6.7 million children have lost at least one of their parents or caregiver due to COVID-19 https://***8w', '“With the WHO notification of the COVID-19 as a pandemic on March 11, 2020, our third and final objective was to debate for the first time about #MECFS as a sequela of post-SARS-CoV-2 infections. See Figure 1 for infographic 👇🏻”https://***99 #PVFS #PostViralSequelae https://***IX', '-']",-,content_A,post
t2963,u1060,2022-02-17 08:45:23+00:00,Covid,M***i,#Download My Kill #Coronavirus On Contact #Recipes #coronaviruschallenge #COVID19 https://***jd https://***Bt,"['La nanomedicina ya fue utilizada en vacunas contra el covid-19 y ahora está siendo probada en tratamientos contra el cáncer https://***3i', '#Download My Kill #Coronavirus On Contact #Recipes #coronaviruschallenge #COVID19 https://***jd https://***Bt', ""#Bhutan's unemployment rate has risen due to the COVID-19 economic downturn. This project is promoting job creation for young people and investing in human capital. Learn how it's #ChangingLives: https://***dT https://***SI"", '-']",-,content_B,post
t3215,u1561,2022-02-20 18:46:51+00:00,Covid,D***D,Over 8 million #COVID19 cases to date in California. How many still have #LongCovid ? How many #LongCovidKids ? #CovidIsNotOver #WearAMask #GetVaccinatedNow https://***NY,"['#Cyprus reported no #coronavirus deaths for first time in a week on Sunday, with daily #covid19 cases inching up to 1,794, while hospitalisations rose to 162, of whom 38 were critical. https://***fe', 'একদিনে বাংলায় নতুন করে কোভিড পজিটিভ ২৮১ জন #COVID19 #Coronavirus #CovidUpdates #CoronaBulletin #Omicron #OmicronVariant #WestBengal #Drishtibhongi https://***nh', 'Over 8 million #COVID19 cases to date in California. How many still have #LongCovid ? How many #LongCovidKids ? #CovidIsNotOver #WearAMask #GetVaccinatedNow https://***NY', '-']",tweet_C,content_C,reply
t1640,u0493,2021-02-17 13:01:01+00:00,Covid,P***e,"Early in the #COVID19 pandemic response, @M***m researchers began trials for three different vaccine candidates. Check out this explanation from researcher Prof. @C***n about the vax MoA and ongoing collaboration. https://***QT","['Early in the #COVID19 pandemic response, @M***m researchers began trials for three different vaccine candidates. Check out this explanation from researcher Prof. @C***n about the vax MoA and ongoing collaboration. https://***QT', 'New saliva Covid-19 test being developed in Cambridge @i***s https://***Gz', 'Vitamin D appears to play role in COVID-19 mortality rates https://***WE #foodworldorder', '-']",tweet_C,content_A,reply
t1978,u3260,2021-11-29 16:39:12+00:00,Covid,C***C,"Last week we visited the West Midlands as part of our work into covid-19 recovery. We were given a tour of the Manufacturing Technology Centre's (@t***g) facilities, where we witnessed innovations in construction methods. https://***0K","[""Last week we visited the West Midlands as part of our work into covid-19 recovery. We were given a tour of the Manufacturing Technology Centre's (@t***g) facilities, where we witnessed innovations in construction methods. https://***0K"", 'JUST IN: Japan will ban the entry of all new foreign visitors from Nov. 30 PM Fumio Kishida citing concerns about the #B11529 omicron Covid-19 variant', 'Now, with almost two years of Covid-19 under our belt, it’s time to focus on the future and start thinking big again, Graciela Gomez Cowger writes. https://***os', '-']",-,content_A,post
t1684,u1987,2021-03-25 15:48:32+00:00,Covid,U***i,"In honor of National Nutrition Month, @C***v Division of Nutrition, Physical Activity, and Obesity has published new resources including updates to the Food System Resources During COVID-19 Pandemic webpage. https://***KR","['Listserv Live 4: An Update on Oral Therapies for Early COVID-19 The College of Urgent Care Medicine’s Clinical Response Task Force will present its next Listserv Live Event on Wednesday March 31st from 4:00 – 5:00pm Central. Presented by Jeffrey D. Klausner, MD, MPH. https://***jc', 'In honor of National Nutrition Month, @C***v Division of Nutrition, Physical Activity, and Obesity has published new resources including updates to the Food System Resources During COVID-19 Pandemic webpage. https://***KR', 'FACT: People across the LGBTQ+ spectrum are less likely to seek healthcare because of descrimination. #COVID-19 #OUTForEquity #LGBTHealth @h***t https://***fC', '-']",-,content_B,post
t1893,u0396,2021-10-25 08:25:33+00:00,Covid,A***1,-,"['Neil Cavuto implores viewers to get vaccinated after breakthrough COVID-19 case https://***XE https://***X3', 'If guidelines regarding COVID-19 change and we cannot make the event in person, the symposium will fall back to a virtual symposium as in 2020, and all tickets will be refunded.', 'Overall, it is REALLY good to see these data! It clearly took a lot of work to get this far for the 2-dose J&amp;J COVID-19 vaccine clinical trial!', '-']",tweet_C,-,retweet
t1883,u3143,2021-10-19 05:03:18+00:00,Covid,U***e,"""Over the past 18 months, we’ve seen an increasing number of people calling us about home remedies to prevent or cure COVID-19, particularly during an outbreak. They’re calling for advice before using items such as bleach or disinfectant."" https://***or","['""Over the past 18 months, we’ve seen an increasing number of people calling us about home remedies to prevent or cure COVID-19, particularly during an outbreak. They’re calling for advice before using items such as bleach or disinfectant."" https://***or', 'Yes, Colin Powell died of a breakthrough infection. That is why boosters are recommended for people at high risk for severe COVID-19. Yes, that means vaccines aren’t 100% effective. No, that doesn’t mean that vaccines are 0% effective.', 'La participación de la gente ha sido eje en la estrategia para controlar la epidemia de #COVID19. Conferencia matutina https://***rN', '-']",-,content_A,post
t1555,u2132,2020-12-14 09:04:18+00:00,Covid,G***y,-,"['Being a successful #CNL amid #COVID19 requires excellent communication, advocacy, and resiliency https://***XL', 'Top 3 Christmas movies 2020: 1. Home alone 2. Die hard 3. How the Grinch stole Christmas #AcademicChatter #pandemic #Christmas2020', 'Crowley Leads Coalition For COVID-19 Relief » Urban Milwaukee https://***9q', '-']",tweet_B,-,retweet
t0388,u1861,2020-05-09 10:06:04+00:00,Covid,S***o,"Today's pandemic forced a sudden transition from physical to digital. Data analysis, digital tools, customer relations, online marketing &amp; sales channels are increasingly used to strengthen corporate resilience. Is Covid19 accelerating the digital future? https://***VG","[""Today's pandemic forced a sudden transition from physical to digital. Data analysis, digital tools, customer relations, online marketing &amp; sales channels are increasingly used to strengthen corporate resilience. Is Covid19 accelerating the digital future? https://***VG"", 'Given the situation with Covid-19, the XPRAGit 2020(1) has been rescheduled to 8-9 JULY 2021. Save the new dates! !!️ 🛫🇮🇹 The application for the YITP - researcher mobility award is still open and valid for 2021! Deadline 17 May 2020. More info at: https://***Bo https://***Ut', ""What is it about kid's immune system that protects them compared with adults vs #COVID19? We don't know (yet) but possible explanations are provided in this essay @L***l https://***hl https://***zG"", '-']",-,content_A,post
t3034,u0541,2022-02-18 06:49:47+00:00,Covid,V***_,Insurance industry post- COVID 19: Extreme stress tests to become a reality https://***Ju #insuranceindustry #postcovid19 #SARSCOV2 #COVIDー19 #Lockdowns #businessinsurance #healthinsurance #lifeinsurance,"['Weather to remain partly cloudy in J&amp;K, Ladakh https://***4i #coronaviruspandemic #Breakingnews #Indiapolitics #AndhraPolitics #NewsFeed #CovidImpact #Modi Srinagar, Feb 17 - Partly cloudy weather continued in Jammu and Kashmir and Ladakh on Thursday as the Met Dep...', 'Insurance industry post- COVID 19: Extreme stress tests to become a reality https://***Ju #insuranceindustry #postcovid19 #SARSCOV2 #COVIDー19 #Lockdowns #businessinsurance #healthinsurance #lifeinsurance', '@a***r @r***e 🦠 Am 18. Februar 2022 wurden 628 #Neuinfektionen ↘ und 0 Todesfälle ➡ in Wetteraukreis (Landkreis) gemeldet. Die #Inzidenz liegt bei 1106,50 ↘. #COVID19 https://***vb', '-']",-,content_B,post
t1384,u1424,2020-11-03 22:00:27+00:00,Covid,H***h,7 ways to reduce stress in the age of #COVID19: https://***f9 #HarvardHealth https://***eS,"['Flu + #COVID19 = Twindemic https://***ki', 'Technology is amazing: MIT researchers have developed an AI model capable to predict with 98.5% accuracy whether you are covid19 positive or not, just by listening to the way you cough (and it works even better for asymptomatic)! https://***kD', '7 ways to reduce stress in the age of #COVID19: https://***f9 #HarvardHealth https://***eS', '-']",-,content_C,post
t3589,u2650,2022-02-28 01:17:02+00:00,Covid,X***A,#COVID19 Resource Roundup: Keep your organization up-to-date with the most current #COVID developments and laws using our comprehensive content. Explore our most popular content from this week here: https://***yh https://***3w,"['Covid-19: Brasil tem 28,7 milhões de casos e 648,9 mil mortes https://***ZO', '#COVID19 Resource Roundup: Keep your organization up-to-date with the most current #COVID developments and laws using our comprehensive content. Explore our most popular content from this week here: https://***yh https://***3w', 'Coronavirus cases in Sri Lanka is currently 644,060! – Active : 19,419 – Cases Today : 0 – Deaths : 16,166 – Cases Yesterday : 1,281 – Recovered : 608,475 – Deaths Today : 0 – Total PCR Tests : 6,316,418 ~ 🇱🇰 STATUS ID 839 ~ [#COVID19SL #COVID19LK] https://***yq', '-']",-,content_B,post
t2614,u0032,2022-02-10 20:09:42+00:00,Covid,d***t,-,"['▪ OMICRON SURGE: AT-HOME TREATMENT Omicron Surge Leads To Shift in Treatment Policy: Dr. Alice Tan #COVID19 #Omicron #treatment Arirang News ▶ https://***m0 News Center ▶ https://***gF https://***wb', 'The latest Open Data on #AWS: Street-Scale Global Maps, Orca Sounds, and COVID-19 Detection Data - https://***Ws', 'Not sure where to go to get your #COVID-19 #vaccine? It’s easy! Use #NYC’s Vaccine Finder to check for #accessible sites. Those for people with physical #disabilities feature an icon next to the address. Get vaccinated: https://***bS https://***0D', '-']",tweet_A,-,retweet
t1936,u1173,2021-11-19 06:20:12+00:00,Covid,a***a,"Disney Cruise Line announced that all passengers ages 5 and up must be vaccinated against COVID-19 beginning in January, expanding its mandate. https://***Gb https://***l4","['Sob o lema “Novos horizontes para os membros da REFJ relativamente à formação judiciária” o evento promove o debate sobre dois temas: 1) A crise provocada pelo COVID-19 e o futuro; 2) A abertura da Rede Europeia de Formação Judiciária à formação dos funcionários judiciais.', 'Disney Cruise Line announced that all passengers ages 5 and up must be vaccinated against COVID-19 beginning in January, expanding its mandate. https://***Gb https://***l4', 'On This Week in Virology: How SARS-CoV-2 attacks the olfactory mucosa but spares the olfactory bulb, vaccination with BNT162b2 induces virus-specific stem cell memory T cells, and development of an oral protease inhibitor for the treatment of COVID-19. https://***Ye', '-']",-,content_B,post
t3922,u2323,2022-03-07 18:31:03+00:00,Covid,B***m,"On Monday, March 14, Chicago Public Schools are moving to mask-optional for schools and staff. #Illinois #COVID19","['On Monday, March 14, Chicago Public Schools are moving to mask-optional for schools and staff. #Illinois #COVID19', 'Public health officials welcome moves to ease restrictions as COVID-19 metrics improve https://***RG', '@t***e Double the risk of heart attack, stroke, clots, arrhythmias and other cardiovascular disease at least 12 months after #COVID19 https://***28 https://***py', '-']",-,content_A,post
t2792,u0054,2022-02-15 05:11:39+00:00,Covid,i***r,जीतेगें कोरोना से लड़ाई... #indiafightscoronavirus #HarGharDastak #निरोगीराजस्थान #राजस्थानसतर्कहै #स्वस्थ_राजस्थान #SwasthaBharat #HealthForAll #rajasthan #OmicronVariant #COVID19 #IEC @J***s https://***0I,"['Vacunación en niños entre 5 y 11 años inicia en 388 centros educativos. #NoticiasSIN #vacunación #escolares #Gobierno #COVID19 Más detalles en https://***Yu y en la Emisión Estelar con @A***h a las 10:00 pm por @C***9 https://***kT', ""and many many other restrictions against the working class. It also includes people out of work because of the #covid19 economy. You should be watching the livestreams and find out for yourself! Haven't you learned anything yet????? #anonymous #ows #occupy #blacklivesmatter"", 'जीतेगें कोरोना से लड़ाई... #indiafightscoronavirus #HarGharDastak #निरोगीराजस्थान #राजस्थानसतर्कहै #स्वस्थ_राजस्थान #SwasthaBharat #HealthForAll #rajasthan #OmicronVariant #COVID19 #IEC @J***s https://***0I', '-']",-,content_C,post
t1923,u2959,2021-11-09 11:57:19+00:00,Covid,E***k,Association of Self-reported COVID-19 Infection and SARS-CoV-2 Serology Results With Persistent Physical... https://***69 via @J***d part of @J***k,"['Decentralized Clinical Trials have grown in importance since the start of #COVID19. In this video, an innovator in these #clinicaltrials discusses some of the key issues and how they may impact the future of research. https://***63', 'Am Wochenende hetzt man mit Fake News, am Dienstag missbraucht man das Andenken an die Novemberpogrome und bedrängt Menschen. Aus Worten werden Taten. #COVID19 https://***3A', 'Association of Self-reported COVID-19 Infection and SARS-CoV-2 Serology Results With Persistent Physical... https://***69 via @J***d part of @J***k', '-']",-,content_C,post
t3438,u3224,2022-02-24 11:33:32+00:00,Covid,S***b,"Das Sicherheitsprofil der COVID-19 Impfstoffe wird weltweit genauestens untersucht. Zu echten Impfkomplikationen gibt es eine Vielzahl an sehr großen und detaillierten Untersuchungen, an Millionen von Impflingen. z.B. hier https://***bZ https://***P6","[""How has #technology been used to monitor #COVID19? 'Smart Health Technologies for the COVID-19 Pandemic' looks at the role technology has played to monitor, map and fight the global COVID-19 pandemic. For more info, visit the IET Bookshop: https://***Wm https://***ff"", 'Has your parent or elderly person in your family been vaccinated against #COVID19? Support your parents and members of the community to get to the vaccination centres. Support them to pre-register on the #Chanjo platform. https://***Jq https://***gA', 'Das Sicherheitsprofil der COVID-19 Impfstoffe wird weltweit genauestens untersucht. Zu echten Impfkomplikationen gibt es eine Vielzahl an sehr großen und detaillierten Untersuchungen, an Millionen von Impflingen. z.B. hier https://***bZ https://***P6', '-']",tweet_B,content_C,reply
t2051,u2995,2021-12-24 17:15:17+00:00,Covid,K***s,@E***a @K***E @m***a @D***A @S***s @C***g @B***R @R***a @R***n @T***_ @d***e Next time anounce the new variant in Russia first plse,"['#Coronavirus #Vacunas #Covid #Ómicron Bendita vacuna https://***49 a través de @U***a', '@E***a @K***E @m***a @D***A @S***s @C***g @B***R @R***a @R***n @T***_ @d***e Next time anounce the new variant in Russia first plse', 'The COVID-19 #pandemic has dramatically changed how people work – it could be the catalyst to create better, healthier jobs in the future. But what if we could change how jobs are designed? Revisit this #CamFest panel with @R***e: https://***5N #Work #Jobs', '-']",tweet_A,content_B,reply
t3123,u3129,2022-02-19 17:00:40+00:00,Covid,G***e,"The latest GW Whole Health includes news about a GW survey on consumers &amp; #MTHC for skin conditions, mold-triggered illnesses, &amp; the ABCs of vitamin D &amp; the immune system. https://***aM @G***A @G***P @g***y @C***l #medicalcannabis #acne #COVID19 https://***7c","['The latest GW Whole Health includes news about a GW survey on consumers &amp; #MTHC for skin conditions, mold-triggered illnesses, &amp; the ABCs of vitamin D &amp; the immune system. https://***aM @G***A @G***P @g***y @C***l #medicalcannabis #acne #COVID19 https://***7c', 'Regardless of what metric @C***v looks to going forward with #COVID19- high levels of #communityTransmission tell us something. Living with #covid means we should have a convo about how much transmission is tolerable? But- with high transmission, lagging indicators are high atm https://***ew', 'A new #COVID19 publication from @U***h researchers! Check it out: Prospective evaluation of COVID-19 vaccine responses across a broad spectrum of immunocompromising conditions: the COVICS study https://***cn @u***h', '-']",-,content_A,post
t2115,u2137,2022-01-09 03:33:04+00:00,Covid,K***I,Dip in domestic passenger load for night flights https://***TE via @t***a @M***r @k***n @m***t #COVID19 #airtravel,"['All rapid COVID-19 home test kits have been distributed at city facilities. We will let the community know when more become available.', 'As the ATAGI vaccination advice puts it, “COVID-19 vaccination in people who have had PCR-confirmed SARS-CoV-2 infection can be deferred for a maximum of six months after the acute illness, as a temporary exemption due to acute major medical illness.”', 'Dip in domestic passenger load for night flights https://***TE via @t***a @M***r @k***n @m***t #COVID19 #airtravel', '-']",-,content_C,post
t0377,u1295,2020-04-29 12:23:07+00:00,Covid,E***n,"So, I want to hear about acts of kindness you’ve done during #COVID19 or have been done for you? Drop me a DM or tweet. #journorequest #87actsofkindness","['So, I want to hear about acts of kindness you’ve done during #COVID19 or have been done for you? Drop me a DM or tweet. #journorequest #87actsofkindness', ""How can groups share sensitive data like medical records, with transparency about how they'll be used? A question of relevance during #COVID19 New episode of #TheTuringPodcast from @t***t is out now, featuring @S***x - Check it out! https://***J6"", ""Gov't to launch welfare program for youth rendered jobless by Covid-19 pandemic on Wednesday, Interior PS Kibicho says. https://***Re"", '-']",-,content_A,post
t0370,u2192,2020-04-23 17:15:25+00:00,Covid,A***r,-,"['Una vez más, ¡gracias a tod@s por la buena acogida que tuvo nuestro II webinar #inmunología 🛡️ en la #covid19 🦠. El webinar ya está listo para ser visualizado cuando queráis: https://***H. ¡Nos vemos en el siguiente!', 'At least one positive from #COVID19... Online business &amp; the need for #RemoteWorkers are growing at an UNPRECEDENTED rate. Learn How to Take Control of Your Future! Attend #DigitalNomad2020 - Only a few days left to grab your tickets! https://***Gt #RemoteWork https://***m5', '#COVID19 is “a once-in-a-lifetime opportunity to take a fresh look at your streets and make sure that they are set to achieve the outcomes that we want to achieve.” #completestreets #healthycities https://***1I', '-']",tweet_B,-,retweet
t1901,u0762,2021-11-01 03:29:06+00:00,Covid,n***e,"Police have begun enforcement action following the gathering held at the Auckland Domain and subsequent march through Newmarket on Saturday. Today, a 36-year-old man has been arrested and charged with Failing to Comply with Order (COVID-19) in relation to attending a gathering. https://***Dw","['Neben allen ethischen Bedenken: Wer sich um seltene/milde Impf-Nebenwirkungen sorgt: Die ""NW"" einer Intensivbehandlung &amp; COVID19-Therapie sind massiv, auch wenn man überlebt. Dass man eine Therapie der Impf-Prävention vorzieht, ist medizinisch sehr schwer nachzuvollziehen 5/5', 'I applaud the Douglas County students interviewed for this article. We need more #stuvoice on this across the country! Discussions of critical race theory, Covid-19 rules whip up school board meetings to the dismay of students #edcolo #edchat #coascd https://***ih', 'Police have begun enforcement action following the gathering held at the Auckland Domain and subsequent march through Newmarket on Saturday. Today, a 36-year-old man has been arrested and charged with Failing to Comply with Order (COVID-19) in relation to attending a gathering. https://***Dw', '-']",-,content_C,post
t1499,u1600,2020-12-01 21:35:35+00:00,Covid,m***e,COVID-19 Continues To Affect Florida Colleges And Universities via @w***s https://***hF,"[""This National Family Caregivers Month we recognize the important work caregivers, including loved ones &amp; family members, do day in &amp; day out. As we continue to fight COVID-19, it's critical Congress works together to support those providing invaluable care in our communities."", '""More than 20 African countries were due to hold elections in 2020. The year has been a challenging year in every field. Most African countries are using Covid-19 restrictions to kill independent voices during election period,"" ~ Florence Nakazibwe. #CivicSpace.', 'COVID-19 Continues To Affect Florida Colleges And Universities via @w***s https://***hF', '-']",-,content_C,post
t3945,u0939,2022-03-12 22:56:23+00:00,Covid,C***m,"With positive test of Dem CT Rep DeLauro, 104 members of the 117th Congress have tested positive for COVID-19. 47 members have tested positive this year.","['Un estudio analiza el exceso de mortalidad (no registrada oficialmente) durante la pandemia por COVID19. Sobre los datos oficiales hablan de 5,94 millones de fallecidos, se estima han sido 18,2 millones. Rusia, México y Estados Unidos encabezan la lista. https://***Y0 https://***xF', 'With positive test of Dem CT Rep DeLauro, 104 members of the 117th Congress have tested positive for COVID-19. 47 members have tested positive this year.', 'March 11 marks the second anniversary of the official declaration of the COVID-19 pandemic. Patients share their stories of the challenge of facing cancer during the pandemic and how BC Cancer staff supported them every step of the way. https://***LS https://***1X', '-']",-,content_B,post
t0332,u1412,2020-03-22 13:57:52+00:00,Covid,H***i,"Yes, and frozen vegetables last longer than fresh, so buy them in bulk so you can make fewer runs to the grocery store. It’s the perfect time to make delicious &amp; nutritious home cooked meals! #RdChat#QuarantineActivities https://***Lt","['Yes, and frozen vegetables last longer than fresh, so buy them in bulk so you can make fewer runs to the grocery store. It’s the perfect time to make delicious &amp; nutritious home cooked meals! #RdChat#QuarantineActivities https://***Lt', '#covid19 puzzle: With 11,000 cases each, how come Germany has 15x less deaths than France? https://***qT', 'One week of #coronavirus #teleworking, done. I know this is deeply hard for many people, but for the first time in years, I feel like I have enough time and energy to do all the things. Maybe it’s not commuting 2 hrs daily, maybe it’s natural light. We’ll see how I feel in 6 wks', '-']",-,content_A,post
