id,author_id,created_at,event_type,username,action_content,content_option,action_object_answer,action_content_answer,action_type_answer
t2241,u3116,2022-01-25 16:45:30+00:00,MeToo,M***T,"Explore the tips and practices we've compiled that might help articulate some things you may be feeling, ground you, and give you the tools to help take care of yourself while you navigate the effects of this ongoing #pandemic 👉🏿https://***xU #metoo #omicron #covid19 https://***pp","['@s***d Hi 👋🏼 I’m Amy. I’m a 51 year old fun devil. I also have a health condition called Cyclic Vomiting Syndrome (CVS) that leaves me vulnerable to the evils of Covid. #IHaveAPreexistingCondition Does the face of #chronicillness look different than you thought? https://***sj', ""Explore the tips and practices we've compiled that might help articulate some things you may be feeling, ground you, and give you the tools to help take care of yourself while you navigate the effects of this ongoing #pandemic 👉🏿https://***xU #metoo #omicron #covid19 https://***pp"", 'Hi, I’m Kathleen, a 39 yo startup founder serving the cancer community. After my Ewing’s treatment, one of my lungs collapsed + I have heart conditions that put me at high risk for Covid. @h***o and I are sharing #IHaveAPreexistingCondition so we aren’t forgotten about. https://***Vh https://***LE', '-']",tweet_B,content_B,reply
t3493,u3116,2022-02-25 17:24:57+00:00,MeToo,M***T,"During #BlackHistoryMonth, we're highlighting 'Joy Pioneers'—folks who have paved the way for our communities to live in joy. While our Joy Pioneers may not have identified as survivors, their work + commitment to Black communities make our collective liberation possible. #metoo https://***su","[""During #BlackHistoryMonth, we're highlighting 'Joy Pioneers'—folks who have paved the way for our communities to live in joy. While our Joy Pioneers may not have identified as survivors, their work + commitment to Black communities make our collective liberation possible. #metoo https://***su"", 'Visiting the Liberator General . . . #FromWhereIRide #cyclingshots #cyclingphotos #ridesnapshare #ihavethisthingwithbikes #Specialized #Crux #veloclub #veloclubcc #strava #stravacycling #WYMTM #MelBAAWn #StreetArt https://***x6', '#BlackLivesMatter #LoveWins #MeToo Roughly Half of americans have been civically active on #socialmedia in the past years ! @K***s @B***r @E***b https://***iw', '-']",-,content_A,post
t3907,u1155,2022-03-07 08:30:58+00:00,MeToo,M***s,-,"['在 #国际妇女节,我们要表扬面对中国日益缩窄的公民社会空间仍勇敢为人权挺身而出的女性人权斗士:女权及劳工运动者 #李翘楚、维权人士 #张展、独立记者 #黄雪琴,以及更多更多 🙌 阅读更多👇 李翘楚 https://***ub 张展 https://***MR #MeToo 改变中国?https://***Yt https://***wS', '#Ihaveadream #MLK #SaveUkraine #FreeUkraine #FreedomForUkraine #RussiaGoHome #GodBlessUkraine #Kyivunderattack #KyivUkraine #BraveUkraine #BraveUkrainians #BraveRussianDemonstrators https://***Gd', 'Police unions are modern day pimps. Police unions are sexual predator enablers. Police unions are thugs. Police unions can go to hell. Fuck patriarchy Fuck white supremacy Fuck police unions too. #MeToo #NDA #WomensHistoryMonth #PoliceToo #Breakthebluewallofsilence https://***mM', '-']",tweet_B,-,retweet
t2907,u2035,2022-02-16 16:31:53+00:00,MeToo,1***n,"It shouldn’t be like this, #JohnsonOut_23 is only dropping restrictions and stopping testing to appease the right wing #ERG and save his skin. #CovidIsNotOver #ToryCovidCatastrophe #Democide #CV #CEV #ihaveapreexistingcondition #IMatter https://***HQ","['It shouldn’t be like this, #JohnsonOut_23 is only dropping restrictions and stopping testing to appease the right wing #ERG and save his skin. #CovidIsNotOver #ToryCovidCatastrophe #Democide #CV #CEV #ihaveapreexistingcondition #IMatter https://***HQ', '#WorkforceWednesday: Whistleblower Regulations Increasing, #MeToo Bill Passes, Cyberfraud Risk Mitigation – Employment Law This Week® – JD Supra ChronLaw Employment Law News at https://***6P #EmploymentLaw #news #law #attorney #lawyer', 'Free booklet: ""Feminism as Fascism"" (a critique of the #MeToo campaign - #Feminism, #Fascism, #RadicalFeminism, #SCUMmanifesto, #SCUM, #Postmodernism, #ValerieSolanas, #Heterophobia, #SexualHarassment, #NotMe): https://***G2 https://***Jb', '-']",-,content_A,post
t2266,u3116,2022-01-27 19:33:38+00:00,MeToo,M***T,"Lauren Smith Fields should be alive today. Like many Black women, her story illustrates the distinct intersections of oppression that result in violence upheld by systems of misogyny and white supremacy. #metoo #JusticeForLaurenSmithFields https://***ef","['Lauren Smith Fields should be alive today. Like many Black women, her story illustrates the distinct intersections of oppression that result in violence upheld by systems of misogyny and white supremacy. #metoo #JusticeForLaurenSmithFields https://***ef', 'Και βέβαια ούτε η πανωλεθρία #ΑττικηΟδος, ούτε τα #2000_ευρω θα είναι αρκετά για να ξεχάσουμε ότι είμαστε #Με_την_Γεωργια και ότι περιμένουμε τις τοξικολογικές και όσα κατέθεσε ο Διαλυνάς #metoo #metooGR https://***hl', '#IWillNotWatch #Beijing2022! I support the #NoBeijing2022 alternative program of films, reading, listening about #Tibet, #Uyghurs, #HongKong and #China instead. Join Me - https://***Cx', '-']",-,content_A,post
t2758,u2459,2022-02-14 18:00:05+00:00,MeToo,F***s,"The #MeToo movement in France could play into the battle to unseat Emmanuel Macron in April's presidential election. The French president was elected with strong support from women, but that support has faltered 👇 https://***nA https://***Lx","[""The #MeToo movement in France could play into the battle to unseat Emmanuel Macron in April's presidential election. The French president was elected with strong support from women, but that support has faltered 👇 https://***nA https://***Lx"", 'Can you see the open door, today? #metooheal #ThrivingAfter #InspiringThriving #thriving #inspiration #healingjourney #healingtrauma #traumarecovery #traumahealing #traumasurvivor #survivor #survivorofabuse #selfhelp #abuserecovery #abusesurvivor #sexualabuse #childsexualabuse https://***sZ', ""@S***r @N***s Let's all remember who started these covid conversations while we're at it. #IwillNotWatch #NoBeijing2022 #BoycottBeijingOlympics #BoycottBeijing2022 #CCPLiedPeopleDied #CCPVirus #FreeUyghurs #FreeTibet #Xinjiang #ccp_is_terrorist #BoycottMadeInChina"", '-']",-,content_A,post
t2102,u1459,2022-01-06 22:03:40+00:00,MeToo,K***l,It may be goodbye @S***b but you won’t get rid of me that easily!! #IWillNeverLeave #BringTheMerry #ThanksToTheRealManagers https://***19,"['It may be goodbye @S***b but you won’t get rid of me that easily!! #IWillNeverLeave #BringTheMerry #ThanksToTheRealManagers https://***19', 'آرزو می کنم که این شعله ها طرحی نو در ذهنها دراندازد تا که حال سرزمینمان باز خوش شود #ps752justice #IWillLightACandleToo https://***kt', 'حیف از اون لبخندها که سوختند. #PS752 #IWillLightACandleToo https://***lI', '-']",-,content_A,post
t2616,u2443,2022-02-10 21:48:57+00:00,MeToo,D***n,Great to be collaborating on this project led by @L***a supported by the #iwillFund @i***n @C***n @i***o @C***1 @C***s @I***I @r***e &amp; a team of #youngpeople bereaved by #suicide. Co-design workshops start 22/02/22 https://***95,"['Day 6/16 of #Beijing2022 #Olympics #BoycottBeijing2022 #BoycottBeijingOlympics #NoGenocideGames #iwillnotwatch #NoBeijing2022 #NoRightsNoGames #UyghurGenocide #HongKongers #Tibet #FreeTibet #StopGenocide #Uyghurs #China #WinterOlympics2022 #IOC #WhereIsPengShuai #FreeHongKong https://***Fq', 'Great to be collaborating on this project led by @L***a supported by the #iwillFund @i***n @C***n @i***o @C***1 @C***s @I***I @r***e &amp; a team of #youngpeople bereaved by #suicide. Co-design workshops start 22/02/22 https://***95', ""L'Olanda avrà il suo commissario al #MeToo: si tratta di Mariette Hamer, ex leader del partito laburista. È la misura adottata dal governo per fronteggiare i recenti scandali sessuali https://***RF"", '-']",-,content_B,post
t3569,u1448,2022-02-27 14:35:42+00:00,MeToo,M***n,-,"['Very weird but super excited to see my #memoir translated into Italian for the first time! Sadly we know that my story of sexual violence is a global issue I hope it help others to find their voice too @j***s @H***i #Unbroken #metoo #Italy https://***ju', ""Salutations to that #narcissisticneighbor talking about me poking fun about my mother being here well she's here what seems to be the problem with that? Lol. Jealous about my relationship? Be well and God bless 🙌 🙏 ❤ #narcissisticabuse #mentalhealthawareness #MeToo #retweet"", '#F1 #FIA #skyF1 #espn #BBCSport #cnni #eu @a***1 #redbullracing #ROLEX #HP #Honda #TAGHeuer #Siemens #metoo #Oracle #pumamotorsport #istandwithlewis #netflix #whiteprivilege #whitewashing @w***l #ReleaseTheFIAreport #VoidLap58 #misogyny #warwickOUT https://***hD', '-']",tweet_C,-,retweet
t1922,u1580,2021-11-09 04:47:57+00:00,MeToo,A***x,"Let's celebrate the men in our lives for who they are! Tune in to the International #MensDay binge on November 19, all day long. #Men #gentleman #internationalmensday #mensrights #mentoo #meninist #equality #himtoo #masculinity #mensday #meninism #malepositivity #youareamazing https://***M5","['#IWILLNOTSUBSCRIBE', ""Let's celebrate the men in our lives for who they are! Tune in to the International #MensDay binge on November 19, all day long. #Men #gentleman #internationalmensday #mensrights #mentoo #meninist #equality #himtoo #masculinity #mensday #meninism #malepositivity #youareamazing https://***M5"", ""@C***g issue 4 is out! Featuring Journalist @a***2 exploring how the anonymous internet is allowing women to share stories of misogyny, harassment and assault, and to drive forward Pakistan's #MeToo reckoning https://***t7"", '-']",-,content_B,post
t2014,u0872,2021-12-11 04:13:52+00:00,MeToo,I***A,"Simon's stand - which may cost WTA millions of dollars - is in sharp contrast to the positions we usually see, as in the case of singer @C***i , who was punished by her own industry for speaking out #MeToo . We need more Steve Simons, I write https://***7q","[""Simon's stand - which may cost WTA millions of dollars - is in sharp contrast to the positions we usually see, as in the case of singer @C***i , who was punished by her own industry for speaking out #MeToo . We need more Steve Simons, I write https://***7q"", '« Un collectif agrégeant les mouvements nés au sein de différentes professions demande aux candidat·e·s à l’élection présidentielle d’entendre les victimes de harcèlement et de violences sexuelles et d’agir ». #MeToo \u2066@l***e\u2069 https://***hO', '“Many researchers who set foot on the island consider the opportunity a dream. But 16 women scientists interviewed for this story described a pattern of sexual misconduct by high-ranking men” — \u2066@N***h\u2069 reveals the Smithsonian’s #MeToo moment: https://***oj', '-']",tweet_B,content_A,reply
t2314,u1269,2022-02-01 14:28:26+00:00,MeToo,m***e,"MediaJustice is proud to present “That’s So Black,” a new series exploring how Black people created Internet culture, as part of #BlackHistoryMonth. Feb 8: ballroom slang Feb 15: new media as a form of community Feb 22: cultural organizing &amp; #MeToo Feb 28: Black Twitter &amp; news https://***Hk","['Following #MeToo what more needs to be done to tackle sexual harassment in the workplace? Join our panel event with @d***d of @r***n, Dame Heather Rabbatts of @T***K and Fawcett CEO @J***i. Details and registration ➡ https://***u1 https://***QK', 'They get it. 🥰 #FreedomtoVoteAct #JohnLewisVotingRightsAct #VotingRightsNow #VotingRights #Tomdaya #iwillharness https://***zj', 'MediaJustice is proud to present “That’s So Black,” a new series exploring how Black people created Internet culture, as part of #BlackHistoryMonth. Feb 8: ballroom slang Feb 15: new media as a form of community Feb 22: cultural organizing &amp; #MeToo Feb 28: Black Twitter &amp; news https://***Hk', '-']",-,content_C,post
t3512,u0693,2022-02-25 22:46:41+00:00,MeToo,K***s,"#RedRibbon, it looks like a #Fish. To add on, it's #Red which is also the #Colour of the #InfectedBlood, as well as, the #Color of the #Mighty #BloodofJesus. If you grew up singing the chorus (Matthew 4:19) ""#IWillMakeYouFishersOfMen"", you'd #SaveLives, after 🇨🇦#CanadaSavesYours.","['#RedRibbon, it looks like a #Fish. To add on, it\'s #Red which is also the #Colour of the #InfectedBlood, as well as, the #Color of the #Mighty #BloodofJesus. If you grew up singing the chorus (Matthew 4:19) ""#IWillMakeYouFishersOfMen"", you\'d #SaveLives, after 🇨🇦#CanadaSavesYours.', 'LATE DID YOU PIERCE, LITTLE BIRD [#MeToo]!.. #JerryLewis co-stars accuse late #star of #sexual abuse... “They said, ‘Well, how big is your pussy? #Jerry has a salami and will use it on a girl’,” #Taylor said. https://***Q4', 'When I was 10 yrs old .. I told him to stop and he put a pillow over my face suffocating me and he didn’t #MeToo https://***jX', '-']",tweet_C,content_A,reply
t3501,u2997,2022-02-25 19:12:48+00:00,MeToo,m***h,Livre à lire absolument. M’a convaincue que #Metoo et la libération de la parole des victimes au vu des disfonctionnements de la justice sont absolument nécéssaires. https://***xt,"['Livre à lire absolument. M’a convaincue que #Metoo et la libération de la parole des victimes au vu des disfonctionnements de la justice sont absolument nécéssaires. https://***xt', ""Thank you @j***r and @J***s for exposing the sexual harassment and cruel predation of Jerry Lewis. I'm so inspired by these powerful women for coming forward about the abuse they endured decades before a #MeToo movement was remotely imaginable. https://***FG"", ""@P***e #StopPutin's global terrorism already. ⏰ When people tell you they are — including how dangerous — believe them &amp; ACT! It must be #TimesUp for evil, violent &amp; abusive Putin. #StandWithUkraine + the world's people, democracies, societies &amp; earthly life! https://***c6"", '-']",-,content_A,post
t3302,u2118,2022-02-22 08:50:07+00:00,MeToo,R***T,"‘Ontslag van directeur bij @D***E was meer dan #MeToo. Hele affaire past in sinister Game of Thrones in de top van #DPGMedia in 2016’. Goede reconstructie @k***c, ook over zwijgende hoofdredacteuren en (wel) andere #media ‘de volle laag geven’. https://***lU","['‘Ontslag van directeur bij @D***E was meer dan #MeToo. Hele affaire past in sinister Game of Thrones in de top van #DPGMedia in 2016’. Goede reconstructie @k***c, ook over zwijgende hoofdredacteuren en (wel) andere #media ‘de volle laag geven’. https://***lU', '#MeToo!', 'Wrote 500 words on a Saturday night. Can you tell that #IHaveDeadlines? #IAmWriting', '-']",-,content_A,post
t2357,u2557,2022-02-03 11:59:15+00:00,MeToo,f***g,"This morning, @S***a activists joined the global #NoBeijing2022 protest with a symbolic photo action highlighting the CCP's human rights abuses and the IOC's complicity in these crimes. #IWillNotWatch #Beijing2022 https://***Nd","[""This morning, @S***a activists joined the global #NoBeijing2022 protest with a symbolic photo action highlighting the CCP's human rights abuses and the IOC's complicity in these crimes. #IWillNotWatch #Beijing2022 https://***Nd"", 'Well done @c***r #TimesUpTwitter ban #Nazi accounts today @P***y @T***r https://***xf', ""Ready willing and able, give us some proper support, doing our best we possibly can every day, ya wouldn't believe it #Sunderland #Youth #Iwill https://***J2 https://***RT"", '-']",-,content_A,post
t3666,u0338,2022-03-01 18:12:37+00:00,MeToo,s***y,Stop police sexual violence against Women. #MeToo #NDA #Breakthebluewallofviolence https://***j5,"['Stop police sexual violence against Women. #MeToo #NDA #Breakthebluewallofviolence https://***j5', '#F1 #FIA #skyF1 #espn #BBCSport #cnni #eu @a***1 #redbullracing #ROLEX #HP #Honda #TAGHeuer #Siemens #metoo #Oracle #pumamotorsport #istandwithlewis #netflix #whiteprivilege #whitewashing @w***l #ReleaseTheFIAreport #VoidLap58 #misogyny #warwickOUT https://***gz', 'Tarana J. Burke founded the #MeToo Movement to raise awareness about sexual assault &amp; help connect survivors with the resources they need. Her work extends beyond the hashtag, exemplified in all the changes this campaign has created. I am #InspiredByHer. https://***LJ', '-']",-,content_A,post
t3809,u2835,2022-03-04 00:42:42+00:00,MeToo,p***s,-,"['#MeToo/#TheyLied Settlements, Arbitration, and Rescission – Reason ChronLaw Alternative Dispute Resolution News at https://***YF #AlternativeDisputeResolution #news #law #attorney #lawyer', '🌞💞🌹✨💞💚💞✨💛💕.#WSLM 💞✨🌿📺🍃🎴💞🌿#LOVE🌹🌿💞✨🎶❤🙏🌹💃🌿💚#EveryDayPeople2022💙🌿🏃🌹✌❤🎶✨🍃...❤💰#MoneyMatters...✌...✨🍃💰✨💞🌿💛🌿💞✨💕💸...🌹💞🎶💛📻 #IHaveSpoken🎴💜🎶💞...#B4✨💞💙🎓😊💚🎩💞✨📺✨👀🎶🌿✨💸https://***p6', 'Indigenous voices, #MeToo and disrupting genre: how the tenth Stella longlist reflects its mission of creating change https://***PY via @C***U', '-']",tweet_B,-,retweet
t3307,u2653,2022-02-22 10:33:48+00:00,MeToo,F***e,The #gas price crisis is hitting the poorest and most marginalised in our society. Pouring more gas on the flames🔥will only make the problem worse - locking thousands into #fossilfuel dependency which they don't need nor want. It's time to #EndEnergyPoverty🛑#TimesUpForGas https://***3K,"['Dileep Plea Against Further Probe In Actress Assault Case: Kerala High Court Agrees To Hear Victim #dileep #actressassaultcase #metoo #malayalamcinema https://***DW', ""The #gas price crisis is hitting the poorest and most marginalised in our society. Pouring more gas on the flames🔥will only make the problem worse - locking thousands into #fossilfuel dependency which they don't need nor want. It's time to #EndEnergyPoverty🛑#TimesUpForGas https://***3K"", 'Black women have long borne the brunt of the worst impacts of US law. Attorney and women’s rights activist @F***s is making Black history by setting out to change that. We’re proud to support her work with @n***c and @T***F. #TIMESUP #BlackHistoryMonth', '-']",-,content_B,post
t3025,u1741,2022-02-18 04:42:41+00:00,MeToo,T***d,-,"['@K***t @t***e You are not alone! #MeToo', 'https://***UL RT-11 #Metooindia #FeminismIsCancer #Feminism #Patriarchy #GenderBiasedLaws #stopfeminism #feminist #fakefeminism #MensLivesMatter #SaveOurSons #InternationalMensDay #toxicfeminism #genderbiased #women #metoo #rape #womenempowerment #WomensRights #female', '@c***e The backlash against decades of historic systemic abuses - #metoo and USA Gymnastics/Nassar, USA Boy Scouts, Catholic Church, Weinstein, Wynn, Epstein, Maxwell - aka victims rights vis a via sex harassment, trafficking, exploitation and abuse, is on. #cosby #rkelly #maxwell', '-']",tweet_A,-,retweet
t3422,u3274,2022-02-24 01:11:49+00:00,MeToo,F***S,"#FirstThem👉🏾 Kassidy Sottilare, 27 a volunteer HS coach messaged a 14-year-old girl for sex. She is charged w/felonies against a student by an authority figure, traveling to meet a minor and driving w/a suspended license. #WeNeedToTalkAboutCosby #MeToo 🔗https://***K5 https://***2n","['#FirstThem👉🏾 Kassidy Sottilare, 27 a volunteer HS coach messaged a 14-year-old girl for sex. She is charged w/felonies against a student by an authority figure, traveling to meet a minor and driving w/a suspended license. #WeNeedToTalkAboutCosby #MeToo 🔗https://***K5 https://***2n', ""#BlackHistoryMonth Rare Footage Of All-Black Towns In The 1920's. #BHM #BLM #TheShadeRoom #WorldStar #PressPlay #Facebook #Instagram #Twitter #BlackTwitter #SocialMedia #Internet #NowThis #OnwardTogether #CivilRights #CivilRightsMovement #IHaveADream #MakingHistory #News https://***nF"", ""#PTSD #metoo life's kinda a joke. I wanna be a different person please and thank you https://***qB"", '-']",-,content_A,post
t3588,u1638,2022-02-28 00:39:06+00:00,MeToo,R***y,"Tarana J. Burke founded the #MeToo Movement to raise awareness about sexual assault &amp; help connect survivors with the resources they need. Her work extends beyond the hashtag, exemplified in all the changes this campaign has created. I am #InspiredByHer. https://***LJ","[""@R***K @C***a @S***5 @a***3 @s***1 @G***0 @t***r @T***_ @c***6 Reminds me of #Ambala's famous #PooranSinghKaAsliDhaba and its many #MeToo Prtenders on #GTRoad with similar claims. But what is is pleasing best outcome is healthy competition resulting in better taste for Patrons."", '@s***1 Yup me too..😬 #metoo like #andhrapradesh if it is with telangana 😭', 'Tarana J. Burke founded the #MeToo Movement to raise awareness about sexual assault &amp; help connect survivors with the resources they need. Her work extends beyond the hashtag, exemplified in all the changes this campaign has created. I am #InspiredByHer. https://***LJ', '-']",tweet_A,content_C,reply
t2204,u1646,2022-01-21 20:37:34+00:00,MeToo,k***a,Od dwóch mniej więcej lat główną sceną polskiego #MeToo pozostaje teatr https://***VK,"['Bravo vrouwen uit het bedrijf van John de Mol!! 👏🏼👏🏼👏🏼 #metoo https://***he', 'Od dwóch mniej więcej lat główną sceną polskiego #MeToo pozostaje teatr https://***VK', 'Καμία δικαιολογία για τη σεξουαλική βία. Καμία θολή γραμμή σε θέματα συναίνεσης. #metoogr #UNWomen #με_την_Γεωργια https://***mc', '-']",-,content_B,post
t1694,u1862,2021-04-08 15:44:50+00:00,MeToo,S***r,@n***s ne passez pas à côté de cet article #MeToo #metoo https://***cW,"['@n***s ne passez pas à côté de cet article #MeToo #metoo https://***cW', '""Talk to your boys"" - aus aktuellem Anlass kann man immer nur wieder empfehlen #MeToo #KonsequenzenFuerLuke https://***FB', 'Mon papier: Après un début peu propice en France en 2017, #MeToo rattrape une série d’hommes de pouvoir ces derniers mois https://***KV', '-']",tweet_A,content_A,reply
t2713,u2367,2022-02-13 23:10:45+00:00,MeToo,d***n,I’m sending love to @s***s today and wondering: Why are we still platforming unrepentant abusers? Does #MeToo matter? And if #BlackLivesMatter why did artists in the #SuperBowl HalfTimeShow take a knee with @K***7 only to rock the mic for an unrepentant NFL? https://***k6,"['I’m sending love to @s***s today and wondering: Why are we still platforming unrepentant abusers? Does #MeToo matter? And if #BlackLivesMatter why did artists in the #SuperBowl HalfTimeShow take a knee with @K***7 only to rock the mic for an unrepentant NFL? https://***k6', '#HonkHonk #FreedomConvoy #Unity #metoo #whyididntreport #whistleblowersmovement #bringthemtotheirkneez #awakening #love https://***1v https://***xl', 'Read the op-ed in @s***t from @w***m board member @S***s on how silencing harassment survivors allows illegal behavior in the workplace to continue for decades: https://***Gm #MeToo', '-']",-,content_A,post
t2572,u0231,2022-02-10 12:53:39+00:00,MeToo,a***v,"The bill was initially introduced in 2017 amid the rise of the #MeToo movement, which shined a light on these types of legal provisions in employment contracts that prevent victims from being able to sue in court, instead confining them to often secretive &amp; costly proceedings","['The bill was initially introduced in 2017 amid the rise of the #MeToo movement, which shined a light on these types of legal provisions in employment contracts that prevent victims from being able to sue in court, instead confining them to often secretive &amp; costly proceedings', 'Kaleidoscope Sky . . . #FromWhereIRide #cyclingshots #cyclingphotos #ridesnapshare #ihavethisthingwithbikes #Specialized #SWorks #tarmac #velo #instacycle #strava #stravacycling #WYMTM #MelBAAWn @ Kew, Victoria https://***oP', 'While a non-disclosure agreement prevents Carlson from discussing what happened, her action led to a 20-million dollar settlement and helped propel the #MeToo movement to national attention.', '-']",tweet_B,content_A,reply
t2542,u0325,2022-02-09 20:49:27+00:00,MeToo,F***k,"Pensée auj. pour le jeune communiste Guillaume Tran Thanh, paix à son âme, qui a mis fin à ses jours il y a 1 an, après avoir dénoncé le viol dont il a été victime, et subi le harcèlement des violeurs Rdv dim 13 fev 15h Paris Place du Châtelet #MeTooGay #JusticePourGuillaume https://***ZL","['With everything that is going on, its relevant to dig into the growing field of Love Studies, to explore as @E***d writes: ""issues of consent post #MeToo and how civil rights can be enacted in the bedroom, without repressing desire"" https://***E5 #medialove', 'House Approves #MeToo Bill Aimed at Workplace Sexual Harassment https://***um', 'Pensée auj. pour le jeune communiste Guillaume Tran Thanh, paix à son âme, qui a mis fin à ses jours il y a 1 an, après avoir dénoncé le viol dont il a été victime, et subi le harcèlement des violeurs Rdv dim 13 fev 15h Paris Place du Châtelet #MeTooGay #JusticePourGuillaume https://***ZL', '-']",-,content_C,post
t3624,u2408,2022-02-28 18:02:01+00:00,MeToo,s***n,"🤳🏽During #TeenDatingViolenceAwarenessMonth find FREE resources from the #MeToo collection to reflect on how to address issues of consent, #SexEducation, relationships and undoing a pervasive culture of silence . 📱 https://***pF 📲 @W***e @c***x @A***n https://***O4","['When the narcissist still and been triggering the carbon monoxide alarm, no one is cooking, the house is clean 👌 and very well ventilated triggering my dogs #anxiety #narcneighbor #MentalHealthMatters #MentalHealthAwareness #MeToo #harrassment #nosyneighbor #Karennextdoor', '@t***l @R***z Matt #Gaetz: ""We are retarding a social-emotional learning, #empathy and caring. We are raising a generation of little sociopaths who will act more like Menendez brothers"" https://***gS #GOP #Capitol #Election #Putin #Trump #Misconduct #MeToo https://***BK https://***ss', '🤳🏽During #TeenDatingViolenceAwarenessMonth find FREE resources from the #MeToo collection to reflect on how to address issues of consent, #SexEducation, relationships and undoing a pervasive culture of silence . 📱 https://***pF 📲 @W***e @c***x @A***n https://***O4', '-']",-,content_C,post
t2843,u0900,2022-02-15 18:05:23+00:00,MeToo,a***2,-,"['https://***EJ RT-11 #Metooindia #FeminismIsCancer #Feminism #Patriarchy #GenderBiasedLaws #stopfeminism #feminist #fakefeminism #MensLivesMatter #SaveOurSons #InternationalMensDay #toxicfeminism #genderbiased #women #metoo #rape #womenempowerment #WomensRights #female', 'https://***TW RT-11 #Metooindia #FeminismIsCancer #Feminism #Patriarchy #GenderBiasedLaws #stopfeminism #feminist #fakefeminism #MensLivesMatter #SaveOurSons #InternationalMensDay #toxicfeminism #genderbiased #women #metoo #rape #womenempowerment #WomensRights #female', '@W***s @W***R WOW! #Boston #Massachusetts #wbur #Radio PROMOTING AND GIVING PROPS &amp; ADMIRATION TO #rapist #cosby THE #Leftists #Democrats #Liberals ARE #Criminals &amp; #Hollywood #honors and PROMOTES THEM. WHY NO ONE LISTENS #MeToo WHERE IS @M***T ????? https://***SB', '-']",tweet_C,-,retweet
t3835,u2249,2022-03-04 14:22:41+00:00,MeToo,A***o,Over at Sapiens: #MeToo Anthropology and the Case Against Harvard by Holly Walters https://***yi,"['@M***9 @j***a @O***s Ummm..he did nothing wrong..then they tried with others..even Biden..got Cuomo..they used #Metoo', 'Weibo banned several accounts and removed posts, and state media even acknowledged the trend. But to report on this is not seen as highlighting misogynistic tendencies on a Chinese social platform, but an attack against the Chinese state itself.', 'Over at Sapiens: #MeToo Anthropology and the Case Against Harvard by Holly Walters https://***yi', '-']",-,content_C,post
t0307,u0016,2020-01-13 11:10:38+00:00,MeToo,c***a,Radical Practice Conference 2020 is on! Lets reimagine 21st Century Design Practice. #SurveillanceCapitalism #HousingCrisis #Brexit #Automation #OpenData #ClimateEmergency #MeToo #GreenNewDeal #AlgorithmicJustice @R***e @D***s https://***Ek,"['The latest Dynamic Leadership This Week! https://***SU #workhappy #metoo', 'Radical Practice Conference 2020 is on! Lets reimagine 21st Century Design Practice. #SurveillanceCapitalism #HousingCrisis #Brexit #Automation #OpenData #ClimateEmergency #MeToo #GreenNewDeal #AlgorithmicJustice @R***e @D***s https://***Ek', 'Nothing makes me feel older than trying to figure out new-fangled electronics whilst wearing my reading glasses. #IWillBeWalkingWithACaneSoon', '-']",-,content_B,post
t3037,u0177,2022-02-18 07:35:09+00:00,MeToo,F***n,"“I spoke the truth in public interest and in the context of the #MeToo movement.” — Priya Ramani @m***o on a trial that pushed India’s (archaic, male-centric) jurisprudence to its limits. https://***T8","['https://***kM RT-11 #Metooindia #FeminismIsCancer #Feminism #Patriarchy #GenderBiasedLaws #stopfeminism #feminist #fakefeminism #MensLivesMatter #SaveOurSons #InternationalMensDay #toxicfeminism #genderbiased #women #metoo #rape #womenempowerment #WomensRights #female', 'Talking to kids about MLK, Jr. #MLK #IHaveADream https://***m1', '“I spoke the truth in public interest and in the context of the #MeToo movement.” — Priya Ramani @m***o on a trial that pushed India’s (archaic, male-centric) jurisprudence to its limits. https://***T8', '-']",-,content_C,post
t3407,u2805,2022-02-23 19:27:59+00:00,MeToo,s***0,@t***g @T***r I am with you Tara #TimesUpTwitter #EndHate,"['Thank u! wish I had known! this is what my abusive ex, my mother n his friends/family had planned from the start of our 20yr marriage! devastating Judges gave him everything—he even took my dog! constant brutality now I’m #roughsleeping cops stand by laugh! #femicide #MeToo https://***h1', '#metoo', '@t***g @T***r I am with you Tara #TimesUpTwitter #EndHate', '-']",tweet_B,content_C,reply
t2261,u2363,2022-01-27 15:00:00+00:00,MeToo,K***y,Would you know how to be an active bystander? Take our free online 'Consent Matters' course today to find out more. Course Link: https://***D. #me #timesup #consentmatters @k***u @K***n https://***Fi,"[""Would you know how to be an active bystander? Take our free online 'Consent Matters' course today to find out more. Course Link: https://***D. #me #timesup #consentmatters @k***u @K***n https://***Fi"", ""Where is #PengShuai and the Chinese journalist, women's rights- and #metoo activist #SophieHuang? https://***9Z"", 'Has anyone successfully managed to report sexual or physical abuse from #NHS staff without giving up due to how difficult they make it? #Metoo @p***S', '-']",-,content_A,post
t2577,u1818,2022-02-10 13:42:51+00:00,MeToo,H***n,"For years, my friends told me I was too hard on the bystander professors, who knew I was being abused and did nothing to help me. The professors who left me alone with him because I was a liability, a bad victim. Acknowledging my situation was too dangerous. #MeToo #MeTooPhD","['I stand with survivors of Harvard Anthropology; I’m so deeply disappointed by the actions of faculty who should have known better than to sign a letter of support — the damage is done — have we learned nothing from #metoo? https://***Er', '@_***s @a***y Boo. Hoo. How many years of #MeToo do these Harvard academics need to be exposed to before they stop and think maaaaybe they don’t have all the answers and ought to wait?', 'For years, my friends told me I was too hard on the bystander professors, who knew I was being abused and did nothing to help me. The professors who left me alone with him because I was a liability, a bad victim. Acknowledging my situation was too dangerous. #MeToo #MeTooPhD', '-']",-,content_C,post
t3980,u1162,2018-02-15 03:28:12+00:00,MeToo,p***r,-,"['Más viajes. Más planes. Más vida. #Iwillsurvive ✌🏼 #DiaInternacionalDelCancerInfantil #CancerInfantil https://***Pm', 'Machteld De Metsenaere - Lecture ""#MeToo Revisited"" + panel discussion! On Monday 5th March, 18h https://***z0 #vubgenderweek', 'Remove the time-limit on sexual harassment claims - Sign the Petition! https://***eE via @U***e #TimesUp #MeToo', '-']",tweet_A,-,retweet
t3664,u0181,2022-03-01 17:31:14+00:00,MeToo,E***C,@H***o @E***y @E***C @H***o are committed to growing their campaign with the aim of fostering an ethos in football in which women are welcomed and respected equally 👏 Find our more about the #HerGameToo movement here! https://***SZ,"['@H***o @E***y @E***C @H***o are committed to growing their campaign with the aim of fostering an ethos in football in which women are welcomed and respected equally 👏 Find our more about the #HerGameToo movement here! https://***SZ', 'Author who survived child abuse teaches her experience to help others. #superheroalert #metoo @L***7 &lt;3 https://***8X', '#JesusLeeft! ✝️ 🌈🕊️ #jesuslovesyou #Paulus #doorn #vlees #everyone #sinners #pray #turningpoint #marriagecontract #pride #ego #ega #sex #love #plato #SOULmission #soul #soulless #platonisch #Jodiumtabletten #gr2022 #vaccin #pfizer #mondkapjes #knettergek #massa #metoo ⏳🙏 https://***2w', '-']",tweet_B,content_A,reply
t1688,u1946,2021-03-29 13:25:04+00:00,MeToo,A***e,"Super Womxn: Jessica Altchiler Super Power: COMPASSION “Jess was not only brave enough to not only share her #metoo story, but she takes concrete steps toward changing the status quo. With Jess’ strength and compassion, the future is bright.” -Austin Sora, Development Associate https://***P1","['Super Womxn: Jessica Altchiler Super Power: COMPASSION “Jess was not only brave enough to not only share her #metoo story, but she takes concrete steps toward changing the status quo. With Jess’ strength and compassion, the future is bright.” -Austin Sora, Development Associate https://***P1', '#underarmour #mapmyfitness #underarmourwomen #stayactive #behealthy #movementislife #walk #jog #selfcare #selflove #protectthishouse #iwill #qthazeleyes #qthazeleyes2021 #noexcuses #wonderwoman #amazonwarrior https://***r6', '#musica #music #piano #pianobranco #bateria #yanntiersen #quarentena #bauru #covid_19 #pianocover #pop #auladepiano #auladepianoonline #desafiodaquarentena #safe #klavier #auladepianoembauru #setfiretotherain #iwillsurvive #iwillwin #amazing #fritzdobbert #adele https://***QN', '-']",-,content_A,post
t2554,u1807,2022-02-10 03:07:14+00:00,MeToo,c***e,Looking forward to the SNL skit on the #harvardletter debacle. https://***tH,"['Looking forward to the SNL skit on the #harvardletter debacle. https://***tH', 'Join us TOMORROW at 6:30 PM ET as we Count It All Joy + explore the full continuum of emotions. @J***e, Amaya Langley, and MawuLisa Thomas-Adeyemo will lead us in a robust inter-generational convo on the transformative power of joy https://***Ey #metoo https://***98', 'With bipartisan support, both House &amp; Senate pass the bill that Jim Jordan argued against banning forced arbitration for sexual harassment &amp; assault claims. Jordan wants to protect the perpetrators. Congress passes landmark #MeToo bill https://***eL', '-']",-,content_A,post
t1775,u1421,2021-06-30 17:47:05+00:00,MeToo,J***z,"I guess we now know the answer to whether #MeToo went too far, for all the op-ed columnists who kept asking.","['I guess we now know the answer to whether #MeToo went too far, for all the op-ed columnists who kept asking.', 'PLEASE NOTE! 👇🏾👇🏾👇🏾#MeToo', 'Interesting that prosecutors were allowed to introduce 1 prior bad acts witness in Cosby’s first trial. After #metoo the same judge allowed 5.', '-']",-,content_A,post
t3833,u1212,2022-03-04 13:45:04+00:00,MeToo,j***r,"Bless the Lord, O my soul. Worship His Holy Name. #PraiseHisName #IWillBlessTheLord https://***wA","['\u2066@c***e\u2069 Chancellor Castro resigns after \u2066@U***Y\u2069 investigation. That’s right - allowed to resign again...not fired. What college is he going to next? I’m sure a lot of SH survivors from #CalState would like to know. #AcademiaToo #MeToo https://***wl', 'Bless the Lord, O my soul. Worship His Holy Name. #PraiseHisName #IWillBlessTheLord https://***wA', 'I’m more offended as a coffee lover! I feel like coffee has been #metooed here. #NSNG https://***YD', '-']",-,content_B,post
t3981,u1239,2018-02-22 18:19:41+00:00,MeToo,S***y,-,"[""A @p***y column by @s***d notes a strong correlation between suicide &amp; experiencing sexual trauma &amp; warns that a #MeToo backlash could detract from the issue's seriousness. https://***to"", 'Kanske kan samma taktik som gjorde #Metoo framgångsrik fungera även mot vapenlobbyn. Något känns annorlunda denna gång. https://***aM https://***Va', 'No, la víctima jamás es la culpable. No seas parte del problema #TimesUp https://***n0', '-']",tweet_C,-,retweet
t2265,u2222,2022-01-27 19:27:46+00:00,MeToo,A***w,-,"['Hi, I’m Jenneh. I’m a 35 year old RN with a heart condition and lupus— which make me high risk for Covid complications. I’m what chronic illness looks like. #IHaveAPreexistingCondition https://***42', '#NeverAgain #HolocaustMemorialDay #TimesUpTwitter ban #Nazi accounts now. @P***y @T***r https://***0n', 'Hi, I’m Kathleen, a 39 yo startup founder serving the cancer community. After my Ewing’s treatment, one of my lungs collapsed + I have heart conditions that put me at high risk for Covid. @h***o and I are sharing #IHaveAPreexistingCondition so we aren’t forgotten about. https://***Vh https://***LE', '-']",tweet_C,-,retweet
t3119,u0980,2022-02-19 16:32:41+00:00,MeToo,L***s,"[VIDEO] #WorkforceWednesday: Whistleblower Regulations Increasing, #MeToo Bill Passes, Cyberfraud Risk Mitigation - Employment Law This Week® https://***L9 | by @e***w","['Hey there @E***E @M***a now would be a great time to implement a policy for customers affected by domestic abuse #CorporateAccountability #CorporateResponsibility #DoSomething #victimblaming #SurvivorShaming #MeToo #CoerciveControl #FinancialAbuse #DomesticAbuse #Day1013', '[VIDEO] #WorkforceWednesday: Whistleblower Regulations Increasing, #MeToo Bill Passes, Cyberfraud Risk Mitigation - Employment Law This Week® https://***L9 | by @e***w', 'If we want to see real change, we need accountability. We deserve it and we demand it. #MeToo https://***rz', '-']",-,content_B,post
t2347,u0673,2022-02-02 19:45:00+00:00,MeToo,T***x,"#Entérate | Tras fallarle con Salmerón, @l***_ propondrá a Jesusa Rodriguez como nueva embajadora de México en España. #TheBúnkerMX #AcosoSexual #MeTooAcadémicos https://***MY","['Time’s Up for Hollywood Hypocrites #timesup https://***7A', '\u2066@J***J\u2069 ... C’mon you SPURS!!! #metoo! https://***OA', '#Entérate | Tras fallarle con Salmerón, @l***_ propondrá a Jesusa Rodriguez como nueva embajadora de México en España. #TheBúnkerMX #AcosoSexual #MeTooAcadémicos https://***MY', '-']",-,content_C,post
t3880,u1203,2022-03-05 16:04:13+00:00,MeToo,o***s,At the #MillionWomenRise march from Charing Cross Police Station to Scotland Yard against #InstitutionalSexism. We joined with our message against #spyscops #metoo End male violence against women. #InternationalWomensDay #IWD2022 #MWR https://***Ei,"['🌕💞🌹✨💞💚💞✨💛💕.#WSLM 💞✨🌿📺🍃🎴💞🌿#LOVE🌹🌿💞✨🎶❤🙏🌹💃🌿💚#EveryDayPeople2022💙🌿🏃🌹✌❤🎶✨🍃...❤💰#MoneyMatters...✌...✨🍃💰✨💞🌿💛🌿💞✨💕💸...🌹💞🎶💛📻 #IHaveSpoken🎴💜🎶💞...#B4✨💞💙🎓😊💚🎩💞✨📺✨👀🎶🌿✨💸https://***44', 'At the #MillionWomenRise march from Charing Cross Police Station to Scotland Yard against #InstitutionalSexism. We joined with our message against #spyscops #metoo End male violence against women. #InternationalWomensDay #IWD2022 #MWR https://***Ei', '@f***3 #MeToo', '-']",-,content_B,post
t3264,u0940,2022-02-21 15:30:30+00:00,MeToo,m***r,ICYMI. A powerful dissection of how senior academics wield feudal power (or try to) over junior colleagues. So no surprise this one supported John #Comaroff. https://***1t,"['ICYMI. A powerful dissection of how senior academics wield feudal power (or try to) over junior colleagues. So no surprise this one supported John #Comaroff. https://***1t', ""👉 It's been four years since Westminster was rocked by allegations of bullying and harassment in the wake of the #MeToo scandal 🙅♂️But MPs say more work still needs to be done to fix the culture in Parliament — @g***y reports 🧵/1 https://***2d"", 'Παναγιώτα Βλαντή: «Με τον ρόλο της Σιλβή χαλάρωσα για πρώτη φορά στη ζωή μου» https://***Rv #afterdark #news #media #SHOWBIZ #showtime #actress #interview #MeToo #metooGR #asemasremama #TVSeries', '-']",-,content_A,post
t2307,u0137,2022-02-01 06:34:29+00:00,MeToo,D***4,"Women, the Powerless Sex? #metoo and Us (1) https://***xH via @P***y I wrote this 2018, but it might still be worthwhile von 2018, aber evtl. noch interessant Deutsch &amp; English Teil / Part 1","['Women, the Powerless Sex? #metoo and Us (1) https://***xH via @P***y I wrote this 2018, but it might still be worthwhile von 2018, aber evtl. noch interessant Deutsch &amp; English Teil / Part 1', 'Tomorrow @E***y will vote on whether or not to give *priority status* (= faster permits, access to EU cash) to: 3️⃣0️⃣ massive fossil gas projects in Europe We need our elected representatives to vote NO to the 5th #PCIlist &amp; further #climate chaos! #TimesUpForGas https://***XA', ""@E***t /Kessler. And yes it's the most nuanced take of #metoo that I've seen"", '-']",-,content_A,post
t3894,u2975,2022-03-06 03:45:14+00:00,MeToo,i***s,"#MeToo disclosure shocks Kerala again, this time a tattoo artist https://***Q9","['Kochi tattoo artist accused of groping, sexually assaulting several women Several accounts reveal alarmingly similar patterns of being sexually harassed and assaulted by Sujeesh who runs Inkfected. @H***1 @g***i report #MeToo https://***b7', '#IBelieveTaraReade #IstandWithTaraReade', '#MeToo disclosure shocks Kerala again, this time a tattoo artist https://***Q9', '-']",-,content_C,post
t2529,u3123,2022-02-09 16:12:26+00:00,MeToo,K***i,"Il y a un an,Guillaume,militant communiste, mettait fin à ses jours, trois semaines après avoir eu le courage de parler de son viol. Aujourd'hui,nous avons une pensée pour sa famille et ses proches, et nous honorons sa mémoire et réclamons toujours #JusticePourGuillaume #MeTooGay https://***Tv","[""This is wrong at so many levels. This should have been a news headline. Sad to see that how a male's #Metoo is of less importance than a Female's #Metoo @s***m needs to be questioned. A known media company like @S***p can't simply get away with this. https://***bq"", ""Il y a un an,Guillaume,militant communiste, mettait fin à ses jours, trois semaines après avoir eu le courage de parler de son viol. Aujourd'hui,nous avons une pensée pour sa famille et ses proches, et nous honorons sa mémoire et réclamons toujours #JusticePourGuillaume #MeTooGay https://***Tv"", 'Watching the shit-show that is #comaroffgate unfold. It *always* goes back years, and institutions always turn out to have failed the vulnerable. &amp; I always have the same question: Where TF was everyone else?? (actual question).', '-']",-,content_B,post
t3791,u0109,2022-03-03 19:53:13+00:00,MeToo,R***a,-,"['#mentoo #ABLANARI #niruparoy #fakecases #womenempowerment #legalterrorism #legalextortion #498A #dowrylawmisuse #Feminism #toxicfeminism #feminazi #metooindia #fraudwatch #blackmail #genderequality #GenderBiasedLaws #crimebywomen #CrimeHasNoGender @M***D @C***j https://***7K', 'Το τελευταίο μήνυμα του άνδρα που πυροβόλησε την πρώην σύντροφο του και μετά αυτοκτόνησε στη Θεσσαλονίκη #Θεσσαλονικη #γυναικοκτονια #metooGR https://***oe', '@S***C A1. #Ageism is also one of the forms of discrimination that still seems to be tolerated. In recent years, there have been big steps make in calling out racism #BlackLivesMatter and misogyny #MeToo. But we are still too dismissive and mocking of elders. #AgeWithRights', '-']",tweet_A,-,retweet
t3033,u0403,2022-02-18 06:49:10+00:00,MeToo,h***8,-,"['From @A***P: Congress approves sex harassment bill in #MeToo milestone: https://***Xj #Congress #gender #MeToo #sexualassault @j***9', '#Congress Passes #Metoo Bill to Nullify Forced #Arbitration of Workplace #SexualHarassment Claims https://***mG @U***L', '#Τουρκία https://***3j #MeToo #salonikaplus #sasmos #agriesmelisses #radioarvyla #MasterChefGR #superkaterina #eleni #TheChaseGR #survivorgr #The2NightShow #metooGR #shoppingstar #gitiselias #Θεσσαλονίκη #metoogreece #ΕΛΛΑΔΑ #kalytera #λιγναδης #κορονοιος #πατρα #Ρουβας', '-']",tweet_B,-,retweet
t0001,u0635,2018-06-05 16:18:12+00:00,MeToo,R***t,#RIEurope - “will this be buried or will genuine social change happen”. Our panel on #MeToo and gender diversity in corporates. https://***aP,"['Karolina Skalska and Jeremiasz Dados, from our Polish editorial board, have provided us with this inspired video to tell girls everywhere not to be afraid of the stereotypes and to do what they want to do!! #gendergap #metoo', 'Research on being a woman in the virtual world by @t***d calls for the equivalent of Google’s #AI ethics committee for #VR. Because, as the #MeToo movement has shown, systemic toxicity is dismantled by industry structures, not individuals https://***mB', '#RIEurope - “will this be buried or will genuine social change happen”. Our panel on #MeToo and gender diversity in corporates. https://***aP', '-']",-,content_C,post
t1896,u2830,2021-10-26 14:33:30+00:00,MeToo,n***e,It's always okay to reach out. Join me and NAMI@U***B in the #IWillListen campaign at https://***S. Thanks to NAMI Metro Baltimore for bringing us campus ambassadors together to spread the word! https://***zG,"[""It's always okay to reach out. Join me and NAMI@U***B in the #IWillListen campaign at https://***S. Thanks to NAMI Metro Baltimore for bringing us campus ambassadors together to spread the word! https://***zG"", ""Muchas gracias @p***s @m***a por publicar un extracto de 'Acoso. #MeToo en la ciencia española'. Saldrá a la venta mañana en librerías https://***RD"", 'A new six-part podcast series delves into cases of sexual misconduct in universities. Women describe sexual harassment by professors and lecturers ranging from drunken sexist abuse to emotional manipulation and control. #NotOK Listen: https://***X0 https://***gV', '-']",-,content_A,post
t2724,u1849,2022-02-14 05:06:18+00:00,MeToo,r***1,#CorpMedia #Idiocracy #Oligarchs #MegaBanks vs #Union #Occupy #NoDAPL #BLM #SDF #DACA #MeToo #Humanity #DemExit #FeelTheBern America's political establishment isn't in the least troubled by voters' semi-literate paranoia; they're banking on it... https://***51 https://***p0,"[""Do you ever feel it's time to 'burn it all down'? https://***zl #destruction #empath #affirming #pastor #worship #exvangelical #churchtoo #beliefs #faith #christian #trauma #mentalhealth #healing #selflove #growth #lgbtq #christians #queer #gaychristian https://***x0"", 'Hi @E***E @M***a now would be a great time to implement a policy for customers affected by domestic abuse #CorporateAccountability #CorporateResponsibility #DoSomething #victimblaming #SurvivorShaming #MeToo #CoerciveControl #FinancialAbuse #DomesticAbuse #Day1008', ""#CorpMedia #Idiocracy #Oligarchs #MegaBanks vs #Union #Occupy #NoDAPL #BLM #SDF #DACA #MeToo #Humanity #DemExit #FeelTheBern America's political establishment isn't in the least troubled by voters' semi-literate paranoia; they're banking on it... https://***51 https://***p0"", '-']",-,content_C,post
t3756,u0556,2022-03-03 03:49:21+00:00,MeToo,G***h,"LAWSPLAINNING THE INTERWEBS WITH ⚖Nick Rekieta @R***a🥃 🔴LIVE #Wisconsin #Sexytime #Murder | #MarilynManson Sues Over #MeToo| #TheGUNT, #EthanRalph's #RestrainingOrder #TouchDOWN! #OnPaper? #UNBREADED! #Murdidlyurder? #LawsplainingTheInterwebs https://***QA https://***Y1 https://***cb","[""LAWSPLAINNING THE INTERWEBS WITH ⚖Nick Rekieta @R***a🥃 🔴LIVE #Wisconsin #Sexytime #Murder | #MarilynManson Sues Over #MeToo| #TheGUNT, #EthanRalph's #RestrainingOrder #TouchDOWN! #OnPaper? #UNBREADED! #Murdidlyurder? #LawsplainingTheInterwebs https://***QA https://***Y1 https://***cb"", '@C***s The credibility of all victims—especially female victims—has been immeasurably harmed. The moment people started shouting to believe women, that belief was abused.', 'On the \'stack: ""Ironically, movements like the 2017 #MeToo insurgency merely enhance the policing of sex when what we need is greater insight into the nature of power."" https://***QL', '-']",-,content_A,post
t1667,u1405,2021-03-08 10:38:05+00:00,MeToo,F***s,1/2 This #InternationalWomensDay we honour all those women around the world who have stood up to help end McDonald's Sexual harassment problem. #MeToo #IWD2021 https://***s7,"['Recent events #Tulane #DrDennar #jama_currentpodcast #OHSU sexual assault and #TIMESUPHC -&gt; manifestations of systemic and institutional #racism and #sexism that pervades our health care and education system. Reinforces my belief that...', 'I want to decree to all of you who are thanking God this morning, no more obstruction to your greatness in Jesus Name. Thanksgiving Service March 2021 Special Holy Ghost Service #IWillLiftUpMyEyes #GodBlessYou3 #HGSAt35', ""1/2 This #InternationalWomensDay we honour all those women around the world who have stood up to help end McDonald's Sexual harassment problem. #MeToo #IWD2021 https://***s7"", '-']",-,content_C,post
t2042,u2197,2021-12-22 21:01:42+00:00,MeToo,p***n,"#iPain AWARENESS - iPain “chronic awareness” projects reach around the world. Music Moves Awareness, painPOP, Comic Pain Relief, CRPS Quilts &amp; go orange for NERVEmber https://***Qz #iPain #IHaveTheNerveToBeHeard #IndividualizedHealthCare! Join us! https://***zl","[""On #Gravitas with @p***u: + Markets slide, #Omicron surges + China #MeToo: Peng Shuai's U-turn + Saudi rave party + Pakistan's self goal in #Afghanistan meet + Password anxiety https://***x5"", 'Hey #LawTwitter #AcademicTwitter hivemind: who are the most exciting scholars (including grad students) writing on law reform and #MeToo today? 💥', '#iPain AWARENESS - iPain “chronic awareness” projects reach around the world. Music Moves Awareness, painPOP, Comic Pain Relief, CRPS Quilts &amp; go orange for NERVEmber https://***Qz #iPain #IHaveTheNerveToBeHeard #IndividualizedHealthCare! Join us! https://***zl', '-']",-,content_C,post
t3662,u0779,2022-03-01 16:39:56+00:00,MeToo,S***5,-,"['@j***7 I suspect silence would hurt. Perhaps it changes over time. #metoo felt really powerful at first, but these days I find it a depressing way to avoid saying sexual assault or sexual harassment', 'Nobody who mutilates their children would call it that... 8 Feb https://***4y (The Right to an intact body is for ALL.) #BornPerfect #circumcision #genitalmutilation #genitalcutting #perversion #fraud #abuse #IDidNotConsent @G***M @i***n @i***a #MeToo https://***cA', '#F1 #FIA #skyF1 #espn #BBCSport #cnni #eu @a***1 #redbullracing #ROLEX #HP #Honda #TAGHeuer #Siemens #metoo #Oracle #pumamotorsport #istandwithlewis #netflix #whiteprivilege #whitewashing @w***l #ReleaseTheFIAreport #VoidLap58 #misogyny #warwickOUT https://***hs', '-']",tweet_C,-,retweet
t2205,u0719,2022-01-21 22:30:16+00:00,MeToo,F***t,Heel Nederland is op #metoo wou bijna zeggen #metoo maar dan zou ik liegen en dat mag niet van mijn moeder. Ohja het is nog fftjes #terugvolgvrijdag,"[""HALO SMUDGE: With Activision, Microsoft didn't just buy a video game giant. It gets another sexual misconduct scandal - story today with @d***s https://***Gp via @b***y #MeToo #Metaverse #Governance"", 'À la une de ""Marianne"" cette semaine 🏭 Alexis Kohler, l\'homme qui a dépecé la France 👩 Dossier : les oubliées de #MeToo. La vague a-t-elle touché toutes les femmes ? 🎬 Entretien avec Guillermo del Toro. Son film ""Nightmare Alley"" en salle aujourd\'hui 👉 https://***vL https://***Iw', 'Heel Nederland is op #metoo wou bijna zeggen #metoo maar dan zou ik liegen en dat mag niet van mijn moeder. Ohja het is nog fftjes #terugvolgvrijdag', '-']",-,content_C,post
t3475,u0336,2022-02-25 07:54:16+00:00,MeToo,V***e,"🎙️Aujourd'hui, on parlera recherche et abus de pouvoir avec @a***p pour l'émission Recherche En Cours, en direct de 10h à 11h sur radio @A***M 93.1 #MeTooRecherche","['📷 https://***nl #rollyourown #blunts #bluntsfordays #bluntlife #joint #cannabis #weed #cigarette #ryo #cannabiscommunity #cannabissociety #iwillmarrymary #higherthanmost... https://***XP', ""🎙️Aujourd'hui, on parlera recherche et abus de pouvoir avec @a***p pour l'émission Recherche En Cours, en direct de 10h à 11h sur radio @A***M 93.1 #MeTooRecherche"", 'I Will Buy House #Portland-trustworthy #homebuyers that keeps working during the pandemic https://***gX #IWillBuyHouse https://***oJ', '-']",-,content_B,post
t2805,u2071,2022-02-15 11:13:31+00:00,MeToo,m***a,1 - There is no #Islam &amp; #Honour in Honour Killing ! @W***n @Z***o &amp; @X***t explain: https://***OK | #Women #Woman #Rape #HonourKilling #MinarePakistan #Misogyny #Molestation #SexualHarassment #EveTeasing #MeToo #QandeelBaloch https://***DP,"['1 - There is no #Islam &amp; #Honour in Honour Killing ! @W***n @Z***o &amp; @X***t explain: https://***OK | #Women #Woman #Rape #HonourKilling #MinarePakistan #Misogyny #Molestation #SexualHarassment #EveTeasing #MeToo #QandeelBaloch https://***DP', 'There are countless perpetrators still in positions of power over children + young people simply because they beat the clock on the statute of limitations. And countless survivors are unable to seek justice and healing. #MeToo (4/)', '@W***s @W***R WOW! #Boston #Massachusetts #wbur #Radio PROMOTING AND GIVING PROPS &amp; ADMIRATION TO #rapist #cosby THE #Leftists #Democrats #Liberals ARE #Criminals &amp; #Hollywood #honors and PROMOTES THEM. WHY NO ONE LISTENS #MeToo WHERE IS @M***T ????? https://***SB', '-']",tweet_A,content_A,reply
t3970,u0935,2017-12-08 00:03:49+00:00,MeToo,m***n,In which we have certainly gone too far. Al Franken’s Resignation and the Selective Force of #MeToo https://***0K,"['Time magazine named the women who shared stories about sexual harassment and abuse through the #MeToo campaign — ""The Silence Breakers"" — its 2017 Person of the Year https://***Uo', '#metoo and #Amen https://***ng', 'In which we have certainly gone too far. Al Franken’s Resignation and the Selective Force of #MeToo https://***0K', '-']",-,content_C,post
t2228,u0200,2022-01-24 14:32:26+00:00,MeToo,M***e,"""Stay consistent, be focused, be intentional to make sure your priorities are in alignment because you are in the perfect breeding ground &amp; incubator for preparing men to make an impact in the world."" - Rev. Dr. @t***y '98 #Ihaveonlyjustaminute Watch: https://***Ut https://***4Z","['@G***e #IHaveNotSeen Grease, Pretty In Pink, The Breakfast Club, Dirty Dancing, etc. etc.', 'Tell me a thing in your life that is absolutely Octate. Photos are very helpful. Please use hashtag #Octate', '""Stay consistent, be focused, be intentional to make sure your priorities are in alignment because you are in the perfect breeding ground &amp; incubator for preparing men to make an impact in the world."" - Rev. Dr. @t***y \'98 #Ihaveonlyjustaminute Watch: https://***Ut https://***4Z', '-']",-,content_C,post
t1902,u0200,2021-11-01 14:02:41+00:00,MeToo,M***e,"Today's informative and hopeful #IHaveOnlyJustAMinute message comes from Rev. Cory C. Jenkins, M.Div. '03 (@c***s) of Cleveland, OH. Watch here: https://***WD https://***K7","['Former New York Gov. Andrew Cuomo has been charged with misdemeanor sex crime via @J***c I speak about sexual harassment in Season 1- Episode 5 of Pod Your Heart Out podcast . #coaching #leadershipdevelopment #metoo #sexualharassment #cuomo #mentalhealth #hr #coach https://***FQ', ""Today's informative and hopeful #IHaveOnlyJustAMinute message comes from Rev. Cory C. Jenkins, M.Div. '03 (@c***s) of Cleveland, OH. Watch here: https://***WD https://***K7"", 'Chinese media are muted on the #MeToo movement, but the Communist Party is taking up some feminist causes. The Intelligence podcast considers the paradox of women’s rights in modern China. https://***Ni via @a***t', '-']",-,content_B,post
t2955,u1972,2022-02-17 05:49:06+00:00,MeToo,m***9,The Inspiring Story Of How One Former Neo Nazi Was Invited To Speak On #MLKDAY By Martin Luther King Jr. Daughter #DoctorBerniceKing. Pt3. (It's Never Too Late To #Change) #IHaveADream #Hope #Faith #Love #MSNBC #CNN #FoxNews #ViralVideos #CivilRights #MrBlackCat1069 #BLM https://***Fl,"['We should insist on transparency from our partners in this endeavor- no sweetheart financing deals for the guy who just bought the most expensive home in DC history until he/the NFL release the Wilkinson Report #BelieveWomen https://***6. https://***IO', 'Ignore those critics and stay focused. You are doing great. Remember, you are becoming too hot for the enemy to handle. Good morning House. Ernest Agbada online. #privatisation #PublicRelations #Politics #Malpractices #publicinterest #ihaveadream #capitalism #freedom #justice https://***MJ', ""The Inspiring Story Of How One Former Neo Nazi Was Invited To Speak On #MLKDAY By Martin Luther King Jr. Daughter #DoctorBerniceKing. Pt3. (It's Never Too Late To #Change) #IHaveADream #Hope #Faith #Love #MSNBC #CNN #FoxNews #ViralVideos #CivilRights #MrBlackCat1069 #BLM https://***Fl"", '-']",-,content_C,post
t3242,u2289,2022-02-21 07:50:20+00:00,MeToo,l***j,Als je een kijkje wilt in het zelfinzicht van de Nederlands journalistiek @P***e @H***s @s***g #metoo #DPG #vanthillo “tiefop” #sheilasitalsing https://***xa,"['Opvallend. DPG-top loog over #MeToo-misbruik door DPG-topman, maar alle DPG-kranten zwijgen https://***Q5', '#mentoo #ABLANARI #niruparoy #fakecases #womenempowerment #legalterrorism #legalextortion #498A #dowrylawmisuse #Feminism #toxicfeminism #feminazi #metooindia #fraudwatch #blackmail #genderequality #GenderBiasedLaws #crimebywomen #CrimeHasNoGender #SuicidePrevention @M***D https://***S5', 'Als je een kijkje wilt in het zelfinzicht van de Nederlands journalistiek @P***e @H***s @s***g #metoo #DPG #vanthillo “tiefop” #sheilasitalsing https://***xa', '-']",-,content_C,post
t3874,u1340,2022-03-05 14:01:05+00:00,MeToo,b***i,-,"['@C***4 @F***s @T***e @H***w I had no idea who howard levitt was until he went on an article about me and my colleague saying this shit! Howard knew the “risks” and he reeled us in knowing we needed support! Howard wanted a quick payout &amp;gave zero fucks what happened to us! #MeToo https://***LI', 'Honored to be part of this important dialogue #MeToo h/t @K***y https://***5Y', '@m***r Sadly, perfect table size/distance for some #MeToo action with these poor Russian trainee air stewardesses. I hope they can say #NO to the 💩#bully with #nukes!', '-']",tweet_B,-,retweet
t3237,u3007,2022-02-21 05:08:51+00:00,MeToo,E***M,-,"['Now #watch https://***xH You too Can do the #Cynthia Thanks to #stalkarazzi #impostersyndrome Aided Lax #WomensRights protection @s***a #abetting #systemicoppression With #facialrecognition #deepfakes #instyle #cynthia Basinet #timesup #NYFW #BHM2022 https://***VH', 'The latest from Michael @d***r: Testing positive for discrimination https://***Em', 'Trauma kept me loyal and coming back to many who continued the cycle of abuse. https://***rF #addiction #mentalhealth #rehab #trauma #recovery #slaa #churchtoo #traumarecovery #ptsd #survivor #cptsd #lgbtq #queer #shame #lgbt #gay #growth #lgbtsupport https://***SV', '-']",tweet_C,-,retweet
t2494,u0050,2022-02-08 20:05:14+00:00,MeToo,N***6,-,"['I can\'t imagine a more effective way to make sure nobody bothers to report an academic ""star"" again. So what happened before #MeToo will happen again. Abusers will carry on abusing. The abused will either leave or keep silent or at best pass the word along on the whisper network.', '#keeptrying #yourbodyisyourtemple #onlyone #putinthework #educateyourself #fitnessqt #activeqt #workoutqt #qthealthythighs #qthealtheyes #stayactive #behealthy #dedication #empowerment #discipline #commitment #determination #iwill #youcandoit #underarmour #protectthishouse https://***jL', 'Today is in many ways about how academia is a #HouseofCards. And about how #MeToo is allowed and encouraged to happen based on the structural conditions of a generalized #IchbinHanna lack of visibility and power. https://***Vk', '-']",tweet_A,-,retweet
t2632,u1243,2022-02-11 10:31:25+00:00,MeToo,N***n,"Where #MeToo touched institutions, group blindness was even more profound: people had been inured not just to immoral but to criminal behaviour. https://***5M","['Pensée auj. pour le jeune communiste Guillaume Tran Thanh, paix à son âme, qui a mis fin à ses jours il y a 1 an, après avoir dénoncé le viol dont il a été victime, et subi le harcèlement des violeurs Rdv dim 13 fev 15h Paris Place du Châtelet #MeTooGay #JusticePourGuillaume https://***ZL', 'The Official Portrait of the 46th President. #Installed https://***XD', 'Where #MeToo touched institutions, group blindness was even more profound: people had been inured not just to immoral but to criminal behaviour. https://***5M', '-']",tweet_C,content_C,reply
t0106,u1666,2018-10-05 20:20:55+00:00,MeToo,f***m,They wholly adopted the #MeToo movement's trappings and language while completely ignoring its substance. And it worked. https://***4E,"['Women around the world are fed up with old white men who still think they rule the world! #metoo #EnoughIsEnough (c) @s***n https://***bU', '@S***s You can’t have it both ways - support #metoo but suggest dr ford is a confused victim. #shame #NoOnKavanaugh', ""They wholly adopted the #MeToo movement's trappings and language while completely ignoring its substance. And it worked. https://***4E"", '-']",-,content_C,post
t2303,u1195,2022-01-31 22:19:26+00:00,MeToo,n***n,Here we go. If you want the truth about the case read my book CHASING COSBY and listen to my #podcast based on my #book. #metoo #saam #timesup. Bill Cosby asks Supreme Court to deny appeal in sexual assault case | ABC27 https://***Z2,"['Not a day goes by that I don’t think of my beloved beautiful Babcha. She Left us today in 2013 love you forever. This woman was ❤️ Mary Stephanie Eurke 1924- 2013 #MaryEurke #babcha #imissyou #youaresoloved #iwillkeepyourmemoryalive #grandmother https://***yW', '@m***r @f***n @n***l He also argued to #SCOTUS that Nestle and Cargill should be immune for complicity with the trafficking of child slaves in the Côte d’Ivoire.', 'Here we go. If you want the truth about the case read my book CHASING COSBY and listen to my #podcast based on my #book. #metoo #saam #timesup. Bill Cosby asks Supreme Court to deny appeal in sexual assault case | ABC27 https://***Z2', '-']",-,content_C,post
t2268,u3116,2022-01-27 19:33:40+00:00,MeToo,M***T,Read our complete statement and take at least one action to demand #JusticeForLaurenSmithFields https://***jl #metoo #justiceforlauren https://***yJ,"[""Glad to see #IHaveAPreexistingCondition trending, but remember that even those of us who look disabled, who can't work, whose conditions are visible, who are on benefits or have limited life expectancies deserve care, deserve support, and deserve to live. #MyDisabledLifeIsWorthy"", 'El acoso en la universidad es real y ocurre cada día, lo cual es totalmente inaceptable. Gracias a las compañeras que han dado el paso, estamos con vosotras #metoo https://***Bi', 'Read our complete statement and take at least one action to demand #JusticeForLaurenSmithFields https://***jl #metoo #justiceforlauren https://***yJ', '-']",tweet_B,content_C,reply
t2646,u0811,2022-02-11 16:14:33+00:00,MeToo,1***a,fear is what they fed me... my entire life. I am a mind control camp survivor. #metoo #whyididntreport when you've nothing left to loose and everything to gain. and you know their secrets. it's not a whislte love. it's a TRUMPET. I'm blowing it and HERE I AM. #mynameisalice https://***fm,"['@S***i #IBelieveTaraReade', ""fear is what they fed me... my entire life. I am a mind control camp survivor. #metoo #whyididntreport when you've nothing left to loose and everything to gain. and you know their secrets. it's not a whislte love. it's a TRUMPET. I'm blowing it and HERE I AM. #mynameisalice https://***fm"", '#MeToo: ""Hot."" Build Back Better: Not. https://***oM 😷🌊 #ThursdayThoughts #LGBTQIA 🏳️🌈#NOH8 #Resistance #FBR #StrongerTogether2022 #BLM #Grassroots #Motivation', '-']",-,content_B,post
t1858,u3069,2021-09-30 13:36:41+00:00,MeToo,P***S,-,"['« La primaire écologiste est devenue la vitrine des combats qui montent à gauche et qui mobilisent de plus en plus de jeunes dans la foulée du mouvement #metoo » — via @L***M https://***6A', ""Don't think we haven't noticed how many niggas are still stepping in the name of love while also pretending to worry that @L***X is harming Black children. 😏 #MuteRKelly #RKellyguilty"", 'This afternoon #IHaveReceivedJesus https://***F9', '-']",tweet_A,-,retweet
t3331,u2226,2022-02-22 17:29:06+00:00,MeToo,i***s,📷 FOTOGRAFIA: O movimento #MeToo inspirou Laia Abril a pesquisar as raízes comuns dos casos de violência sexual contra mulheres. #RevistaZUM #CulturaDoEstupro #Aborto https://***v7,"[""@l***i Non è che #Odongo ha preso male la strategia #EU4LGBTIQ della @v***n di accusare di #OmoFobia #Fascismo #Razzismo ecc. Polonia, Ungheria, e chiunque non creda al culto #Gender ? Nemmeno l' #Uganda di #Museveni vuole essere schiava del #PoliticamenteCorretto #MeToo ? https://***Cw"", '📷 FOTOGRAFIA: O movimento #MeToo inspirou Laia Abril a pesquisar as raízes comuns dos casos de violência sexual contra mulheres. #RevistaZUM #CulturaDoEstupro #Aborto https://***v7', ""#IWillNotWatch #ididnotwatch . in fact I didn't even listen when the news was on https://***X1"", '-']",-,content_B,post
t3171,u1849,2022-02-20 03:44:53+00:00,MeToo,r***1,#CorpMedia #Idiocracy #Oligarchs #MegaBanks vs #Union #Occupy #NoDAPL #BLM #SDF #DACA #MeToo #Humanity #DemExit #FeelTheBern America's political establishment isn't in the least troubled by voters' semi-literate paranoia; they're banking on it... https://***51 https://***xA,"['Let all the glory of this nation that has departed be restored, in the name of Jesus Christ. Testing site 1. Ernest Agbada online. #privatisation #PublicRelations #Politics #World #Ihaveadream #Slavery #ICO #HMRC #mertoncouncil #LabourParty #jounalist #MentalHealthMatters #NDC https://***Iz', ""#CorpMedia #Idiocracy #Oligarchs #MegaBanks vs #Union #Occupy #NoDAPL #BLM #SDF #DACA #MeToo #Humanity #DemExit #FeelTheBern America's political establishment isn't in the least troubled by voters' semi-literate paranoia; they're banking on it... https://***51 https://***xA"", 'In my own case, I was asked these kinds of excruciating details over and over again as if HR was just waiting for me to stumble. It’s a common tactic to undermine victims and discredit their reports. 9/', '-']",-,content_B,post
t2355,u1617,2022-02-03 08:00:23+00:00,MeToo,R***s,Are you working on implementing your I WILL on the #IWILLJourney? Join our free Effectuation Workshop to develop your entrepreneurial competences. Find out more: https://***h0 https://***OM,"['Intriguing read at https://***ht #incestaware #metooincest https://***FF', 'Are you working on implementing your I WILL on the #IWILLJourney? Join our free Effectuation Workshop to develop your entrepreneurial competences. Find out more: https://***h0 https://***OM', 'Tomorrow @E***y will vote on whether or not to give *priority status* (= faster permits, access to EU cash) to: 3️⃣0️⃣ massive fossil gas projects in Europe We need our elected representatives to vote NO to the 5th #PCIlist &amp; further #climate chaos! #TimesUpForGas https://***XA', '-']",-,content_B,post
t2031,u0651,2021-12-18 09:49:59+00:00,MeToo,o***n,Show me the so-called “#metoo opportunists” who have turned their sexual assault into gold,"[""🟣 Aujourd'hui, je voterai en faveur de la résolution du @E***R visant à faire du Parlement un lieu de travail plus sûr pour tou-te-s. 🙅♀️ Tolérance zéro pour le harcèlement sexuel &amp; moral, dans les institutions européennes et en dehors ! #zeroharassmentEP #MeTooPolitique https://***Do"", '#BB15 NO Means NO - Motto of Convenience Guy: EK Pappi De Bahot Gifts Dunga Girl: NO (Dresses Le Li) NO (Diamonds le liye) NO (Car Le Lee) NO (Rupaye Le Liye) Banda Khaali Ho gaya Sometime Later Inspector Ye Ladka bahot pareshan karta hai, Take Action. 15 Saal Baad #MeToo🖕🏽', 'Show me the so-called “#metoo opportunists” who have turned their sexual assault into gold', '-']",tweet_A,content_C,reply
t2073,u0542,2022-01-03 21:04:17+00:00,MeToo,W***t,"Shocking and yet we are not shocked 👇👇👇 It's time to #SpeakOut, share your story at https://***jP #Healthcare #MeToo https://***f1","['#IWillLightACandleToo #من_هم_شمعی_روشن_خواهم_کرد #PS752 #ps752justice برای نیلوفر و سعید 💔💔 https://***Tr', '#IWillLightACandalToo #من_هم_شمعی_روشن_خواهم_کرد https://***1z', ""Shocking and yet we are not shocked 👇👇👇 It's time to #SpeakOut, share your story at https://***jP #Healthcare #MeToo https://***f1"", '-']",-,content_C,post
t3387,u1583,2022-02-23 16:05:00+00:00,MeToo,f***o,El #MeToo destapa el acoso sexual de estrellas de la televisión francesa tras décadas de impunidad. https://***K7,"['El #MeToo destapa el acoso sexual de estrellas de la televisión francesa tras décadas de impunidad. https://***K7', 'Stop police sexual violence against Women. #MeToo #NDA #Breakthebluewallofsilence https://***zs', 'What role does student choice play in your classroom? What benefits have you seen from allowing choice? Are there any drawbacks? #IHaveQuestions #studentchoice #studentvoice #709AlwaysLearning #4OCFpln #RelationShift #Optimalist @J***1 @E***5 https://***8E', '-']",-,content_A,post
t2915,u1859,2022-02-16 18:39:19+00:00,MeToo,K***s,"Where are the boundaries, the actual boundaries? When do we determine, enough is enough? https://***tb #metoo #youtoo https://***94","['https://***hx RT-11 #Metooindia #FeminismIsCancer #Feminism #Patriarchy #GenderBiasedLaws #stopfeminism #feminist #fakefeminism #MensLivesMatter #SaveOurSons #InternationalMensDay #toxicfeminism #genderbiased #women #metoo #rape #womenempowerment #WomensRights #female', 'Where are the boundaries, the actual boundaries? When do we determine, enough is enough? https://***tb #metoo #youtoo https://***94', '@S***a @B***r #metoo 🙃🤔😜', '-']",-,content_B,post
t2244,u1771,2022-01-25 18:18:47+00:00,MeToo,O***h,"The fact that another version of Tim McGraw exists that isnt sung by @m***s, is foolish. #IHaveSpoken","['@G***e #IHaveNotSeen Gone With the Wind.', '@b***e @D***n @H***s @Z***r I am surprised there hasn’t been a #metoo movement yet regarding research vessels, forcing institutions to put REAL preventive measures into place, not just some nice empty words on how much they do regarding integrity blablabla', 'The fact that another version of Tim McGraw exists that isnt sung by @m***s, is foolish. #IHaveSpoken', '-']",-,content_C,post
t3246,u0901,2022-02-21 09:50:31+00:00,MeToo,M***g,Την σκότωσε στο ξύλο επειδή την θεωρούσε κτήμα του. Άλλη μία αδελφή μας δολοφονείται από την πατριαρχία. Καμία ανοχή. #γυναικοκτονια #MeToo,"['Την σκότωσε στο ξύλο επειδή την θεωρούσε κτήμα του. Άλλη μία αδελφή μας δολοφονείται από την πατριαρχία. Καμία ανοχή. #γυναικοκτονια #MeToo', ""#OhWow! #VladimirPutin critcising #GretaThunberg for calling #JoeBiden's #buildBackBetter #blahBLAHblah! #Wow! If #BloodymirPutin does #destroyTHEworld w #WW3 #iWILLdieAhappyMAN afterPOSTINGthis! (@O***z #OlafSholz @e***k #ElonMusk-#HitlersFightingKnife 4sale-#Putin) https://***Ti"", '🌕💞🌹✨💞💚💞✨💛💕.#WSLM 💞✨🌿📺🍃🎴💞🌿#LOVE🌹🌿💞✨🎶❤🙏🌹💃🌿💚#EveryDayPeople2022💙🌿🏃🌹✌❤🎶✨🍃...❤💰#MoneyMatters...✌...✨🍃💰✨💞🌿💛🌿💞✨💕💸...🌹💞🎶💛📻 #IHaveSpoken🎴💜🎶💞...#B4✨💞💙🎓😊💚🎩💞✨📺✨👀🎶🌿✨💸 https://***6k', '-']",-,content_A,post
t3315,u1804,2022-02-22 13:33:02+00:00,MeToo,S***e,"The Importance of Women Leaders in the Era of #MeToo — by Robyn Forman Pollack, Esq. @t***e https://***qT https://***h7","['This woman abusing SOB has been hiding behind his daughter while he silences and punishes Policewomen for reporting sexual violence.These police chiefs are the reason why women aren’t safe. Fuck patriarchy to hell Fuck abusers to hell Stop gagging victims with NDAs. #MeToo #NDA https://***YL', '#MONGOLIA: 1 in 4 women, regardless of her social and economic status, agreed that a husband may beat his wife if she is unfaithful https://***wY #VAW #MeToo #DV', 'The Importance of Women Leaders in the Era of #MeToo — by Robyn Forman Pollack, Esq. @t***e https://***qT https://***h7', '-']",-,content_C,post
t2502,u2498,2022-02-09 00:06:18+00:00,MeToo,s***k,-,"['Reposting Exclusive by @n***y on #ScoopWhoop #MeToo Fiasco ▪️Former ScoopWhoop anchor Samdish Bhatia has filed case against company CEO Sattvik Mishra, alleging sexual assault ▪️Mishra alleges Rs 7 crore extortion https://***0X', ""@C***e @c***e @N***A @P***p @a***i @s***e @S***0 @F***2 @f***i Dear:Women Survivors Gardener I wish you what happen on me by @p***p @a***i for #Traffickinghub #pornhub/ @W***O SACHIKO for women's rape crisis center/ @s***e @S***0 They did HUGE second rape &amp; cyber- LYNCH during 4years in Twitter https://***7w https://***3x"", 'With everything that is going on, its relevant to dig into the growing field of Love Studies, to explore as @E***d writes: ""issues of consent post #MeToo and how civil rights can be enacted in the bedroom, without repressing desire"" https://***E5 #medialove', '-']",tweet_B,-,retweet
t2338,u0901,2022-02-02 14:25:14+00:00,MeToo,M***g,Με κάθε Γεωργία αυτού του κόσμου. #MeToo,"['Με κάθε Γεωργία αυτού του κόσμου. #MeToo', 'Following #MeToo what more needs to be done to tackle sexual harassment in the workplace? Join our panel event with @d***d of @r***n, Dame Heather Rabbatts of @T***K and Fawcett CEO @J***i. Details and registration ➡ https://***u1 https://***QK', ""Let's start this week off with the right mindset. This week is going to be yours, no matter what. What do you tell yourself to get pumped up? #beginagainandwin #noweaponformed #onacomeup #B1 #win #motivated #Ican #Iwill #Imust #letsgo #imgood #canhurtme #blackmancan #youcandoit https://***b5"", '-']",-,content_A,post
t2576,u2448,2022-02-10 13:31:39+00:00,MeToo,L***t,-,"['No one should be expected to sacrifice themselves to ""the cause,"" like I was expected to do. No one should be ratted out by mandatory reporters and made to fear for their safety. The most vulnerable #MeTooPhD victims remain in dire need of professional and emotional help.', '“Once again the Chinese government’s wrongful imprisonment of a Tibetan risks becoming a death sentence,” said @S***W , China director at Human Rights Watch. Demanding urgent medical care to scholar Go Sherab Gyatso! #FreeTibet #MakeChinaAccountable #IWillNotWatch https://***XZ', ""Don't they know? You can't sweep sexual harassment under the rug anymore. #MeToo https://***Is"", '-']",tweet_B,-,retweet
t2465,u0267,2022-02-08 08:04:21+00:00,MeToo,M***a,"Reposting Exclusive by @n***y on #ScoopWhoop #MeToo Fiasco ▪️Former ScoopWhoop anchor Samdish Bhatia has filed case against company CEO Sattvik Mishra, alleging sexual assault ▪️Mishra alleges Rs 7 crore extortion https://***0X","['Reposting Exclusive by @n***y on #ScoopWhoop #MeToo Fiasco ▪️Former ScoopWhoop anchor Samdish Bhatia has filed case against company CEO Sattvik Mishra, alleging sexual assault ▪️Mishra alleges Rs 7 crore extortion https://***0X', '@e***3 #Beijing2022 #Beijing2022WinterOlympics #pengshuai #GenocideOlympics #score4rights2022 #metoo', 'How was China ever allowed to host the Winter Olympics given the crimes it’s committing against Tibetans, Uyghurs and other groups? IOC, how does this represent your core ‘values’ of excellence, friendship and respect? #IWillNotWatch IOC and China, we reject your #GenocideGames https://***KZ', '-']",-,content_A,post
t3152,u2413,2022-02-19 22:31:49+00:00,MeToo,B***3,Hello World! Listen to this song! https://***Gg #amor #cura #crime #healing #endrape #violence #medicinasdafloresta #metoomovement #rapecultureisreal #memes,"['Hello World! Listen to this song! https://***Gg #amor #cura #crime #healing #endrape #violence #medicinasdafloresta #metoomovement #rapecultureisreal #memes', '#mastersoftheuniverse #motu #battlecat #fisto #mattel #actionfigures #toys #toycollector #vintagetoys #eternia #hemanandthemastersoftheuniverse #toyphotography #shera #motuc #ihavethepower #castlegrayskull #grayskull', '#SriLanka: Important piece by @E***i today on the biggest hurdle to any action on sexual harassment allegations on campuses -- not just in #lka, but elsewhere too, as she illustrates. #MeToo https://***14', '-']",-,content_A,post
t3720,u3072,2022-03-02 17:39:04+00:00,MeToo,A***a,"I tweet a lot about #iowa politics, #education #mentalhealth #LGBTQ #metoo and #GunViolencePrevention I’m a lifelong Iowan and I’m devastated by what @K***A has done to our state.","['@H***o @E***y @E***C @H***o are committed to growing their campaign with the aim of fostering an ethos in football in which women are welcomed and respected equally 👏 Find our more about the #HerGameToo movement here! https://***SZ', 'I tweet a lot about #iowa politics, #education #mentalhealth #LGBTQ #metoo and #GunViolencePrevention I’m a lifelong Iowan and I’m devastated by what @K***A has done to our state.', '#MeToo #metooGR https://***v0', '-']",tweet_A,content_B,reply
t2346,u2489,2022-02-02 19:16:48+00:00,MeToo,n***n,-,"[""GRAPHIC #MeToo This video on #HarrietRobson (#BeStrong) could be very upsetting to sensitive #souls. Please don't watch it at night nor forward it to #anxious or #antiviolence people. Not the best WARNING for #ANGER but maybe. WTF is in #Greenwood's past❓https://***Qy"", '""In a post-#MeToo climate, it’s hard to imagine any streamer green-lighting a series about the 2014 leak of nude celebrity images—let alone if the photos had been taken in the midst of an abusive relationship. Why should this be any different?""', ""🤎 WE'RE GOING LIVE 🤎 Join us this evening at 6:30 PM ET on #metoo's @I***m to laugh + chat it up with some folks from the me too. International team. We'll be discussing Black joy, #BlackHistoryMonth, + so much more. You don't want to miss this 👉🏿 https://***DW https://***Lc"", '-']",tweet_C,-,retweet
t3188,u0755,2022-02-20 10:20:58+00:00,MeToo,V***e,"It made me emotional and I couldn't put it down. I read it in record time! #victimofdefense, #MeToo, #gottaread, #greatbooks, #legalthriller https://***xC https://***2M","[""It made me emotional and I couldn't put it down. I read it in record time! #victimofdefense, #MeToo, #gottaread, #greatbooks, #legalthriller https://***xC https://***2M"", 'Hello World! Listen to this song! https://***Gg #nomeansno #bhfyp #sananga #childabuse #mentalhealth #murder #equality #endrapeculture #sexualharassment #rapist #santodaime #curipe #aho #awareness #trauma #violenceagainstwomen #rapevictims #meme #ptsd #believesurvivors', 'Woman pays the price for ramming bikers, fleeing the scene, and pointing a gun at them. #MRA #MGTOW #Feminism #redpill #mensrights #dating #divorce #singlemother #metoo #timesup #killallmen #police @b***r @c***s @U***e @F***d @M***1 https://***cW', '-']",-,content_A,post
t3605,u0152,2022-02-28 09:44:02+00:00,MeToo,U***y,"I was on the inside when they pulled the four walls down. I was looking through the window. I was lost, I am found. #IWillFollow #U2","['#manchester #dublin #UK #Ireland #Barclays #AIB #Infosys #SpeakUp #justice #Equality #motivationalquotes #tabishshaikh #authorssupportingauthors #authorscommunity #wisdomquotes #writerscommunity #IHaveAVoice #youmakesense', ""@A***p @L***C He's a $€×ua| predator accused in #MeToo by two women journos but India Today refused to sack him BTW it is his birthday today n he's having a bad day at work with his carefully planned Modi bhakti busted by suffering Indian students!"", 'I was on the inside when they pulled the four walls down. I was looking through the window. I was lost, I am found. #IWillFollow #U2', '-']",-,content_C,post
t2951,u1972,2022-02-17 04:51:29+00:00,MeToo,m***9,The Inspiring Story Of How One Former Neo Nazi Was Invited To Speak On #MLKDay By Martin Luther King Jr Daughter #DoctorBerniceKing. Pt2. (It's Never Too Late To #Change) #IHaveADream #Hope #Faith #Love #MSNBC #CNN #FoxNews #ViralVideos #CivilRights #MrBlackCat1069 #BLM https://***k9,"[""The Inspiring Story Of How One Former Neo Nazi Was Invited To Speak On #MLKDay By Martin Luther King Jr Daughter #DoctorBerniceKing. Pt2. (It's Never Too Late To #Change) #IHaveADream #Hope #Faith #Love #MSNBC #CNN #FoxNews #ViralVideos #CivilRights #MrBlackCat1069 #BLM https://***k9"", '#TimesUp #MeToo @F***7 @f***2 @m***e @K***V @m***r @W***a @W***V @T***e When the danger is IN THE HOUSE👇🏾👇🏾👇🏾 #sexualassault https://***PV', '#JusticeForJohnnyDepp #recording #mentoo #johnnydepp #AbuseHasNoGender #Activism #metoo #sad #lovebombing #toxicrelationship #truth https://***f9', '-']",-,content_A,post
t3323,u0338,2022-02-22 15:43:46+00:00,MeToo,s***y,Police unions are modern day pimps. #MeToo #NDA https://***ki,"['Police unions are modern day pimps. #MeToo #NDA https://***ki', '#StopExpectingMeTo #StopExpecting #ChangeYourExpectations #DontDimYourLight #CulturalBiasKills #Racism #Bigotry #Oppression #CanYouHandleTheTruth #KnowBetterDoBetter #IWillNotBeSilent #Counseling #Therapy #MentalHealth #SelfLove #ForMyAncestors #VeraciousCounseling https://***by', 'Justice for Mr. Depp - Defamation Lawsuit in Virginia. #video #lawsuit #johnnydepp #defamation #like #libel #JusticeForJohnnyDeppVirginia2022 #good #career #work #reporter #journalists #newspaper #oped #DomesticViolence #metoo #industry #survivor #malevictim #abusehasnogender https://***Gp', '-']",-,content_A,post
t3308,u1778,2022-02-22 12:30:22+00:00,MeToo,j***n,-,"['The elites vs the peasants. #lifelibertyandthepursuitofhappiness #conservativethinker #conservative #christianconservative #criticalthinker #climatechange #christian #bible #christianpodcast #wevegotacountrytosave #america #turningpointusa #iwillnotcomply #communismsuc...', 'Reject the notion and anyone who makes you second guess your value and worth 🙅♂️ #selflove #selfcare #selfmade #traumahealing #metoo #MakeItGucci https://***bS', '#metoo', '-']",tweet_C,-,retweet
t3932,u0336,2022-03-08 12:34:20+00:00,MeToo,V***e,"Suite à l'appel à témoin lancé ici, les abus de pouvoir dans la #recherche sont à la Une de @L***x (aux côtés du combat Ukrainien et de la lutte contre les féminicides). Projet Vies de thèse, comité de suivi et nouveaux témoignages pour lutter contre l'impunité #MeTooRecherche https://***2s","[""Suite à l'appel à témoin lancé ici, les abus de pouvoir dans la #recherche sont à la Une de @L***x (aux côtés du combat Ukrainien et de la lutte contre les féminicides). Projet Vies de thèse, comité de suivi et nouveaux témoignages pour lutter contre l'impunité #MeTooRecherche https://***2s"", 'The Shocking Letter of a Woman Who Was Brutally Raped by Malayalam Film Director @M***e @T***R @b***e #MeToo @W***e @y***s @E***s https://***pS', 'Schizophrenia- Horse Girl, Manic Depression- Modern Love, Depression- Dead Like Me, C-PTSD- Real Housewives of New York with Bethenny Frankel, #MeTooPhD trauma- Easy episodes with Marc Maron', '-']",-,content_A,post
t3166,u1849,2022-02-20 02:37:08+00:00,MeToo,r***1,#CorpMedia #Idiocracy #Oligarchs #MegaBanks vs #Union #Occupy #NoDAPL #BLM #SDF #DACA #MeToo #Humanity #DemExit #FeelTheBern America's political establishment isn't in the least troubled by voters' semi-literate paranoia; they're banking on it... https://***51 https://***Qa,"['Standard procedure n usual media article is equal to lots of #money 💰 from #husband #mentoo #ABLANARI #niruparoy #fakecases #womenempowerment #legalterrorism #legalextortion #498A #dowrylawmisuse #Feminism #toxicfeminism #feminazi #metooindia #fraudwatch #blackmail @M***D https://***yM', '#sisterhood #girlfriends #sister #WomenSupportingWomen #womensempowerment #blossombadass #metoo #women https://***9H', ""#CorpMedia #Idiocracy #Oligarchs #MegaBanks vs #Union #Occupy #NoDAPL #BLM #SDF #DACA #MeToo #Humanity #DemExit #FeelTheBern America's political establishment isn't in the least troubled by voters' semi-literate paranoia; they're banking on it... https://***51 https://***Qa"", '-']",-,content_C,post
t3891,u0338,2022-03-06 01:27:13+00:00,MeToo,s***y,"We are already united with victims&amp; those who truly want change,so if you think we are being “divisive”for calling out racism/sexism, it’s bc you are benefiting off it &amp; are exactly who we are dividing ourselves from!The time to sit on the fence is up! #WomensHistoryMonth #MeToo","['We are already united with victims&amp; those who truly want change,so if you think we are being “divisive”for calling out racism/sexism, it’s bc you are benefiting off it &amp; are exactly who we are dividing ourselves from!The time to sit on the fence is up! #WomensHistoryMonth #MeToo', 'Safe to Love https://***MW #metoo #lovewins Rediscover romance in Aspen Ridge, a small town with an open heart https://***nk', 'President Biden on Thursday signed into law landmark workplace legislation that forbids companies from forcing sexual harassment and assault claims into arbitration, a widely criticized way of settling litigation outside the public court system. #MeToo https://***7k', '-']",-,content_A,post
t3392,u2761,2022-02-23 16:38:38+00:00,MeToo,J***s,Obama &amp; Kamala’s inaugurations Trump’s four years in office Police brutality on the young #MeToo movement LGBTQ+ advancements and struggles The play of Jordan The pain of losing Kobe Young activists taking the baton #FlintWaterCrisis Our school The Crack epidemic-80s and 90s,"['Obama &amp; Kamala’s inaugurations Trump’s four years in office Police brutality on the young #MeToo movement LGBTQ+ advancements and struggles The play of Jordan The pain of losing Kobe Young activists taking the baton #FlintWaterCrisis Our school The Crack epidemic-80s and 90s', '#metoo https://***8H', '@S***R @B***r La Jornada del rancho perdió mi respeto cuando comenzó a defender a muchos de los que salieron en el #metooAgs, todo porque varios pertenecen a su plantilla. PD: sigue Página 24 :3', '-']",tweet_C,content_A,reply
t1873,u1902,2021-10-07 17:53:49+00:00,MeToo,E***r,"I really enjoyed my conversation w/ @M***y about exploring public shaming in her new HBO Max documentary ""15 Minutes of Shame"" &amp; how things might have been different today with social media, post #MeToo &amp; in the age of ""cancel culture."" https://***R4","['China’s missing #MeToo and labour activist pair held by police, family told https://***bf', '#HandsOffPantsOn legislation adopts a simple device to give #hospitality workers backup in vulnerable situations. @U***1 @R***d @c***r https://***M7', 'I really enjoyed my conversation w/ @M***y about exploring public shaming in her new HBO Max documentary ""15 Minutes of Shame"" &amp; how things might have been different today with social media, post #MeToo &amp; in the age of ""cancel culture."" https://***R4', '-']",-,content_C,post
t2030,u3164,2021-12-17 18:50:31+00:00,MeToo,b***2,"I hate to tell you this, but the alarming amount of victims who are sexually assaulted have charming, familiar perpetrators. So, for every victim that you know, chances are that you know a perpetrator as well. #metoo","['I hate to tell you this, but the alarming amount of victims who are sexually assaulted have charming, familiar perpetrators. So, for every victim that you know, chances are that you know a perpetrator as well. #metoo', '!!️👊#2 VICTORY at #EPlanery: The resolution ""#MeToo &amp; harassment – the consequences for the EU institutions"" is ADOPTED! 516 MEPs in favour! We wish to thank everyone who has supported, lobbied &amp; shared our calls for this resolution! The message is clear: #zeroharassmentEP ♀️ https://***vV', '📢!!️TODAY\'s VOTE at #EPlenary: "" #MeToo &amp; harassment – the consequences for the EU institutions"" We urge all the groups to vote in favor of the resolution to ensure that the @E***N moves forward to a safe working environment for all! Please RT!👊♀️👊 #zeroharassmentEP https://***yZ', '-']",-,content_A,post
t2862,u0294,2022-02-15 21:54:19+00:00,MeToo,d***k,-,"['EXCLUSIVE: A Melbourne woman says her attempts to report sexual assault to Victoria Police have resulted in ill-health, fear and pain and a sense that she is now the enemy. How far have police really come in this world after #MeToo? @G***3 investigates. https://***d0', '✨💞💚💞✨💛💕.#WSLM 💞✨🌿📺🍃🎴💞🌿#LOVE🌹🌿💞✨🎶❤🙏🌹💃🌿💚#EveryDayPeople2022💙🌿🏃🌹✌❤🎶✨🍃...❤💰#MoneyMatters...✌...✨🍃💰✨💞🌿💛🌿💞✨💕💸...🌹💞🎶💛📻 #IHaveSpoken🎴💜🎶💞...#B4✨💞💙🎓😊💚🎩💞✨📺✨👀🎶🌿✨💸 https://***aH', '@p***n #Politiken #ekstrabladet #kvinder mænd der findes en stor del mennesker i #samfundet som måske frygter deres liv pgs deres sikkerhed. #metoo Det her vil jeg gerne sætte sætte stopper for sammen med @T***n', '-']",tweet_A,-,retweet
t1509,u1410,2020-12-03 22:19:44+00:00,MeToo,M***r,-,"['😜#MeToo https://***Hz', '#IWillGetVaccinated. That’s it. That’s the Tweet.', 'Ein guter Tag, um nach Peking zu schauen, wo heute ein historischer Fall für die chinessiche #metoo Bewegung verhandelt wird: https://***GS', '-']",tweet_B,-,retweet
t1824,u2440,2021-09-04 14:27:03+00:00,MeToo,G***m,"If we deny women control of their bodies, we deny women the right to be themselves. For all those women in Texas, I will say to you what I said when asked what I would say to Melania Trump: ""I have a guest room in New York."" #Ihaveaguestroom https://***Vi","['If we deny women control of their bodies, we deny women the right to be themselves. For all those women in Texas, I will say to you what I said when asked what I would say to Melania Trump: ""I have a guest room in New York."" #Ihaveaguestroom https://***Vi', 'So today a lifelong dream and bucket list item came true, I got to pull the fire alarm at school! Thanks to Jaxon Grover for allowing me this opportunity. #DreamsDoComeTrue #IHaveAlwaysWantedToDoThis #FireDrillCheck https://***6W', 'Are you looking for funding for youth-led social action projects in the North East of England? Our fund is open and we look forward to hearing from you! https://***3n #iwill #iwillTakeAction https://***FT', '-']",-,content_A,post
t3816,u2701,2022-03-04 04:30:51+00:00,MeToo,j***s,"We've seen this with recent scandals first raised on Chinese platforms but later covered by intl media. MeToo movement used by West to ""incite gender antagonism."" Criticising Chinese embassy in Ukraine's slow evacuation ""handing a knife"" to enemies of Beijing.","['DARTH MAUL MODE ACQUIRED! #ELDENRING #IHAVETHEHIGHGROUND https://***FB', 'There’s a diverse coalition of Americans who resent the progressive flank of contemporary culture. It includes disgruntled liberals who think aspects of #MeToo and the racial justice movement are excessive or cynically self-promotional, media figures who have built ...', 'We\'ve seen this with recent scandals first raised on Chinese platforms but later covered by intl media. MeToo movement used by West to ""incite gender antagonism."" Criticising Chinese embassy in Ukraine\'s slow evacuation ""handing a knife"" to enemies of Beijing.', '-']",tweet_C,content_C,reply
t2508,u0204,2022-02-09 05:18:59+00:00,MeToo,c***n,"Women and children need constitutional and electoral reform to proportional representation unicameral legislature with 20% permanent First Nations seats. The duopoly LNP/ALP cannot, CANNOT AND WILL NOT, deliver representation and justice to women &amp; children #EnoughIsEnough #MeToo https://***R1","['Join us TOMORROW at 6:30 PM ET as we Count It All Joy + explore the full continuum of emotions. @J***e, Amaya Langley, and MawuLisa Thomas-Adeyemo will lead us in a robust inter-generational convo on the transformative power of joy https://***Ey #metoo https://***98', 'Women and children need constitutional and electoral reform to proportional representation unicameral legislature with 20% permanent First Nations seats. The duopoly LNP/ALP cannot, CANNOT AND WILL NOT, deliver representation and justice to women &amp; children #EnoughIsEnough #MeToo https://***R1', '#believesurvivors https://***HU', '-']",-,content_B,post
t2169,u2363,2022-01-18 08:30:00+00:00,MeToo,K***y,Do you know what the legal age of consent is? Find out today by taking our free online Consent Matters course. Course Link: https://***5. #me #timesup #consentmatters @k***u @K***n https://***fA,"['Do you know what the legal age of consent is? Find out today by taking our free online Consent Matters course. Course Link: https://***5. #me #timesup #consentmatters @k***u @K***n https://***fA', 'Αν σε βιάσουν τρεις φραγκατοι δεξιοί σε ξενοδοχείο της Θεσσαλονίκης τα ήθελε ο κωλος σου, αν σε βιάσουν τρεις Πακιστανοί στον Άγιο Παντελεήμονα γαμιούνται οι λάθρο! Αυτοί είστε ! #metooGR #MeToo', 'In honor of MLK Day 2022, we ask: “What are we doing for others?” Share this post with others and encourage conversation around how we each honor MLK’s memory. #MLK #IHaveADream https://***nF', '-']",-,content_A,post
t3040,u0326,2022-02-18 08:31:52+00:00,MeToo,d***i,"Άννα Μενενάκου: «Και φοβήθηκα, και δεν μίλησα, και ντράπηκα… Δεν ήξερα πού να κρυφτώ, τι να κάνω» https://***cU #asemasremama #happyday #alphatv #metooGR #MeToo #afterdark #opentv #news #media #actress #interview #news #media #SHOWBIZ #Gossip","['Άννα Μενενάκου: «Και φοβήθηκα, και δεν μίλησα, και ντράπηκα... Δεν ήξερα πού να κρυφτώ, τι να κάνω» https://***cU #asemasremama #happyday #alphatv #metooGR #MeToo #afterdark #opentv #news #media #actress #interview #news #media #SHOWBIZ #Gossip', 'Best movie: ""HERE IS PENG SHUAI"" #OscarsFanFavorite goes to.... #CHINA #Xijinping. #oscars #oscars2022 #marvle #youtube #news #movies #metoo #twitter #cnn #nbc #jenniferaniston #tomhanks #Hollywood #usa #rtl #sat1 #abc #AngelinaJolie https://***qE', 'Prince Andrew: Questions over payout after settlement with Virginia Giuffre via @B***s https://***mE #UK #RoyalFamily #royals #HumanTrafficking #sexualabuse #sexualassault #femicide #rape #violence #courts #justice #equity #MeToo #CallItFemicide #Cestunfémicide', '-']",-,content_A,post
t3208,u3017,2022-02-20 16:30:11+00:00,MeToo,f***5,"The acceptance of sexual harassment starts at the top for McDonald's, and although they've sent out press releases, we've seen little change at work. #metoo, @m***s #FightFor15 https://***Ds https://***Xk","[""The acceptance of sexual harassment starts at the top for McDonald's, and although they've sent out press releases, we've seen little change at work. #metoo, @m***s #FightFor15 https://***Ds https://***Xk"", 'ah dove ci porterà sto #metoo (i ceo alla conferenza di monaco) #msc2022 https://***4P', ""#CorpMedia #Idiocracy #Oligarchs #MegaBanks vs #Union #Occupy #NoDAPL #BLM #SDF #DACA #MeToo #Humanity #DemExit #FeelTheBern America's political establishment isn't in the least troubled by voters' semi-literate paranoia; they're banking on it... https://***51 https://***FI"", '-']",-,content_A,post
t1752,u0225,2021-06-01 05:55:16+00:00,MeToo,D***C,"##CROSSBORDER week! - today verification of personal accounts with @S***n at 10, #metoo at the doctor's office at 11 with @M***i @y***p &amp; @C***e. And JavaScript on sheep at 2 with @A***R and @m***z https://***mA #EIJC21 #ddj https://***wZ","['Happy Pride Month! This month is dedicated to spreading awareness, uplifting, and celebrating the LGBTQ+ community. #pridemonth #globalpotential #ihavepotential https://***QJ', ""GP Live Show | Sarah's favorite memory in Batey, Dominican Republic. https://***KI via @Y***e #globalpotential #ihavepotential #gpliveshow #youthempowerment"", ""##CROSSBORDER week! - today verification of personal accounts with @S***n at 10, #metoo at the doctor's office at 11 with @M***i @y***p &amp; @C***e. And JavaScript on sheep at 2 with @A***R and @m***z https://***mA #EIJC21 #ddj https://***wZ"", '-']",-,content_C,post
t3126,u0061,2022-02-19 17:26:22+00:00,MeToo,r***i,-,"['Anita Hill on Uber whistleblower Susan Fowler: She set the stage for #MeToo https://***MP', 'Hey there @E***E @M***a now would be a great time to implement a policy for customers affected by domestic abuse #CorporateAccountability #CorporateResponsibility #DoSomething #victimblaming #SurvivorShaming #MeToo #CoerciveControl #FinancialAbuse #DomesticAbuse #Day1013', 'Is this fcuking war that were living in!? This feels like a horrendous nightmare... what did I just watch? This is murder by an officers horse? Is it not!? #defundthepolice #policebrutality #breakthebluewallofsilence #PTSD #CPTSD #metoo https://***J1', '-']",tweet_A,-,retweet
t3253,u1210,2022-02-21 12:21:02+00:00,MeToo,s***e,-,"['Contractor Finds Child Pornography Stash in Psychologist’s Secret Room https://***X7 - #ChildAbuse #Psychologist #Psychologists #Psychology #MeToo #SexAbuse', ""#Examine #dig &amp; #consign #surprising #preferred #messages in 'Rev Against Taboo:Sexual Revolution' https://***15 #cop26bbc #metoo"", '#CorpMedia #Idiocracy #Oligarchs #MegaBanks vs #Union #Occupy #NoDAPL #BLM #SDF #DACA #MeToo #Humanity #DemExit #FeelTheBern WATCH Romani people from Afrin do not leave Shehba despite Turkish attacks https://***wk The Romani people from Afrin, who are targeted by... https://***ku', '-']",tweet_C,-,retweet
t2876,u2911,2022-02-16 07:48:14+00:00,MeToo,b***p,-,"['#IWillLiveToBe120YearsOldAndOlder! #GlobalHealthcareLeadership. #PublicHealth #Medicine #series: #Psalm 20:7 Some trust in chariots and some in horses (some trust in Governments, Schools and Corporations), but I trust in the name of my Lord (#Jesus Christ) and my #God. -#Jew https://***K6', '#IWillAlwaysBeMe: The Book That Banks Your Voice. A book that banks your voice when read aloud, using a short and friendly process, has been launched today for people living with motor neurone disease. Find out more here 📖 https://***m5', 'https://***GT RT-11 #Metooindia #FeminismIsCancer #Feminism #Patriarchy #GenderBiasedLaws #stopfeminism #feminist #fakefeminism #MensLivesMatter #SaveOurSons #InternationalMensDay #toxicfeminism #genderbiased #women #metoo #rape #womenempowerment #WomensRights #female', '-']",tweet_B,-,retweet
t0319,u1971,2020-03-13 03:59:45+00:00,MeToo,g***7,-,"['Introducing Spaulding Rehabilitation Network (@S***b) and Partners Continuing Care, a signatory of @t***c, See their pledge here: https://***W9 and then encourage your organization to join. #STANDUPFORTIMESUP #TIMESUP #TIMESUPHC https://***dT', 'Are women entrepreneurs the key to global economic development? #IWD2020 #EachforEqual #Women #entreprenuers #Womeninbusiness #womeninleadership #MeToo #AfricaforHer https://***Rj', 'When women cross over into male-dominated sectors, they can earn three times as much as in traditionally female-dominated sectors.#IWD2020 #EachforEqual #Women #entreprenuers #Womeninbusiness #womeninleadership #MeToo #AfricaforHer @f***a @H***t @A***p', '-']",tweet_A,-,retweet
t3039,u0326,2022-02-18 08:31:47+00:00,MeToo,d***i,"Άννα Μενενάκου: «Και φοβήθηκα, και δεν μίλησα, και ντράπηκα… Δεν ήξερα πού να κρυφτώ, τι να κάνω» https://***cU #asemasremama #happyday #alphatv #metooGR #MeToo #afterdark #opentv #news #media #actress #interview #news #media #SHOWBIZ #Gossip #tvtime","[""@b***i The sun never sets on the crimes of #China, unless #CCP is in power, not just in #Tibet, contributing biggest #Misery in today's World. https://***6x #FreeTibet #FreeHK #FreeEastTurkistan #BoycottBeijing2022 #GenocideGames #NoBeijing2022 #IwillNotWatch #XiJinping #AUS https://***zt"", 'Άννα Μενενάκου: «Και φοβήθηκα, και δεν μίλησα, και ντράπηκα... Δεν ήξερα πού να κρυφτώ, τι να κάνω» https://***cU #asemasremama #happyday #alphatv #metooGR #MeToo #afterdark #opentv #news #media #actress #interview #news #media #SHOWBIZ #Gossip #tvtime', '#TikTok https://***Td #NoMore #MeToo #salonikaplus #sasmos #agriesmelisses #radioarvyla #MasterChefGR #superkaterina #eleni #TheChaseGR #survivorgr #olagood #The2NightShow #metooGR #shoppingstar #gitiselias #Θεσσαλονίκη #metoogreece #AgiosPaisios #ΕΛΛΑΔΑ #kalytera', '-']",-,content_B,post
t2846,u0437,2022-02-15 18:13:00+00:00,MeToo,A***e,Italian survivors of clergy sex abuse have shared their campaign for Italy to see the kind of probes that have unveiled massive abuse and cover-ups around the world. #ItalyChurchToo #ChurchToo #theyknew #revealthetruth #endabuse https://***qR,"['#IBelieveTaraReade #NoWarWithRussia #cancelcancelculture ✊🏾❤️🔥 https://***R3', 'Italian survivors of clergy sex abuse have shared their campaign for Italy to see the kind of probes that have unveiled massive abuse and cover-ups around the world. #ItalyChurchToo #ChurchToo #theyknew #revealthetruth #endabuse https://***qR', 'https://***Ez RT-11 #Metooindia #FeminismIsCancer #Feminism #Patriarchy #GenderBiasedLaws #stopfeminism #feminist #fakefeminism #MensLivesMatter #SaveOurSons #InternationalMensDay #toxicfeminism #genderbiased #women #metoo #rape #womenempowerment #WomensRights #female', '-']",-,content_B,post
t2697,u1282,2022-02-13 15:42:11+00:00,MeToo,P***A,So incredibly proud of one of my first campaign volunteers ever standing up courageously to tell her story &amp; fight to make a difference @r***g It’s time to end statutes of limitations for sex crimes ⁦@w***t⁩ #metoo ⁦@R***N⁩ https://***6B,"['When it comes to processing and delivery, @U***S is prioritizing orders from ZIP codes of high socioeconomic vulnerability —communities that have been disproportionately impacted by COVID-19 — to ensure those most in need of tests are receiving them as quickly as possible.', ""The CCP is using the Winter Olympics to sportswash its horrendous human rights abuses. We must not legitimise China's brutal regime by watching these Games. #IWillNotWatch #Beijing2022 Video by @b***o https://***w6"", 'So incredibly proud of one of my first campaign volunteers ever standing up courageously to tell her story &amp; fight to make a difference @r***g It’s time to end statutes of limitations for sex crimes \u2066@w***t\u2069 #metoo \u2066@R***N\u2069 https://***6B', '-']",-,content_C,post
t2703,u0053,2022-02-13 17:47:17+00:00,MeToo,P***C,@J***u @s***3 Let's all remember who started these covid conversations while we're at it. #IwillNotWatch #NoBeijing2022 #BoycottBeijingOlympics #BoycottBeijing2022 #CCPLiedPeopleDied #CCPVirus #FreeUyghurs #FreeTibet #Xinjiang #ccp_is_terrorist #BoycottMadeInChina,"[""@J***u @s***3 Let's all remember who started these covid conversations while we're at it. #IwillNotWatch #NoBeijing2022 #BoycottBeijingOlympics #BoycottBeijing2022 #CCPLiedPeopleDied #CCPVirus #FreeUyghurs #FreeTibet #Xinjiang #ccp_is_terrorist #BoycottMadeInChina"", ""#metoo Is it possible that we support her? Perhaps we are far too afraid of the Chinese government. Maybe we just don't care about Peng Shuai. Is #metoo only something for a select circle? #freepengshuai #oscars #usa #NBCOlympics #Epstein #Maxwell #Weinstein #rtl #prosieben https://***42"", '@T***7 I can. I was raised in it. #metoo #whyididntreport', '-']",tweet_B,content_A,reply
t0120,u1135,2018-10-14 14:30:12+00:00,MeToo,s***5,"Fascinating article from 2015 about #MeuPrimeiroAssedio (#MyFirstHarassment), an anti-harassment campaign launched in Brazil almost two years before #MeToo. #ELENAO https://***Eo","['#MeToo #MeToo4publicity #fakecases https://***BA', 'I hope you find the strength and courage to face them all head on . Hold them by their patriarchal collars and shoot them down - smartly the way you do. #SangeethaBhat #MeeTooIndia #KFI', 'Fascinating article from 2015 about #MeuPrimeiroAssedio (#MyFirstHarassment), an anti-harassment campaign launched in Brazil almost two years before #MeToo. #ELENAO https://***Eo', '-']",-,content_C,post
t2538,u0519,2022-02-09 19:12:43+00:00,MeToo,L***s,@Z***n @j***7 @J***_ @F***I #VoetbalInternational pakt nu groots uit #BomOnderAjax #Overmars #MeToo maar geen woord over #coercion=dwang= #verkrachting middels #gifprik #aanranding=#testen #mondkap van kinderen voetballers/geen woord over #PCRDeception zo #MSM #Demmink beschermt zo #VINL met #Covid1984,"['IN FULL: Grace Tame and Brittany Higgins give joint address at National Press Club | ABC News #MeToo #EnoughIsEnough #SmashThePatriarchy https://***X3', '@Z***n @j***7 @J***_ @F***I #VoetbalInternational pakt nu groots uit #BomOnderAjax #Overmars #MeToo maar geen woord over #coercion=dwang= #verkrachting middels #gifprik #aanranding=#testen #mondkap van kinderen voetballers/geen woord over #PCRDeception zo #MSM #Demmink beschermt zo #VINL met #Covid1984', '@n***s What do you expect when it starts at the top? #IBelieveTaraReade https://***bt', '-']",tweet_B,content_B,reply
t3673,u1187,2022-03-01 22:01:06+00:00,MeToo,A***z,"@C***r #MeToo! Looking forward to comparing the ROI between #BTC #DOGE, #SHIB, #ADA, and #Silver from TODAY forward. How many weeks do you need exactly? Or is your plan based more on #GlobalCollapse than upcoming weeks! 😆 On a more serious note, I will sell you my coin collection! https://***3i","['Stop police sexual violence against Women. Stop protecting sexual predators. Stop silencing victims with NDAs. You have a duty to protect ALL women,not just your own daughter. Who is keeping us safe from you predatory vile thugs. You have no integrity james. Fuck enablers. #MeToo https://***pp', '@C***r #MeToo! Looking forward to comparing the ROI between #BTC #DOGE, #SHIB, #ADA, and #Silver from TODAY forward. How many weeks do you need exactly? Or is your plan based more on #GlobalCollapse than upcoming weeks! 😆 On a more serious note, I will sell you my coin collection! https://***3i', 'Since the #MeToo movement, journalists feel emboldened to investigate stories of sexual abuse that would previously go unreported. Here are some top tips from journalists telling these sensitive stories. https://***Mm https://***Y8', '-']",tweet_A,content_B,reply
t1884,u1284,2021-10-19 20:12:40+00:00,MeToo,d***y,Academia writ large has largely avoided implementing real change post #metoo. Stories like this one are not as rare as we would like to pretend they are. We need to support independent journalists like @m***r who serve as the public’s watchdog. #pressfreedom,"['The creator of #metoo @T***e - such clarity and power. https://***5q', 'Joining me tonight is the founder of the #metoo movement @T***e @a***0', 'Academia writ large has largely avoided implementing real change post #metoo. Stories like this one are not as rare as we would like to pretend they are. We need to support independent journalists like @m***r who serve as the public’s watchdog. #pressfreedom', '-']",tweet_A,content_C,reply
t3050,u0766,2022-02-18 11:47:34+00:00,MeToo,H***4,How many #bollywoodactress are ashamed? Where is toponsherry uncle? 🙄 #ChurchToo #churches 🤬😷 Time to separate it for male and female. Make women as pastors pope mothers in #church 🙄 time for women empowerment https://***Rx,"['How many #bollywoodactress are ashamed? Where is toponsherry uncle? 🙄 #ChurchToo #churches 🤬😷 Time to separate it for male and female. Make women as pastors pope mothers in #church 🙄 time for women empowerment https://***Rx', 'Learning about and eventually becoming #PEACEMAKER was an exercise in exploring the fun and absolutely genius mind of @J***n. It’s been a privilege to work on this show and with the cast, crew and @h***x team. Elated to say we’ll be back to create more peace for Season ✌️! https://***On', ""She wouldn't have made her story public if she hadn`t trust us. #freepengshuai, #WhereIsPengShuai. #superbowl #SuperBowlHalftimeShow #atptour #Olympics2022 #Olympics #thomasbach #SuperBowlLVI #eminem #drdre #tennis #metoo AND #China https://***2F"", '-']",-,content_A,post
t2811,u1248,2022-02-15 11:36:01+00:00,MeToo,M***t,"[#Entretien] Chez les militantes de droite ou d’#ExtrêmeDroite, «il y a un usage stratégique de #Metoo» – par @l***e https://***fI","['[#Entretien] Chez les militantes de droite ou d’#ExtrêmeDroite, «il y a un usage stratégique de #Metoo» – par @l***e https://***fI', 'Today is the day when you make the choice: to live without the hope of Christ or to continue on the journey you’ve been on. Make salvation your choice at https://***W. #IHavePermission #SundayService', 'https://***Gg #rape #rap #rapeculture #rapevictim #sexualassault #ayahuasca #metoo #feminism #xamanismo #rapesurvivor #sexualabuse #women #india #abuse #feminist #womenempowerment #domesticviolence #justice #kuripe #haux', '-']",-,content_A,post
t3982,u3213,2018-03-05 23:27:50+00:00,MeToo,T***8,-,"['@A***r Thank you for speaking up @A***r. #metoo', '@B***A management covering up #fraudulentawards + #fraudulentelections. This can #NeverAgain happen within a charity #wewilltakeaction #TimesUp. We need to stop #BAFTAcorruption #MeToo @u***4 @T***y Read the #BAFTACorruptionReport. https://***aV info@u***o.org https://***r0', 'Universal Film &amp; Festival Organisation - tackling #sexualharessment #childabuse #rape #fraudulentawards #scamfestivals and #corruption since 2011. Report #bullyingandharassment to us info@u***o.org #wewilltakeaction #TimesUp #MeToo @T***y https://***lQ @U***4 https://***Dc', '-']",tweet_C,-,retweet
t3747,u0745,2022-03-03 00:59:05+00:00,MeToo,N***s,"This applies to #NHS staff too, you don’t have to accept any kind of behavior from HCP’s that you wouldn’t accept in other walks of life #prioritisepatientconsent #violatedbyourNHS #traumainformed #powerandcontrol #abusecoverup #MeToo","['Starting soon ➡️ ➡️ ➡️ @C***v hearing—The Future of Women in China: #MeToo, Censorship, and Gender Inequality Witnesses: @L***g, @A***a, @m***r, Tursunay Ziyawudun Info here: https://***KS https://***qf', 'This applies to #NHS staff too, you don’t have to accept any kind of behavior from HCP’s that you wouldn’t accept in other walks of life #prioritisepatientconsent #violatedbyourNHS #traumainformed #powerandcontrol #abusecoverup #MeToo', 'I support survivors. #IBelieveTaraReade I admire Tara Reade ❤️', '-']",-,content_B,post
t3607,u1260,2022-02-28 10:00:59+00:00,MeToo,A***y,"Being inspired by the curiosity of our students to start their own business, Roberto Coin offered a grant project, #Ihaveadream for them. The teams of 4 shortlisted projects are working hard to design, develop, and finalize their business proposals. https://***wJ","['#F1 #FIA #skyF1 #espn #BBCSport #cnni #eu @a***1 #redbullracing #ROLEX #HP #Honda #TAGHeuer #Siemens #metoo #Oracle #pumamotorsport #istandwithlewis #netflix #whiteprivilege #whitewashing @w***l #ReleaseTheFIAreport #VoidLap58 #misogyny #warwickOUT https://***Jm', '#F1 #FIA #skyF1 #espn #BBCSport #cnni #eu @a***1 #redbullracing #ROLEX #HP #Honda #TAGHeuer #Siemens #metoo #Oracle #pumamotorsport #istandwithlewis #netflix #whiteprivilege #whitewashing @w***l #ReleaseTheFIAreport #VoidLap58 #misogyny #warwickOUT https://***Ut', 'Being inspired by the curiosity of our students to start their own business, Roberto Coin offered a grant project, #Ihaveadream for them. The teams of 4 shortlisted projects are working hard to design, develop, and finalize their business proposals. https://***wJ', '-']",-,content_C,post
t3817,u1037,2022-03-04 04:36:30+00:00,MeToo,r***3,1 big thing: Biden to sign landmark #MeToo bill https://***WA #axiospm,"['1 big thing: Biden to sign landmark #MeToo bill https://***WA #axiospm', '#MeToo: Fälle von sexueller Belästigung erschüttern die #Niederlande – ausgelöst durch die #RTL Show „The Voice of #Holland“. Unter Verdacht stehen auch Politiker und Fußball-Stars wie Marc #Overmars von Tobias Müller https://***eI', 'BELIEVE WOMEN #believewomen #metoo #TheBachelor #BachelorNation', '-']",-,content_A,post
t3485,u0941,2022-02-25 15:10:49+00:00,MeToo,K***m,-,"['Pretty much! #lifelibertyandthepursuitofhappiness #conservativethinker #conservative #christianconservative #criticalthinker #climatechange #christian #bible #christianpodcast #wevegotacountrytosave #america #turningpointusa #iwillnotcomply #communismsucks #wethepeople ...', 'Talk about destroying his own country. #lifelibertyandthepursuitofhappiness #conservativethinker #conservative #christianconservative #criticalthinker #climatechange #christian #bible #christianpodcast #wevegotacountrytosave #america #turningpointusa #iwillnotcomply #co...', '#mentoo #ABLANARI #niruparoy #fakecases #womenempowerment #legalterrorism #legalextortion #498A #dowrylawmisuse #Feminism #toxicfeminism #feminazi #metooindia #fraudwatch #blackmail #genderequality #GenderBiasedLaws #crimebywomen #CrimeHasNoGender #MarriageStrike @M***D https://***sU', '-']",tweet_A,-,retweet
t2345,u2784,2022-02-02 18:48:53+00:00,MeToo,A***k,⁦@J***J⁩ … C’mon you SPURS!!! #metoo! https://***OA,"['Αρνητικές τοξικολογικές και ξενοδοχείο χωρίς κάμερες στους εσωτερικούς χώρους. Τάξη κι αλφαδιά. #με_την_Γεωργια #MeToo', '\u2066@J***J\u2069 ... C’mon you SPURS!!! #metoo! https://***OA', 'Jeff Zucker just announced his resignation to a stunned CNN. https://***0d', '-']",-,content_B,post
t2202,u0067,2022-01-21 18:26:20+00:00,MeToo,E***n,Dank @P***f voor je sterke standpunt en begrip dat het gaat over de mánnen! #metoo #thevoice. En @J***1 je snapt er werkelijk echt níets van. Je bent een triest vb van #whitemaleprivilige. Precies jouw teksten maken dat we niets durven te zeggen.,"['""On the Street Where You Live"" is the best Broadway musical song. #IHaveSpoken https://***gy', ""Looking to speak to NHS staff who have been sexually assaulted or harassed at work – for a sensitive feature about surgery's #MeToo moment (and #MeToo in the health sector more widely) in @E***d. Happy to speak anonymously #journorequest"", 'Dank @P***f voor je sterke standpunt en begrip dat het gaat over de mánnen! #metoo #thevoice. En @J***1 je snapt er werkelijk echt níets van. Je bent een triest vb van #whitemaleprivilige. Precies jouw teksten maken dat we niets durven te zeggen.', '-']",-,content_C,post
t3173,u2063,2022-02-20 03:49:11+00:00,MeToo,j***s,"@M***d Not to steal a hashtag… but #metoo sometimes even every effort cannot stop #BreastCancer which is why we need more treatments and a cure. Signed, a health reporter turned #metastaticBreastCancer patient","['@M***d Not to steal a hashtag... but #metoo sometimes even every effort cannot stop #BreastCancer which is why we need more treatments and a cure. Signed, a health reporter turned #metastaticBreastCancer patient', 'https://***bi RT-11 #Metooindia #FeminismIsCancer #Feminism #Patriarchy #GenderBiasedLaws #stopfeminism #feminist #fakefeminism #MensLivesMatter #SaveOurSons #InternationalMensDay #toxicfeminism #genderbiased #women #metoo #rape #womenempowerment #WomensRights #female', ""Has MLK's dream been realized? Everyone has a different answer. #MLKDay #BeARealHero #Ihaveadream #mertoncouncil #LabourParty #jounalist #Politics #Love #World #privatisation https://***Zt"", '-']",tweet_A,content_A,reply
t2462,u1184,2022-02-08 07:10:45+00:00,MeToo,j***m,"""Jan Böhmermann""? @O***k @E***n W T F ? ! ? HIER DER ARTIKEL DER @F***T: Women spoke up, men cried conspiracy: inside Axel Springer’s #MeToo moment https://***8O @d***v @P***E","['Mariëtte Hamer has been tasked with creating an action plan in the Netherlands to tackle sexually-inappropriate behaviour and sexual violence. #MeToo https://***ju', '@B***v Es ist eine beliebte Strategie von Rechten und Konservativen, Antidiskriminierung u.ä. als ""Moral"" umzuframen, siehe auch Begriffe wie ""Tugendfuror"" im Rahmen der #MeToo-Debatte.', '""Jan Böhmermann""? @O***k @E***n W T F ? ! ? HIER DER ARTIKEL DER @F***T: Women spoke up, men cried conspiracy: inside Axel Springer’s #MeToo moment https://***8O @d***v @P***E', '-']",tweet_B,content_C,reply
t3772,u1817,2022-03-03 12:36:54+00:00,MeToo,T***l,"She Said: Breaking the Sexual Harassment Story That Helped Ignite a Movement, by @j***r and @m***e Two @n***s journalists share how they exposed #HarveyWeinstein's history of sexual abuse and misconduct, sparking the #MeToo movement. https://***yx","['🌕💞🌹✨💞💚💞✨💛💕.#WSLM 💞✨🌿📺🍃🎴💞🌿#LOVE🌹🌿💞✨🎶❤🙏🌹💃🌿💚#EveryDayPeople2022💙🌿🏃🌹✌❤🎶✨🍃...❤💰#MoneyMatters2...✌...✨🍃💰✨💞🌿💛🌿💞✨💕💸...🌹💞🎶💛📻 #IHaveSpoken🎴💜🎶💞...#B4✨💞💙🎓😊💚🎩💞✨📺✨👀🎶🌿✨💸https://***uF', 'And 1 hour and 15 minutes later they were unable to update my phone number and had to put an order into the IT dept. Should be good in 48 hours...I can’t even!!! #iwillnevergetthattimeback', ""She Said: Breaking the Sexual Harassment Story That Helped Ignite a Movement, by @j***r and @m***e Two @n***s journalists share how they exposed #HarveyWeinstein's history of sexual abuse and misconduct, sparking the #MeToo movement. https://***yx"", '-']",tweet_A,content_C,reply
t2083,u2366,2022-01-05 05:14:43+00:00,MeToo,B***i,-,"['#SMSociety via NodeXL https://***qj @s***f @s***o @e***1 @a***o @j***n @t***0 @j***l @h***7 @p***i @r***c Top hashtags: #smsociety #cfp #featuredpanel #socialmedia #metoo #newpaper #socmed /', 'On Jan 8, 2020, the Revolutionary Guards shot down flight #PS752 shortly after takeoff from Tehran. All 176 passengers &amp; crew were killed. For 3 days, the Iranian government denied responsibility. Since then no justice, no accountability. A nation in grief. #IWillLightACandleToo https://***8Y', '@K***s @c***2 #metoo', '-']",tweet_C,-,retweet
t3525,u0776,2022-02-26 06:00:11+00:00,MeToo,d***g,Fälle von sexueller Belästigung erschüttern die #Niederlande. Ein neuerlicher #metoo Skandal ausgelöst durch die #RTL Show „The Voice of Holland“. Unter Verdacht stehen auch Politiker und Fußball-Stars wie Marc #Overmars von Tobias Müller https://***eI,"['Keep a leg out, yo #TeamBengal #iwilldoanythingforanewsticker https://***Hk', 'During #MeToo, women publicly recounted allegations of sexual misconduct by powerful male peers. Some of those men have been using India’s criminal defamation law to stamp it out. @m***o tells the story of one such trial, and its outcome. https://***KG', 'Fälle von sexueller Belästigung erschüttern die #Niederlande. Ein neuerlicher #metoo Skandal ausgelöst durch die #RTL Show „The Voice of Holland“. Unter Verdacht stehen auch Politiker und Fußball-Stars wie Marc #Overmars von Tobias Müller https://***eI', '-']",-,content_C,post
t2395,u1742,2022-02-04 22:36:22+00:00,MeToo,r***q,"We are no less susceptible to distress, and as an organisation, we must make this one of the foundations of our culture. That the humans that treat are no different to the humans being treated, and should be dealt with, with the same respect, kindness and consideration. #ustoo","['Are you working on implementing your I WILL on the #IWILLJourney? Join our free Effectuation Workshop to develop your entrepreneurial competences. Find out more: https://***h0 https://***OM', 'We are no less susceptible to distress, and as an organisation, we must make this one of the foundations of our culture. That the humans that treat are no different to the humans being treated, and should be dealt with, with the same respect, kindness and consideration. #ustoo', 'Intriguing read at https://***ht #incestaware #metooincest https://***FF', '-']",tweet_A,content_B,reply
t3216,u1153,2022-02-20 19:37:29+00:00,MeToo,e***s,Feeling festive and empowered after my Buddhist meeting! Day 20 Black History Month: Gloria Gaynor #festive #empowered #day20 #BlackHistoryMonth #GloriaGaynor #jazz #rnb #queesofdisco #singer #actress #composer #IWillSurvive #AllyMcBeal https://***2v,"['#manchester #dublin #UK #Ireland #Barclays #AIB #Infosys #SpeakUp #justice #Equality #motivationalquotes #tabishshaikh #authorssupportingauthors #authorscommunity #wisdomquotes #writerscommunity #IHaveAVoice #youmakesense', '""This is just another press release listing just another bunch of platitudes,” said @g***w a senior staff attorney at the ACLU Women’s Rights Project who represents some of the women suing McDonald\'s over sexual harassment. #metoo, @M***s https://***Fc', 'Feeling festive and empowered after my Buddhist meeting! Day 20 Black History Month: Gloria Gaynor #festive #empowered #day20 #BlackHistoryMonth #GloriaGaynor #jazz #rnb #queesofdisco #singer #actress #composer #IWillSurvive #AllyMcBeal https://***2v', '-']",-,content_C,post
t2928,u0688,2022-02-16 22:56:56+00:00,MeToo,d***O,-,"['#CorpMedia #Idiocracy #Oligarchs #MegaBanks vs #Union #Occupy #NoDAPL #BLM #SDF #DACA #MeToo #Humanity #DemExit #FeelTheBern Twelve years after US-backed military coup, Honduras’s left is back in power https://***MZ Xiomara Castro was sworn in as president on ... https://***2h', 'RETWEET PLEASE #ayahuasca #rapeculture #rapet #consent #childabuse #xamanismo #raper #sexualassault #nomeansno #sexualabuse #believesurvivors #rapeton #metoomovement #rapevictim #rape #aho https://***Gg . .', '@A***r Having lived on Manners, just like the song said, I am an expert on manners and I confirm that Jenny Morrison possesses no manners. #IHaveSpoken', '-']",tweet_B,-,retweet
t2688,u1849,2022-02-13 04:51:31+00:00,MeToo,r***1,#CorpMedia #Idiocracy #Oligarchs #MegaBanks vs #Union #Occupy #NoDAPL #BLM #SDF #DACA #MeToo #Humanity #DemExit #FeelTheBern America's political establishment isn't in the least troubled by voters' semi-literate paranoia; they're banking on it... https://***51 https://***OH,"['@W***e @j***n @p***s @v***p @s***i @c***n #cnn 7 #Children in #bodybags from #hellfire instead of #isis bomber that killed 13 #Marines @u***c and 7 #children in #bodybags killed in #SpecialForces raid and NO #OUTRAGE! @w***j @a***c #joebiden #MeToo #tarareade #UkraineCrisis', ""#CorpMedia #Idiocracy #Oligarchs #MegaBanks vs #Union #Occupy #NoDAPL #BLM #SDF #DACA #MeToo #Humanity #DemExit #FeelTheBern America's political establishment isn't in the least troubled by voters' semi-literate paranoia; they're banking on it... https://***51 https://***OH"", 'https://***10 RT-11 #Metooindia #FeminismIsCancer #Feminism #Patriarchy #GenderBiasedLaws #stopfeminism #feminist #fakefeminism #MensLivesMatter #SaveOurSons #InternationalMensDay #toxicfeminism #genderbiased #women #metoo #rape #womenempowerment #WomensRights #female', '-']",-,content_B,post
t3843,u0585,2022-03-04 17:52:14+00:00,MeToo,c***h,"""How could a discipline that prides itself on studying the nuances of power and culture so completely fail to address its abuses in their own departments?"" New Op-Ed from @M***m in @S***g. #AnthroTwitter #AcademicTwitter #MeTooAnthro https://***C2","['My book ""Thriving"" has been selected by Kirkus Reviews for their March edition as one of the ""30 Great Indie Books Worth Discovering!"" https://***xF #Kirkusreviews #selfhelp #metooheal #awards #traumahealing https://***x5', '""How could a discipline that prides itself on studying the nuances of power and culture so completely fail to address its abuses in their own departments?"" New Op-Ed from @M***m in @S***g. #AnthroTwitter #AcademicTwitter #MeTooAnthro https://***C2', 'Over at Sapiens: #MeToo Anthropology and the Case Against Harvard by Holly Walters https://***yi', '-']",-,content_B,post
t1551,u1018,2020-12-13 01:55:58+00:00,MeToo,A***s,The latest AISD Social Studies Daily! https://***Ck #operationwarpspeed #metoo,"['If you bring forth what is within you, what you bring forth will save you. If you do not bring forth what is within you, what you do not bring forth will destroy you. #bringthedark #iwillfindthelight #bornready https://***1X', '4/8 Paper argues these models don\'t account for nuances of social change in language. ""An AI model trained on vast swaths of the internet won’t be attuned to the nuances of [#MeToo and #BLM] vocabulary &amp; won’t produce or interpret language in line with these new cultural norms.""', 'The latest AISD Social Studies Daily! https://***Ck #operationwarpspeed #metoo', '-']",-,content_C,post
t2731,u1501,2022-02-14 08:54:47+00:00,MeToo,K***s,-,"[""Ignore those guys please. I've just become too hot for them to handle. Good Afternoon House. Ernest Agbada online. #LoveIsNotTourism #BetterTogether #Africa #World #Ihaveadream #AgbadaHonfii https://***vH"", 'https://***JR RT-11 #Metooindia #FeminismIsCancer #Feminism #Patriarchy #GenderBiasedLaws #stopfeminism #feminist #fakefeminism #MensLivesMatter #SaveOurSons #InternationalMensDay #toxicfeminism #genderbiased #women #metoo #rape #womenempowerment #WomensRights #female', 'https://***hq RT-11 #Metooindia #FeminismIsCancer #Feminism #Patriarchy #GenderBiasedLaws #stopfeminism #feminist #fakefeminism #MensLivesMatter #SaveOurSons #InternationalMensDay #toxicfeminism #genderbiased #women #metoo #rape #womenempowerment #WomensRights #female', '-']",tweet_B,-,retweet
t3035,u0948,2022-02-18 06:51:50+00:00,MeToo,w***n,-,"['@S***X @a***h @G***C So much for #BelieveWomen https://***LW', ""The Inspiring Story Of How One Former Neo Nazi Was Invited To Speak On #MLKDAY By Martin Luther King Jr. Daughter #DoctorBerniceKing. Pt3. (It's Never Too Late To #Change) #IHaveADream #Hope #Faith #Love #MSNBC #CNN #FoxNews #ViralVideos #CivilRights #MrBlackCat1069 #BLM https://***Fl"", ""When you confront a perpetrator with his actions, the most common responses will be: She deserved it. She wanted it. I'm the victim here. Myths about #SexualisedViolence reinforce these beliefs and allow perpetrators to blame survivors. #wwpen #GenderBasedViolence #VAWG https://***rT"", '-']",tweet_C,-,retweet
t0304,u2242,2019-12-30 10:47:09+00:00,MeToo,A***a,"""Pretty is not the rent you pay in the world to exist as a woman"". https://***rc #feminism #metoo https://***u1","['All you iNnoCent UnTiL PrOveN GuiLTy warriors who showed up to deligitimise the #MeToo movement are woefully silent as an ENTIRE COMMUNITY is being criminalised across an ENTIRE STATE without so much as framed charges, hearings or convictions. #CAAProtest', 'The latest Dynamic Leadership This Week! https://***kz #workhappy #metoo', '""Pretty is not the rent you pay in the world to exist as a woman"". https://***rc #feminism #metoo https://***u1', '-']",-,content_C,post
t2556,u1818,2022-02-10 03:18:15+00:00,MeToo,H***n,"No one should be expected to sacrifice themselves to ""the cause,"" like I was expected to do. No one should be ratted out by mandatory reporters and made to fear for their safety. The most vulnerable #MeTooPhD victims remain in dire need of professional and emotional help.","['No one should be expected to sacrifice themselves to ""the cause,"" like I was expected to do. No one should be ratted out by mandatory reporters and made to fear for their safety. The most vulnerable #MeTooPhD victims remain in dire need of professional and emotional help.', 'With bipartisan support, both House &amp; Senate pass the bill that Jim Jordan argued against banning forced arbitration for sexual harassment &amp; assault claims. Jordan wants to protect the perpetrators. Congress passes landmark #MeToo bill https://***eL', '@T***n #TimesUpTrump #TrumpCrimeFamily #TrumpForPrison https://***dg', '-']",tweet_A,content_A,reply
t3651,u0323,2022-03-01 09:32:09+00:00,MeToo,w***5,Albert Fritz removed! Report by Advocate Williams confirms sexual misconduct #timesup https://***tu,"['Albert Fritz removed! Report by Advocate Williams confirms sexual misconduct #timesup https://***tu', '@D***3 @s***a Doesn’t shock me that the hateful writers went for maximum pain to appeal to the hateful fans #SanditonIsDead #scamditon #IWillNeverAbandonSidlotte one day a writer with some respect for Austen will do this story justice. They can have have the season2 abomination.', 'Clocktower . . . #FromWhereIRide #cyclingshots #cyclingphotos #ridesnapshare #ihavethisthingwithbikes #strava #stravacycling #WYMTM #veloclubcc #matesthatride #keepRiding #mates #bike #MelBAAWn @ Black Rock, Australia https://***1H', '-']",-,content_A,post
t2739,u1195,2022-02-14 12:08:48+00:00,MeToo,n***n,Thanks for the mention of @c***y @v***e! @S***s @L***t #metoo #saam #timesup,"['Thanks for the mention of @c***y @v***e! @S***s @L***t #metoo #saam #timesup', ""'Before the metoo movement, where were the buddhist teachers who were speaking out about the situation of and abuse of women on this planet?'. - Himalayan Yogi"", 'Uden udbud købte region 43 millioner tests i et engelsk firma, som hverken var registreret til at levere medicinsk udstyr eller handle med det offentlige. Regionen har ingen kommentarer. #dkmedier #TomorrowsPapersToday https://***Cf', '-']",-,content_A,post
t3157,u1849,2022-02-19 23:43:23+00:00,MeToo,r***1,#CorpMedia #Idiocracy #Oligarchs #MegaBanks vs #Union #Occupy #NoDAPL #BLM #SDF #DACA #MeToo #Humanity #DemExit #FeelTheBern Epstein’s Alleged Pimp Jean-Luc Brunel Found Hanged in Cell https://***2R The French modeling agent was accused of procuring girls for the... https://***26,"['We should insist on transparency from our partners in this endeavor- no sweetheart financing deals for the guy who just bought the most expensive home in DC history until he/the NFL release the Wilkinson Report #BelieveWomen https://***6. https://***IO', '#CorpMedia #Idiocracy #Oligarchs #MegaBanks vs #Union #Occupy #NoDAPL #BLM #SDF #DACA #MeToo #Humanity #DemExit #FeelTheBern Epstein’s Alleged Pimp Jean-Luc Brunel Found Hanged in Cell https://***2R The French modeling agent was accused of procuring girls for the... https://***26', 'Άννα Μενενάκου: «Και φοβήθηκα, και δεν μίλησα, και ντράπηκα... Δεν ήξερα πού να κρυφτώ, τι να κάνω» https://***cU #asemasremama #happyday #alphatv #metooGR #MeToo #afterdark #opentv #news #media #actress #interview #news #media #SHOWBIZ #Gossip', '-']",-,content_B,post
t1956,u0477,2021-11-23 05:03:38+00:00,MeToo,p***i,"And now 5) for #FindESAus21, ""Your favourite 2021 lockdown companion"" - I give you Russell, trying to stay warm in the uninsulated, barely-heated house we were stuck in for lockdown last year. #Iwilltakeanyexcusetotweetpicsofmydog https://***wz","['And now 5) for #FindESAus21, ""Your favourite 2021 lockdown companion"" - I give you Russell, trying to stay warm in the uninsulated, barely-heated house we were stuck in for lockdown last year. #Iwilltakeanyexcusetotweetpicsofmydog https://***wz', ""- Pour demander aux politiques publiques de faire de la prévention contre ces crimes. Car chaque jour en France, 250 femmes sont victimes de viol. Car dénoncer celles qui dénoncent et ne pas les croire c'est une violence. #metoopub #metoo #noustoutes #stopfeminicides"", ""Here's a quote from our guest Steve Pemberton, CHR of Workhuman. If you'd like to hear more about out topic on race, check out the full episode at https://***Lf #Race #Racism #CiritalRaceTheory #BlackLivesMatter #Metoo #Peopleofcolor #SocialChange #Diversity #Inclusion https://***5V"", '-']",-,content_A,post
t2784,u1849,2022-02-15 02:30:42+00:00,MeToo,r***1,"#CorpMedia #Idiocracy #Oligarchs #MegaBanks vs #Union #Occupy #NoDAPL #BLM #SDF #DACA #MeToo #Humanity #DemExit #FeelTheBern Free Country https://***5B On the afternoon of Friday, March 13, 2020, when Michael Cargill arrived at his gun shop in a strip mall on the... https://***Uc","[""Let's all remember who started these covid conversations while we're at it. #IwillNotWatch #NoBeijing2022 #BoycottBeijingOlympics #BoycottBeijing2022 #CCPLiedPeopleDied #CCPVirus #FreeUyghurs #FreeTibet #Xinjiang #ccp_is_terrorist #BoycottMadeInChina"", '@A***r Having lived on Manners, just like the song said, I am an expert on manners and I confirm that Jenny Morrison possesses no manners. #IHaveSpoken', '#CorpMedia #Idiocracy #Oligarchs #MegaBanks vs #Union #Occupy #NoDAPL #BLM #SDF #DACA #MeToo #Humanity #DemExit #FeelTheBern Free Country https://***5B On the afternoon of Friday, March 13, 2020, when Michael Cargill arrived at his gun shop in a strip mall on the... https://***Uc', '-']",-,content_C,post
t2707,u1824,2022-02-13 18:53:34+00:00,MeToo,R***n,"Thank u—YES! definitely a violent crime! repeatedly evicted, even from my own 20yr home vacation property/rentals numerous Apts all lies from violent ex n his cop buddies, savings destroyed along w my life! absolute hell! #roughsleeping now w nothing! #femicide #MeToo #VAWG https://***q5","['Thank u—YES! definitely a violent crime! repeatedly evicted, even from my own 20yr home vacation property/rentals numerous Apts all lies from violent ex n his cop buddies, savings destroyed along w my life! absolute hell! #roughsleeping now w nothing! #femicide #MeToo #VAWG https://***q5', 'Does this concern my Democrat voter friends? #lifelibertyandthepursuitofhappiness #conservativethinker #conservative #christianconservative #criticalthinker #climatechange #christian #bible #christianpodcast #wevegotacountrytosave #america #turningpointusa #iwillnotcomply ...', '2015 in Rio - She didn’t seem to be in fear for her life - @L***v @s***1 @r***2 @S***w #JusticeForJohnnyDepp #video #metoo #DomesticViolence #charity #johnnydepp #hollywoodvampires #truth #like #AmberHeard #Throwback #celebrity #neverfeartruth https://***DD', '-']",-,content_A,post
t2167,u0496,2022-01-17 21:17:09+00:00,MeToo,D***m,Lord please I need your help Please show up for me this once 🥺🙏 My school fees still pending 😭😭. I'm loosing my mind already I don't want to drop out 😭😭😭 Please help retweet till I get help #helpsaveasoul #ihavepassionforeducation #help,"['HIS LEGACY LIVES ON Today, we honor the great civil rights leader, Dr. Martin Luther King, Jr. Take time to pause and reflect on his words and wisdom this Martin Luther King Day. He continues to guide us. #MLKDay #IHaveADream https://***Cf', ""Lord please I need your help Please show up for me this once 🥺🙏 My school fees still pending 😭😭. I'm loosing my mind already I don't want to drop out 😭😭😭 Please help retweet till I get help #helpsaveasoul #ihavepassionforeducation #help"", '“An injustice anywhere is a threat to justice everywhere.”- Martin Luther King, Jr. #martinlutherking #blacklivesmatter #mlk #malcolmx #martinlutherkingjr #ihaveadream #blackhistory #malcomx #civilrights #marcusgarvey #love #martinlutherkingday #africa https://***tI', '-']",-,content_B,post
t3695,u3274,2022-03-02 09:39:45+00:00,MeToo,F***S,"After Millbury fire captain jailed for sexually assaulting a child, Colton M. Paszkowski, 24, charged w/statutory rape &amp; kidnapping. Yes, #WeNeedToTalkAboutCosby🗣, but #FirstThem👉🏾 #MeToo #WeAsOurselves🤐 #SilenceIsViolence🤬 #H1news🗞 🔗: https://***7s","['After Millbury fire captain jailed for sexually assaulting a child, Colton M. Paszkowski, 24, charged w/statutory rape &amp; kidnapping. Yes, #WeNeedToTalkAboutCosby🗣, but #FirstThem👉🏾 #MeToo #WeAsOurselves🤐 #SilenceIsViolence🤬 #H1news🗞 🔗: https://***7s', 'Thank you for all of your messages, offerings of help, organizing, etc. I need to step away for a few hours. I am still recovering from surgery and I need to ensure that I have enough spoons to continue fighting on. I will read the rest of my messages later today.', ""@A***n Let's Get Rid of this Rapist! HOW HYPOCRITICAL! https://***cM"", '-']",-,content_A,post
t3343,u1299,2022-02-22 20:18:01+00:00,MeToo,e***K,"‘Paying women less for doing the same job as a man is more prevalent than I thought.’ This month, Dame Moya Greene, former CEO of Royal Mail, tells us why she decided to spearhead the #MeTooPay campaign. https://***pW #equalPay #Womeninbusiness #Femaleleaders https://***af","['‘Paying women less for doing the same job as a man is more prevalent than I thought.’ This month, Dame Moya Greene, former CEO of Royal Mail, tells us why she decided to spearhead the #MeTooPay campaign. https://***pW #equalPay #Womeninbusiness #Femaleleaders https://***af', 'https://***zP #ΔολοφονίαΆλκη #salonikaplus #sasmos #agriesmelisses #radioarvyla #MasterChefGR #superkaterina #eleni #TheChase #primetime #survivorgr #toprwino #The2NightShow #metooGR #shoppingstar #gitiselias #PameDanai #metoogreece #Τσικνοπεμπτη', ""I'm impressed &amp; pleased to see that the folks at @t***n plan to continue speaking truth to power, just as the 3 women bringing the lawsuit are doing. It behooves the rest of us to pay attention, at the very minimum. #RealRecourse #TimesUp https://***Sg"", '-']",-,content_A,post
t2488,u2186,2022-02-08 16:42:26+00:00,MeToo,M***t,-,"['Brisbane flash mob 🇦🇺 - Boycott Beijing 2022 Last Friday marks the commencement of the @b***2. We called for a total boycott of the @B***2 Winter Olympics, urging people not to watch the game. #NoBeijing2022 #BoycottBeijing2022 #FreeHongKong #IwillNotWatch https://***tO', 'love to see it. the naïvety card from harvard faculty #comaroff https://***XR', ""Here's a look at the jumps the gold medal favorite Nathan Chen 🇺🇸 completed at #Beijing2022. Follow our coverage live: https://***bq https://***Yt"", '-']",tweet_A,-,retweet
t2251,u1818,2022-01-26 14:38:43+00:00,MeToo,H***n,I LIVE for documentaries that have come out of the #MeToo era. I see my own story a little more clearly after every show. I am very excited for this one and deeply happy for all of Hefner's victims who get to tell their truth...fucking finally. https://***MY,"[""I LIVE for documentaries that have come out of the #MeToo era. I see my own story a little more clearly after every show. I am very excited for this one and deeply happy for all of Hefner's victims who get to tell their truth...fucking finally. https://***MY"", ""I appreciate the #IHaveAPreexistingCondition posts -- I have one too -- but the posting of one's pretty/fit photos, as if it proves something or should change minds, bums me out. Do those of us who are disabled/have a PEC have to look a certain way to be worthy of basic respect?"", '@J***H And in amazing timing I had a surprise box of chocolates from a colleague waiting for me at home tonight! #IHaveTheBestColleagues https://***oF', '-']",-,content_A,post
t0065,u0070,2018-09-02 03:02:21+00:00,MeToo,A***e,Salam to your spirits dear inmates of Presidency central prison and Alipore correctional home who fasted against police action on democratic activists. #MeTooUrbanNaxal,"['Salam to your spirits dear inmates of Presidency central prison and Alipore correctional home who fasted against police action on democratic activists. #MeTooUrbanNaxal', 'How to leverage the #MeToo movement to stop harassment https://***5P #FearlessFriday #leadership #recruiting #HR #HiringNow #HumanResources #MeToo #WorkplaceHarassment', 'FIR filed against Robert Vadra. Liberals: #MeTooSoniaKaDamad 😂😂✌🏻', '-']",-,content_A,post
t3059,u0755,2022-02-18 15:46:10+00:00,MeToo,V***e,"REVIEW "" A SPECTACULAR BOOK AND AN INCREDIBLE DEBUT NOVEL"" My little booktique_x Instagram. #victimofdefense #legal thriller ##Metoo#johngrisham #colleenhoover#louisepenny https://***xC https://***f7","[""What's your biggest secret? :) - #Ihaveherpes."", '12 30 AM IST #MeToo #China @L***g https://***mE', 'REVIEW "" A SPECTACULAR BOOK AND AN INCREDIBLE DEBUT NOVEL"" My little booktique_x Instagram. #victimofdefense #legal thriller ##Metoo#johngrisham #colleenhoover#louisepenny https://***xC https://***f7', '-']",-,content_C,post
t1899,u0692,2021-10-29 07:58:45+00:00,MeToo,s***e,"Thank You @T***e and @Y***a. #Inspiration Lead with empathy. Don't pass the torch, light a fire to connect with others #MeToo Legacy. Survival is proof of inner strength. https://***AO","['#Metooinceste : La commission sur l’inceste appelle à écouter davantage les mères \u2066@C***t\u2069 https://***Lb', ""Thank You @T***e and @Y***a. #Inspiration Lead with empathy. Don't pass the torch, light a fire to connect with others #MeToo Legacy. Survival is proof of inner strength. https://***AO"", ""Will academia ever have its #MeToo moment? @a***_ a Lecturer in Education and Social Justice at the University of York poses the question in today's Al Jazeera op-ed.👇 #NotOK"", '-']",-,content_B,post
t3284,u2043,2022-02-21 20:10:46+00:00,MeToo,F***n,Black women have long borne the brunt of the worst impacts of US law. Attorney and women’s rights activist @F***s is making Black history by setting out to change that. We’re proud to support her work with @n***c and @T***F. #TIMESUP #BlackHistoryMonth,"['@b***i Pensare che sarebbe bastato diventare un Drag Vassallo, un #Gender valvassino, un valvassore #MeToo , comunque meglio di un servo del #PoliticamenteCorretto ... https://***AY', 'Black women have long borne the brunt of the worst impacts of US law. Attorney and women’s rights activist @F***s is making Black history by setting out to change that. We’re proud to support her work with @n***c and @T***F. #TIMESUP #BlackHistoryMonth', 'Ik ook #brutus #metoo #m2 ,, #alert #waakzaam #voorbereid ook ik moet daar op letten, elke dag #Daybyday #justHim #within #trust #believe #not1ofthem #not1ofus #notyou #notme #JesusSaves #JesusIsReal #JesusIsLord &amp; #1way better then @j***n or me, Brutus. #TruthMatters 🙂', '-']",-,content_B,post
t1730,u0154,2021-04-27 15:51:12+00:00,MeToo,T***K,Solely considering a woman’s achievements in terms of her appearance might have something to do with the misogyny necessitating the TIME’S UP and MeToo movements - great article on #Oscars red carpet by @o***r in @B***e - https://***N8,"['It is #baberuth day . He would not have survived in this #MeToo era. How does ine date nowadays? https://***7m', 'Breaking - I report on new allegations against major a Reform leader and the rumblings of a #MeToo reckoning within the Reform movement. https://***64', 'Solely considering a woman’s achievements in terms of her appearance might have something to do with the misogyny necessitating the TIME’S UP and MeToo movements - great article on #Oscars red carpet by @o***r in @B***e - https://***N8', '-']",-,content_C,post
t2682,u1849,2022-02-13 04:09:12+00:00,MeToo,r***1,#CorpMedia #Idiocracy #Oligarchs #MegaBanks vs #Union #Occupy #NoDAPL #BLM #SDF #DACA #MeToo #Humanity #DemExit #FeelTheBern America's political establishment isn't in the least troubled by voters' semi-literate paranoia; they're banking on it... https://***51 https://***rA,"[""fear is what they fed me... my entire life. I am a mind control camp survivor. #metoo #whyididntreport when you've nothing left to loose and everything to gain. and you know their secrets. it's not a whislte love. it's a TRUMPET. I'm blowing it and HERE I AM. #mynameisalice https://***fm"", ""#CorpMedia #Idiocracy #Oligarchs #MegaBanks vs #Union #Occupy #NoDAPL #BLM #SDF #DACA #MeToo #Humanity #DemExit #FeelTheBern America's political establishment isn't in the least troubled by voters' semi-literate paranoia; they're banking on it... https://***51 https://***rA"", 'https://***fk RT-11 #Metooindia #FeminismIsCancer #Feminism #Patriarchy #GenderBiasedLaws #stopfeminism #feminist #fakefeminism #MensLivesMatter #SaveOurSons #InternationalMensDay #toxicfeminism #genderbiased #women #metoo #rape #womenempowerment #WomensRights #female', '-']",-,content_B,post
t0168,u0052,2018-11-08 21:57:48+00:00,MeToo,n***1,NPR: Neo-Puritan Revival in the #MeToo Age https://***Tk via @t***g,"['*S*A*N*D*R*A* sur Twitter : ""#GirlPower #WoW #MeToo https://***f"" / Twitter https://***of', 'Kom innom for en kopp kaffe og en god samtale på Dragvoll i dag! #metooakademia https://***B8', 'NPR: Neo-Puritan Revival in the #MeToo Age https://***Tk via @t***g', '-']",-,content_C,post
t2461,u2923,2022-02-08 06:31:30+00:00,MeToo,D***n,-,"['@K***b @t***n there was a “shitty profs*” spreadsheet at the peak of #metoostem (derivative of the original from Hollywood), not sure what happened with it though.. *mostly all men IIRC', 'How I Forgave the Man Who Sexually Abused Me: https://***vh #healing #trauma #healingtrauma #selfhealing #selflove #selfhelp #Motivational #MeToo #ptsd #recovery #abuse #Forgiveness #grace #love #joy #SpiritualSunday #youtube #Survivor #addiction #addictionrecovery', ""#8vd10 vriendinnen waar ik een relatie mee heb gehad zijn #seksueelmisbruik-t geweest #aanranding #verkrachting #grensverschrijdendgedrag #kindermsibruik f'd up #roofdier mannen #Overmars #MeToo"", '-']",tweet_B,-,retweet
t3326,u0338,2022-02-22 16:28:35+00:00,MeToo,s***y,Here comes the fkn pink shirts! Here’s comes the abusers and pimps posting images of Women again! Here comes bullies bullshitting the public to make themselves look human. Here comes the biggest obstacle for women’s rights claiming to support victims. Fuck patriarchy FU2 #MeToo https://***zs,"['#mentoo #ABLANARI #niruparoy #fakecases #womenempowerment #legalterrorism #legalextortion #498A #dowrylawmisuse #Feminism #toxicfeminism #feminazi #metooindia #fraudwatch #blackmail #genderequality #GenderBiasedLaws #crimebywomen #CrimeHasNoGender @M***D @U***a @h***w https://***PG', 'Here comes the fkn pink shirts! Here’s comes the abusers and pimps posting images of Women again! Here comes bullies bullshitting the public to make themselves look human. Here comes the biggest obstacle for women’s rights claiming to support victims. Fuck patriarchy FU2 #MeToo https://***zs', ""#IWillNotWatch #ididnotwatch . in fact I didn't even listen when the news was on https://***X1"", '-']",-,content_B,post
t2952,u1229,2022-02-17 05:07:02+00:00,MeToo,s***2,One Group That Thinks Grown Men “Courting” Teen Girls Is Natural? Fundamentalist Home-Schoolers by R. Graham https://***M0 - #Homeschooling #Pedophilia #ChristianPatriarchy #Complementarianism #ChurchToo #Homeschooled #MeToo #MaleHeadship,"['Leaders, do you stand firm on facts, or are you easily swayed by your feelings? Encourage yourself with my latest message, #IHavePermission, at https://***n, and join us virtually at the 2022 @T***S via https://***cR #TDJOnline https://***fh', '#MONGOLIA: 1 in 4 women, regardless of her social and economic status, agreed that a husband may beat his wife if she is unfaithful https://***wY #VAW #MeToo #DV', 'One Group That Thinks Grown Men “Courting” Teen Girls Is Natural? Fundamentalist Home-Schoolers by R. Graham https://***M0 - #Homeschooling #Pedophilia #ChristianPatriarchy #Complementarianism #ChurchToo #Homeschooled #MeToo #MaleHeadship', '-']",-,content_C,post
t0133,u3140,2018-10-20 19:24:12+00:00,MeToo,I***d,"We are in this with you Dr. Quraishi . #Faith #believesurvivors #prevention, #solidarity., #Warriors. #cancerdemama #mammogramssavelives https://***Yk","[""I stand with you @s***i - no director can add scenes especially intimate ones without the actor's consent . Directors can't take advantage of a new comer . #raviShrivastav your #TimesUp #MeTooIndia #kfistories https://***fX"", 'רוצות/ים לשמוע קצת על #MeToo הישראלי? מוזמנות/ים לשיחה אצלכן בבית עם העיתונאית שרון שפורר. https://***n4', 'We are in this with you Dr. Quraishi . #Faith #believesurvivors #prevention, #solidarity., #Warriors. #cancerdemama #mammogramssavelives https://***Yk', '-']",-,content_C,post
t3860,u0608,2022-03-05 04:07:11+00:00,MeToo,B***y,-,"['@k***l @k***k @K***s @s***a @S***L @i***a @S***4 @u***g @S***8 @S***1 @m***5 @N***2 @I***0 @T***0 @C***k @s***5 @N***a @v***a @s***8 @r***4 @a***7 No. No. No. Far from it. You keep ur babies. All I ask 4: Is dat #Knack The #Skill Dat #Instinct The #RovingEye The ""attention"" 2 #Detail N the #Art n the #Timing of the #Click The ""All of IT"" dat u bring 2gether 2 produce dat #Magic N then: #MeToo can produce ""my own"" #Babies!', '#AfricanAmerican women use #poetry, #dance, and #animation to explore #selfempowerment and accountability. https://***9B #BLM #MeToo #SexualHarrassment @B***e @C***9 https://***NR', 'Weibo banned several accounts and removed posts, and state media even acknowledged the trend. But to report on this is not seen as highlighting misogynistic tendencies on a Chinese social platform, but an attack against the Chinese state itself.', '-']",tweet_A,-,retweet
t3279,u2074,2022-02-21 19:14:04+00:00,MeToo,B***w,The ambiguity created by the #MeToo arbitration bill using “case” rather than “claim” could drive strategic litigation choices as courts wrestle with the scope of the law. https://***nv,"[""#IWillNotWatch #ididnotwatch . in fact I didn't even listen when the news was on https://***X1"", 'The ambiguity created by the #MeToo arbitration bill using “case” rather than “claim” could drive strategic litigation choices as courts wrestle with the scope of the law. https://***nv', '@J***s He was part of the MeToo movement and there have been articles about what he did for the past decade. The issue with an artist being part of a band is cancelling this piece of trash also cancels someone like Robert plant.', '-']",-,content_B,post
t2530,u2871,2022-02-09 16:51:37+00:00,MeToo,m***z,-,"['An absolutely stunning, nuanced read on the possibilities -- and limitations -- of redemption for an accused man in the #MeToo era. huge kudos @k***r! https://***nA', 'Women spoke up, men cried conspiracy: inside Axel Springer’s #MeToo moment https://***XW', 'Congratulations to @G***n for crusading to end #sexualharassment hidden by forced arbitration. Her #MeToo story was hidden behind her abuser’s ability to force secrecy. She purposed herself to stop that shit. https://***bb via @1***s', '-']",tweet_C,-,retweet
t2072,u2366,2022-01-03 10:45:14+00:00,MeToo,B***i,مدیون حامد اسماعیلیون عزیز هستم که مرا عمیقاً با عشق سه‌نفره‌شان آشنا کرد تا بتوانم مزاری برای ری‌را و پریسا بسازم که هم عشق در آن باشد و هم سوگ و نشان جنایت. فیلمی از مزار هم در این کلیپ آمده است. https://***1x #PS752 #IWillLightACandleToo #من_هم_شمعی_روشن_خواهم_کرد https://***Ln https://***dC,"['مدیون حامد اسماعیلیون عزیز هستم که مرا عمیقاً با عشق سهنفرهشان آشنا کرد تا بتوانم مزاری برای ریرا و پریسا بسازم که هم عشق در آن باشد و هم سوگ و نشان جنایت. فیلمی از مزار هم در این کلیپ آمده است. https://***1x #PS752 #IWillLightACandleToo #من_هم_شمعی_روشن_خواهم_کرد https://***Ln https://***dC', 'Το #Ισλαμαμπαντ τρεντάρει γιατί επιτέλους πολλές Αθηναίες τολμάνε να μιλήσουν για το πρόβλημα. Ο φόβος να κάνεις ρεβεγιόν όπως οι άλλες Ευρωπαίες γυναίκες. Ο φόβος να κατέβεις στο κέντρο. Το catcalling μέρα μεσημέρι. Ο αναγκασμός να βρεις διαμέρισμα σε άλλη περιοχή. #metoogr', 'Amongst the replies to my tweet, I have received another harrowing story of #sexualassault in #surgery I have been asked to share it by the author &amp; do so with their consent My DMs are filled with many of these experiences We can &amp; must do better #surgery #metoo #medtwitter https://***nX', '-']",-,content_A,post
t2151,u2309,2022-01-17 11:57:53+00:00,MeToo,A***z,El #BlueMonday son los padres. Yo estoy más contento que cualquier otro lunes. Mejor celebremos el #MartinLutherKingDay y soñemos con ese mundo que nos merecemos. #MLKDay2022 #IHaveADream,"['El #BlueMonday son los padres. Yo estoy más contento que cualquier otro lunes. Mejor celebremos el #MartinLutherKingDay y soñemos con ese mundo que nos merecemos. #MLKDay2022 #IHaveADream', '#zerotolerance #timesup #callitoutifyouseeit #reportit @U***S @j***s @B***l @F***s @N***y', 'For this year #MLKDay ... just want to remind the world that still happening in the world right now... humans living with no rights, waiting for justice! Just because the have a dream #IHaveADream https://***KK', '-']",-,content_A,post
t3996,u2671,2018-04-29 15:44:02+00:00,MeToo,h***r,Here's is the #MeToo speech at @H***e by @H***I https://***xz,"[""Here's is the #MeToo speech at @H***e by @H***I https://***xz"", '#women #womenareart #metoo #womensrights #noyourproperty https://***gw', 'With the #MeToo movement in the US it is interesting to see how it is dealt with in other countries. How do you think it will be dealt with in the long run with more strict countries like China? #mchslang19 https://***qp', '-']",-,content_A,post
t2730,u3201,2022-02-14 07:02:57+00:00,MeToo,s***a,-,"['@E***s @k***s #Wriezen - das ist ländliches, beschauliches #Brandenburg👩🏻🌾🚜 Märkisch Oderland! 🌾🌱 Das solche Übergriffe, Frauenmißachtung &amp; Sexualverbrechen NICHT kannte. Ja: bis Merkel Hexe... Unfassbar! Aber von Diversity Equality schwafeln! #SaveXX #MeToo #WomensRights #IstanbulKonvention', '#rape #rapel #ayahuasca #rapeculture #rapet #consent #childabuse #xamanismo #raper #sexualassault #nomeansno #sexualabuse #believesurvivors #rapeton #metoomovement #rapevictim #rape #aho https://***Gg . .', '@D***R Yes v much so. #IWillNotWatch', '-']",tweet_B,-,retweet
t0116,u0001,2018-10-11 11:59:52+00:00,MeToo,T***s,"Here is a thoughtful piece on the value of sacred anger, written with insight and compassion for these trying times. “LOVE LOUDER: Anger Is The First Step Towards Healing https://***nQ #healing #MeTooMovement","['Here is a thoughtful piece on the value of sacred anger, written with insight and compassion for these trying times. “LOVE LOUDER: Anger Is The First Step Towards Healing https://***nQ #healing #MeTooMovement', 'Hail MeToo movement. All must come forward. Give justice to all. There should be a legal provision to justify all ... God bless us all. No comments seen from concerned authority as of now...!!! https://***xJ', 'Abhijeet Bhattacharya- ""Singer"" #metoo https://***FQ', '-']",-,content_A,post
t3097,u1849,2022-02-19 05:02:11+00:00,MeToo,r***1,#CorpMedia #Idiocracy #Oligarchs #MegaBanks vs #Union #Occupy #NoDAPL #BLM #SDF #DACA #MeToo #Humanity #DemExit #FeelTheBern America's political establishment isn't in the least troubled by voters' semi-literate paranoia; they're banking on it... https://***51 https://***j1,"[""#CorpMedia #Idiocracy #Oligarchs #MegaBanks vs #Union #Occupy #NoDAPL #BLM #SDF #DACA #MeToo #Humanity #DemExit #FeelTheBern America's political establishment isn't in the least troubled by voters' semi-literate paranoia; they're banking on it... https://***51 https://***j1"", 'https://***H6 #patriot #turningpointusa #joerogan #prageru #youngamerica #iwillnotcomply #wewillnotcomply #americafirst #lovetheusa #americathebeautiful #patrioticapparel #freedom #Ronaldreagan #downwithtyranny #wethepeople #patriotic #iwillnotcomply #americanflag https://***hO', '#MeToo should be changed to #HeToo :/', '-']",-,content_A,post
t2664,u0758,2022-02-12 12:03:38+00:00,MeToo,t***0,The Associated Press’ Olympics team has been assigned to the Beijing Tibet Hotel from where @A***P 's Kelvin Chan brings this exclusive: CCP's grip on Tibet's history. #IWillNotWatch #GenocideGames https://***Yg,"['#USA: In a survey of 148 Native American women living in #Seattle, 94% reported being raped or coerced into sex https://***5k #VAW #Rape #MeToo #YesAllWomen', '@w***s @R***n @c***v @o***e @Y***e @U***S @I***n @C***e It happens to people -- established people -- on the tenure track and in industry, too. Down with #sexualharassment #discrimination #bullying #retaliation in any workplace #MeToo', ""The Associated Press’ Olympics team has been assigned to the Beijing Tibet Hotel from where @A***P 's Kelvin Chan brings this exclusive: CCP's grip on Tibet's history. #IWillNotWatch #GenocideGames https://***Yg"", '-']",-,content_C,post
t2308,u0394,2022-02-01 07:03:17+00:00,MeToo,M***y,-,"[""Some of these women believe they are allies, and haven't had the same level of reflection they asked male colleagues to give during the #MeToo era. They don't see how much time they spend telling ppl like me how to act more like them (impossible, ridiculous)."", '@E***e Hm. Wie und wo sind #BLM oder #metoo so krass „entgleist“? Inwiefern kontrollieren „kleine Gruppen rigoroser Einpeitscher“ in D (oder sonstwo) Diskurs? Wieso wieder das Katechismus-framing? Haben wir nicht genug säkulare Probleme?', 'Join the #metoo International team on @I***m #live tomorrow at 6:30 PM ET as we kick off #BlackHistoryMonth with a convo on Black joy, Black history, and how survivors heal. Head over to our Instagram and set a reminder to tune in 👉🏿 https://***DW https://***Jj', '-']",tweet_C,-,retweet
t3176,u2403,2022-02-20 04:21:44+00:00,MeToo,M***d,-,"['https://***bi RT-11 #Metooindia #FeminismIsCancer #Feminism #Patriarchy #GenderBiasedLaws #stopfeminism #feminist #fakefeminism #MensLivesMatter #SaveOurSons #InternationalMensDay #toxicfeminism #genderbiased #women #metoo #rape #womenempowerment #WomensRights #female', 'I am so incredibly thrilled to have this book in my hands! In order to celebrate, we are giving away 5 signed copies of ""What is a Little Boy Worth?"" All you have to do is Like &amp; retweet; we will pick 5 winners at random and reach out through DM\'s. https://***uF', 'The ambiguity created by the #MeToo arbitration bill using “case” rather than “claim” could drive strategic litigation choices as courts wrestle with the scope of the law. https://***gQ', '-']",tweet_A,-,retweet
t3272,u1977,2022-02-21 16:50:15+00:00,MeToo,V***z,-,"['🌕💞🌹✨💞💚💞✨💛💕.#WSLM 💞✨🌿📺🍃🎴💞🌿#LOVE🌹🌿💞✨🎶❤🙏🌹💃🌿💚#EveryDayPeople2022💙🌿🏃🌹✌❤🎶✨🍃...❤💰#MoneyMatters...✌...✨🍃💰✨💞🌿💛🌿💞✨💕💸...🌹💞🎶💛📻 #IHaveSpoken🎴💜🎶💞...#B4✨💞💙🎓😊💚🎩💞✨📺✨👀🎶🌿✨💸https://***pm', '#CorpMedia #Idiocracy #Oligarchs #MegaBanks vs #Union #Occupy #NoDAPL #BLM #SDF #DACA #MeToo #Humanity #DemExit #FeelTheBern WATCH American Reckoning https://***pW Who killed Wharlest Jackson Sr.? In investigating the unsolved 1967 murder of a local NAACP leader... https://***a9', '@B***s @B***e @A***h Indeed. #Metooday589 was a great flop as well. Sad thing is people are starting to sound like Lloyd saying ""LeaveMeAlone"" if anyone points out that sometimes there are differing ways to raise issues or include different hashtags.', '-']",tweet_B,-,retweet
t2505,u2073,2022-02-09 02:07:29+00:00,MeToo,n***f,"A strong response ""in strong opposition"" from other Harvard faculty to the #harvardletter and the bullying of the students in the case https://***j4","['A strong response ""in strong opposition"" from other Harvard faculty to the #harvardletter and the bullying of the students in the case https://***j4', 'I’ve got 99 problems and Australia’s + worldwide heteronormative patriarchy is basically all of them #EnoughIsEnough #NationalPressClub #ViolenceAgainstWomen #SmashThePatriachy #MeToo #ReligiousDiscriminationBill #ChildAbuse #ChildSexualAbuseSurvivors #GraceTame #BrittanyHiggins https://***Dq', ""5a) They alleged they knew him to be good. And yet Comaroff's OWN LAWYER admitted one instance of verbal sexual harassment, as reported here. But as anyone who pays attention to #MeToo knows, there's never just one victim. https://***gj"", '-']",-,content_A,post
t3183,u1450,2022-02-20 08:45:11+00:00,MeToo,a***a,#storytelling #quote: #We can’t “Duck” the fact that “Donald” is a out of control perverted #MeToo incest #motivated thinking pedophile nasty old man luster. https://***gY https://***ss,"[""#CorpMedia #Idiocracy #Oligarchs #MegaBanks vs #Union #Occupy #NoDAPL #BLM #SDF #DACA #MeToo #Humanity #DemExit #FeelTheBern America's political establishment isn't in the least troubled by voters' semi-literate paranoia; they're banking on it... https://***51 https://***Bz"", ""#CorpMedia #Idiocracy #Oligarchs #MegaBanks vs #Union #Occupy #NoDAPL #BLM #SDF #DACA #MeToo #Humanity #DemExit #FeelTheBern America's political establishment isn't in the least troubled by voters' semi-literate paranoia; they're banking on it... https://***51 https://***7s"", '#storytelling #quote: #We can’t “Duck” the fact that “Donald” is a out of control perverted #MeToo incest #motivated thinking pedophile nasty old man luster. https://***gY https://***ss', '-']",-,content_C,post
t3452,u3219,2022-02-24 17:59:27+00:00,MeToo,D***B,"Men Will Have to Go Through Five Govt Agencies When Coming On to Women https://***Ij ""By addressing a female with a male tone of voice, you are impinging on her rights"" #FEMINISM FEMINAZI #METOO YOUTOO PC SOVIET EMASCULATION TESTOSTERONE MEN UK https://***lg","['@m***e @C***n @r***t @s***v So proud to know you and standing with you #metoo #endnotproven ✊💛', 'Toronto Police professional standards keeps pushing back the decision on my charges and this time it’s because the officer in charge was arrested for DUI! These fkn clowns can’t even behave professionally yet they want to punish me for reporting sexual violence? FUCK OFF #MeToo', 'Men Will Have to Go Through Five Govt Agencies When Coming On to Women https://***Ij ""By addressing a female with a male tone of voice, you are impinging on her rights"" #FEMINISM FEMINAZI #METOO YOUTOO PC SOVIET EMASCULATION TESTOSTERONE MEN UK https://***lg', '-']",-,content_C,post
t2403,u1554,2022-02-05 20:05:41+00:00,MeToo,R***g,"THIS ⬇️ There's only so much you can say in 800 words, but the lack of access to #restorativejustice was a profound loss for me. #Survivors + communities need more options. Here's something I wrote about restorative justice that didn't make it into the op-ed: #MeToo https://***h6 https://***g8","['Depression is real.. &amp; sometimes until your out of it you may never know you were going through it. #BeKind #ihaveastory', ""THIS ⬇️ There's only so much you can say in 800 words, but the lack of access to #restorativejustice was a profound loss for me. #Survivors + communities need more options. Here's something I wrote about restorative justice that didn't make it into the op-ed: #MeToo https://***h6 https://***g8"", 'Beautiful brave soul. Senseless loss. #TimesUpTwitter time for a #Nazi Twitter takedown. #EndHate @T***r @P***y permanently remove blatant #Antisemitic Twitter accounts today. For her &amp; the millions who perished. https://***SB', '-']",-,content_B,post
t1638,u1874,2021-02-14 01:10:46+00:00,MeToo,m***y,"Five days before I started #IBeatMyAssaulter, I had started another # that went viral #MosqueMeToo, to support Muslim women who are sexually assaulted during pilgrimage, as I was when I was 15yo. I explain in this video https://***9b","['Five days before I started #IBeatMyAssaulter, I had started another # that went viral #MosqueMeToo, to support Muslim women who are sexually assaulted during pilgrimage, as I was when I was 15yo. I explain in this video https://***9b', '@n***a Are we still on smart cities. I thought that was SoNA 2019? Any sign of implementation? #Ihaveadream', 'On our feed: “I Definitely Did Not Report It When I Was Raped . . . #WeBelieveChristine #MeToo”: A Content Analysis of Disclosures of Sexual Assault on Twitter - Bonnie-Elene Deal, Lourdes S. Martinez, Brian H. Spitzberg, Ming-Hsiang (Ming) Tsou, 2020 https://***6g', '-']",-,content_A,post
t2803,u0035,2022-02-15 10:42:08+00:00,MeToo,N***g,« Séducteur respectueux » is the new « Agresseur sexuel » #MeTooMedia #MeToo https://***yQ,"['« Séducteur respectueux » is the new « Agresseur sexuel » #MeTooMedia #MeToo https://***yQ', 'Ignore those critics and stay focused. You are doing great. Remember, you are becoming too hot for the enemy to handle. Good morning House. Ernest Agbada online. #privatisation #PublicRelations #Politics #Malpractices #publicinterest #ihaveadream #capitalism #freedom #justice https://***MJ', 'https://***Cn RT-11 #Metooindia #FeminismIsCancer #Feminism #Patriarchy #GenderBiasedLaws #stopfeminism #feminist #fakefeminism #MensLivesMatter #SaveOurSons #InternationalMensDay #toxicfeminism #genderbiased #women #metoo #rape #womenempowerment #WomensRights #female', '-']",-,content_A,post
t0109,u0222,2018-10-09 04:25:45+00:00,MeToo,_***n,This is MY son. He graduated #1 in boot camp. He was #1 in A school. He is a gentleman who respects women. He won't go on solo dates due to the current climate of false sexual accusations by radical feminists with an axe to grind. I VOTE. #HimToo https://***e0,"['This is my son. He graduated first in his nursery and he doesn’t go on play dates because he spits up on EVERYTHING! #HimToo https://***ha', ""This is MY son. He graduated #1 in boot camp. He was #1 in A school. He is a gentleman who respects women. He won't go on solo dates due to the current climate of false sexual accusations by radical feminists with an axe to grind. I VOTE. #HimToo https://***e0"", '""The Right-wing can’t support #MeToo, because misogyny is their agenda"" @D***t tells us why the right wing isn\'t much interested in the #MeToo movement in India https://***IR', '-']",-,content_B,post
t2322,u3116,2022-02-01 19:05:43+00:00,MeToo,M***T,"Join the #metoo International team on @I***m #live tomorrow at 6:30 PM ET as we kick off #BlackHistoryMonth with a convo on Black joy, Black history, and how survivors heal. Head over to our Instagram and set a reminder to tune in 👉🏿 https://***DW https://***Jj","['Join the #metoo International team on @I***m #live tomorrow at 6:30 PM ET as we kick off #BlackHistoryMonth with a convo on Black joy, Black history, and how survivors heal. Head over to our Instagram and set a reminder to tune in 👉🏿 https://***DW https://***Jj', 'you’re trying to tell me you don’t see how the system is structured and maintained? https://***k4', 'Will you be watching #Beijing2022? #IWillNotWatch #NoBeijing2022 #GenocideGames https://***Qc', '-']",-,content_A,post
t2668,u0014,2022-02-12 14:38:48+00:00,MeToo,T***m,Ya mom's TikTok be 😈😈😈😈😈 #whitney #houston #whitneyhouston #i #have #nothing #ihavenothing #bodyguard #viral #fy #foryoupage #fyp #blacktiktok #blackcommunity #blackcreators #tiktok #tiktokers #tiktokmemes #TheSavageRoom #Savage https://***XI,"['Jeg lavede oprindeligt denne bullshit bingo til #metoo, men desværre er den også relevant i den her sag. Der er bare alt for meget #whataboutism and #victimblaming https://***Ho https://***Bw', ""Ya mom's TikTok be 😈😈😈😈😈 #whitney #houston #whitneyhouston #i #have #nothing #ihavenothing #bodyguard #viral #fy #foryoupage #fyp #blacktiktok #blackcommunity #blackcreators #tiktok #tiktokers #tiktokmemes #TheSavageRoom #Savage https://***XI"", 'Separating the art from its artist: Film reviews in the era of #MeToo https://***RT', '-']",-,content_B,post
t2156,u0105,2022-01-17 14:08:12+00:00,MeToo,E***o,#MeToo | “Algo que es cierto es que estoy conforme con lo que hice y no me arrepiento de nada” - Juan Camilo Alarcón. El primero de los 9 casos llegó en 2017 a un directivo de @U***o y no pasó nada. La investigación: https://***MK https://***TP,"[""Thank you, Martin Luther King, Jr. At ASTEP, we aim to carry out all of King's thoughts and ideas--specifically those regarding education--through our values and programming. #MLKDay #MLK #MartinLutherKingJr #IHaveADream https://***1R"", 'Our office is closed today in observance of Martin Luther King Jr. Day. We will reopen tomorrow, January 18th at 9AM. #MLKDay #MLKJrDay #IHaveADream https://***7N', '#MeToo | “Algo que es cierto es que estoy conforme con lo que hice y no me arrepiento de nada” - Juan Camilo Alarcón. El primero de los 9 casos llegó en 2017 a un directivo de @U***o y no pasó nada. La investigación: https://***MK https://***TP', '-']",-,content_C,post
t3024,u3265,2022-02-18 04:28:02+00:00,MeToo,S***z,Stop treating Man as Disposable Sex. Change the laws. #Scrap498A #fakecases #MeToo #MenLivesMatter #savemen https://***mh,"['8 and 10 hrs ago @J***u @f***p @M***a 345 am #NewMusicFriday #VaginaMutilation #ViolenceAgainstWomenAct #BeatTheCrime #EmpoweringWomen #MeToo #TimesUp @A***N @M***a @J***2 @B***S @B***A @h***p @S***s @E***s @V***E @B***A https://***Tr https://***XK', 'How many #bollywoodactress are ashamed? Where is toponsherry uncle? 🙄 #ChurchToo #churches 🤬😷 Time to separate it for male and female. Make women as pastors pope mothers in #church 🙄 time for women empowerment https://***Rx', 'Stop treating Man as Disposable Sex. Change the laws. #Scrap498A #fakecases #MeToo #MenLivesMatter #savemen https://***mh', '-']",-,content_C,post
t3083,u2572,2022-02-18 22:41:20+00:00,MeToo,a***p,"New labor alert: New Federal Law Will Prohibit the Mandatory Arbitration of Sexual Assault and Sexual Harassment Claims ""The passage of EFASASHA ushers in a new era of the #MeToo movement and of employers’ response thereto."" https://***h4 https://***w0","['@R***l #metoo', 'New labor alert: New Federal Law Will Prohibit the Mandatory Arbitration of Sexual Assault and Sexual Harassment Claims ""The passage of EFASASHA ushers in a new era of the #MeToo movement and of employers’ response thereto."" https://***h4 https://***w0', ""🇫🇷🗳️Un des freins à l'engagement des #femmes en #politique sont les violences #sexistes et sexuelles. Mais une nouvelle génération a décidé de briser le silence #MeTooPolitique @f***x @h***1 @V***e @e***s #Reportage @N***h @F***4 #Presidentielle2022 https://***No"", '-']",-,content_B,post
t3250,u0884,2022-02-21 11:16:46+00:00,MeToo,c***t,You too Can do the #Cynthia Thanks to #stalkarazzi #impostersyndrome Aided Lax #WomensRights protection @s***a #abetting #systemicoppression With #facialrecognition #deepfakes #instyle #allofme #cynthia Basinet #timesup #metoo #BHM2022 #watch https://***xH https://***hS,"['Baas DPG media moest weg: - omdat zijn handen niet thuis kon houden, of - omdat hij mensen betaste, of - om seksueel grensoverschrijdend gedrag. Omdat hij iets deed. Niet omdat andere mensen dat niet accepteerden. Omdat HIJ IETS DEED. https://***s6', 'You too Can do the #Cynthia Thanks to #stalkarazzi #impostersyndrome Aided Lax #WomensRights protection @s***a #abetting #systemicoppression With #facialrecognition #deepfakes #instyle #allofme #cynthia Basinet #timesup #metoo #BHM2022 #watch https://***xH https://***hS', '#CorpMedia #Idiocracy #Oligarchs #MegaBanks vs #Union #Occupy #NoDAPL #BLM #SDF #DACA #MeToo #Humanity #DemExit #FeelTheBern The Remaking of the Arab Working Class https://***fR Once powerful Arab left-wing movements took a battering in recent decades, but ... https://***PD', '-']",-,content_B,post
t3704,u0356,2022-03-02 13:47:29+00:00,MeToo,R***1,-,"['Male Ex-Church Worker in Tennessee Claims in Lawsuit He was Raped by Seminarian https://***M9 - #ChurchToo #LGBTQ #Rape #WojciechSobczuk', '#AfricanAmerican women use #poetry, #dance, and #animation to explore #selfempowerment and accountability. https://***aP #BLM #MeToo #SexualHarrassment @B***e @C***9 https://***Fk', '@m***7 asked me my one regret: my answer is an apology to all the brave young #metoo researchers who have spoken out. If only my generation had been as courageous. One hope: the obliteration of cultural misconceptions about science! #science4all https://***Ze https://***yM', '-']",tweet_C,-,retweet
t1633,u0154,2021-02-08 22:12:50+00:00,MeToo,T***K,Allegations against TI and Tiny prompt call to support Black sexual assault survivors. #MeToo activists say claims against musicians highlight how Black survivors’ trauma has been ignored - article in @g***n by @L***a - https://***oU,"['A Timely Portrait of Resilience Post-MeToo. My daughter, Anna Hitchcock\'s, hand-carved sculpture ""Let Go!"" is featured in a splendid group show at the Messler Gallery in Camden, Maine. For the story of its making see https://***t. #MeTooMovement #contemporaryart https://***GX', 'I just felt like claiming and reminding everyone and standing up again #MeToo', 'Allegations against TI and Tiny prompt call to support Black sexual assault survivors. #MeToo activists say claims against musicians highlight how Black survivors’ trauma has been ignored - article in @g***n by @L***a - https://***oU', '-']",-,content_C,post
t2744,u0290,2022-02-14 13:06:18+00:00,MeToo,R***1,"@s***a Ten eerste bent u niet van het #CDA of de #VVD, al is het #verschil nauwelijks meer te werken. Ten tweede zou ik na #metoo, #pedofilie en #financiering van #terrorisme eerst de eigen rotzooi opruimen voor u anderen de maat neemt.","['So incredibly proud of one of my first campaign volunteers ever standing up courageously to tell her story &amp; fight to make a difference @r***g It’s time to end statutes of limitations for sex crimes \u2066@w***t\u2069 #metoo \u2066@R***N\u2069 https://***6B', '@s***a Ten eerste bent u niet van het #CDA of de #VVD, al is het #verschil nauwelijks meer te werken. Ten tweede zou ik na #metoo, #pedofilie en #financiering van #terrorisme eerst de eigen rotzooi opruimen voor u anderen de maat neemt.', ""The CCP is using the Winter Olympics to sportswash its horrendous human rights abuses. We must not legitimise China's brutal regime by watching these Games. #IWillNotWatch #Beijing2022 Video by @b***o https://***w6"", '-']",tweet_A,content_B,reply
t2397,u1522,2022-02-05 04:43:40+00:00,MeToo,T***e,CSU chancellor under fire over handling of sexual harassment allegations #FresnoState #highered #MeToo #California https://***f9,"['#BoycottBeijing2022 #IwillNotWatch @i***a https://***ZK', 'Intriguing read at https://***ht #incestaware #metooincest https://***FF', 'CSU chancellor under fire over handling of sexual harassment allegations #FresnoState #highered #MeToo #California https://***f9', '-']",-,content_C,post
t2593,u2670,2022-02-10 17:05:22+00:00,MeToo,c***a,It’s the first major bill to arise in the post #MeToo era and is now headed to U.S. President Joe Biden for approval. #Congress #cgtnamerica,"[""Please amplify. You never know who might be in this waking nightmare right now. They need to know they're not alone. #MeToo #MeTooPhD #Harvard #AcademicTwitter #AcademicChatter @A***r @P***n @P***e @O***s https://***cG"", 'FT Investigation: Women spoke up, men cried conspiracy: inside Axel Springer’s #MeToo moment https://***NP', 'It’s the first major bill to arise in the post #MeToo era and is now headed to U.S. President Joe Biden for approval. #Congress #cgtnamerica', '-']",tweet_B,content_C,reply
t3128,u0187,2022-02-19 17:36:31+00:00,MeToo,C***i,-,"['Chef is angry #NFT #NFTs #ihavechef https://***aO', '#MeToo #affaires #doofpot #NL #globaal #angstcultuur #timesup https://***Gr', 'The case of @H***d anthropologist and sexual abuser John #Comaroff: Views from afar, and from nearby. #MeToo #anthropology #harassment https://***Et', '-']",tweet_B,-,retweet
t3019,u1849,2022-02-18 00:49:21+00:00,MeToo,r***1,#CorpMedia #Idiocracy #Oligarchs #MegaBanks vs #Union #Occupy #NoDAPL #BLM #SDF #DACA #MeToo #Humanity #DemExit #FeelTheBern America's political establishment isn't in the least troubled by voters' semi-literate paranoia; they're banking on it... https://***51 https://***8j,"['https://***SU RT-11 #Metooindia #FeminismIsCancer #Feminism #Patriarchy #GenderBiasedLaws #stopfeminism #feminist #fakefeminism #MensLivesMatter #SaveOurSons #InternationalMensDay #toxicfeminism #genderbiased #women #metoo #rape #womenempowerment #WomensRights #female', ""#CorpMedia #Idiocracy #Oligarchs #MegaBanks vs #Union #Occupy #NoDAPL #BLM #SDF #DACA #MeToo #Humanity #DemExit #FeelTheBern America's political establishment isn't in the least troubled by voters' semi-literate paranoia; they're banking on it... https://***51 https://***8j"", 'Great that #Soteria partners are starting locally-based activities including #Training to tackle sexual exploitation + abuse in aid #PSEA #AidToo #Safeguarding #SafeOperations #Recruitment #CriminalRecord https://***WB', '-']",-,content_B,post
t3150,u0755,2022-02-19 22:11:06+00:00,MeToo,V***e,"What happens when a woman, against all odds, stands up and makes her voice heard and respected? The world changes. #victimofdefense #womenempowerment #womensupportingwomen #Metoo https://***xC https://***Xb","['#IWillLiveToBe120YearsOldOrOlder #PublicHealth #Doc #NYU #Lecture I have never been in trouble for anything throughout my life. I was taught the ways of #Jesus since birth so I have never been called to the Principal’s office or Director’s office to be chastised. God I thank you. https://***VW', '#healnature... #Iwillexplain #sothat #allmen #mayunderstand....', 'What happens when a woman, against all odds, stands up and makes her voice heard and respected? The world changes. #victimofdefense #womenempowerment #womensupportingwomen #Metoo https://***xC https://***Xb', '-']",-,content_C,post
t2592,u0839,2022-02-10 16:57:30+00:00,MeToo,X***_,"BD | Olivier Bocquet confie ses ""Ladies with guns"" @E***d à la dessinatrice #Anlor qui leur donne vie dans une mise en scène qui en a! #western #MeToo ✍️ 3 étoiles pour @l***i dans @l***o ⤵️ https://***QR","['Difficult to read, and important, examination of the complexities in holding men accountable for #metoo violations, helping women heal and the potential for #restorativejustice to help. #domesticviolence https://***JD', 'BD | Olivier Bocquet confie ses ""Ladies with guns"" @E***d à la dessinatrice #Anlor qui leur donne vie dans une mise en scène qui en a! #western #MeToo ✍️ 3 étoiles pour @l***i dans @l***o ⤵️ https://***QR', 'Reposting Exclusive by @n***y on #ScoopWhoop #MeToo Fiasco ▪️Former ScoopWhoop anchor Samdish Bhatia has filed case against company CEO Sattvik Mishra, alleging sexual assault ▪️Mishra alleges Rs 7 crore extortion https://***0X', '-']",-,content_B,post
t1862,u1252,2021-10-02 07:47:18+00:00,MeToo,S***h,"#MeToo was initially used in 2006 by sexual assault survivor and activist Tarana Burke. In 2017, following the sexual abuse allegations against #Hollywood mogul Harvey Weinstein, the hashtag went viral. https://***kf","['#MeToo was initially used in 2006 by sexual assault survivor and activist Tarana Burke. In 2017, following the sexual abuse allegations against #Hollywood mogul Harvey Weinstein, the hashtag went viral. https://***kf', '“I have to be honest: I reject that.” -#Fauci And #MeToo', 'This afternoon #IHaveReceivedJesus https://***F9', '-']",tweet_B,content_A,reply
t2754,u0516,2022-02-14 17:04:31+00:00,MeToo,R***c,"Stop saying they are ignorant, or they don’t know. Stop saying they are incompetent / have bad judgment. Many choose to ignore what’s happening. Some like to fill their pockets… But we, as taxpayers, pay them to do a job,they (practically?) cheated to get! #TimesUp #YoureFired https://***aQ","['Stop saying they are ignorant, or they don’t know. Stop saying they are incompetent / have bad judgment. Many choose to ignore what’s happening. Some like to fill their pockets... But we, as taxpayers, pay them to do a job,they (practically?) cheated to get! #TimesUp #YoureFired https://***aQ', '@S***f Or a victory over the algorithm that has declared each time that their sentiment has finished and faded, and they rise again to declare that it has not! I mean, twitter hashtags are not going to change the world, generally speaking (#BlackLivesMatter and #MeToo excepted), sure.', '.@T***e made history with the two word movement that shook the world and united women everywhere, #MeToo. This #BlackHistoryMonth, check out some Black women trailblazers who are positively changing their communities! 👉 https://***Yc https://***pm', '-']",tweet_C,content_A,reply
t2751,u2005,2022-02-14 16:01:12+00:00,MeToo,S***1,-,"[""The Associated Press’ Olympics team has been assigned to the Beijing Tibet Hotel from where @A***P 's Kelvin Chan brings this exclusive: CCP's grip on Tibet's history. #IWillNotWatch #GenocideGames https://***Yg"", ""#metoo Is it possible that we support her? Perhaps we are far too afraid of the Chinese government. Maybe we just don't care about Peng Shuai. Is #metoo only something for a select circle? #freepengshuai #oscars #usa #NBCOlympics #Epstein #Maxwell #Weinstein #rtl #prosieben https://***42"", ""On The March: A Novel Of The Women’s March On Washington by Trudy Krisher: If you're familiar with the power of #metoo and #shepersisted, you'll understand the power of ON THE MARCH: A NOVEL OF THE WOMEN'S MARCH ON WASHINGTON. A work of Women's Fiction... https://***LT"", '-']",tweet_C,-,retweet
t3334,u2595,2022-02-22 18:16:01+00:00,MeToo,O***w,"#osulaw Professor @s***e was recently quoted by @B***w regarding the #MeToo arbitration bill. ""The bill’s wording will encourage workers to add claims of sexual assault to avoid having their cases sent to arbitration."" https://***I9","['Stop police sexual violence against Women. #MeToo #NDA #Breakthebluewallofsilence https://***zs', '#osulaw Professor @s***e was recently quoted by @B***w regarding the #MeToo arbitration bill. ""The bill’s wording will encourage workers to add claims of sexual assault to avoid having their cases sent to arbitration."" https://***I9', '@j***s @T***e Hey remember when women were screaming about sexual violence and you made sure to say now that your daughter is a cop,you have personal stake in fixing it quickly this year! What the fk have you done since? You misogynistic thugs are fkn pimps. Stop being complicit. #MeToo #NDA https://***II', '-']",-,content_B,post
t3494,u0987,2022-02-25 17:33:42+00:00,MeToo,j***n,@E***k @Z***s Please. May truth and justice prevail. You are smarter than this Elise. #corrupt #Agenda #MeToo https://***5O,"['@E***k @Z***s Please. May truth and justice prevail. You are smarter than this Elise. #corrupt #Agenda #MeToo https://***5O', 'A Recommended Way To Write An SEO Friendly Blog To Rank Faster On Google https://***ei #freelancer #freelance #design #100DaysOfCode #graphicdesign #metoo #business #entrepreneur #graphicdesigner #marketing #workfromhome #branding #designer #socialmedia #digitalmar... https://***AO', ""La solution qui consistait à silencier / éloigner les victimes au bénéfice du maintien de harceleurs ou d'un ordre établi commence à faire date depuis #metoo. Quant aux renversements à 180° avec retournements unanimes tardifs de veste, ils n'ont guère d'intérêt que médiatique."", '-']",tweet_C,content_A,reply
t1927,u1553,2021-11-12 09:51:05+00:00,MeToo,i***a,"Zouhair Makhlouf a été condamné à un an de prison pour harcèlement sexuel. En 2019, @i***a avait suivi de près la genèse du mouvement #EnaZeda visant à libérer la parole des femmes. #MeToo Un podcast exclusif à retrouver sur @i***t https://***1m","['Lest We Forget. #remembranceday2021 #CanadaRemembers #lestweforget #remembranceday #iwillnotforgetyou #supportourveterans #supportourtroops #supportourtroopsandveterans https://***Yu', 'Zouhair Makhlouf a été condamné à un an de prison pour harcèlement sexuel. En 2019, @i***a avait suivi de près la genèse du mouvement #EnaZeda visant à libérer la parole des femmes. #MeToo Un podcast exclusif à retrouver sur @i***t https://***1m', 'geez ... @J***y doesn’t miss ... like her words &gt;&gt;&gt;&gt; #IWill', '-']",-,content_B,post
t2113,u0298,2022-01-08 20:34:38+00:00,MeToo,P***i,"Remembering the victims of the January 8, 2020 tragedy of downing the Ukrainian Airlines Flight PS752 by the Iranian IRGC, carrying 176 innocent crew and passengers 🖤 #WeWillNeverForget 💔 #PS752 ✈️ #IWillLightACandleToo 🕯️ https://***Vd","['@d***d Have you ever studied how stress and abuse from a generational time span can affect the brain. #Baltimore #Corruption #IllegalSeizure #MedicalKidnapping #childtrafficking silent killer &amp; abuser by generational abuse Taking the mask off #abusesurvivor #MeToo HelpUs https://***QE', 'Remembering the victims of the January 8, 2020 tragedy of downing the Ukrainian Airlines Flight PS752 by the Iranian IRGC, carrying 176 innocent crew and passengers 🖤 #WeWillNeverForget 💔 #PS752 ✈️ #IWillLightACandleToo 🕯️ https://***Vd', 'این ویدیو مسجایی که ازشون پخش میشه قلبم رو بیشتر تیکه تیکه میکنه. به نظر خیلی نزدیکن، خیلی واقعی، انگار امروز صبح بوده و حالا رسیدن اونور که چمدونشونو باز کنن و به خانوادشون خبر بدن که رسیدن و خیلی خستهان. #IWillLightACandleToo', '-']",-,content_B,post
t3092,u1849,2022-02-19 02:57:14+00:00,MeToo,r***1,#CorpMedia #Idiocracy #Oligarchs #MegaBanks vs #Union #Occupy #NoDAPL #BLM #SDF #DACA #MeToo #Humanity #DemExit #FeelTheBern America's political establishment isn't in the least troubled by voters' semi-literate paranoia; they're banking on it... https://***51 https://***Op,"['#mentoo #ABLANARI #niruparoy #fakecases #womenempowerment #legalterrorism #legalextortion #498A #dowrylawmisuse #Feminism #toxicfeminism #feminazi #metooindia #fraudwatch #blackmail #genderequality #GenderBiasedLaws #crimebywomen #CrimeHasNoGender #MarriageStrike @M***D https://***NG', '🌕💞🌹✨💞💚💞✨💛💕.#WSLM 💞✨🌿📺🍃🎴💞🌿#LOVE🌹🌿💞✨🎶❤🙏🌹💃🌿💚#EveryDayPeople2022💙🌿🏃🌹✌❤🎶✨🍃...❤💰#MoneyMatters...✌...✨🍃💰✨💞🌿💛🌿💞✨💕💸...🌹💞🎶💛📻 #IHaveSpoken🎴💜🎶💞...#B4✨💞💙🎓😊💚🎩💞✨📺✨👀🎶🌿✨💸 https://***6k', ""#CorpMedia #Idiocracy #Oligarchs #MegaBanks vs #Union #Occupy #NoDAPL #BLM #SDF #DACA #MeToo #Humanity #DemExit #FeelTheBern America's political establishment isn't in the least troubled by voters' semi-literate paranoia; they're banking on it... https://***51 https://***Op"", '-']",-,content_C,post
t3903,u3047,2022-03-07 00:00:53+00:00,MeToo,R***O,Support BLM or you’re a racist! Support #MeToo or you support the rape culture! Support masks or you want grandpa dead! Support NATO or you love Putin! Do you guys ever grow tired of this bullshit? https://***iI,"['Stop police sexual violence against Women. #MeToo #NDA #Breakthebluewallofviolence https://***j5', 'Support BLM or you’re a racist! Support #MeToo or you support the rape culture! Support masks or you want grandpa dead! Support NATO or you love Putin! Do you guys ever grow tired of this bullshit? https://***iI', 'If #MeToo cases can be entertained by Courts after decades, why not #KashmirGenocide?', '-']",-,content_B,post
t2164,u3101,2022-01-17 19:27:57+00:00,MeToo,B***n,-,"['We celebrate Dr. MLK Jr. and honor his legacy. #IHaveADream #MLKDay https://***me', 'Today, we honor and remember the sacrifices Martin Luther King Jr made in pursuing his dream of ending racial segregation. Thank you for your tireless efforts, Mr. King. #remember #ihaveadream💚 #MLKDay https://***YJ', '#MeToo #MaritalRape Those crying hoarse about false cases !!! https://***QP', '-']",tweet_B,-,retweet
t0158,u2695,2018-11-04 02:29:51+00:00,MeToo,h***r,"""We don't just let women leak out of the pipeline, we push them out"" -@c***t being incredible as always #MeTooSTEM https://***a8","[""we're worldwide, fam! (thanks @d***i for the London Heathrow #googlewalkout newstand takover photo) https://***uN"", '""We don\'t just let women leak out of the pipeline, we push them out"" -@c***t being incredible as always #MeTooSTEM https://***a8', 'Google SF is getting together for the #GoogleWalkout. https://***WS', '-']",-,content_B,post
t3527,u2720,2022-02-26 07:30:38+00:00,MeToo,l***e,"💬 #Metoo : «Jusqu’alors, parler de viol ou de violence domestique était un tabou» Agressée en 1998, la championne olympique @S***l a lancé le mouvement en Grèce l’année dernière. ⤵ https://***UO","['💬 #Metoo : «Jusqu’alors, parler de viol ou de violence domestique était un tabou» Agressée en 1998, la championne olympique @S***l a lancé le mouvement en Grèce l’année dernière. ⤵ https://***UO', '🌕💞🌹✨💞💚💞✨💛💕.#WSLM 💞✨🌿📺🍃🎴💞🌿#LOVE🌹🌿💞✨🎶❤🙏🌹💃🌿💚#EveryDayPeople2022💙🌿🏃🌹✌❤🎶✨🍃...❤💰#MoneyMatters...✌...✨🍃💰✨💞🌿💛🌿💞✨💕💸...🌹💞🎶💛📻 #IHaveSpoken🎴💜🎶💞...#B4✨💞💙🎓😊💚🎩💞✨📺✨👀🎶🌿✨💸 https://***zh', ""Thank you @j***r and @J***s for exposing the sexual harassment and cruel predation of Jerry Lewis. I'm so inspired by these powerful women for coming forward about the abuse they endured decades before a #MeToo movement was remotely imaginable. https://***FG"", '-']",-,content_A,post
t2026,u1994,2021-12-16 18:37:21+00:00,MeToo,P***S,Chris Noth accused of sexual assault by 2 women https://***Qg via @Y***o #MeToo #SexInTheCity,"['Chris Noth accused of sexual assault by 2 women https://***Qg via @Y***o #MeToo #SexInTheCity', ""Powerful speech by @T***e 👊!!️ Nobody who has raised their voices about the dysfunctional anti-harassment measures of the @E***N has damage the reputation of the institution - quite the opposite! TIME'S UP! #zeroharassmentEP #MeToo https://***VZ"", 'Terry Gilliam was set to stage a revival of “Into the Woods” in London. But after a clash over the director’s views on trans people and the #MeToo movement, the show was canceled and the producers had to find a new theater, many miles away. https://***DT', '-']",-,content_A,post
t2106,u1403,2022-01-07 18:35:09+00:00,MeToo,a***r,اینجاییم برای یادآوری اینکه هنوز بولدوزرها حافظه مون رو پاک نکردن #من_هم_شمعی_روشن_خواهم_کرد #فراموش_نمیکنیم #پرواز752 #IWillLightACandleToo,"['@C***h حالا که اینطور شد اصلا شما خودت با نوشتن این توییت virtue signaling کردی و حالا هم داری mansplain میکنی #metoo', 'اینجاییم برای یادآوری اینکه هنوز بولدوزرها حافظه مون رو پاک نکردن #من_هم_شمعی_روشن_خواهم_کرد #فراموش_نمیکنیم #پرواز752 #IWillLightACandleToo', 'اونجايي از صحبت هاي حامد اسماعيليون كه در جواب علي رضا قندچي راجب عدالت ميگه ""عدالتي وجود نداره، بچه هاي ما هيچوقت برنميگردن و اين خود بي عدالتيه"". دنيا واقعا جاي زشت و سياهي شد بعد از ١٨ دي ٩٨. #PS752 #IWillLightACandleToo #من_هم_شمعی_روشن_میکنم', '-']",-,content_B,post
t2087,u2006,2022-01-05 11:55:25+00:00,MeToo,A***i,بعنوان کسیکه طعم تلخ محرومیت از آغوش پدر و مادر توسط نظام اسلامی را چشیده‌ام و در همدردی با تمامی آنها که جاعش جان عزیزانشان را گرفت، #من_هم_شمعی_روشن_خواهم_کرد؛ شمعی که در سوگ‌ ایران اشغال شده روشن شد و هیچگاه خاموش نگردید. شمعی به یاد چشمهای معصوم ری‌را... #IWillLightACandleToo https://***pz,"['بعنوان کسیکه طعم تلخ محرومیت از آغوش پدر و مادر توسط نظام اسلامی را چشیدهام و در همدردی با تمامی آنها که جاعش جان عزیزانشان را گرفت، #من_هم_شمعی_روشن_خواهم_کرد؛ شمعی که در سوگ ایران اشغال شده روشن شد و هیچگاه خاموش نگردید. شمعی به یاد چشمهای معصوم ریرا... #IWillLightACandleToo https://***pz', 'Antje Rávik-Strubel spricht mit Mia Eidlhuber @d***t über ihr Buch „Blaue Frau“ @_***r. Außerdem geht’s um Skilaufen + Klimawandel, #Metoo + Identitäten sowie Gewalt + Hass. Angesichts aufgeregter Debatten empfiehlt sie: „cool down“. https://***IQ', 'نه ميبخشيم، نه فراموش میکنیم. #PS752 #IWillLightACandleToo PS752 https://***Ex via @M***s', '-']",-,content_A,post
t2801,u1981,2022-02-15 09:46:19+00:00,MeToo,D***J,-,"['@W***e Looks like joe #PoopypantsBiden #joebiden #biden #fbiden is #Abandon #Americans again in #Ukraine #UkraineCrisis just like in #Afghanistan when he murdered 7 #children instead of #isis bomber who killed 13 @U***C #marines #MeToo #tarareade #rape #covid19 @w***j @a***c @c***n #cnn', ""#metoo Is it possible that we support her? Perhaps we are far too afraid of the Chinese government. Maybe we just don't care about Peng Shuai. Is #metoo only something for a select circle? #freepengshuai #oscars #usa #NBCOlympics #Epstein #Maxwell #Weinstein #rtl #prosieben https://***42"", ""S.Korea investigates possible exaggerated advertising in Tesla's mileage https://***bW https://***qt"", '-']",tweet_A,-,retweet
t2216,u2860,2022-01-23 06:02:09+00:00,MeToo,n***i,"#IHaveNotSeen Dil Se (or any of the popular bollywood movies tbh), High School Musical, The Matrix, Pulp Fiction, The Goonies, Game of Thrones, Twilight, The Godfather...and so many more honestly which is why I never get any Western media references (and tbh I'm fine with that).","['Od dwóch mniej więcej lat główną sceną polskiego #MeToo pozostaje teatr https://***VK', ""#IHaveNotSeen Dil Se (or any of the popular bollywood movies tbh), High School Musical, The Matrix, Pulp Fiction, The Goonies, Game of Thrones, Twilight, The Godfather...and so many more honestly which is why I never get any Western media references (and tbh I'm fine with that)."", ""I just spent the day revising sample chapters to send to an agent to finally get #MeTooPhD off the ground. And y'all--it is solid."", '-']",-,content_B,post
t1346,u2634,2020-10-27 16:32:25+00:00,MeToo,n***6,-,"['I already have a dad. The president is not my dad. https://***OH', 'I went out and #vote early yesterday and it dawned on me that half the people on my ballot I knew nothing about. This affected me greatly because I wasn’t sure why I was voting for them. #ihave #todo #better https://***UL', 'The Science That Spans #MeToo, Memes, and Covid-19 | WIRED https://***X8', '-']",tweet_B,-,retweet
t3554,u0822,2022-02-26 21:06:12+00:00,MeToo,b***h,"When the narcissist still and been triggering the carbon monoxide alarm, no one is cooking, the house is clean 👌 and very well ventilated triggering my dogs #anxiety #narcneighbor #MentalHealthMatters #MentalHealthAwareness #MeToo #harrassment #nosyneighbor #Karennextdoor","['Keep a leg out, yo #TeamBengal #iwilldoanythingforanewsticker https://***Hk', 'When the narcissist still and been triggering the carbon monoxide alarm, no one is cooking, the house is clean 👌 and very well ventilated triggering my dogs #anxiety #narcneighbor #MentalHealthMatters #MentalHealthAwareness #MeToo #harrassment #nosyneighbor #Karennextdoor', 'https://***H6 #patriot #turningpointusa #joerogan #prageru #youngamerica #iwillnotcomply #wewillnotcomply #americafirst #lovetheusa #americathebeautiful #patrioticapparel #freedom #Ronaldreagan #downwithtyranny #wethepeople #patriotic #iwillnotcomply https://***Mu', '-']",-,content_B,post
t2166,u0672,2022-01-17 20:31:09+00:00,MeToo,D***y,"Happy Birthday, Dr. King. Thank you for you and your beautiful dreams. #martinlutherkingday #ihaveadream #EstuaryEnvironment #love #CleanWater #StrongCommunities https://***Gj","['New evidence suggests former @U***a #anthropology professor Danielle Kurin exploited a grieving mother and vulnerable students in her bid to get tenure. Now she has resigned. Part one of a full report. #MeToo https://***mk', 'Happy Birthday, Dr. King. Thank you for you and your beautiful dreams. #martinlutherkingday #ihaveadream #EstuaryEnvironment #love #CleanWater #StrongCommunities https://***Gj', 'Taking the time to reflect and honor Dr. Martin Luther King Jr., and his amazing wife, Coretta Scott King. #MLKDay #corettascottking #pauseandreflect #continuethelegacy #ihaveadream #danicadreamer https://***1p', '-']",-,content_B,post
t2860,u0179,2022-02-15 21:10:09+00:00,MeToo,S***r,What are your thoughts on this picture? #SouthPark #Avatar #Generator #Torso #Shoes #Underwear #HeadLine #Armlines #Main #Trim #Lines #Notint #Shirt #Head #Mouth #Eyes #Front #Notint #SodaCup #IHaveNoIdeaWhatsGoi https://***pE,"['#keeptrying #yourbodyisyourtemple #onlyone #putinthework #educateyourself #fitnessqt #activeqt #workoutqt #qthealthythighs #qthealtheyes #stayactive #behealthy #dedication #empowerment #discipline #commitment #determination #iwill #youcandoit #underarmour #protectthishouse https://***a5', 'ismIsCancer #FemderBiasedLaws #stopfeminism #feminist #fakefeminism #MensLivesMatter #SaveOurSons #InternationalMensDay #toxicfeminism #genderbiased #women #metoo #rape #womenempowerment #WomensRights #female', 'What are your thoughts on this picture? #SouthPark #Avatar #Generator #Torso #Shoes #Underwear #HeadLine #Armlines #Main #Trim #Lines #Notint #Shirt #Head #Mouth #Eyes #Front #Notint #SodaCup #IHaveNoIdeaWhatsGoi https://***pE', '-']",-,content_C,post
t2070,u2692,2022-01-03 00:36:16+00:00,MeToo,M***e,-,"['#IWillLightACandleToo in loving memory of 176 innocent people, including 28 childern, of the flight #PS752. https://***JP', 'The most disturbing aspect of this is that it seems pretty clear this man will do this again, and that neither he nor his colleague (who encouraged him) saw anything wrong with his behaviour. This is how abuse becomes normalised and harassment diminished. #TimesUpAcademia https://***mq', '@S***n is the largest provider of comprehensive services for domestic violence survivors &amp; victims of all crime &amp; abuse. If you or someone you know is in need, free, confidential help is available at 800.621.HOPE or https://***R. #believesurvivors #safehorizon https://***qx', '-']",tweet_A,-,retweet
t2498,u2316,2022-02-08 21:15:02+00:00,MeToo,e***s,Mariëtte Hamer has been tasked with creating an action plan in the Netherlands to tackle sexually-inappropriate behaviour and sexual violence. #MeToo https://***ju,"['Aua. Women spoke up, men cried conspiracy: inside Axel Springer’s #MeToo moment | Financial Times https://***Ww', 'Mariëtte Hamer has been tasked with creating an action plan in the Netherlands to tackle sexually-inappropriate behaviour and sexual violence. #MeToo https://***ju', 'https://***AA #freedom #Ronaldreagan #downwithtyranny #wethepeople #patriotic #iwillnotcomply #americanflag #madeinamerica #forefathers #betsyross #nofascism #donaldtrump #georgewashinton #americanpride #madeinUSA #americaningenuity #redwhiteandblue https://***be', '-']",-,content_B,post
t2599,u0117,2022-02-10 17:43:44+00:00,MeToo,s***r,"The cause I 'honk' about on Twitter is police led violence against women and girls across Canada. #MeToo #unfounded #SquealOnYourPig #AmINext #TruthToPower #COrruPt #ISupportSurvivors #VictimCourage #MMIWG #CanadianGenocide #BLM Follow my friends and I if you want, or need to.","[""This is wrong at so many levels. This should have been a news headline. Sad to see that how a male's #Metoo is of less importance than a Female's #Metoo @s***m needs to be questioned. A known media company like @S***p can't simply get away with this. https://***bq"", ""The cause I 'honk' about on Twitter is police led violence against women and girls across Canada. #MeToo #unfounded #SquealOnYourPig #AmINext #TruthToPower #COrruPt #ISupportSurvivors #VictimCourage #MMIWG #CanadianGenocide #BLM Follow my friends and I if you want, or need to."", ""I've pasted it in a googledoc (the original is paywalled). Everyone who signed this pro-harassment, retaliatory letter can and should retract their support. To date, two people have withdrawn and that's it. https://***RY #MeToo #highereducation #Harvard #Comaroff"", '-']",-,content_B,post
t1359,u2967,2020-10-29 04:17:55+00:00,MeToo,T***s,Brett Kavanaugh is a disgusting compromised unqualified drunken idiot rapist. So please enjoy “Kavanaugh” A hilarious &amp; thought provoking Irish fight song written in praise of women. #Kavanaugh #MeToo #Resistance #ImpeachThemAll #BidenHarris2020 https://***kX,"['Brett Kavanaugh is a disgusting compromised unqualified drunken idiot rapist. So please enjoy “Kavanaugh” A hilarious &amp; thought provoking Irish fight song written in praise of women. #Kavanaugh #MeToo #Resistance #ImpeachThemAll #BidenHarris2020 https://***kX', 'The Science That Spans #MeToo, Memes, and Covid-19 | WIRED https://***X8', ""Democrats don't actually believe the things they claim to believe. They yelled about #MeToo right up until the Democrats nominated Joe Biden. They claimed to believe in diversity until a woman was sworn into the Supreme Court by a black person. Their principles are toilet paper."", '-']",-,content_A,post
t3363,u0608,2022-02-23 01:02:22+00:00,MeToo,B***y,-,"['""I Will Always Be Me"" helps people living with #motorneuronedisease bank their voice and find the words to express what they\'re going through. Created in partnership with @D***h, @m***c and @R***e. https://***Na #IWillAlwaysBeMe https://***7t', '📷 https://***nl #rollyourown #blunts #bluntsfordays #bluntlife #joint #cannabis #weed #cigarette #ryo #cannabiscommunity #cannabissociety #iwillmarrymary #higherthanmost... https://***XP', ""@N***P #BlackLivesMatter #Blackhistorymonth2022 #blackhistory #blackhistory365 #metootheatre #metoomovement #BlackGirlTragic #BlackGirlTragic #blackgirlscode no one sees, hears &amp; BELIEVES me. it's fine I respect everyone's Free Will as long as, YOU get sincerely Y I can't tell U"", '-']",tweet_A,-,retweet
t3914,u1540,2022-03-07 13:41:18+00:00,MeToo,S***r,-,"['Safe to Love https://***MW #metoo #lovewins Rediscover romance in Aspen Ridge, a small town with an open heart https://***nk', 'At this point the guys delivering alcohol together with my groceries should just charge extra for looking at me and still asking: “Are you 18?”', 'Podcast : dans la tête des jeunes garçons à l’ère #MeToo https://***9z https://***Y8', '-']",tweet_C,-,retweet
t2429,u1429,2022-02-07 07:52:57+00:00,MeToo,l***d,Uh-oh! Xi Jinping’s effort to #sportswash the #Uyghur genocide isn’t doing so well. #GenocideGames #Iwillnotwatch https://***zY,"['Το αποκαλυπτικό party όλων των εποχών με ροζ βίντεο γαλάζιων υπουργών που τάζει ο κύριος Φουρθιώτης ονομάζεται revenge porn και είναι έγκλημα. #MeToo', 'Uh-oh! Xi Jinping’s effort to #sportswash the #Uyghur genocide isn’t doing so well. #GenocideGames #Iwillnotwatch https://***zY', ""During #BlackHistoryMonth, we'll highlight 'Joy Pioneers'—ancestors or leaders who chart a new path forward to live in joy. While our Joy Pioneers may not have identified as survivors, their work and commitment to Black communities make our collective liberation possible. #MeToo https://***s3"", '-']",-,content_B,post
t3364,u1195,2022-02-23 01:46:29+00:00,MeToo,n***n,So amazing! Thanks for flagging me @m***y! And thanks again to all of you Cosby survivors - and @g***d - for participating! #saam #metoo #timesup #podcasts #truecrimepodcasts @A***w @c***f @l***s https://***8e,"['Her car 🚘 - He took my car and fix it #DomesticViolence #metoo #video #johnnydepp #hoax #JusticeForJohnnyDepp #hollyweird #disney #celebrity #AmberHeard #interview #Throwback #ToxicRelationship #WhitePrivilege #aclu #domesticabuse #AquamanAndTheLostKingdom #warnerbros https://***h8', 'Any #IStandWithTrudeau cultists accusing anyone of sexual assault should thoroughly examine the 2019 Buffalo Chronicle article, in reference to #BlackfaceHitler #pedo #Metoomovement #middleagedkarens before you ever vote again. https://***zg', 'So amazing! Thanks for flagging me @m***y! And thanks again to all of you Cosby survivors - and @g***d - for participating! #saam #metoo #timesup #podcasts #truecrimepodcasts @A***w @c***f @l***s https://***8e', '-']",-,content_C,post
t3974,u1094,2018-01-09 05:22:02+00:00,MeToo,C***l,"Tenuous accusations of sexual harassment against a portrait artist suggest that #MeToo has become a war on men, writes @H***I. https://***kS https://***3q","['#Dotherightthing in all you do #TIMESUP @L***n you eloquently nailed it #Bravo https://***Vx', 'Tenuous accusations of sexual harassment against a portrait artist suggest that #MeToo has become a war on men, writes @H***I. https://***kS https://***3q', '🙌🏼🙌🏼 #timesupnow https://***bf', '-']",-,content_B,post
t0139,u1109,2018-10-23 14:38:48+00:00,MeToo,s***n,One of the worst #metoo stories . My heart goes out to her . More strength and power to her ... #TimesUp Ere https://***wF,"['My senior citizen immigrant mom: I thought #metoo got rid of Patrick Brown... Yep, straight over to Brampton.', '#EXCLUSIVE: The British #MeToo scandal which cannot be revealed https://***TI', 'One of the worst #metoo stories . My heart goes out to her . More strength and power to her ... #TimesUp Ere https://***wF', '-']",-,content_C,post
t2481,u1489,2022-02-08 13:49:30+00:00,MeToo,o***m,-,"['Ausforschen und Dreck anlasten - das blüht Frauen, die sich beschweren, und Männern, die sie unterstützen. Aus den USA ist solch üble Vertuschung von #metoo-Vorwürfen bekannt. Warum sollte es in Deutschland anders laufen? Vielen Dank an die @f***t für diese Recherche. https://***Um', '@M***a @3***2 Fijn stuk! Ook herkenbaar als je gewoon muziekliefhebber bent en geen last hebt gehad van #metoo-toestanden. Dat van @O***R is ook ontzettend waar. Op een enkele positieve uitzondering na lijken die in een strikte mannenwereld te leven waarin vrouwen een soort exoten zijn. Storend!', 'Laten we elke man die ergens vertrekt vanwege “ongepast” gedrag vervangen door een leuke vrouw. Dan is een quotum niet meer nodig lijkt me. Win-win. #metoo', '-']",tweet_A,-,retweet
t1661,u2889,2021-03-05 21:56:42+00:00,MeToo,d***d,I told you my words were coming. Thank you for bearing with me and giving me the time I needed to put them together. #TIMESUP #TIMESUPHC #BelieveSurvivors https://***fv,"['I told you my words were coming. Thank you for bearing with me and giving me the time I needed to put them together. #TIMESUP #TIMESUPHC #BelieveSurvivors https://***fv', 'Join us virtually on all our media platforms for the March Special Holy Ghost Service starting today. Don’t miss any session. It promises to be a great time in God’s presence. God is set to bless you abundantly as you lift up your eyes to Him. #IWillLiftUpMyEyes #GodBlessYou3 https://***HO', 'Wherever you are all over the world joining us, if you have not given your life to Christ, who are you going to lift your eyes to? Evening Session Day 1 #IWillLiftUpMyEyes #GodBlessYou3 #HGSAt35 https://***4j', '-']",-,content_A,post
t2622,u0681,2022-02-11 00:34:58+00:00,MeToo,S***h,"Oh look, it’s a white man in academia being a hot pile of misogynist garbage and taking credit for a woman’s work, because he’s actually an idiot. Guess some things never change. #AcademicTwitter #MeTooPhD https://***RI","['Oh look, it’s a white man in academia being a hot pile of misogynist garbage and taking credit for a woman’s work, because he’s actually an idiot. Guess some things never change. #AcademicTwitter #MeTooPhD https://***RI', '“Once again the Chinese government’s wrongful imprisonment of a Tibetan risks becoming a death sentence,” said @S***W , China director at Human Rights Watch. Demanding urgent medical care to scholar Go Sherab Gyatso! #FreeTibet #MakeChinaAccountable #IWillNotWatch https://***XZ', ""@S***f Easy: Abolish #Alimony &amp; #Maintenance for life in #FamilyCourts &amp; #FalseAllegations without evidences #MeToo for #GoldDiggers racket, Introduce #SharedParenting with equal time for #Children and you'll have women in #STEM sky rocketing. Solved. https://***6."", '-']",-,content_A,post
t2420,u0197,2022-02-06 21:20:32+00:00,MeToo,R***_,"@K***b @t***n there was a “shitty profs*” spreadsheet at the peak of #metoostem (derivative of the original from Hollywood), not sure what happened with it though.. *mostly all men IIRC","['@K***b @t***n there was a “shitty profs*” spreadsheet at the peak of #metoostem (derivative of the original from Hollywood), not sure what happened with it though.. *mostly all men IIRC', '#IwillNotWatch', 'He was someone’s son. He never got to be someone’s father. Because hate took him out. #TimesUpTwitter #NaziTakedown no account denying the #Holocaust or making jokes about people dying in gas chambers should be tolerated. @p***y https://***G2', '-']",tweet_B,content_A,reply
t3812,u1009,2022-03-04 02:01:41+00:00,MeToo,S***n,Marilyn Manson's defamation suit against Evan Rachel Wood is a troubling legal move for #MeToo https://***aE,"[""Marilyn Manson's defamation suit against Evan Rachel Wood is a troubling legal move for #MeToo https://***aE"", '✨ Today’s the day! Join our CEO, @S***y and a fantastic line-up of special guests for a Twitter chat on #ageism and the rights of older people. Follow our account at 2pm ET and share your thoughts. #AgeWithRights https://***Sr', 'It is considered a milestone helped along by the #MeToo movement. https://***ek', '-']",-,content_A,post
t2761,u1357,2022-02-14 18:12:18+00:00,MeToo,M***y,"In case you missed it, this is an important win brought to you by working women. #MeToo https://***bm","['Stop saying they are ignorant, or they don’t know. Stop saying they are incompetent / have bad judgment. Many choose to ignore what’s happening. Some like to fill their pockets... But we, as taxpayers, pay them to do a job,they (practically?) cheated to get! #TimesUp #YoureFired https://***aQ', '@O***s #IwillNotWatch #NoBeijing2022 #BoycottBeijingOlympics #BoycottBeijing2022 #CCPLiedPeopleDied #CCPVirus #FreeUyghurs #FreeTibet #Xinjiang #ccp_is_terrorist #BoycottMadeInChina', 'In case you missed it, this is an important win brought to you by working women. #MeToo https://***bm', '-']",-,content_C,post
t2333,u2100,2022-02-02 05:56:34+00:00,MeToo,t***g,Well done @c***r #TimesUpTwitter ban #Nazi accounts today @P***y @T***r https://***xf,"['https://***V0 #freedom #Ronaldreagan #downwithtyranny #wethepeople #patriotic #iwillnotcomply #americanflag #madeinamerica #forefathers #betsyross #nofascism #donaldtrump #georgewashinton #americanpride #madeinUSA #americaningenuity #redwhiteandblue https://***2k', 'This #AndrewCuomo scandal is a #MeToo hoax and it’s slowly being exposed as such. Check out my playlist on this topic: https://***WC https://***va', 'Well done @c***r #TimesUpTwitter ban #Nazi accounts today @P***y @T***r https://***xf', '-']",-,content_C,post
t2743,u1213,2022-02-14 12:48:03+00:00,MeToo,W***C,"Wall Street faces end of arbitration secrecy over #MeToo cases and it is about time! Long an impediment to women getting the protection that they need AND deserve from the companies where they work, forced arbitration of sexual ha…https://***Fs https://***2k","[""I have a mountain - moving faith, I speak to mountains and they obey me, in the name of Jesus Christ. You just don't giveup! Keep trying. Testing site 1. #Africa #Ihaveadream #World #privatisation #PublicRelations #Politics #Malpractices #publicinterest #Slavery #PublicRelations https://***qU"", 'Wall Street faces end of arbitration secrecy over #MeToo cases and it is about time! Long an impediment to women getting the protection that they need AND deserve from the companies where they work, forced arbitration of sexual ha...https://***Fs https://***2k', 'https://***GT RT-11 #Metooindia #FeminismIsCancer #Feminism #Patriarchy #GenderBiasedLaws #stopfeminism #feminist #fakefeminism #MensLivesMatter #SaveOurSons #InternationalMensDay #toxicfeminism #genderbiased #women #metoo #rape #womenempowerment #WomensRights #female', '-']",-,content_B,post
t0389,u0314,2020-05-14 15:23:05+00:00,MeToo,B***7,-,"['Orchids are growing nicely #lockdown #lockdownuk #orchid #flowers #ihaveboughttoomanypplants https://***Gc', 'Liberation is coming, the days of political darkness is long gone. This is the time when son of nobody lead this great nation. Am happy this is happening in my time. #IHaveYourBackWsR https://***7d', '@B***l #metooili dec2019', '-']",tweet_A,-,retweet
t3985,u2866,2018-03-07 18:01:01+00:00,MeToo,a***b,"On Comedy: She Speaks Truth to the Funny Men in Power - Nell Scovell is the rare woman in TV comedy writers’ rooms, and while she welcomes the current reckoning brought on by #MeToo, she is wary of change. https://***tD","['WOMAN UP! 🐱🐱🐱 #diainternacionaldelamujer #iwd #iwd2018 #timeisnow #timesup#equalworkequalpay #gendergap #change #metoo #niunamenos#womenempowerment #womensday #womenpower #womenempower#womenshistorymonth https://***pO', 'Wendys Board Chair Nelson Peltz has the power to end sexual violence against women in the fields. Yet, he does nothing. March with @c***w farmworkers in NYC on March 15 to say #TimesUpWendys, join the Fair Food Program! #BoycottWendys https://***dA', 'On Comedy: She Speaks Truth to the Funny Men in Power - Nell Scovell is the rare woman in TV comedy writers’ rooms, and while she welcomes the current reckoning brought on by #MeToo, she is wary of change. https://***tD', '-']",-,content_C,post
t2566,u0285,2022-02-10 10:36:28+00:00,MeToo,d***g,-,"['@S***g Jullie partij is niet de samenleving, Sigrid. #Demmink #SidneySmeets #Pechtold #MeToo', 'This thread deserves so many more RTs than it has. #IBelieveTaraReade', ""Folks may want to know that the hashtags #STEMtoo and #MeTooPhD go back years. It's such a massive, massive condemnation of academic culture that here we are, again (and again and again, everyday, always)."", '-']",tweet_C,-,retweet
t1705,u0154,2021-04-13 20:57:41+00:00,MeToo,T***K,"""To shift that culture we fundamentally believe that we need to have equity"", says Dame Heather Rabbatts, Chair #TimesUp in article by @H***a in @b***h asking - is Hollywood still failing women? https://***QZ","['""To shift that culture we fundamentally believe that we need to have equity"", says Dame Heather Rabbatts, Chair #TimesUp in article by @H***a in @b***h asking - is Hollywood still failing women? https://***QZ', 'know that even men considered progressive—and ""talented,"" ""heroes,"" etc.—can be abusers; that 60% bisexual women have survived sexual/physical/IPV trauma; and that many survivors, including me, believe those who traumatized us deserve healing. #SAAM #MeToo https://***4N', 'I have no doubt that #JohnsHopkins botched a sexual violence case. The university is woefully underprepared to handle abuses by faculty. This student is unbelievably brave for fighting such a powerful system - support her if you can #metoo @J***o https://***SK', '-']",-,content_A,post
t3544,u0375,2022-02-26 17:17:50+00:00,MeToo,P***1,-,"[""Marcus Carlisle, a powerful lawyer, abuses women. When Serena, the newest associate, is nearly raped, she knows he must be stopped. Can she expose him before it's too late? https://***wm @L***l #Womensfiction #MeTooMovement #whattoread #bookworm #bookpromo"", '@r***6 Dear God we must not let this be about #Trump #theonlythingthatmattersrightnowistostopthewar #together #UnitedWeWin #GlobalGoals #stoptheviolence #makelovenotwar #ihaveavestedintrestinhumanity #noWWIII #TogetherWeCan', '#SupportBlackBusiness At @w***s Rocking @u***z shirt &amp; masks, @m***r glasses, @a***_ watch, @c***s necklace #LetsBuild #IwillNotStop #OneLove https://***s8', '-']",tweet_A,-,retweet
t2559,u1027,2022-02-10 05:56:56+00:00,MeToo,b***6,-,"[""Deze week in de #podcasttips: de leuke lesbi's van de @l***a en misschien wel de beste podcast over #metoo en consent https://***ER"", 'BREAKING: The Senate unanimously passed legislation that would end forced arbitration for workers who are victims of sexual assault and harassment. This is one of the most significant changes to employment law in years. The bill now heads to @P***S to sign it. #MeToo #Congress', '@b***6 And still rising thanks to @p***s @j***n #joebiden #metoo #covid19 #tarareade #rape #covid_19 #fbiden', '-']",tweet_A,-,retweet
t2440,u0909,2022-02-07 18:50:33+00:00,MeToo,s***2,-,"['#keeptrying #yourbodyisyourtemple #onlyone #putinthework #educateyourself #fitnessqt #activeqt #workoutqt #qthealthythighs #qthealtheyes #stayactive #behealthy #dedication #empowerment #discipline #commitment #determination #iwill #youcandoit #underarmour #protectthishouse https://***q0', ""THIS ⬇️ There's only so much you can say in 800 words, but the lack of access to #restorativejustice was a profound loss for me. #Survivors + communities need more options. Here's something I wrote about restorative justice that didn't make it into the op-ed: #MeToo https://***h6 https://***g8"", '@y***v @K***b AAAAA: American Association Against the Abuse of Acronyms.', '-']",tweet_A,-,retweet
t2277,u1818,2022-01-29 15:03:28+00:00,MeToo,H***n,"These horrors are structural, not circumstantial. Only 2% of PhDs land TT jobs in the end after years of brainwashing from TT profs who tell you that it is the only goal worth having. Not to mention systematic protection of abusive profs (inc sexual abuse). #MeToo #mentalhealth","['Are you our next Climate Justice Trustee? As part of our #iwill #PowerofYouth Charter commitment, we opened our decision making to include young people on our board. Hear @c***n talk about her experience with us. Visit our site &amp; apply by 4 Feb. https://***Zj', 'These horrors are structural, not circumstantial. Only 2% of PhDs land TT jobs in the end after years of brainwashing from TT profs who tell you that it is the only goal worth having. Not to mention systematic protection of abusive profs (inc sexual abuse). #MeToo #mentalhealth', 'LIKE, COMMENT &amp; RATE her #ink 1-10 🔥🔥🔥🔥🔥🔥🔥🔥🔥🔥🔥🔥🔥 Model📸 @w***h from #Denmark #tattoomodelsscandinavia #inked #dkmedier #sleevetattoo #chesttattoo #MeToo #bodyart #tattoo #Espana #tattooed #girly #follow4follow #comment #Like #sexyink #sexytattoo https://***ei', '-']",tweet_A,content_B,reply
t0296,u1999,2019-05-23 21:31:46+00:00,MeToo,J***s,"The American Economic Association has now set up a confidential #metoo reporting system staffed by a trained Ombudsperson. It could be a big deal, potentially shifting victims from wondering if they're all alone to understanding that they're part of a larger group with rights. https://***4N","[""The American Economic Association has now set up a confidential #metoo reporting system staffed by a trained Ombudsperson. It could be a big deal, potentially shifting victims from wondering if they're all alone to understanding that they're part of a larger group with rights. https://***4N"", 'My prince getting ready for the ball! #ihavethegreatesthusband @C***o video @C***o #OPULENCE #youknowshebringittoyoueveryball #somuchfun #lorenzos40th #sintra https://***Fb', 'Sandra Koch, a Postdoc Fellow at #UCLA, was thriving and pursuing her career as a scientist until she dared to speak up about pregnancy discrimination. Read her story - and why she may lose her job - here. #MeTooSTEM #MeToo https://***ac', '-']",-,content_A,post
t3177,u2236,2022-02-20 04:30:00+00:00,MeToo,D***C,"Years after an explosion of accusations centered on the media industry, the #MeToo movement has not had any lasting effects in Sri Lanka. https://***r1","['Years after an explosion of accusations centered on the media industry, the #MeToo movement has not had any lasting effects in Sri Lanka. https://***r1', ""#CorpMedia #Idiocracy #Oligarchs #MegaBanks vs #Union #Occupy #NoDAPL #BLM #SDF #DACA #MeToo #Humanity #DemExit #FeelTheBern America's political establishment isn't in the least troubled by voters' semi-literate paranoia; they're banking on it... https://***51 https://***kx"", '#Repost @g***9 ••••••• George Michael - Father Figure (1993) @G***l #iwillbetheonewholovesyou #fatherfigure #faithalbum #georgemichael #georgemichaelthelegend #georgemichaelforever #georgemichaellove #originalsounding https://***BA', '-']",-,content_A,post
t3846,u0275,2022-03-04 18:33:59+00:00,MeToo,i***n,"#WomenShapingtheWorld Festival 24 Hours, 24 Women, 24 Stories #H24Arte is a powerful post #Metoo era manifesto #InternationalWomensDay screening + reading by Marilyne Canto &amp; talk w/co-creator Valérie Urrea. 8 March at #CinéLumière 👉https://***vU https://***oT","['Da ""Io sono mia"" al #MeToo. Cambiano le parole delle donne, restano i diritti, le rivendicazioni, i sogni... Una riflessione di Terza Pagina sulla storia del linguaggio femminista. In onda sabato 5 marzo alle 18.00 su #Rai5 DTT23 https://***eV', '@m***c @T***k A #MeToo candidate is a role model for BMC ??? Really......aur koi nahi mila kya ??', '#WomenShapingtheWorld Festival 24 Hours, 24 Women, 24 Stories #H24Arte is a powerful post #Metoo era manifesto #InternationalWomensDay screening + reading by Marilyne Canto &amp; talk w/co-creator Valérie Urrea. 8 March at #CinéLumière 👉https://***vU https://***oT', '-']",-,content_C,post
t3824,u1343,2022-03-04 08:40:05+00:00,MeToo,h***e,If I were his wife (can you imagine 😂) I'm not sure whether his outrageously objectionable misogyny would revolt me the most or that fucking awful shirt he's wearing! #MeToo https://***LC https://***3M,"['I will pray for and bless the land and the people of Israel. Morning view from Mt. Tabor. #IWillBlessIsrael #PrayForThePeaceOfJerusalem https://***Zg', ""If I were his wife (can you imagine 😂) I'm not sure whether his outrageously objectionable misogyny would revolt me the most or that fucking awful shirt he's wearing! #MeToo https://***LC https://***3M"", ""She Said: Breaking the Sexual Harassment Story That Helped Ignite a Movement, by @j***r and @m***e Two @n***s journalists share how they exposed #HarveyWeinstein's history of sexual abuse and misconduct, sparking the #MeToo movement. https://***yx"", '-']",-,content_B,post
t2351,u3116,2022-02-02 22:41:08+00:00,MeToo,M***T,"🤎 WE'RE GOING LIVE 🤎 Join us this evening at 6:30 PM ET on #metoo's @I***m to laugh + chat it up with some folks from the me too. International team. We'll be discussing Black joy, #BlackHistoryMonth, + so much more. You don't want to miss this 👉🏿 https://***DW https://***Lc","['Wie nutzen Bewegungen wie #MeToo oder #BlackLivesMatter digitalen Protest? Welche Rolle spielen dabei Aktivistinnen und Politikerinnen? Darum geht es in der aktuellen Folge von ""Shift – Leben in der digitalen Welt"": https://***I8', 'Αρνητικές τοξικολογικές και ξενοδοχείο χωρίς κάμερες στους εσωτερικούς χώρους. Τάξη κι αλφαδιά. #με_την_Γεωργια #MeToo', ""🤎 WE'RE GOING LIVE 🤎 Join us this evening at 6:30 PM ET on #metoo's @I***m to laugh + chat it up with some folks from the me too. International team. We'll be discussing Black joy, #BlackHistoryMonth, + so much more. You don't want to miss this 👉🏿 https://***DW https://***Lc"", '-']",-,content_C,post
t0387,u2863,2020-05-09 05:19:25+00:00,MeToo,M***e,"Migrant for many generations. Both sets of grandparents came to India from Bangladesh &amp; Lahore, Pakistan. As an army kid, I've never had a home - or every place has been home. #MeTooMigrant https://***xW","['@B***t @E***y This is tragic, the norm for this young woman is what the #metoo movement aimed to stop but the pornified culture we live in gives space for this to be her reality.', '@H***m @T***S @c***y #MeToo', ""Migrant for many generations. Both sets of grandparents came to India from Bangladesh &amp; Lahore, Pakistan. As an army kid, I've never had a home - or every place has been home. #MeTooMigrant https://***xW"", '-']",-,content_C,post
t2880,u2524,2022-02-16 08:50:18+00:00,MeToo,m***c,"""I’m constantly amazed at the humanity that can be unlocked with technology."" Great blog post by @L***t of @D***h on yesterday's launch of #IWillAlwaysBeMe. We've seen an amazing reaction online. Thank you all for sharing the news! #MND https://***o8","['Goedemorgen.., #triggered #triggerwarning #metoo #vaccinatiedwang #tribunalen #versoepelingen #marriëtteHamer #politiek #politie #vrijheid #veranrwoordelijkheid #moeite #zorg #plicht https://***la', 'La peur a changé de camp #ppda #MeToomedias #metoo', '""I’m constantly amazed at the humanity that can be unlocked with technology."" Great blog post by @L***t of @D***h on yesterday\'s launch of #IWillAlwaysBeMe. We\'ve seen an amazing reaction online. Thank you all for sharing the news! #MND https://***o8', '-']",-,content_C,post
t2239,u2926,2022-01-25 15:08:47+00:00,MeToo,H***7,"I had been diagnosed with severe arthritis in my back years ago, never caused many problems until I contracted #COVID19 now severe pain and mobility problems after acute SARS-COV2 infection. I always 😷 dbl mask actually. #IHaveAPreexistingCondition https://***Ds","['I had been diagnosed with severe arthritis in my back years ago, never caused many problems until I contracted #COVID19 now severe pain and mobility problems after acute SARS-COV2 infection. I always 😷 dbl mask actually. #IHaveAPreexistingCondition https://***Ds', '@S***N #MeToo', '@G***e #IHaveNotSeen Gone With the Wind.', '-']",-,content_A,post
t2010,u2430,2021-12-10 12:54:26+00:00,MeToo,d***r,#SMSociety via NodeXL https://***Ye @s***f @d***r @a***o @s***o @e***1 @p***i @j***n @j***l @e***g @h***7 Top hashtags: #smsociety #cfp #featuredpanel #socialmedia #metoo #newpaper #socmed #nodexl /,"['Victims of domestic abuse find no haven in family courts via @T***a https://***sV #metoohome', '#SMSociety via NodeXL https://***Ye @s***f @d***r @a***o @s***o @e***1 @p***i @j***n @j***l @e***g @h***7 Top hashtags: #smsociety #cfp #featuredpanel #socialmedia #metoo #newpaper #socmed #nodexl /', '#BelieveAllWomen https://***Lh', '-']",-,content_B,post
t0153,u2885,2018-11-01 17:32:46+00:00,MeToo,a***a,Stake your claim in this democracy. #VOTE. Find important #ElectionDay information at https://***j. #IWillVote,"['Stake your claim in this democracy. #VOTE. Find important #ElectionDay information at https://***j. #IWillVote', 'Stake your claim in this democracy. #VOTE. Find important #ElectionDay information at https://***e. #IWillVote', 'Why we organized #Googlewalkout, and what we want: https://***RD', '-']",-,content_A,post
t2174,u0851,2022-01-18 16:29:57+00:00,MeToo,b***t,"Hey @t***s the only thing I asked you for on my birthday is helping deleting my account so the #nursemafia stops. You don't care about victims of #stalking and if anyone wants to join me, I think this could be a good case to talk to attorneys about. #believesurvivors https://***GH","['As we celebrate the legacy of Martin Luther King Jr., let us not forget what he once told us: ""Our lives begin to end the day we become silent about things that matter."" On this #MLKDay, let us recommit to speaking out against hate, bigotry and injustice. #IHaveADream https://***NJ', ""Hey @t***s the only thing I asked you for on my birthday is helping deleting my account so the #nursemafia stops. You don't care about victims of #stalking and if anyone wants to join me, I think this could be a good case to talk to attorneys about. #believesurvivors https://***GH"", 'On Martin Luther King, Jr. Day we pay tribute to the man who worked tirelessly to establish a future full of unity, peace and equality for all. https://***EK #IHaveADream https://***yW', '-']",-,content_B,post
t1630,u0462,2021-02-07 21:05:18+00:00,MeToo,C***0,Hurry up and outbid the others now. The auction ends in 3 day. For details visit - https://***4m . . . . #catched #domainauction #expireddomain #iwillgoxyz https://***X4,"['""Support for Black Lives Matter and #MeToo movements transcends race, gender, and socioeconomic identity. More than half of men (61%) and women (68%) expressed support for #metoo, and 58% and 64% of men and women support Black Lives Matter.""', 'A Timely Portrait of Resilience Post-MeToo. My daughter, Anna Hitchcock\'s, hand-carved sculpture ""Let Go!"" is featured in a splendid group show at the Messler Gallery in Camden, Maine. For the story of its making see https://***t. #MeTooMovement #contemporaryart https://***GX', 'Hurry up and outbid the others now. The auction ends in 3 day. For details visit - https://***4m . . . . #catched #domainauction #expireddomain #iwillgoxyz https://***X4', '-']",-,content_C,post
t2789,u1849,2022-02-15 04:16:28+00:00,MeToo,r***1,#CorpMedia #Idiocracy #Oligarchs #MegaBanks vs #Union #Occupy #NoDAPL #BLM #SDF #DACA #MeToo #Humanity #DemExit #FeelTheBern America's political establishment isn't in the least troubled by voters' semi-literate paranoia; they're banking on it... https://***51 https://***4c,"['Thank you for joining us online today! Be sure to watch the rebroadcast of “I Have Permission! "" TONIGHT at https://***tn or via the T.D. Jakes Mobile App! #IHavePermission #SundayService #TPHOnline https://***YQ', 'Slow down it’s not a race to heal, take your time and show yourself grace 🤲 #selflove #selfcare #love #healing #metoo #mystory #LaysGoldenDuet #fyp https://***wf', ""#CorpMedia #Idiocracy #Oligarchs #MegaBanks vs #Union #Occupy #NoDAPL #BLM #SDF #DACA #MeToo #Humanity #DemExit #FeelTheBern America's political establishment isn't in the least troubled by voters' semi-literate paranoia; they're banking on it... https://***51 https://***4c"", '-']",-,content_C,post
t3559,u0630,2022-02-27 04:04:54+00:00,MeToo,T***1,"Oh and that little mention of ""defamation"" lawsuit. How ignorant. She is a public figure. What tyrant thinking she is not above critique. #TimesUp #GameOver #Exposed","['The art of rape of minds https://***rt #100DaysOfCode #CoverUp #MeToo #ConspiracyExposed #Bogus Case #CORRUPTION #Biased_Investigation #disinformation #JusticeMatters #SentencedWithoutEvidence #PlannedConspiracy #Appalling #ToryRussianMoney #Accountability #NoorMukadam', 'Because they’re comrades just like Putin. #lifelibertyandthepursuitofhappiness #conservativethinker #conservative #christianconservative #criticalthinker #climatechange #christian #bible #christianpodcast #wevegotacountrytosave #america #turningpointusa #iwillnotcomply ...', 'Oh and that little mention of ""defamation"" lawsuit. How ignorant. She is a public figure. What tyrant thinking she is not above critique. #TimesUp #GameOver #Exposed', '-']",tweet_A,content_C,reply
t2466,u2014,2022-02-08 08:28:47+00:00,MeToo,F***d,-,"['How I Forgave the Man Who Sexually Abused Me: https://***vh #healing #trauma #healingtrauma #selfhealing #selflove #selfhelp #Motivational #MeToo #ptsd #recovery #abuse #Forgiveness #grace #love #joy #SpiritualSunday #youtube #Survivor #addiction #addictionrecovery', ""YES. This is real. He is Japanes Harvey Weinstein at OKAYAMA in JAPAN I'm going to NEVER forget Japanes #HarveyWeinstein did a lot of sexual assaults #ファイヤーデモ #フラワーデモ #metoo #AskRapeCrisisJapan #AskRapeCrisisScotland #KeepPrisonsSingleSex https://***Lg https://***2g"", '""More broadly, the fallout from the Reichelt affair shows the inherent tension of compliance investigations — a system of corporate governance riddled with conflicts that is paid for, managed and communicated by a company itself."" #MeToo', '-']",tweet_A,-,retweet
t3669,u1961,2022-03-01 19:30:11+00:00,MeToo,S***e,"#AfricanAmerican women use #poetry, #dance, and #animation to explore #selfempowerment and accountability. https://***9B #BLM #MeToo #SexualHarrassment @B***e @C***9 https://***O6","['@m***7 asked me my one regret: my answer is an apology to all the brave young #metoo researchers who have spoken out. If only my generation had been as courageous. One hope: the obliteration of cultural misconceptions about science! #science4all https://***Ze https://***yM', '#AfricanAmerican women use #poetry, #dance, and #animation to explore #selfempowerment and accountability. https://***9B #BLM #MeToo #SexualHarrassment @B***e @C***9 https://***O6', '#bitwig #MeToo BORED TO BE VERBALLY SEXUALLY MENACED BY GAYS !!!!! LIKE AT FIRST VIEW THEY ASK MY PENIS SIZE... I AM CATHOLIC !!! MY MOM IS GYPSY !!!! MERDEEEEE !!! NO RESPECT !!! GAYS ARE AGRESSIVE SEXUALLY !!! I SHOULD CALL POLICE !!! #Police 😪😪😪😪😪😪😪😪', '-']",-,content_B,post
t2470,u3061,2022-02-08 11:07:19+00:00,MeToo,B***r,"Ausforschen und Dreck anlasten - das blüht Frauen, die sich beschweren, und Männern, die sie unterstützen. Aus den USA ist solch üble Vertuschung von #metoo-Vorwürfen bekannt. Warum sollte es in Deutschland anders laufen? Vielen Dank an die @f***t für diese Recherche. https://***Um","['#harvardletter https://***Iz', 'Ausforschen und Dreck anlasten - das blüht Frauen, die sich beschweren, und Männern, die sie unterstützen. Aus den USA ist solch üble Vertuschung von #metoo-Vorwürfen bekannt. Warum sollte es in Deutschland anders laufen? Vielen Dank an die @f***t für diese Recherche. https://***Um', '""Jan Böhmermann""? @O***k @E***n W T F ? ! ? HIER DER ARTIKEL DER @F***T: Women spoke up, men cried conspiracy: inside Axel Springer’s #MeToo moment https://***8O @d***v @P***E', '-']",-,content_B,post
t2781,u2840,2022-02-15 00:41:24+00:00,MeToo,3***3,@A***C #TaraReade has several contemporaneous corroborations that #JoeBiden raped her &amp; retaliated against her. Many women say #Biden sexually assaulted them. Blasey Ford had ZERO that Kavanaugh sexually assaulted her. #IBelieveBlaseyFord #IBelieveTaraReade #JoeBidenIsARapist #MeToo https://***Qu,"['RT-10 #FeminismIsCancer #Feminism #Patriarchy #GenderBiasedLaws #stopfeminism #feminist #fakefeminism #MensLivesMatter #SaveOurSons #InternationalMensDay #toxicfeminism #genderbiased #women #metoo #rape #Metooindia #womenempowerment #WomensRights #female https://***BO', '@A***C #TaraReade has several contemporaneous corroborations that #JoeBiden raped her &amp; retaliated against her. Many women say #Biden sexually assaulted them. Blasey Ford had ZERO that Kavanaugh sexually assaulted her. #IBelieveBlaseyFord #IBelieveTaraReade #JoeBidenIsARapist #MeToo https://***Qu', 'https://***Kq RT-11 #Metooindia #FeminismIsCancer #Feminism #Patriarchy #GenderBiasedLaws #stopfeminism #feminist #fakefeminism #MensLivesMatter #SaveOurSons #InternationalMensDay #toxicfeminism #genderbiased #women #metoo #rape #womenempowerment #WomensRights #female', '-']",tweet_A,content_B,reply
t3054,u2187,2022-02-18 15:00:26+00:00,MeToo,T***s,"It doesn’t matter how bad it gets, #IHavePermission to keep moving forward [Isaiah 40:31]! Rewatch Sunday’s message by @B***s at https://***O6 and join us virtually at the 2022 @T***S by signing up at https://***BX #TPHDallas https://***eB","['https://***Yq RT-11 #Metooindia #FeminismIsCancer #Feminism #Patriarchy #GenderBiasedLaws #stopfeminism #feminist #fakefeminism #MensLivesMatter #SaveOurSons #InternationalMensDay #toxicfeminism #genderbiased #women #metoo #rape #womenempowerment #WomensRights #female', '#PrinceAndrew #BelieveWomen #VirginiaGiuffre #Buckinghamshire #princeAndrewguilty #BritishMonarchy #QueenElizabeth https://***b6', 'It doesn’t matter how bad it gets, #IHavePermission to keep moving forward [Isaiah 40:31]! Rewatch Sunday’s message by @B***s at https://***O6 and join us virtually at the 2022 @T***S by signing up at https://***BX #TPHDallas https://***eB', '-']",-,content_C,post
t0336,u0902,2020-03-24 09:40:57+00:00,MeToo,j***k,"We know that domestic abuse often increases during stay-at-home times. Need understanding, prayer and support? Virtual groups are available for women. Call 503-846-9284 M-F PST for more information. You are not alone. #survivor #domesticviolence #abuserecovery #metoo #wetoo https://***Vm","['#IWillSurvive come what may. Seen worst in the past, faced many hurdles, fought many #FakeCases, did not come this far to lose all to this Corona. My Will is my resolute, to survive &amp; exists against All odds. #IWillSurvive #IWillStayAtHome #KillCovid19 #COVIDー19 https://***Kw', 'Another simple, but powerful way to show gratitude and say #ThankYouHealthCareWorkers. “We hold the key to lasting happiness in our own hands. For it is not joy that makes us grateful; it is gratitude that makes us joyful” #TIMESUP #TIMESUPHC https://***TT', 'We know that domestic abuse often increases during stay-at-home times. Need understanding, prayer and support? Virtual groups are available for women. Call 503-846-9284 M-F PST for more information. You are not alone. #survivor #domesticviolence #abuserecovery #metoo #wetoo https://***Vm', '-']",-,content_C,post
t3244,u0179,2022-02-21 09:10:10+00:00,MeToo,S***r,What are your thoughts on this picture? #SouthPark #Avatar #Generator #Torso #Underwear #Shoes #HeadLine #Armlines #Main #Trim #Notint #Shirt #Head #Eyes #Mouth #Front #Notint #IHaveNoIdeaWhatsGoi https://***4c,"['I refused to watch any of #Beijing2022 #GenocideGames and I did not watch the closing ceremony. #NeverAgain should @i***a hold #Olympics in a country whose regime is committing #Genocide, #CrimesAgainstHumanity &amp; other grave #HumanRights violations. #IWillNotWatch https://***VD', 'In my own case, I was asked these kinds of excruciating details over and over again as if HR was just waiting for me to stumble. It’s a common tactic to undermine victims and discredit their reports. 9/', 'What are your thoughts on this picture? #SouthPark #Avatar #Generator #Torso #Underwear #Shoes #HeadLine #Armlines #Main #Trim #Notint #Shirt #Head #Eyes #Mouth #Front #Notint #IHaveNoIdeaWhatsGoi https://***4c', '-']",-,content_C,post
t3901,u0623,2022-03-06 16:59:27+00:00,MeToo,J***r,"Safe to Love https://***MW #metoo #lovewins Rediscover romance in Aspen Ridge, a small town with an open heart https://***nk","['Safe to Love https://***MW #metoo #lovewins Rediscover romance in Aspen Ridge, a small town with an open heart https://***nk', '@S***2 @O***e @B***d @H***t #MeToo', 'hi @S***0 #thatonesonicmod #milk #funny #ihaveyourcoordinates https://***XZ', '-']",-,content_A,post
t2008,u3133,2021-12-10 04:40:27+00:00,MeToo,s***M,-,"[""E ancora con 'sta goliardia. Ma vi scrivono regolarmente su un lavagna di mostrare il ca**o per un cocktail? Ma basta che schifo #metoo https://***1J"", '2) There are many interesting elements to the situation facing this 35-year-old tennis star which deserve close analysis, not least because it is the first such accusation of sexual misconduct levelled at such a high-profile political figure.', '7 scientists have stopped visiting the institute/collaborating with its staff bc of the behavior they said they experienced or witnessed, 2 have left academia altogether — a #MeToo brain drain that has cost science an incalculable toll of lost research. https://***t8', '-']",tweet_C,-,retweet
t2446,u1667,2022-02-07 22:49:24+00:00,MeToo,4***o,"Read this excellent interview w @a***n, director of #SecretsofPlayboyAE “Drugs, Threats &amp; Coercion: Why Hugh Hefner’s Playboy Empire Is Being Re-Examined After #MeToo” https://***Zh via @v***y","[""So weird to see Eric Lander raked over the coals in the media for his behavior as the president's science advisor in 2022. He also served as a science advisor to President Obama back in the day, but that was before #MeToo"", 'Read this excellent interview w @a***n, director of #SecretsofPlayboyAE “Drugs, Threats &amp; Coercion: Why Hugh Hefner’s Playboy Empire Is Being Re-Examined After #MeToo” https://***Zh via @v***y', 'Linear . . . #FromWhereIRide #cyclingshots #cyclingphotos #ridesnapshare #ihavethisthingwithbikes #Specialized #SWorks #tarmac #velo #instacycle #strava #stravacycling #WYMTM #MelBAAWn #beach @ St Kilda Beach https://***nd', '-']",-,content_B,post
t3963,u1720,2017-11-29 15:37:00+00:00,MeToo,n***l,-,"['When are we going to agree that ""Baby It\'s Cold Outside"" is a #MeToo story and that we should stop playing it in stores/etc.? Was in @l***n this morning and couldn\'t believe my ears. #WednesdayWisdom', 'Sometimes the right thing for an official to do is to step down and to let others lead. https://***jQ #MeToo', 'The NHS is not immune to sexual harassment. It happened to #metoo | Rachel Clarke https://***YH', '-']",tweet_A,-,retweet
t2782,u1726,2022-02-15 01:32:18+00:00,MeToo,m***8,-,"['https://***kv RT-11 #Metooindia #FeminismIsCancer #Feminism #Patriarchy #GenderBiasedLaws #stopfeminism #feminist #fakefeminism #MensLivesMatter #SaveOurSons #InternationalMensDay #toxicfeminism #genderbiased #women #metoo #rape #womenempowerment #WomensRights #female', 'https://***0b RT-11 #Metooindia #FeminismIsCancer #Feminism #Patriarchy #GenderBiasedLaws #stopfeminism #feminist #fakefeminism #MensLivesMatter #SaveOurSons #InternationalMensDay #toxicfeminism #genderbiased #women #metoo #rape #womenempowerment #WomensRights #female', '“Voice is a huge part of our identity” New software is helping those living with motor neurone disease to preserve their voices. Richard Cave from the MND Association explains to #BBCBreakfast how this technology is changing lives ⤵️ https://***AP', '-']",tweet_A,-,retweet
t1068,u1003,2020-09-20 13:39:44+00:00,MeToo,R***e,-,"['@J***u Talk about drugs, murders and #metoo too, about your industry.', ""Not only #AnuragKashyap is a chαrsi, but he is also a sεxual predαtor. And, now I'm waiting for the liberal gαng to come out in HIS support instead of the victιm Payal Ghosh. Taapsee Already On Grounds With Her hypocrisy &amp; Maybe Jaya Ji Preparing New Script to Defend him #MeToo"", '. #AnuragKashyap is known womanizer and has cheated all his partners. #MeToo', '-']",tweet_C,-,retweet
t3911,u1760,2022-03-07 11:41:36+00:00,MeToo,s***z,"This by @K***1 is excellent. Sexual abuse in sports follows same pattern as sexual abuse in wider society. #MeToo movement shows accountability is built via transparent, independent systems analysing harmful power dynamics through Intersectional lens https://***Wc","['#AfricanAmerican women use #poetry, #dance, and #animation to explore #selfempowerment and accountability. https://***iU #BLM #MeToo #SexualHarrassment @b***e @C***9 https://***qq', 'This by @K***1 is excellent. Sexual abuse in sports follows same pattern as sexual abuse in wider society. #MeToo movement shows accountability is built via transparent, independent systems analysing harmful power dynamics through Intersectional lens https://***Wc', '#Ahmadiyya Rape Row: Akaash Ashar @f***3, another adult survivor of child sexual abuse, speaks out against paedophilia in #Ahmadi Jama’at; calls for awareness. #MeToo https://***wb https://***qO', '-']",-,content_B,post
t0163,u1984,2018-11-07 22:55:04+00:00,MeToo,l***g,We All Have The Right To Say #MeToo https://***oN,"['We All Have The Right To Say #MeToo https://***oN', 'them tackle a similar situation in their own life or give you advice. Third. the sheer number of these stories (like #MeToo movement) will bring about an awareness in the governing bodies which will come up with legislative and regulatory measures to counter harassment incidents.', 'Tonight: Make your plan to get to the polls for @k***c. Tomorrow: #VOTE. https://***bs #IWillVote #ElectionDay #CA45 https://***mN', '-']",-,content_A,post
t2968,u0475,2022-02-17 10:44:11+00:00,MeToo,T***l,Dragonfly PopSockets: Amazon Prime #Dragonfly #InspirationalInfluencer #signs #faithful #HopeWorld #BelieveWomen #CUREtheworld #belief Inspirational PopSockets Swappable PopGr... https://***wL via @a***n,"['#ΕΣΑΚΕ #Ηρακλής https://***6T #NoMore #MeToo #metoogr #salonikaplus #sasmos #agriesmelisses #radioarvyla #MasterChefGR #superkaterina #eleni #TheChaseGR #survivorgr #olagood #The2NightShow #metooGR #gitiselias #Θεσσαλονίκη #metoogreece #AgiosPaisios #ΕΛΛΑΔΑ #kalytera', '#MondayMotivation #cloudsecurity #fridayfeeling #sxsw #science #deeplearning #metoo #womenintech #fintech #datascience #predictiveanalytics Looks like ive lost the fight the grey hair has arrived https://***0p', 'Dragonfly PopSockets: Amazon Prime #Dragonfly #InspirationalInfluencer #signs #faithful #HopeWorld #BelieveWomen #CUREtheworld #belief Inspirational PopSockets Swappable PopGr... https://***wL via @a***n', '-']",-,content_C,post
t2905,u1229,2022-02-16 16:20:00+00:00,MeToo,s***2,Contractor Finds Child Pornography Stash in Psychologist’s Secret Room https://***OF - #ChildAbuse #Psychologist #Psychologists #Psychology #MeToo #SexAbuse,"['Contractor Finds Child Pornography Stash in Psychologist’s Secret Room https://***OF - #ChildAbuse #Psychologist #Psychologists #Psychology #MeToo #SexAbuse', 'on wednesday, our investigations team published a thoughtful look at what restorative justice could look like amid the #metoo movement. @c***l + @W***o did a fantastic job shepherding this one from start to finish: https://***0m', 'How did a famous #dinosaur hunter end up enabling a sexual abuser to pursue his career and obtain access to vulnerable victims as a result? The case of Philip Currie and Aaron van der Reest. #MeToo #paleontology \u2066@U***a\u2069 \u2066@u***k\u2069 https://***r9', '-']",-,content_A,post
t2260,u1617,2022-01-27 08:00:35+00:00,MeToo,R***s,"Are you working on making your I WILL statement become reality? Share your #IWILLJourney with us, get exposed on our social media channels, and join a pitch training session, a masterclass, or workshops to help you boost your plan! Apply on https://***UY https://***el","['https://***H6 #freedom #Ronaldreagan #downwithtyranny #wethepeople #patriotic #iwillnotcomply #americanflag #madeinamerica #forefathers #betsyross #nofascism #donaldtrump #georgewashinton #americanpride #madeinUSA #americaningenuity #redwhiteandblue https://***WJ', 'Are you working on making your I WILL statement become reality? Share your #IWILLJourney with us, get exposed on our social media channels, and join a pitch training session, a masterclass, or workshops to help you boost your plan! Apply on https://***UY https://***el', '@s***d I’m Amanda and a pediatrician. #ihaveapreexistingcondition https://***RH', '-']",-,content_B,post
t3084,u2504,2022-02-18 23:14:47+00:00,MeToo,t***m,"Last week, Congress passed a landmark #MeToo bill reforming how sexual assault and harassment cases are handled by companies. This week on #SkimmThis, we spoke to one person who helped get this bill over the finish line: @G***n. Listen here: https://***1o https://***XL","['8 and 10 hrs ago @J***u @f***p @M***a 345 am #NewMusicFriday #VaginaMutilation #ViolenceAgainstWomenAct #BeatTheCrime #EmpoweringWomen #MeToo #TimesUp @A***N @M***a @J***2 @B***S @B***A @h***p @S***s @E***s @V***E @B***A https://***Tr https://***XK', '#harassment #metoo #sexualharassment #women #discrimination #feminism #consent #nomeansno #equality #violence #abuse #feminist #bullying #stopstreetharassment #catcalling #awareness #employmentlaw #domesticviolenceawareness #lgbtq #workplace #sexualassault https://***MA', 'Last week, Congress passed a landmark #MeToo bill reforming how sexual assault and harassment cases are handled by companies. This week on #SkimmThis, we spoke to one person who helped get this bill over the finish line: @G***n. Listen here: https://***1o https://***XL', '-']",-,content_C,post
t3458,u2423,2022-02-24 20:19:12+00:00,MeToo,u***s,Jerry Lewis acusado de conducta sexual inapropiada por mujeres que protagonizaron con él en los años 60 #metoo https://***K6,"['From @Q***e: The Transmogrification of Harvey Weinstein by Psychologist @d***n On the #MeToo movement and a rational approach to dealing with male, sexual predators. #Longreads #Longform https://***c0', ""College-educated women DEMAND that blue-collar men pay women's college debt. #MRA #MGTOW #Feminism #redpill #debt #mensrights #singlemother #metoo #timesup #killallmen #college #Misandry #thefutureisfemale #independantwoman #MenAreGrossBecause #careerwoman #toxicmasculinity https://***jq"", 'Jerry Lewis acusado de conducta sexual inapropiada por mujeres que protagonizaron con él en los años 60 #metoo https://***K6', '-']",-,content_C,post
t2608,u0919,2022-02-10 19:02:02+00:00,MeToo,G***S,US Congress approves sexual harassment bill in #MeToo milestone https://***NP,"['Eric Schneiderman was revered by liberals until he faced allegations of abuse at the height of the #MeToo movement. He says he’s taken steps to change. Does that help anyone besides himself? https://***Wv', 'US Congress approves sexual harassment bill in #MeToo milestone https://***NP', 'Why Congress is moving against sexual harassment, 4 years after #MeToo Via @m***e https://***jO', '-']",-,content_B,post
t3915,u1195,2022-03-07 14:53:15+00:00,MeToo,n***n,Someday the truth behind that Pa Supreme Court decision has to come out. Because it certainly wasn’t based on the law. Read @c***y for the truth about the case. #metoo #timesup High court won't review decision freeing Cosby from prison (from @A***P) https://***Go,"[""Someday the truth behind that Pa Supreme Court decision has to come out. Because it certainly wasn’t based on the law. Read @c***y for the truth about the case. #metoo #timesup High court won't review decision freeing Cosby from prison (from @A***P) https://***Go"", 'After Social Media Cry, @m***r Taken Off Jaipur Lit Fest, #MeToo Accused William Dalrymple Stays as Festival Director https://***cy', 'Georgia Pritchett Recounts a TV Industry #MeToo Experience in Three Acts, with No Closure https://***od #Features #FilmandTV https://***qp', '-']",-,content_A,post
t2148,u2182,2022-01-15 19:53:39+00:00,MeToo,N***e,"Τρεντάρει (λογικό) το #metooGR για τον βιασμό στην Θεσσαλονίκη και εκτός από αυτούς που υποστηρίζουν είναι και αυτοί που θυμώνουν ότι τους τσουβαλιάζουν την πόλη. Προσπεράστε παιδιά, είμαστε στο 2022. Κανείς δεν τα έχει με την πόλη σας. Ξεκολλήστε.","['Τρεντάρει (λογικό) το #metooGR για τον βιασμό στην Θεσσαλονίκη και εκτός από αυτούς που υποστηρίζουν είναι και αυτοί που θυμώνουν ότι τους τσουβαλιάζουν την πόλη. Προσπεράστε παιδιά, είμαστε στο 2022. Κανείς δεν τα έχει με την πόλη σας. Ξεκολλήστε.', 'Pennsylvania can not and will not be the next California. We need to Back the Blue before crime becomes out of control in America.', '#LetUsTalk: The frustration of women without a veil by @f***a via @C***_ This is the #MeToo of clothing harassment. Voices of Middle Eastern women living in the West—or not—who had to wear hijab—or still do—are rising. /1 https://***Dj', '-']",-,content_A,post
t3202,u2785,2022-02-20 14:01:16+00:00,MeToo,R***n,#Examine #dig &amp; #consign #surprising #preferred #messages in 'Rev Against Taboo:Sexual Revolution' https://***15 #cop26bbc #metoo,"['What happens when a woman, against all odds, stands up and makes her voice heard and respected? The world changes. #victimofdefense #womenempowerment #womensupportingwomen #Metoo https://***xC https://***Xb', ""#Examine #dig &amp; #consign #surprising #preferred #messages in 'Rev Against Taboo:Sexual Revolution' https://***15 #cop26bbc #metoo"", 'Learn from the @N***e Committee: Remove the #nominee from the process https://***9D https://***Sl', '-']",-,content_B,post
t1290,u0867,2020-10-19 13:11:57+00:00,MeToo,e***k,-,"['Frank Jensen giver som begrundelse for sin aftrædelse, at sagerne om hans krænkelser står i vejen for politisk arbejde og udvikling. Men det er lige netop sagens kerne. Sexisme, krænkelser og magt ER politik. At gøre op med det ER politisk arbejde! #MeToo #dkpol #dkmedier', ""#iwillvote Select your state, make sure you're registered to vote, then choose how you're going to vote this year. https://***wW"", 'Three years ago I wrote this, when #MeToo was taking over our feeds, before knowing what it was &amp; what it would become. Been through a lot since &amp; re-reading these words hit me harder than when I first wrote them. https://***hF', '-']",tweet_B,-,retweet
t3976,u1094,2018-01-15 21:39:01+00:00,MeToo,C***l,"The #MeToo movement makes males the guardians of female well-being in the name of feminist empowerment, writes @H***I. https://***ps","['#TIMESUP', 'Never stop DREAMING!! 💕 #MLKDay #IHaveADream #HappyMLKDay #MLK #mlkday2018 https://***LU', 'The #MeToo movement makes males the guardians of female well-being in the name of feminist empowerment, writes @H***I. https://***ps', '-']",-,content_C,post
t3065,u0571,2022-02-18 17:28:15+00:00,MeToo,M***n,-,"['It shouldn’t be like this, #JohnsonOut_23 is only dropping restrictions and stopping testing to appease the right wing #ERG and save his skin. #CovidIsNotOver #ToryCovidCatastrophe #Democide #CV #CEV #ihaveapreexistingcondition #IMatter https://***HQ', 'Li Qiaochu e il #MeToo cinese: la storia della coraggiosa attivista https://***N6 #Cina', 'More coverage of #IWillAlwaysBeMe via @B***t. Our Director of Care, @N***1 features alongside @S***s, who lost his father to #MND. They discuss what this book means for the future of voice banking. Watch below from 15m05s 📺 expires at 19:00! https://***mC', '-']",tweet_B,-,retweet
t3245,u1992,2022-02-21 09:27:29+00:00,MeToo,l***n,@K***o How is this equal to sexual harassment? The reasons behind someone not exposing this journalist in question and the trauma of sexual abuse is NOT the same. That's poor..sorry. The #MeToo movement has had enough of problems as is. This is trivialising the whole point of it.,"['@h***r @j***s Oh #yea ? 🤔 #hmm #iWillShowYouMineIfYouShowMeUrs 👀', ""@K***o How is this equal to sexual harassment? The reasons behind someone not exposing this journalist in question and the trauma of sexual abuse is NOT the same. That's poor..sorry. The #MeToo movement has had enough of problems as is. This is trivialising the whole point of it."", ""#CorpMedia #Idiocracy #Oligarchs #MegaBanks vs #Union #Occupy #NoDAPL #BLM #SDF #DACA #MeToo #Humanity #DemExit #FeelTheBern America's political establishment isn't in the least troubled by voters' semi-literate paranoia; they're banking on it... https://***51 https://***Bz"", '-']",tweet_B,content_B,reply
t2024,u0309,2021-12-16 11:54:30+00:00,MeToo,J***c,".@E***N, thank you for the #EPlenary debate about the #MeToo and harrasment phenomenon. This is indeed an important aspect of EU institutions' responsibilities also as employers. https://***QF","["".@E***N, thank you for the #EPlenary debate about the #MeToo and harrasment phenomenon. This is indeed an important aspect of EU institutions' responsibilities also as employers. https://***QF"", 'I have mixed feelings when a man asks me to visit him at his office in order to discuss about research/work. I know, he might be an excellent person Or not #MeToo', ""#Gravitas | The #MeToo movement remains under attack in #China. After the disappearance of Tennis Star #PengShuai, @A***p has fired a #MeToo victim for ruining the company's reputation. @p***u tells you how China feels threatened by women who dare to speak up https://***C5"", '-']",-,content_A,post
t1866,u0200,2021-10-04 15:50:26+00:00,MeToo,M***e,Watch an excerpt of Rev. Dr. Timothy Sloan’s #IHaveOnlyJustAMinute message. “Always remember the authority of language. Use your words wisely. There’s life and death in the power of the tongue.” - @T***n ’92 @T***h https://***Me,"['Watch an excerpt of Rev. Dr. Timothy Sloan’s #IHaveOnlyJustAMinute message. “Always remember the authority of language. Use your words wisely. There’s life and death in the power of the tongue.” - @T***n ’92 @T***h https://***Me', '@M***D @P***a @H***a @B***a @c***y @p***a @H***C @H***s @R***i stop Fake #498a #DomesticAbuse #DomesticViolence #misuse Stop #womenempowerment #divorce #MeToo #menToo Justice for men https://***vv', 'Wife, kids arrested for allegedly murdering man for extra marital affairs #women #womenempowerment #meToo #menToo #domesticviolence #divorce https://***F6', '-']",-,content_A,post
t2796,u1322,2022-02-15 07:20:05+00:00,MeToo,O***a,"Entrevisto al ministro de Universidades, @s***9, sobre la ley de convivencia, que se aprueba mañana en el Senado, y el #MeToo de profesoras e investigadoras desvelado por @e***o https://***Vo","['Entrevisto al ministro de Universidades, @s***9, sobre la ley de convivencia, que se aprueba mañana en el Senado, y el #MeToo de profesoras e investigadoras desvelado por @e***o https://***Vo', ""#ArmieHammer #armiehammerisinnocent #supportarmiehammer #armiewillsurviveandthrive How #EfrosinaAngelova #HouseofEffie duped the media #RAINN #MeToo movement: HUNDREDS of #EfrosinaAngelova's DMs tested &amp; found to be #FAKED / #manipulated to deceive https://***S9 https://***AO https://***HU"", '📷 “This is some bullshit right here...” 😂😂😂 #stonerhumor #420humor #humor #dankmemes #weedmemes #weedhumor #high_larry_us #budporn #maryjane #420life #weedstagram420 #weedstagram #hightimes #highsociety #iwillmarrymary #stoner #gethigh... https://***EJ', '-']",-,content_A,post
t2643,u0100,2022-02-11 15:51:32+00:00,MeToo,m***s,#KICKTHECANCREW - #PartyGate - 1st #denial 2nd #blame #anyoneelse 3rd #false #apology 4th #SueGray 5th @m***k 6th #Dick #resigns 7th #IWillSurvive - Do you think we're #fools #PM (@B***n) - #delay #delay #delay - hoping we'll tire or forget - how #pathetic-Wont work https://***yE,"[""#KICKTHECANCREW - #PartyGate - 1st #denial 2nd #blame #anyoneelse 3rd #false #apology 4th #SueGray 5th @m***k 6th #Dick #resigns 7th #IWillSurvive - Do you think we're #fools #PM (@B***n) - #delay #delay #delay - hoping we'll tire or forget - how #pathetic-Wont work https://***yE"", ""Proud of my office's partnership with @U***Q &amp; @D***e in the arrest &amp; charging of former @U***3 television producer/writer of @E***a Enrique Albis-Masot on additional sexual assault charges. Every sexual assault is a degradation of the victim. #MeToo https://***rN"", 'It’s been almost 5 years since #MeToo, and we still haven’t figured out what to do with abusers https://***Pk', '-']",-,content_A,post
t2779,u1040,2022-02-14 23:00:07+00:00,MeToo,s***n,I'm creating a prevent sexual assault vault. Tell me about a time when U spoke up for YRself or another #NotMe #MeToo #Weinstein #girlboss,"[""I'm creating a prevent sexual assault vault. Tell me about a time when U spoke up for YRself or another #NotMe #MeToo #Weinstein #girlboss"", ""Rose McGowan Torches ‘As Fake As They Come’ Oprah Winfrey #RoseMcGowan went after #Oprah on Twitter relishing that more people would see 'the ugly truth' of her &amp; that she is 'as #fake as they come.' #Weinstein #RussellSimmon #lizard #MeToo #SexualAssault https://***cT"", 'SAVE SOMEONE #ayahuasca #rapeculture #rapet #consent #childabuse #xamanismo #raper #sexualassault #nomeansno #sexualabuse #believesurvivors #rapeton #metoomovement #rapevictim #rape #aho https://***Gg . .', '-']",-,content_A,post
t3698,u1419,2022-03-02 10:44:37+00:00,MeToo,L***g,"The excellent folk at @g***e are doing a fascinating event tonight, hosted by the brilliant @t***n &gt;&gt; Feminism in China: #MeToo, silenced women and the fight for equality. Sign up here! https://***t2","['The excellent folk at @g***e are doing a fascinating event tonight, hosted by the brilliant @t***n &gt;&gt; Feminism in China: #MeToo, silenced women and the fight for equality. Sign up here! https://***t2', '🟣 La periodista científica Ángela Bernardo hablará mañana en la Facultad de Física de la @U***G sobre el #MeToo en la ciencia española https://***z4 https://***F4', 'K.P. &amp; Envyi - Swing My Way (1998) https://***PJ via @Y***e #ihavealotoffavs #Shortyswingmyway', '-']",-,content_A,post
t0145,u1823,2018-10-26 16:03:01+00:00,MeToo,a***g,V insightful take on the nexus of #MeToo in India and digital technology @n***d https://***P9,"['Very interesting read...we should take note...#dnc #ResistAndWin #BlueWave #metoo #BlueWave2018 #BlueWaveComing2018 https://***Yv', 'V insightful take on the nexus of #MeToo in India and digital technology @n***d https://***P9', 'Ummm...hello...you mean @T***r blew this one too? #metoo #CesarSayoc #ResistAndWin #bombsuspect #womenmatter #hearwomen #BREAKING https://***6u', '-']",-,content_B,post
t3899,u1398,2022-03-06 12:02:21+00:00,MeToo,t***e,"A tattoo artist in Kerala has been accused of sexual assault by several women. This has started a #MeToo wave in Kerala. Watch this discussion hosted by @d***n with Arsha, a complainant, Varsha an ally and Geetika Mantri https://***ev https://***UZ","['BOOK: #MeToo and the Politics of Social Change. This book uses the #MeToo movement as a starting point for exploring debates in anti-sexual violence activism and justice-seeking. 19 accessible chapters from academics, practitioners, and activists. See https://***52 https://***1W', 'A tattoo artist in Kerala has been accused of sexual assault by several women. This has started a #MeToo wave in Kerala. Watch this discussion hosted by @d***n with Arsha, a complainant, Varsha an ally and Geetika Mantri https://***ev https://***UZ', '@L***3 @N***l @S***e @F***s @U***l @D***1 @t***a #metoo', '-']",-,content_B,post
t3956,u1048,2017-10-16 18:36:06+00:00,MeToo,T***R,"Sexual assault movement #MeToo reaches nearly 500,000 tweets https://***iE https://***ud","[""#MeToo and I don't know if I personally know many women who haven't"", 'Sexual assault movement #MeToo reaches nearly 500,000 tweets https://***iE https://***ud', '#MeToo The Cantor who taught me Hebrew. The Rabbi. Oh, and then my boyfriend told me not to tell...', '-']",-,content_B,post
t3137,u1078,2022-02-19 19:02:13+00:00,MeToo,G***n,-,"['@M***3 &lt;--? @T***r #Seriously #TimsTwitterListeningParty #TimeBomb #TimnasIndonesia #TIMETOTWICE #timeprincess #timelapse #TimesUp #Italktothedead #iseenodifference #Iseedeadpeople https://***p6', '#CorpMedia #Idiocracy #Oligarchs #MegaBanks vs #Union #Occupy #NoDAPL #BLM #SDF #DACA #MeToo #Humanity #DemExit #FeelTheBern Syrian Democratic Forces: America’s crucial ally in the fight against ISIS https://***bA Mostly Kurdish militia played important role in ... https://***Pf', '@T***r You know Tim. #Jesus #JesusChrist #ICANTSTOPME #abandon #AFriend? #IHaveAPreexistingCondition #Catholic #Grade #school! #Trials and #Tribulation! #Unfair #Allegations and #Persecutions #Leading to #poverty. #Lovingly #blockchain #Me!? #BecauseHeIsATyrant https://***BB', '-']",tweet_C,-,retweet
t2082,u0397,2022-01-05 03:59:25+00:00,MeToo,p***e,"Since today, @i***m has limited hashtags #IWillLightACandleToo &amp; #من_هم_شمعی_روشن_خواهم_کرد Thousands of users shared pictures with these hashtags in the memory of the Flight #PS752 Victims murdered by #IRGC. @M***a should lift this restriction immediately. Retweet 4 Support https://***dy","['Since today, @i***m has limited hashtags #IWillLightACandleToo &amp; #من_هم_شمعی_روشن_خواهم_کرد Thousands of users shared pictures with these hashtags in the memory of the Flight #PS752 Victims murdered by #IRGC. @M***a should lift this restriction immediately. Retweet 4 Support https://***dy', 'Event: 10 Days of Prayer Theme: I Will Go Through Prayers When : 5th - 15th January, 2022 Time: 5:00pm -7:00pm Nairobi Speaker:Pastor James Ouma #10DaysofPrayer #IWillGo #January #Thanksgiving #newyear #Sermons#Adventistsermon #2022 #Evangelism https://***Tl', ""Why I'm glad Elizabeth Holmes didn't get away with her cynical #MeToo ploy. https://***cm"", '-']",-,content_A,post
t3091,u1849,2022-02-19 02:46:59+00:00,MeToo,r***1,"#CorpMedia #Idiocracy #Oligarchs #MegaBanks vs #Union #Occupy #NoDAPL #BLM #SDF #DACA #MeToo #Humanity #DemExit #FeelTheBern The Remaking of the Arab Working Class https://***fR Once powerful Arab left-wing movements took a battering in recent decades, but ... https://***PD","['#CorpMedia #Idiocracy #Oligarchs #MegaBanks vs #Union #Occupy #NoDAPL #BLM #SDF #DACA #MeToo #Humanity #DemExit #FeelTheBern The Remaking of the Arab Working Class https://***fR Once powerful Arab left-wing movements took a battering in recent decades, but ... https://***PD', '#MeToo #believeher https://***rd', 'Incomplete closure https://***Qm #trump #mattgaetz #epstein #metoo #gislainemaxwell #sextrafficking #abuse #rape #harveyweinstein #lawandorder #ruleoflaw #richandfamous #models #children #clergy #RCC #priests #ministers #evangelicals #hypocrisy #libertyU #supermodels', '-']",-,content_A,post
t3099,u0658,2022-02-19 07:05:42+00:00,MeToo,E***2,-,"['Prevent #sexualharassment these words: https://***QP #NotMe #MeToo #Weinstein #leader https://***oB', 'https://***mz RT-11 #Metooindia #FeminismIsCancer #Feminism #Patriarchy #GenderBiasedLaws #stopfeminism #feminist #fakefeminism #MensLivesMatter #SaveOurSons #InternationalMensDay #toxicfeminism #genderbiased #women #metoo #rape #womenempowerment #WomensRights #female', ""🇫🇷 C'est le 1er grand scrutin depuis #metoo. Jamais il n'y a eu autant de #femmes candidates. Les violences #sexistes sont devenues un thème de campagne, comme l'#EgaliteFH #Presidentielle2022 : un changement de genre politique? av @C***a @V***z 16h15 @F***4 https://***yV"", '-']",tweet_A,-,retweet
t3139,u1229,2022-02-19 19:09:00+00:00,MeToo,s***2,Contractor Finds Child Pornography Stash in Psychologist’s Secret Room https://***X7 - #ChildAbuse #Psychologist #Psychologists #Psychology #MeToo #SexAbuse,"['Women are just as violent as men. #MRA #MGTOW #Feminism #redpill #mensrights #dating #divorce #singlemother #metoo #timesup #killallmen @k***1 #police @b***r @c***s @J***k @U***e @F***d @M***1 @s***e @t***t @t***n https://***KN', ""he's been caught on a lot of lies about her and had a lot of his violent and frightening behavior exposed. I think it's pretty clear that their behavior can't be compared. #DomesticViolence #VAWA #BelieveWomen"", 'Contractor Finds Child Pornography Stash in Psychologist’s Secret Room https://***X7 - #ChildAbuse #Psychologist #Psychologists #Psychology #MeToo #SexAbuse', '-']",-,content_C,post
t1623,u0027,2021-02-02 17:29:22+00:00,MeToo,s***u,"There's a #metoo trend in Greece mostly of women in the #Arts and #Sports regarding violence and/or sexual harassment. I would very much like to see that happening in #Academia,again People in our field have been constantly abused by their ""superiors"". We need to stop that #MeToo","['1) I played big CEOs against each other at highest levels of media. This was never about me taking #MeToo for me. #MeToo took over my movement, a Cultural Reset, because they didn’t know what to call what I made happen. A movement others joined but started with one- me. https://***0B', 'There\'s a #metoo trend in Greece mostly of women in the #Arts and #Sports regarding violence and/or sexual harassment. I would very much like to see that happening in #Academia,again People in our field have been constantly abused by their ""superiors"". We need to stop that #MeToo', 'To all survivors of sexual assault: We believe you. We’re here for you. It’s not your fault. #MeToo https://***TD', '-']",-,content_B,post
t1876,u0373,2021-10-12 12:51:13+00:00,MeToo,D***h,"@n***j as a science communicator, speaks about the exclusions in various fields of science, including the #MeToo movement and the lack of institutional support that usually accompanies this.","['@n***j as a science communicator, speaks about the exclusions in various fields of science, including the #MeToo movement and the lack of institutional support that usually accompanies this.', 'My first book is coming out this month!!! Order your copy now: https://***Y3 #ThePainGap #womenshealth #womensrights #believewomen https://***CJ', ""This week we're kicking off a series of events to celebrate the 4th Anniversary of #MeToo. Here’s a peek at what we have planned! For more updates and registration details, click the link in my bio to join the @M***T mailing list. #BeyondTheHashtag https://***aS"", '-']",tweet_A,content_A,reply
t1302,u1085,2020-10-21 01:05:43+00:00,MeToo,t***e,It’s really him. He’s upstairs texting voters while I watch the @D***s Game 1 #WorldSeries ...priorities! #IWillVote https://***9v,"['It’s really him. He’s upstairs texting voters while I watch the @D***s Game 1 #WorldSeries ...priorities! #IWillVote https://***9v', 'People, mostly women, lose jobs daily due to being sexually harassed by superiors, or even colleagues, as they are deemed the correctable ""problem"". Yet, people decide to die on a hill defending one dude who chose to masturbate during work hours with his Zoom on. #MeToobin 🙄', 'I’ve been writing a book about raising boys after #metoo &amp; I’m thrilled to share its cover! So grateful to everyone — especially the boys and young men — who shared time, experience &amp; expertise with me. It comes out in March but you can pre-order now: https://***Hr https://***Cx', '-']",-,content_A,post
t2111,u3176,2022-01-08 16:49:27+00:00,MeToo,a***i,به شب می‌سپارم تو را تا نسوزد به دل می‌سپارم تو را تا نمیرد اگر چشمه واژه از غم نخشکد اگر روزگار این صدا را نگیرد 📍 سالگردِ دوم، ۱۸ دی ۱۴۰۰، سردر دانشگاه شریف #من_هم_شمعی_روشن_خواهم_کرد #IWillLightACandleToo https://***aE,"['https://***H6 #freedom #Ronaldreagan #downwithtyranny #wethepeople #patriotic #iwillnotcomply #americanflag #madeinamerica #forefathers #betsyross #nofascism #donaldtrump #georgewashinton https://***HV', 'به شب میسپارم تو را تا نسوزد به دل میسپارم تو را تا نمیرد اگر چشمه واژه از غم نخشکد اگر روزگار این صدا را نگیرد 📍 سالگردِ دوم، ۱۸ دی ۱۴۰۰، سردر دانشگاه شریف #من_هم_شمعی_روشن_خواهم_کرد #IWillLightACandleToo https://***aE', 'اهای فلک که گردنت از همهمون بلند تره 💔 #PS752 #IWillLightACandleToo', '-']",-,content_B,post
t3642,u0951,2022-03-01 01:00:04+00:00,MeToo,j***6,@D***3 @s***a Doesn’t shock me that the hateful writers went for maximum pain to appeal to the hateful fans #SanditonIsDead #scamditon #IWillNeverAbandonSidlotte one day a writer with some respect for Austen will do this story justice. They can have have the season2 abomination.,"['@D***3 @s***a Doesn’t shock me that the hateful writers went for maximum pain to appeal to the hateful fans #SanditonIsDead #scamditon #IWillNeverAbandonSidlotte one day a writer with some respect for Austen will do this story justice. They can have have the season2 abomination.', 'Hallelujah! #ready #iwilltestify https://***OS', ""Gritney Houston will be out and about tonight from 7pm. The weather's not right, but it's ok, Gritney will grit it anyway! To see which roads are treated 👉🏻 https://***oe #QueenOfTheNight #DanceWithSnowbody #IWillAlwaysGritYou https://***9X"", '-']",tweet_A,content_A,reply
t0151,u2724,2018-10-31 17:53:45+00:00,MeToo,a***t,People are already casting ballots in our state! What's your plan to #VOTE? Visit https://***TF to make a plan and https://***Hc to see your sample ballot! #IWillVote,"[""People are already casting ballots in our state! What's your plan to #VOTE? Visit https://***TF to make a plan and https://***Hc to see your sample ballot! #IWillVote"", ""People are already casting ballots in our state! What's your plan to #VOTE? Visit https://***nj to make a plan and https://***k7 to see your sample ballot! #IWillVote"", 'Walk into the voting booth in confidence on #ElectionDay: https://***y. Review your ballot, compare candidates, and bring a sample with you to the polls. #VOTE #IWillVote', '-']",-,content_A,post
t3369,u2003,2022-02-23 07:32:47+00:00,MeToo,N***h,"«@m***v, autora del libro Acoso. #MeToo en la #ciencia española, relata los silencios y temores que envuelven a las mujeres víctimas de violencias sexuales y machistas en ámbitos de la ciencia y la investigación y en espacios masculinizados». https://***Qe","['‘Paying women less for doing the same job as a man is more prevalent than I thought.’ This month, Dame Moya Greene, former CEO of Royal Mail, tells us why she decided to spearhead the #MeTooPay campaign. https://***pW #equalPay #Womeninbusiness #Femaleleaders https://***af', 'Obama &amp; Kamala’s inaugurations Trump’s four years in office Police brutality on the young #MeToo movement LGBTQ+ advancements and struggles The play of Jordan The pain of losing Kobe Young activists taking the baton #FlintWaterCrisis Our school The Crack epidemic-80s and 90s', '«@m***v, autora del libro Acoso. #MeToo en la #ciencia española, relata los silencios y temores que envuelven a las mujeres víctimas de violencias sexuales y machistas en ámbitos de la ciencia y la investigación y en espacios masculinizados». https://***Qe', '-']",-,content_C,post
t3836,u0338,2022-03-04 14:40:55+00:00,MeToo,s***y,Hey @T***d @j***s @F***a @J***y @T***d looks like you aren’t the only ones who dismiss sexual violence against victims&amp;throw peanuts at their heads to silence them!White supremacy/patriarchy is the same shit everywhere in policing. Fuck abusers #MeToo https://***pH,"['Hey @T***d @j***s @F***a @J***y @T***d looks like you aren’t the only ones who dismiss sexual violence against victims&amp;throw peanuts at their heads to silence them!White supremacy/patriarchy is the same shit everywhere in policing. Fuck abusers #MeToo https://***pH', '#MeToo: Fälle von sexueller Belästigung erschüttern die #Niederlande – ausgelöst durch die #RTL Show „The Voice of #Holland“. Unter Verdacht stehen auch Politiker und Fußball-Stars wie Marc #Overmars von Tobias Müller https://***eI', 'Bless the Lord, O my soul. Worship His Holy Name. #PraiseHisName #IWillBlessTheLord https://***wA', '-']",-,content_A,post
t2857,u1168,2022-02-15 20:28:07+00:00,MeToo,_***_,#Repost @g***9 ••••••• George Michael - Father Figure (1993) @G***l #iwillbetheonewholovesyou #fatherfigure #faithalbum #georgemichael #georgemichaelthelegend #georgemichaelforever #georgemichaellove #originalsounding https://***BA,"['#Repost @g***9 ••••••• George Michael - Father Figure (1993) @G***l #iwillbetheonewholovesyou #fatherfigure #faithalbum #georgemichael #georgemichaelthelegend #georgemichaelforever #georgemichaellove #originalsounding https://***BA', '@B***t Thank you so much for sharing this important piece of work 📖 #IWillAlwaysBeMe #BBCBreakfast', 'https://***Ac RT-11 #Metooindia #FeminismIsCancer #Feminism #Patriarchy #GenderBiasedLaws #stopfeminism #feminist #fakefeminism #MensLivesMatter #SaveOurSons #InternationalMensDay #toxicfeminism #genderbiased #women #metoo #rape #womenempowerment #WomensRights #female', '-']",-,content_A,post
t3248,u0748,2022-02-21 10:16:06+00:00,MeToo,S***s,-,"['#manchester #dublin #UK #Ireland #Barclays #AIB #Infosys #SpeakUp #justice #Equality #motivationalquotes #tabishshaikh #authorssupportingauthors #authorscommunity #wisdomquotes #writerscommunity #IHaveAVoice #youmakesense', 'Castro is latest higher ed leader to depart amid scandal [Could @u***a Chancellor Henry Yang be next?] #MeToo https://***eu', 'It’s very sad that one of the last things Paul Farmer will be remembered for is signing the atrocious letter of support for sexual abuser John Comaroff. #MeToo @O***d', '-']",tweet_A,-,retweet
t3165,u1849,2022-02-20 02:28:27+00:00,MeToo,r***1,#CorpMedia #Idiocracy #Oligarchs #MegaBanks vs #Union #Occupy #NoDAPL #BLM #SDF #DACA #MeToo #Humanity #DemExit #FeelTheBern Building Communities for a Fascist-Free Future https://***4l The challenge for antifascists today is to build the capacity to act as a ... https://***h4,"['vous connaissez ??? Hommage à Kim Ki-duk https://***dM #Art #cinema #KimKi-duk #metoo #mort #mortdekimki-duk', '#CorpMedia #Idiocracy #Oligarchs #MegaBanks vs #Union #Occupy #NoDAPL #BLM #SDF #DACA #MeToo #Humanity #DemExit #FeelTheBern Building Communities for a Fascist-Free Future https://***4l The challenge for antifascists today is to build the capacity to act as a ... https://***h4', 'Misogyny unites PTI, JUI-F https://***kG ( by @a***9 ) #AuratMarch2022 #Women #MeToo #Rape #Molestation #SexualHarassment #EveTeasing #HonourKilling #JUIF #PTI #Misogyny https://***Zx', '-']",-,content_B,post
t2683,u0424,2022-02-13 04:11:32+00:00,MeToo,S***t,"On The March: A Novel Of The Women’s March On Washington by Trudy Krisher: If you're familiar with the power of #metoo and #shepersisted, you'll understand the power of ON THE MARCH: A NOVEL OF THE WOMEN'S MARCH ON WASHINGTON. A work of Women's Fiction… https://***LT","[""@T***e Let's all remember who started these covid conversations while we're at it. #IwillNotWatch #NoBeijing2022 #BoycottBeijingOlympics #BoycottBeijing2022 #CCPLiedPeopleDied #CCPVirus #FreeUyghurs #FreeTibet #Xinjiang #ccp_is_terrorist #BoycottMadeInChina"", ""On The March: A Novel Of The Women’s March On Washington by Trudy Krisher: If you're familiar with the power of #metoo and #shepersisted, you'll understand the power of ON THE MARCH: A NOVEL OF THE WOMEN'S MARCH ON WASHINGTON. A work of Women's Fiction... https://***LT"", '@i***7 @R***1 #IwillNotWatch #NoBeijing2022 #BoycottBeijingOlympics #BoycottBeijing2022 #CCPLiedPeopleDied #CCPVirus #FreeUyghurs #FreeTibet #Xinjiang #ccp_is_terrorist #BoycottMadeInChina', '-']",-,content_B,post
t3193,u1513,2022-02-20 11:46:18+00:00,MeToo,g***y,"NEW: Four years on from #MeToo, senior MPs (including fomer Leader of the House, Andrea Leadsom) don’t think that the ICGS is delivering the needed culture change to tackle bullying and harassment in Parliament 👇 Me for @T***g https://***SI","[""Now it's a battle between United Punjab &amp; Separatist sympathisers. https://***3U"", 'NEW: Four years on from #MeToo, senior MPs (including fomer Leader of the House, Andrea Leadsom) don’t think that the ICGS is delivering the needed culture change to tackle bullying and harassment in Parliament 👇 Me for @T***g https://***SI', '2017: #MeToo takes off around the world. 2018: #MeTooIndia has a major moment. 2019: MJ Akbar vs Priya Ramani begins. 17 February 2021: Ramani is acquitted. @m***o tells the story. https://***T8', '-']",-,content_B,post
t2075,u0065,2022-01-04 12:37:28+00:00,MeToo,i***e,-,"['Amongst the replies to my tweet, I have received another harrowing story of #sexualassault in #surgery I have been asked to share it by the author &amp; do so with their consent My DMs are filled with many of these experiences We can &amp; must do better #surgery #metoo #medtwitter https://***nX', '#IWillLightACandleToo #من_هم_شمعی_روشن_خواهم_کرد #PS752 #ps752justice برای نیلوفر و سعید 💔💔 https://***Tr', 'بسوی آشیانه باز رفتند. #من_هم_شمعی_روشن_خواهم_کرد #IWillLightACandleToo https://***Kt', '-']",tweet_A,-,retweet
t3172,u1849,2022-02-20 03:45:22+00:00,MeToo,r***1,#CorpMedia #Idiocracy #Oligarchs #MegaBanks vs #Union #Occupy #NoDAPL #BLM #SDF #DACA #MeToo #Humanity #DemExit #FeelTheBern America's political establishment isn't in the least troubled by voters' semi-literate paranoia; they're banking on it... https://***51 https://***42,"['@z***g @A***_ @f***i @M***e @Z***n @m***G #IWillNotWatch #GenocideGames', 'https://***ri RT-11 #Metooindia #FeminismIsCancer #Feminism #Patriarchy #GenderBiasedLaws #stopfeminism #feminist #fakefeminism #MensLivesMatter #SaveOurSons #InternationalMensDay #toxicfeminism #genderbiased #women #metoo #rape #womenempowerment #WomensRights #female', ""#CorpMedia #Idiocracy #Oligarchs #MegaBanks vs #Union #Occupy #NoDAPL #BLM #SDF #DACA #MeToo #Humanity #DemExit #FeelTheBern America's political establishment isn't in the least troubled by voters' semi-literate paranoia; they're banking on it... https://***51 https://***42"", '-']",-,content_C,post
t0305,u0301,2020-01-11 00:23:01+00:00,MeToo,w***t,Pepé Le Pew would've been seriously #MeToo'ed. OMG. The cartoons of my childhood were messed up.,"[""Pepé Le Pew would've been seriously #MeToo'ed. OMG. The cartoons of my childhood were messed up."", ""In the wake of the #MeToo movement, there are a lot of academics starting to study sexual violence for the first time. (Welcome!) I've been doing a lot of peer reviews and I see the same mistakes that mark you as a newcomer. Here's a checklist to avoid the obvious ones:"", 'Nothing makes me feel older than trying to figure out new-fangled electronics whilst wearing my reading glasses. #IWillBeWalkingWithACaneSoon', '-']",-,content_A,post
t2490,u1729,2022-02-08 17:33:05+00:00,MeToo,z***e,-,"['I hate living in a world that places no value on life unless you’re a white male! How many #metoo movements are necessary bf women are valued and believed? How many bf and after this movement? when are these predators accountable? When is the spell broken? Never?! I care 💜', 'How I Forgave the Man Who Sexually Abused Me: https://***vh #healing #trauma #healingtrauma #selfhealing #selflove #selfhelp #Motivational #MeToo #ptsd #recovery #abuse #Forgiveness #grace #love #joy #SpiritualSunday #youtube #Survivor #addiction #addictionrecovery', 'How @R***i, @R***l, @d***e, @M***h, @S***d, @L***C &amp; @D***n crafted a bill to ban forced arbitration for #MeToo sexual harassment &amp; assault that could get through Congress: https://***5h via @1***s', '-']",tweet_C,-,retweet
t2823,u0035,2022-02-15 14:53:32+00:00,MeToo,N***g,"Soutien à la victime. Soutien à toutes les victimes. Vous n’êtes pas seules, on vous croit. #DoublePeine #Metoo #Puissant.e.s","['https://***Ac RT-11 #Metooindia #FeminismIsCancer #Feminism #Patriarchy #GenderBiasedLaws #stopfeminism #feminist #fakefeminism #MensLivesMatter #SaveOurSons #InternationalMensDay #toxicfeminism #genderbiased #women #metoo #rape #womenempowerment #WomensRights #female', 'Soutien à la victime. Soutien à toutes les victimes. Vous n’êtes pas seules, on vous croit. #DoublePeine #Metoo #Puissant.e.s', '#HIghRiskCovid19 #IHaveAPreexistingCondition #Immunosuppressed Protecting the Vulnerable We offer a guide to protecting the elderly, immunocompromised and unvaccinated from Covid. https://***Rl', '-']",tweet_A,content_B,reply
t2988,u2774,2022-02-17 16:06:49+00:00,MeToo,R***d,@W***e Of course sales jumped because your #inflation has driven prices up 15% or more while #shrinkflation means you have to buy more to survive if their is any #emptyshelves #shortage #joebiden #biden #tarareade #metoo #covid19 @p***s @j***n @c***n #cnn,"['#mentoo #ABLANARI #niruparoy #fakecases #womenempowerment #legalterrorism #legalextortion #498A #dowrylawmisuse #Feminism #toxicfeminism #feminazi #metooindia #fraudwatch #blackmail #genderequality #GenderBiasedLaws #crimebywomen #CrimeHasNoGender #MarriageStrike @M***D https://***PO', '@W***e Of course sales jumped because your #inflation has driven prices up 15% or more while #shrinkflation means you have to buy more to survive if their is any #emptyshelves #shortage #joebiden #biden #tarareade #metoo #covid19 @p***s @j***n @c***n #cnn', 'How can you, as a professional, harness the effect of the benefits in your life? #Question #IHaveAQuestion #Harness #IronSharpensIronMastermind #ISIMastermind #IronSharpensIron #AaronWalkerandtheVFTTTeam #ViewFromTheTop', '-']",tweet_A,content_B,reply
t2607,u2536,2022-02-10 18:58:15+00:00,MeToo,M***4,"The U.S. Senate delivered a major legislative victory for the #MeToo movement, clearing a House-passed bill to guarantee that victims of workplace sexual harassment or assault are free to pursue lawsuits in court https://***VF via @b***y","['The U.S. Senate delivered a major legislative victory for the #MeToo movement, clearing a House-passed bill to guarantee that victims of workplace sexual harassment or assault are free to pursue lawsuits in court https://***VF via @b***y', 'Journalist Gretchen Carlson says her decision to call out Fox News and one of the most powerful men in broadcasting for sexual harassment was one of the scariest moments of her life.', '#Apple #AppleToo #MeToo #EmploymentLaw #EmploymentLaws #WomenInTech #TechIndustry #BigTech #FAANG #MANGA #GAFAM #GAMMA https://***UN', '-']",-,content_A,post
t2180,u2363,2022-01-19 15:30:00+00:00,MeToo,K***y,Explore ways you can positively intervene with our online 'Consent Matters' course today. Course Link: https://***5. #me #timesup #consentmatters @k***u @K***n https://***fO,"['Good Morning #MondayMorning #Breakfast #Coffee #MartinLutherKing #MartinLutherKingJrDay #MLKDay #IHaveADream #Unity https://***NW', ""Rahul didn't blink an eye when he appointed Channi, a molestation and #MeToo accused, as CM of Punjab! His political dramas are now puke-worthy 🤮 https://***Fe"", ""Explore ways you can positively intervene with our online 'Consent Matters' course today. Course Link: https://***5. #me #timesup #consentmatters @k***u @K***n https://***fO"", '-']",-,content_C,post
t1674,u0487,2021-03-12 13:06:54+00:00,MeToo,s***t,Every woman I know has a story like this. Some of us have more than one. #BelieveWomen https://***fx,"['Every woman I know has a story like this. Some of us have more than one. #BelieveWomen https://***fx', '@l***a @f***n Deberia ser el #MeTooPolitic', '@s***e @n***l @C***P मैंने तो सुना था कि आत्महत्या एक अपराध है , लेकिन सम्बल पुलिस एक वीडियो के आधार पर ब्लैकमेल की परंपरा को आगे बढ़ा रही है । महिलावादी सोच से ग्रसित #MetooSambhalPolice @U***e @d***p #Scrap498A #FakeCases @D***O', '-']",-,content_A,post
t3087,u1849,2022-02-19 02:04:16+00:00,MeToo,r***1,#CorpMedia #Idiocracy #Oligarchs #MegaBanks vs #Union #Occupy #NoDAPL #BLM #SDF #DACA #MeToo #Humanity #DemExit #FeelTheBern Why should St. Vincent nurses believe Carolyn Jackson's empty promises? https://***4j I was in high school when Al Wilson’s 1968 R&amp;B song ... https://***gg,"[""#CorpMedia #Idiocracy #Oligarchs #MegaBanks vs #Union #Occupy #NoDAPL #BLM #SDF #DACA #MeToo #Humanity #DemExit #FeelTheBern Why should St. Vincent nurses believe Carolyn Jackson's empty promises? https://***4j I was in high school when Al Wilson’s 1968 R&amp;B song ... https://***gg"", 'Support: #freepengshuai #hollywood #cnn #metoo #Oscars2022 #oscars #OscarsFanFavorite #OscarsNoms #kristenstewart #bradleycooper #tomhanks #TomCruise #angelinajolie https://***EB', '#Στηριζω_το_παιδι_Καρπαθο #metoo #metoogr #revengeporn', '-']",-,content_A,post
t3594,u1634,2022-02-28 03:10:26+00:00,MeToo,p***n,Author who survived child abuse teaches her experience to help others. #superheroalert #metoo @L***7 &lt;3 https://***8X,"['Russia makes failed attempt to shut down prominent #LGBTQ rights group https://***lB via @n***s #Florida #HRC #DEI #HumanCapital #ESG #GAY #Justice #EqualProtection #Liberty #HumanRights #BLM #MeToo', 'Along with her work as a physicist, professor, and author, Chanda Prescod-Weinstein (@I***I) is an advocate for advancing diversity in science. More about her impact and work with theoretical cosmology: https://***O8 #BlackHistoryMonth https://***1d', 'Author who survived child abuse teaches her experience to help others. #superheroalert #metoo @L***7 &lt;3 https://***8X', '-']",-,content_C,post
t2447,u2279,2022-02-07 23:07:29+00:00,MeToo,a***r,"@E***n Right, “invest”! 😅 Was that wordplay again? Hahah, you’re good! #IWillStealThis","[""Is your church a 'good idea'? https://***zl #destruction #empath #affirming #cyclebreakers #exvangelical #churchtoo #beliefs #faith #christian #trauma #mentalhealth #healing #selflove #growth #lgbtq #christians #gay #trans #church #lgbt #queer... https://***QY"", '@E***n Right, “invest”! 😅 Was that wordplay again? Hahah, you’re good! #IWillStealThis', '47% of #Canadians across #Canada say they will make a conscious effort to refrain from watching #BeijingWinterOlympics — up 2points from a similar survey conducted in December 2021. #BoycottBeijingOlympics #IWillNotWatch #GenocideGames #China https://***cy https://***aJ', '-']",tweet_B,content_B,reply
t2706,u3066,2022-02-13 18:37:39+00:00,MeToo,K***A,-,"['The more stories we have about standing up for ourselves the more we can help each other #NotMe #MeToo #Weinstein #entrepreneur https://***hC', 'Reminder : James Franco #Hollywood #video #BehindTheScenes #metoo #actress #workplace #view #director #trust #industry #drama #Throwback #entertainment #castingcall #Filmmaker #media #repost #interview #JamesFranco #sad https://***vt', '#emotionalabuse #abuse #narcissisticabuse #survivor #gaslighting #toxicrelationships #ptsd #healing #selflove #mentalhealth #love #trauma #sociopath #womenempowerment #narcissisticabusesurvivor #psychologicalabuse #traumabonding #metoo #manipulation #abusiverelationship #bhfyp https://***CV', '-']",tweet_A,-,retweet
t2161,u2363,2022-01-17 16:00:00+00:00,MeToo,K***y,Make a positive impact by taking our free online Consent Matters training today. Link for course in bio. #me #timesup #consentmatters @k***u @K***n https://***6e,"['Today, we honor the legacy and dream of Martin Luther King Jr. of achieving equal civil rights for all members of our communities by reaffirming our commitment to continue working towards a more fair, transformative and just system. #MLK #IHaveADream #MLKDay #MartinLutherKing https://***fR', 'Make a positive impact by taking our free online Consent Matters training today. Link for course in bio. #me #timesup #consentmatters @k***u @K***n https://***6e', 'Αν σε βιάσουν τρεις φραγκατοι δεξιοί σε ξενοδοχείο της Θεσσαλονίκης τα ήθελε ο κωλος σου, αν σε βιάσουν τρεις Πακιστανοί στον Άγιο Παντελεήμονα γαμιούνται οι λάθρο! Αυτοί είστε ! #metooGR #MeToo', '-']",-,content_B,post
t3020,u1849,2022-02-18 01:08:14+00:00,MeToo,r***1,#CorpMedia #Idiocracy #Oligarchs #MegaBanks vs #Union #Occupy #NoDAPL #BLM #SDF #DACA #MeToo #Humanity #DemExit #FeelTheBern America's political establishment isn't in the least troubled by voters' semi-literate paranoia; they're banking on it... https://***51 https://***fv,"[""#CorpMedia #Idiocracy #Oligarchs #MegaBanks vs #Union #Occupy #NoDAPL #BLM #SDF #DACA #MeToo #Humanity #DemExit #FeelTheBern America's political establishment isn't in the least troubled by voters' semi-literate paranoia; they're banking on it... https://***51 https://***fv"", 'Let us pray please. Ernest Agbada online, where the truth is reported in bullet points. #privatisation #PublicRelations #Politics #World #Ihaveadream #Slavery #ICO #HMRC #mertoncouncil #LabourParty #jounalist #Merton #Africa #NDC #AgbadaHonfii https://***31', '@M***3 &lt;--? @T***r #Seriously #TimsTwitterListeningParty #TimeBomb #TimnasIndonesia #TIMETOTWICE #timeprincess #timelapse #TimesUp #Italktothedead #iseenodifference #Iseedeadpeople https://***p6', '-']",-,content_A,post
t3192,u0177,2022-02-20 11:42:19+00:00,MeToo,F***n,The case confused many. Was Akbar going to be jailed? Why was Ramani struggling to prove that there was truth in her allegations? It had completely flipped the conversation from #MeToo. Now Akbar was the 'aggrieved party' and Ramani the wrongdoer.,"[""The case confused many. Was Akbar going to be jailed? Why was Ramani struggling to prove that there was truth in her allegations? It had completely flipped the conversation from #MeToo. Now Akbar was the 'aggrieved party' and Ramani the wrongdoer."", 'I’m writing like every word is brilliant #IAmWriting #IHaveDeadlines #AlmostThere https://***iJ', 'Where are the boundaries, the actual boundaries? When do we determine, enough is enough? https://***tb #enoughisenough #timesup https://***La', '-']",tweet_A,content_A,reply
t3238,u0126,2022-02-21 05:47:46+00:00,MeToo,D***y,"The essay is now at 6863, and I was supposed to be at 3500, and I still have one section to go.... #IAmWriting #IHaveDeadlines","['The essay is now at 6863, and I was supposed to be at 3500, and I still have one section to go.... #IAmWriting #IHaveDeadlines', ""@s***c Punjab CM #Channi's History of Harassment &amp; Rebellion: What is the #MeToo Case? #MeToo #MeTooIndia #CongressMuktBharat #Punjab #PunjabElections #PunjabElections2022 https://***Qq"", 'Thx 🇨🇦Olympians for reclaiming our 🇨🇦flags and flying them with joy &amp; fun! #GoCanadaGo 💞🇨🇦💞 P.S. #FreePengShuai #MeToo #WhereIsPengShuai #Olympia2022 Shame on #IOC #China https://***4G', '-']",-,content_A,post
t3840,u2688,2022-03-04 16:05:58+00:00,MeToo,N***s,"Kochi #MeToo case | Determined to bring Sujeesh, the tattoo artist accused of sexual harassment to justice, four survivors file police complaint. Kochi police launch manhunt for the owner of #InkfectedTattooStudio, reports @j***a https://***f4","['Kochi #MeToo case | Determined to bring Sujeesh, the tattoo artist accused of sexual harassment to justice, four survivors file police complaint. Kochi police launch manhunt for the owner of #InkfectedTattooStudio, reports @j***a https://***f4', 'I have been adjunct faculty at @C***i for 7 years. I LOVE teaching there, my colleagues, and my students. One of my colleagues, in a tremendous act of bravery, came forward with her #MeToo story. In doing so, created space for some of our students to', 'Forced arbitration clauses are the still-silenced part of the #MeToo movement, denying survivors their day in court and shielding abusers in the shadows. Today, when @P***S Biden signs @R***i’s Ending Forced Arbitration Act, we will make sure survivors’ voices can be heard. https://***hL', '-']",tweet_C,content_A,reply
t3489,u3174,2022-02-25 16:46:20+00:00,MeToo,u***s,"Students in #Pakistan demonstrate for restoration of student unions banned for 38 years, after Sindh province became the first to reinstate them this month, Ameen Amjad Khan reports https://***Ua #studentunions #unions #metoo #radicalisation","['Why Go To Gym When You Can Bring The Gym Home..! Check This Out : https://***tE #fitness #gym #workout #fitnessmotivation #100daysofcode #metoo #motivation #fit #linux #bodybuilding #love #training #health #lifestyle #instagood #fitfam #healthylifestyle #sport #inst... https://***wm', 'Students in #Pakistan demonstrate for restoration of student unions banned for 38 years, after Sindh province became the first to reinstate them this month, Ameen Amjad Khan reports https://***Ua #studentunions #unions #metoo #radicalisation', 'EES celebrated Twos-Day with all things “T”. I thought it was the perfect excuse to rock a tiara 👸. Students did an awesome job with so many creative outfits. #ihaveaToddler #eespanthers #22222Day #T https://***M3', '-']",-,content_B,post
t2193,u1393,2022-01-21 06:07:19+00:00,MeToo,A***k,this is her actual moment and @P***n absolutely nails it. people will be helped from this. #MeToo https://***b8,"['this is her actual moment and @P***n absolutely nails it. people will be helped from this. #MeToo https://***b8', 'Φτωχιά κακοποίησε σεξoυαλικά ζάπλουτους επειδή είναι κακιά | πιτσιρίκος https://***EB #με_την_Γεωργια #metooGR', '.@c***r regrets helping @C***I resolve the #metoo complaint against him. Says, “@C***I had fallen on my feet and pledged loyalty to me for life. Now he has changed colours and is claiming he had been trying to dislodge me for the past two years!”. https://***RS', '-']",-,content_A,post
t2689,u0782,2022-02-13 05:01:44+00:00,MeToo,J***2,It's a lesson to me. The Deltas and the East and the Freeze. The ABC's we all think of and try to keep a little love. #IWillGetBy #IWillSurvive #WeWillGetBy #WeWillSurvive https://***xV,"['Type ""I am happy"" 😊 👉🏽 Follow @g***p for daily affirmations #yuludaily #dailyaffirmations #today #goodthings #Iwillprovemyself #iammotivated #iamstrong #findingmotivation #spreadjoyandhappiness #strongertoday #warmsmile #powerfulwords #powerfulaffirmations https://***HT', ""It's a lesson to me. The Deltas and the East and the Freeze. The ABC's we all think of and try to keep a little love. #IWillGetBy #IWillSurvive #WeWillGetBy #WeWillSurvive https://***xV"", 'https://***xJ RT-11 #Metooindia #FeminismIsCancer #Feminism #Patriarchy #GenderBiasedLaws #stopfeminism #feminist #fakefeminism #MensLivesMatter #SaveOurSons #InternationalMensDay #toxicfeminism #genderbiased #women #metoo #rape #womenempowerment #WomensRights #female', '-']",-,content_B,post
t2364,u2557,2022-02-03 18:39:43+00:00,MeToo,f***g,Free Tibet and other human rights groups are here at Piccadilly Circus in London to protest against the CCP’s terrible human rights record on the eve of the #Beijing2022 opening ceremony. #IWillNotWatch https://***qo,"['Jeff Zucker just announced his resignation to a stunned CNN. https://***0d', '#domesticviolence #domesticabuse #domesticviolenceawareness #emotionalabuse #narcissisticabuse #narcissist #survivor #gaslighting #toxicrelationships #ptsd #healing #selflove #mentalhealth #womenempowerment #narcissism #psychologicalabuse #metoo #abusiverelationship https://***99', 'Free Tibet and other human rights groups are here at Piccadilly Circus in London to protest against the CCP’s terrible human rights record on the eve of the #Beijing2022 opening ceremony. #IWillNotWatch https://***qo', '-']",-,content_C,post
t2349,u1714,2022-02-02 20:50:14+00:00,MeToo,s***i,"“He is a rapist but he’s also a proven goal scorer”. I cannot express the rage this causes. It’s been a hard week for women, insult to injury. Stop the enraging falsehood that accusation (or even committing rape) destroys a man’s life. It destroys women. #MeToo","['“He is a rapist but he’s also a proven goal scorer”. I cannot express the rage this causes. It’s been a hard week for women, insult to injury. Stop the enraging falsehood that accusation (or even committing rape) destroys a man’s life. It destroys women. #MeToo', '""The #MeToo movement revealed how NDAs enable and perpetuate misconduct at work, prompting public outrage and support for legislative action...researchers estimate that between 33% and 57% of U.S. workers are constrained by an NDA or similar mechanism."" https://***lE', 'Absolutely terrifying. There’s a large Jewish community in Florida, they’re not safe. Not with hate running around freely. Hey @T***r @P***y let’s stop giving Nazis a free platform to inspire each other to hate and hurt. #TimesUpTwitter https://***rF', '-']",-,content_A,post
t0298,u2458,2019-06-21 01:22:19+00:00,MeToo,A***s,Who’s coming to this session tomorrow morning?? #NoMeansNo: How to Stop #harassment and #bullying 830-1030 am. #MeToo #FreeBreakfast https://***hX,"[""Happening NOW: Alphabet's Annual Meeting of Stockholders Google employees are joining shareholders to call for policy changes. Background↓ *https://***KI *https://***yd #WorkerVoice #GoogleWalkout #EndForcedArbitration $GOOGL $GOOG https://***gl"", 'Who’s coming to this session tomorrow morning?? #NoMeansNo: How to Stop #harassment and #bullying 830-1030 am. #MeToo #FreeBreakfast https://***hX', '@C***U Thank you for your support. #ihaveyourback #worktogether', '-']",-,content_B,post
t3768,u1201,2022-03-03 10:22:00+00:00,MeToo,s***e,-,"['Students in #Pakistan demonstrate to restore student unions banned for 38 years, after Sindh province became the first to reinstate them this month - Ameen Amjad Khan reports #studentunions #unions #metoo https://***RZ', 'Police unions are modern day pimps. Posting a pic of a gun from god knows where meanwhile Women are being sexually assaulted,being gagged &amp; disposed of and you bastards don’t say shit! You vile fks are complicit in systemic sexual violence against Women. Fuck patriarchy #MeToo https://***9J', '@P***t @F***s @W***s #metoo', '-']",tweet_B,-,retweet
t2562,u2850,2022-02-10 07:47:08+00:00,MeToo,h***n,"After #MeToo, the female factor shakes up France’s presidential race https://***aN","['#keeptrying #yourbodyisyourtemple #onlyone #putinthework #educateyourself #fitnessqt #activeqt #workoutqt #qthealthythighs #qthealtheyes #stayactive #behealthy #dedication #empowerment #discipline #commitment #determination #iwill #youcandoit #underarmour #protectthishouse https://***i4', ""For the #harvard38 Seeing all the looks on the Harvard faces I know it's true https://***9J"", 'After #MeToo, the female factor shakes up France’s presidential race https://***aN', '-']",-,content_C,post
t1918,u1207,2021-11-08 02:45:50+00:00,MeToo,C***g,-,"['TY @e***a for exposing the #beautymyth when sexuality is commercialized, power can be taken. Women in #leadership roles can #flipthescript @G***M #ourchildrenarewatching this mass #dehumanization #MeToo ends when we value character/talent &amp; professionalism RT #BuyingMyselfBack https://***Ug', ""Ronan Farrow Wins IDA's Truth to Power Award for 'Catch and Kill: The Podcast Tapes' ⚖️ @R***w #MeToo https://***FR"", ""@C***g issue 4 is out! Featuring Journalist @a***2 exploring how the anonymous internet is allowing women to share stories of misogyny, harassment and assault, and to drive forward Pakistan's #MeToo reckoning https://***t7"", '-']",tweet_C,-,retweet
t3561,u2545,2022-02-27 06:15:21+00:00,MeToo,C***A,"They fight for #Freedom &amp; their #HumanRights to be respected. An ask of humanity, decency, respect &amp; what is rightfully theirs. I stand with you. I will see your freedom in my lifetime. That is my promise to my Saharawi children. And it will happen. #iWillTellYourStory 🕯✊🏾🇪🇭❤","['How did President Biden respond to Russia’s invasion of Ukraine? On today’s CNN Political Briefing, @C***a breaks down his speech and political standing. Listen now. https://***bC https://***pA', 'Quite interesting how that works..... #lifelibertyandthepursuitofhappiness #conservativethinker #conservative #christianconservative #criticalthinker #climatechange #christian #bible #christianpodcast #wevegotacountrytosave #america #turningpointusa #iwillnotcomply #commu...', 'They fight for #Freedom &amp; their #HumanRights to be respected. An ask of humanity, decency, respect &amp; what is rightfully theirs. I stand with you. I will see your freedom in my lifetime. That is my promise to my Saharawi children. And it will happen. #iWillTellYourStory 🕯✊🏾🇪🇭❤', '-']",tweet_C,content_C,reply
t1658,u1487,2021-03-04 13:32:00+00:00,MeToo,P***e,Join us virtually on all our media platforms for the March Special Holy Ghost Service starting today. Don’t miss any session. It promises to be a great time in God’s presence. God is set to bless you abundantly as you lift up your eyes to Him. #IWillLiftUpMyEyes #GodBlessYou3 https://***kc,"['Protester Grandma Wong, aged 64 with grey hair &amp; British flag, presence in 3 consecutive days of the 47 pro-democracy activists’ bail hearings. #IHaveADream that one day the #HongKong nation will rise up &amp; live out the true meaning of its creed. Let freedom ring from Hong Kong. https://***6O', 'I stand with all survivors of sexual harassment and sexual abuse, and the resulting shame, fear, denial (from the abuser, if you choose to report), retaliation, isolation, punishment, gaslighting, stigma, anxiety, and depression. I know our pain. #MeToo #WomensHistoryMonth', 'Join us virtually on all our media platforms for the March Special Holy Ghost Service starting today. Don’t miss any session. It promises to be a great time in God’s presence. God is set to bless you abundantly as you lift up your eyes to Him. #IWillLiftUpMyEyes #GodBlessYou3 https://***kc', '-']",-,content_C,post
t1070,u1003,2020-09-20 18:25:10+00:00,MeToo,R***e,-,"['Another civil rights leader leaves us this year, RBG. Ruth paved the way for women and made us proud, serving as the 2nd woman chosen to sit on the Supreme Court. Her legacy of advocating for women, will never be forgotten. #rip #RuthBaderGinsberg #metoo #genderequity https://***8V', '. #AnuragKashyap is known womanizer and has cheated all his partners. #MeToo', ""Not only #AnuragKashyap is a chαrsi, but he is also a sεxual predαtor. And, now I'm waiting for the liberal gαng to come out in HIS support instead of the victιm Payal Ghosh. Taapsee Already On Grounds With Her hypocrisy &amp; Maybe Jaya Ji Preparing New Script to Defend him #MeToo"", '-']",tweet_B,-,retweet
t1823,u1942,2021-09-03 08:00:02+00:00,MeToo,V***n,Are you looking for funding for youth-led social action projects in the North East of England? Our fund is open and we look forward to hearing from you! https://***3n #iwill #iwillTakeAction https://***FT,"['Are you looking for funding for youth-led social action projects in the North East of England? Our fund is open and we look forward to hearing from you! https://***3n #iwill #iwillTakeAction https://***FT', 'Happy to finally give you this piece. #IWillAlwaysHaveMeVideo OUT NOW https://***Si https://***3x', 'So today a lifelong dream and bucket list item came true, I got to pull the fire alarm at school! Thanks to Jaxon Grover for allowing me this opportunity. #DreamsDoComeTrue #IHaveAlwaysWantedToDoThis #FireDrillCheck https://***6W', '-']",-,content_A,post
t2611,u3116,2022-02-10 19:39:19+00:00,MeToo,M***T,❤️‍🔥 Join us TOMORROW for a late lunch chat with @j***m + some folks from the #MeToo team on how survivors can use self-pleasure as a tool for healing. Set a reminder today + reminder and gear up for your chance to win a little something something 😉😍 #valentinesday https://***6I,"['This sums up the #harvardletter', '❤️🔥 Join us TOMORROW for a late lunch chat with @j***m + some folks from the #MeToo team on how survivors can use self-pleasure as a tool for healing. Set a reminder today + reminder and gear up for your chance to win a little something something 😉😍 #valentinesday https://***6I', 'It\'s sad that this still needs to be said, but things that *do not* prove that someone is not a harasser include: ""They\'re a great scientist"" ""They are a really nice person"" ""They\'ve never done that to me"" #BelieveSurvivors', '-']",-,content_B,post
t2859,u0755,2022-02-15 21:01:17+00:00,MeToo,V***e,"What happens when a woman, against all odds, stands up and makes her voice heard and respected? The world changes. #victimofdefense #womenempowerment #womensupportingwomen #Metoo https://***xC https://***bk","['📷 Happy Valentine’s Day, to all of our #StonerFam #valentines #happyvalentinesday #valetinesday #cannabiscommunity #stonernation #high #hightimes #weedstagram #fueledbythc #iwillmarrymary #wfayo #holidays #stonergirl #thatsdope... https://***w4', 'What happens when a woman, against all odds, stands up and makes her voice heard and respected? The world changes. #victimofdefense #womenempowerment #womensupportingwomen #Metoo https://***xC https://***bk', ""I spoke to NPR's @h***w @C***e about #PengShuai and China's #MeToo movement @e***6 https://***Wt"", '-']",-,content_B,post
t3291,u0179,2022-02-22 00:10:18+00:00,MeToo,S***r,What are your thoughts on this picture? #SouthPark #Avatar #Generator #Torso #Underwear #HeadLine #Shoes #Armlines #Main #Trim #Lines #Notint #Tint #Head #Eyes #Front #Notint #TweeksFidgetSpinner #IHaveNoIdeaWhatsGoi https://***1m,"['The frontman of Noori, Ali Noor has been called out for sexual harassment by a journalist. Ali addressed the accusations on Instagram. https://***V8 #AliNoor #Noori #MeToo #SexualHarassment #Journalist', 'What are your thoughts on this picture? #SouthPark #Avatar #Generator #Torso #Underwear #HeadLine #Shoes #Armlines #Main #Trim #Lines #Notint #Tint #Head #Eyes #Front #Notint #TweeksFidgetSpinner #IHaveNoIdeaWhatsGoi https://***1m', 'Le #MeTooPolitique accentue sa pression sur les partis – par @M***n https://***rG', '-']",-,content_B,post
t3691,u1451,2022-03-02 08:12:05+00:00,MeToo,c***p,"Suppose you have all the numbers, but the only thing you know how to do with them is m(x, y, z) = min(x+y, x+z, y+z) Given any x and y, can you produce x+y using only m? #IHaveAnAnswer","['🏳️⚧️they 🔮 \u2066@M***i\u2069 🚖 \u2066@a***s\u2069 🇺🇸 \u2066@r***e\u2069 😵💫 \u2066@V***P\u2069 🏖 \u2066@V***K\u2069 🛶 \u2066@b***s\u2069 ⛵️\u2066@L***8\u2069 🚁 #metoo 🚂\u2066@C***d\u2069 🚍 \u2066@n***s\u2069 🏍 \u2066@W***a\u2069 https://***lk', 'Suppose you have all the numbers, but the only thing you know how to do with them is m(x, y, z) = min(x+y, x+z, y+z) Given any x and y, can you produce x+y using only m? #IHaveAnAnswer', '@k***0 @n***u εκανες μια ηλίθια σεξιστική ερωτηση αντίστοιχη των πολιτικών σου θέσεων οι οποιες προφανέστατα ειναι απέναντι στο #metooGR Ουστ κορμάδι https://***sF', '-']",-,content_B,post
t2630,u0984,2022-02-11 08:21:23+00:00,MeToo,n***n,"There are real examples of #MeToo overreach. But the reaction by top Harvard professors to accusations against a colleague shows that the deck is still very much stacked against those challenging powerful men, writes @m***n. https://***d3","['There are real examples of #MeToo overreach. But the reaction by top Harvard professors to accusations against a colleague shows that the deck is still very much stacked against those challenging powerful men, writes @m***n. https://***d3', ""I've pasted it in a googledoc (the original is paywalled). Everyone who signed this pro-harassment, retaliatory letter can and should retract their support. To date, two people have withdrawn and that's it. https://***RY #MeToo #highereducation #Harvard #Comaroff"", '1. New Poster dedicates to the Chamiopns of Genocide Olympics like Eileen Gu! More design coming soon! download &amp; share all posters to join the fight:https://***CV Support my #NFT project https://***TB 新海报送给墙国冠军 #谷爱凌 #BoycottBeijing2022 https://***UB', '-']",-,content_A,post
t3604,u2621,2022-02-28 09:11:10+00:00,MeToo,U***n,"Hoe realiseer je een sociaal veilige werkomgeving? Welk #leiderschap en cultuur is daarvoor nodig? Meld je aan voor het gratis webinar op 1 mrt @L***i Sandra Groeneveld, hoogleraar Publiek Management. #veiligwerken #metoo https://***on https://***pp","['Fälle von sexueller Belästigung erschüttern die #Niederlande. Ein neuerlicher #metoo Skandal ausgelöst durch die #RTL Show „The Voice of Holland“. Unter Verdacht stehen auch Politiker und Fußball-Stars wie Marc #Overmars von Tobias Müller https://***eI', '#F1 #FIA #skyF1 #espn #BBCSport #cnni #eu @a***1 #redbullracing #ROLEX #HP #Honda #TAGHeuer #Siemens #metoo #Oracle #pumamotorsport #istandwithlewis #netflix #whiteprivilege #whitewashing @w***l #ReleaseTheFIAreport #VoidLap58 #misogyny #warwickOUT https://***pC', 'Hoe realiseer je een sociaal veilige werkomgeving? Welk #leiderschap en cultuur is daarvoor nodig? Meld je aan voor het gratis webinar op 1 mrt @L***i Sandra Groeneveld, hoogleraar Publiek Management. #veiligwerken #metoo https://***on https://***pp', '-']",-,content_C,post
t3278,u1520,2022-02-21 19:00:20+00:00,MeToo,f***t,Dileep Plea Against Further Probe In Actress Assault Case: Kerala High Court Agrees To Hear Victim #dileep #actressassaultcase #metoo #malayalamcinema https://***DW,"['Years after an explosion of accusations centered on the media industry, the #MeToo movement has not had any lasting effects in Sri Lanka. https://***r1', 'Dileep Plea Against Further Probe In Actress Assault Case: Kerala High Court Agrees To Hear Victim #dileep #actressassaultcase #metoo #malayalamcinema https://***DW', 'Angry mother burns son with hot oven! #MRA #MGTOW #Feminism #redpill #hookup #mensrights #dating #divorce #singlemother #metoo #timesup #killallmen #single #Misandry #thefutureisfemale #childabuse #independantwoman #MenAreGrossBecause #careerwoman #toxicmasculinity #abortion https://***Xe', '-']",-,content_B,post
t2227,u1830,2022-01-24 11:24:41+00:00,MeToo,k***y,"I'm Katie. I'm 38, a physician, and I have severe asthma, which puts me at an increased risk from covid. #iHaveAPreexistingCondition. Does the face of #chronicillness look different than you thought? https://***7P https://***Ka","['@M***6 Would after she goes all #MeToo on you be a good time?', 'Just in case anybody was wondering........ Please listen to Mother Jenkins convey the sentiments of my heart. 😇 BLOCKING IS WHAT I DO WHEN I WANT TO GET RID OF YOU 🎵🎵🎵🤣😂🤣😂 #IWillBlockYou #IntheNameoftheBlock #TooOldToBeArguingWith #IAINTGOINGBACKANDFORTHWITHYALL https://***xw', ""I'm Katie. I'm 38, a physician, and I have severe asthma, which puts me at an increased risk from covid. #iHaveAPreexistingCondition. Does the face of #chronicillness look different than you thought? https://***7P https://***Ka"", '-']",-,content_C,post
t2157,u2534,2022-01-17 14:20:02+00:00,MeToo,N***g,"Today we celebrate the incredible life and legacy of Dr. Martin Luther King Jr. and we reaffirm our belief that #AgingWell is a right, not a privilege. Our fight for equitable aging is one day a time, one step at a time, but most importantly, done together. #MLK #IHaveADream #BLM https://***TU","['#MLK #IHaveADream #MLKDay2022 https://***OO', 'Today we celebrate the incredible life and legacy of Dr. Martin Luther King Jr. and we reaffirm our belief that #AgingWell is a right, not a privilege. Our fight for equitable aging is one day a time, one step at a time, but most importantly, done together. #MLK #IHaveADream #BLM https://***TU', 'On this day we honor the life and legacy of Dr. Martin Luther King Jr. His dream is still alive and as relevant today as ever. #MLK #Ihaveadream #CivilRights #Equality #Justice #MLKday2022 https://***XX', '-']",-,content_B,post
t2007,u3008,2021-12-10 00:48:33+00:00,MeToo,w***m,I had field seasons on BCI @s***a 2008-2010 and overlapped with several of these women. Nothing in this article surprised me. I sincerely thank these amazing women for their bravery in bringing this 'open secret' front and center. #GenderEquity #BelieveSurvivors https://***Pw,"['« Un collectif agrégeant les mouvements nés au sein de différentes professions demande aux candidat·e·s à l’élection présidentielle d’entendre les victimes de harcèlement et de violences sexuelles et d’agir ». #MeToo \u2066@l***e\u2069 https://***hO', '4) Had China’s #MeToo movement not already seen such repression, the situation might well have resolved itself with an investigation, however the disappearance of outspoken survivors of sexual assault is not unheard of in China, particularly when high profile men are involved.', ""I had field seasons on BCI @s***a 2008-2010 and overlapped with several of these women. Nothing in this article surprised me. I sincerely thank these amazing women for their bravery in bringing this 'open secret' front and center. #GenderEquity #BelieveSurvivors https://***Pw"", '-']",-,content_C,post
t0063,u0588,2018-08-30 12:02:08+00:00,MeToo,r***g,-,"[""Amazing 5 star book alert! Cosette's Tribe is a stirring tale of courage and resilience. @s***7 #MeToo https://***2X #Trending #GreatBooks"", ""@r***y I agreee with Roxane that too often we're more concerned about the predator than the prey, worried the #metoo movement has gone too far and expecting victims to be responsible for the victimizer's redemption."", ""Amazing 5 star book alert! Cosette's Tribe is a stirring tale of courage and resilience. @s***7 #MeToo https://***QI #Trending #GreatBooks"", '-']",tweet_A,-,retweet
t1787,u0077,2021-07-14 21:12:13+00:00,MeToo,C***s,So proud of my collaborator &amp; former lab manager @J***k for leading this work on men’s perceptions of victimization in response to #metoo https://***jN,"['This needed my edits. This is me. #TimesUp #allychallenge #diversity #allyship #DEI #beanally https://***kW', 'Congratulations to my friend @m***e on her new book AWAKENING! It chronicles the #metoo movement around the globe, and shares the stories of incredible women fighting for human rights and equality. https://***4Z', 'So proud of my collaborator &amp; former lab manager @J***k for leading this work on men’s perceptions of victimization in response to #metoo https://***jN', '-']",-,content_C,post
t2848,u0940,2022-02-15 18:13:40+00:00,MeToo,m***r,How did a famous #dinosaur hunter end up enabling a sexual abuser to pursue his career and obtain access to vulnerable victims as a result? The case of Philip Currie and Aaron van der Reest. #MeToo #paleontology ⁦@U***a⁩ ⁦@u***k⁩ https://***r9,"[""On The March: A Novel Of The Women’s March On Washington by Trudy Krisher: If you're familiar with the power of #metoo and #shepersisted, you'll understand the power of ON THE MARCH: A NOVEL OF THE WOMEN'S MARCH ON WASHINGTON. A work of Women's Fiction... https://***LT"", 'How did a famous #dinosaur hunter end up enabling a sexual abuser to pursue his career and obtain access to vulnerable victims as a result? The case of Philip Currie and Aaron van der Reest. #MeToo #paleontology \u2066@U***a\u2069 \u2066@u***k\u2069 https://***r9', '@d***0 @T***_ #metoo finishing 4th means xxxx all to me rather win the #leaguecup or whatever it’s called this week and definitely the #facup over 4th in the #premierleague every day of the week', '-']",-,content_B,post
t2960,u1287,2022-02-17 07:45:25+00:00,MeToo,t***t,Booster allemaal nog maar lekker door ik ga genieten van de show als genetisch gemodificeerde ongewenst homo kind #metoobaby tegen baby sniff explosie porno ECHT nu ga ik bijna 43 genieten van 3M Zwijndrecht PFOS PFAS PEDOFIEL WATER in de Schelde en #belgistan en #hollandistan https://***aO,"['How much do you know about the habits of the people in your life? #Question #Ihaveaquestion #TrustedMen #TrustedGroup #SupportGroup #Influence #Power #Factor #Community #IronSharpensIronMastermind #ISIMastermind #IronSharpensIron #AaronWalkerandtheVFTTTeam #ViewFromTheTop', '🌕💞🌹✨💞💚💞✨💛💕.#WSLM 💞✨🌿📺🍃🎴💞🌿#LOVE🌹🌿💞✨🎶❤🙏🌹💃🌿💚#EveryDayPeople2022💙🌿🏃🌹✌❤🎶✨🍃...❤💰#MoneyMatters...✌...✨🍃💰✨💞🌿💛🌿💞✨💕💸...🌹💞🎶💛📻 #IHaveSpoken🎴💜🎶💞...#B4✨💞💙🎓😊💚🎩💞✨📺✨👀🎶🌿✨💸 https://***yw', 'Booster allemaal nog maar lekker door ik ga genieten van de show als genetisch gemodificeerde ongewenst homo kind #metoobaby tegen baby sniff explosie porno ECHT nu ga ik bijna 43 genieten van 3M Zwijndrecht PFOS PFAS PEDOFIEL WATER in de Schelde en #belgistan en #hollandistan https://***aO', '-']",-,content_C,post
t0739,u2146,2020-09-01 22:51:24+00:00,MeToo,C***n,"I have by no means figured it all out yet, but I definitely learned a lesson or two on the way, and I’m ready to share in my book “#IHaveSomethingToTellYou”. Order now at https://***BS https://***yO","[""After the pregnant lady was escorted to the ambulance, a bunch of #HKPolice stormed to D3 of #Mongkok #MTR station. They tried to separate a couple who were about to enter the subway station. #Police teared the lady's shirt apart &amp; exposed her body. #MeToo #HongKong #SOSHK https://***1W"", 'I have by no means figured it all out yet, but I definitely learned a lesson or two on the way, and I’m ready to share in my book “#IHaveSomethingToTellYou”. Order now at https://***BS https://***yO', '#IHaveToBelieve in life after love https://***L0', '-']",-,content_B,post
t2954,u0414,2022-02-17 05:17:54+00:00,MeToo,q***s,-,"['Looks like the Central Indiana Presbytery decided to pull a fast one while the rest of you were distracted by Overtures 23 and 37. Are they going to get away with it? #MeToo #ChurchToo #PCAtoo https://***Hz', 'Ishikawa Yumi worked 8 hour shifts in a funeral parlour. She began the #KuToo movement a pun on Japanese words for shoes (kutsu) and pain (kutsuu), with a nod to #MeToo - highlighting the fact that most working women in Japan have been forced to wear heels. #RandomFactOfTheDay https://***08', '#νοσοκομεία https://***AZ #MeToo #salonikaplus #sasmos #agriesmelisses #radioarvyla #MasterChefGR #superkaterina #eleni #TheChaseGR #survivorgr #The2NightShow #metooGR #shoppingstar #gitiselias #Θεσσαλονίκη #metoogreece #ΕΛΛΑΔΑ #kalytera #λιγναδης #κορονοιος #πατρα', '-']",tweet_B,-,retweet
t3930,u0815,2022-03-07 22:59:03+00:00,MeToo,L***e,Solo vengo a recordarles que gran parte de la fuerza que veremos mañana en el 8M a nivel internacional se debe a una mujer NEGRA que tronó la tacha internacional con el ya legendario #MeToo. Hoy es un buen día para que investiguen de Tarana Burke y su activismo. 💜💚💗 https://***Mh,"['കൊച്ചി ടാറ്റൂ സ്റ്റുഡിയോ ലൈംഗിക പീഡന കേസ്; ഒരു യുവതി കൂടി പരാതി നല്കി, ബെംഗളുരുവില് താമസിക്കുന്ന മലയാളിയാണ് പരാതിക്കാരി #Metoo #TattooArtist #Kochi https://***my', '#MeToo: Cosby resta libero, Corte Suprema non accetta il caso: Attore in galera per molestie, poi rilasciato per vizio di forma https://***Wn', 'Solo vengo a recordarles que gran parte de la fuerza que veremos mañana en el 8M a nivel internacional se debe a una mujer NEGRA que tronó la tacha internacional con el ya legendario #MeToo. Hoy es un buen día para que investiguen de Tarana Burke y su activismo. 💜💚💗 https://***Mh', '-']",-,content_C,post
t3910,u0552,2022-03-07 10:24:13+00:00,MeToo,W***o,-,"['Watch from 43:20 as Actor Bhavana Menon breaks silence &amp; speaks on camera - for the very first time - to @B***T about her 5-year long fight for justice after the sexual assault in Feb 2017, and what it has taken her to live &amp; survive it. #MeToo https://***no', '@S***b There’s not that many agendas more discredited ATM than #MeToo other than WEF, Fauci, etc', 'Schizophrenia- Horse Girl, Manic Depression- Modern Love, Depression- Dead Like Me, C-PTSD- Real Housewives of New York with Bethenny Frankel, #MeTooPhD trauma- Easy episodes with Marc Maron', '-']",tweet_B,-,retweet
t3989,u3102,2018-03-08 13:14:36+00:00,MeToo,W***t,"‘It’s time to take our power back and be brave. If you want to speak up, speak up. Don’t ask yourselves, “Why now?” Ask, “Why not now?” — #InternationalWomensDay2018 inspiration via @l***s at #WEday #metoo #IWD2018 #PressForProgress #TimeIsNow https://***Vq","['‘It’s time to take our power back and be brave. If you want to speak up, speak up. Don’t ask yourselves, “Why now?” Ask, “Why not now?” — #InternationalWomensDay2018 inspiration via @l***s at #WEday #metoo #IWD2018 #PressForProgress #TimeIsNow https://***Vq', 'This is how Chinese feminists are pushing the #MeToo movement forward on #WomensDay https://***Ts', 'Before hit by rape allegation, the good-looking governor #AnHeeJung @s***t had been renowned for his respect for social minorities. #MeToo https://***1d', '-']",-,content_A,post
t3470,u1859,2022-02-25 04:07:18+00:00,MeToo,K***s,"Where are the boundaries, the actual boundaries? When do we determine, enough is enough? https://***tb #metoo #abuse https://***1k","[""@C***t Larry Tomczak, this article's author, is a sexual predator who beats and assaults women https://***0A #ChurchToo #Antitheism #LarryTomczak"", 'Where are the boundaries, the actual boundaries? When do we determine, enough is enough? https://***tb #metoo #abuse https://***1k', 'When I was 10 yrs old .. I told him to stop and he put a pillow over my face suffocating me and he didn’t #MeToo https://***jX', '-']",-,content_B,post
t2484,u1554,2022-02-08 15:30:07+00:00,MeToo,R***g,"@S***n Thank you for your leadership in support of #survivors, @S***n! We are hopeful that your bills to help end statutes of limitations for sex crimes will advance soon too. SOLs blocked me from pursuing justice: https://***N7 #MeToo","['#ThomasBach unterdrückt nicht nur #PengShuai, sondern auch die Stimmen aller anderen Frauen, die in #China sexuelle Gewalt erleben mussten. Er stützt eine KP, die die Entstehung einer chinesischen #MeToo-Bewegung offenbar schon im Keim ersticken will. https://***4Q', 'The first of many for @l***e 🏆 We’re so proud to support Leona as she continues her incredible journey. Leona is a huge inspiration, empowering young athletes around the world to dream big &amp; never stop believing. Well done Leona! 💪🏼🏆 #TeamKinetica #IHaveMyReasons https://***Cw', '@S***n Thank you for your leadership in support of #survivors, @S***n! We are hopeful that your bills to help end statutes of limitations for sex crimes will advance soon too. SOLs blocked me from pursuing justice: https://***N7 #MeToo', '-']",tweet_A,content_C,reply
t2885,u0368,2022-02-16 10:50:03+00:00,MeToo,O***7,"MINDFUCK ""Het stille komplot van de zwijgende meerderheid."" #racisme #discriminatie #uitsluiting #MeToo #grensoverschrijdendgedrag #machtsmisbruik","['@p***n #Politiken #ekstrabladet #kvinder mænd der findes en stor del mennesker i #samfundet som måske frygter deres liv pgs deres sikkerhed. #metoo Det her vil jeg gerne sætte sætte stopper for sammen med @T***n', 'MINDFUCK ""Het stille komplot van de zwijgende meerderheid."" #racisme #discriminatie #uitsluiting #MeToo #grensoverschrijdendgedrag #machtsmisbruik', 'https://***NP RT-11 #Metooindia #FeminismIsCancer #Feminism #Patriarchy #GenderBiasedLaws #stopfeminism #feminist #fakefeminism #MensLivesMatter #SaveOurSons #InternationalMensDay #toxicfeminism #genderbiased #women #metoo #rape #womenempowerment #WomensRights #female', '-']",-,content_B,post
t2633,u1243,2022-02-11 10:31:26+00:00,MeToo,N***n,"Whether it be #MeToo, racism in Hollywood, or police brutality towards people of colour, scandals follow similar patterns, writes @M***l. https://***op","['Congress approves sex harassment bill in #MeToo milestone https://***he https://***Ss', 'Whether it be #MeToo, racism in Hollywood, or police brutality towards people of colour, scandals follow similar patterns, writes @M***l. https://***op', '@G***1 @c***p Exactly. #IHaveAPreexistingCondition', '-']",tweet_A,content_B,reply
t3568,u2785,2022-02-27 14:01:16+00:00,MeToo,R***n,#Examine #dig &amp; #consign #surprising #preferred #messages in 'Rev Against Taboo:Sexual Revolution' https://***Jf Thanks to @M***y @h***n #cop26bbc #metoo,"[""@b***o L'era delle fantasie di potere del chiagn'e fotti #MeToo è finita: le supercazzole stanno a zero. https://***cV https://***I7"", ""#Examine #dig &amp; #consign #surprising #preferred #messages in 'Rev Against Taboo:Sexual Revolution' https://***Jf Thanks to @M***y @h***n #cop26bbc #metoo"", ""Here's a Taste of what on the short list at #paraToken#XCGIF #ParaToken #NFT #NFTs #Crypto #XCGIFoundation #paratoken #Iwilloutlastyou #cryptocurrency #crypto @b***n @s***e @L***n @0***m @K***Q @C***e https://***L1"", '-']",-,content_B,post
t2605,u2076,2022-02-10 18:45:13+00:00,MeToo,F***W,"It’s been almost 5 years since #MeToo, and we still haven’t figured out what to do with abusers https://***Pk","[""L'Olanda avrà il suo commissario al #MeToo: si tratta di Mariette Hamer, ex leader del partito laburista. È la misura adottata dal governo per fronteggiare i recenti scandali sessuali https://***RF"", '#keeptrying #yourbodyisyourtemple #onlyone #putinthework #educateyourself #fitnessqt #activeqt #workoutqt #qthealthythighs #qthealtheyes #stayactive #behealthy #dedication #empowerment #discipline #commitment #determination #iwill #youcandoit #underarmour #protectthishouse https://***jL', 'It’s been almost 5 years since #MeToo, and we still haven’t figured out what to do with abusers https://***Pk', '-']",-,content_C,post
t0122,u2725,2018-10-15 12:01:00+00:00,MeToo,i***e,[OPINIÓN] Aniversario del #MeToo: El año en el que las mujeres perdimos el miedo https://***Xj | Por Hinde Pomeraniec https://***o4,"['[OPINIÓN] Aniversario del #MeToo: El año en el que las mujeres perdimos el miedo https://***Xj | Por Hinde Pomeraniec https://***o4', '#MeToo4publicity for pension plan and insurance after career is over. Money Money Money.', 'What if accusations proved wrong? Nothing.... After years of court cases...defamation of man...nothing will happen to false accuser woman. This is what is #Metoo #MeToo4publicity', '-']",-,content_A,post
t1804,u1613,2021-08-04 14:16:32+00:00,MeToo,_***e,"Imagine if Eric Schneiderman was running the Cuomo investigation... The #MeToo movement is building on itself, with figures like @T***s already in power to make decisions when new allegations arise https://***IY","['Loved talking to @l***4 on @b***d. Wanna hear how I became a #tvwriter? How #SexLife became a series on Netflix? How #AdamDemos was cast? What I learned from #unrealtv? My thoughts on #MeToo? Plus journals, soulmates, the last 5 mins of #SATC, and GRIT! https://***aD', ""Trend #MeToo or whatever , but please be a 'Human' before being divided into men and women !✨ Respect each other as humans first.👍 https://***Ud"", 'Imagine if Eric Schneiderman was running the Cuomo investigation... The #MeToo movement is building on itself, with figures like @T***s already in power to make decisions when new allegations arise https://***IY', '-']",-,content_C,post
t1941,u2263,2021-11-19 17:31:14+00:00,MeToo,d***d,"I want to apologise to everyone at the #metooconference I was suppose to host all day but have been recently experiencing some health problems which meant I had to rather suddenly hand over to my deputy @J***2, who stepped up to the plate and did an absolutely fantastic job https://***8l","['Did you know research has found that fathers who use cocaine prior to conceiving a child have sons who struggle to make new memories? #MATIC #cavani #ramos #wizkid #BlackFriday #putin #MeToo #austria #mata #Putin https://***Z6', 'I want to apologise to everyone at the #metooconference I was suppose to host all day but have been recently experiencing some health problems which meant I had to rather suddenly hand over to my deputy @J***2, who stepped up to the plate and did an absolutely fantastic job https://***8l', '2/ “It is incumbent on us to learn from these findings, and focus on building an organization that powerfully serves women of all kinds and ends the impunity of sexual harassment and assault in the workplace.” - Board Chair Gabrielle Sulzberger, #TIMESUP', '-']",-,content_B,post
t2813,u2524,2022-02-15 12:05:00+00:00,MeToo,m***c,"We're so proud to launch #IWillAlwaysBeMe today. It highlights the incredible work of the MND #NextGenThinkTank and the importance of technology. Thank you to @D***h, @I***l, @R***e, @S***B and the rest of our partners.","[""@s***_ @R***f My childhood was a war zone. I say as a now 53yr old. They don't stop until you are dead. #endabuse #CSA #CPTSD #DomesticViolence #Metoo #MentalHealthAwareness ☀️🌿🐛❤🦋"", ""We're so proud to launch #IWillAlwaysBeMe today. It highlights the incredible work of the MND #NextGenThinkTank and the importance of technology. Thank you to @D***h, @I***l, @R***e, @S***B and the rest of our partners."", '« J’obtiens toujours ce que je veux. » Une phrase qui « a ponctué [ses] cauchemars pendant des années ». Et qu’elle a vécu « comme une menace de la part de quelqu’un qui avait un ascendant hiérarchique sur [elle] » #Mediapart #MeToo #MeTooMedias https://***yW', '-']",-,content_B,post
t3277,u3096,2022-02-21 18:58:54+00:00,MeToo,M***7,"Ellas denunciaron #AhoraLeTocaALaJusticia. #MeToo con Lilliana H Balance y cada mujer denunciante d #ViolenciaMachista, x vías q encuentre ante complicidad d sociedad y el Estado, y con las q aún guardan silencio. #YoSíLesCreo, claro que les creo. https://***oY","['Is this what ambition entails? ⚡️Energy Bills ⬆️ 📈Fossil fuel profits ⬆️ 🌡️Global temperatures ⬆️ 🌆Rent ⬆️ 👷♀️👩🏾⚕️👩🏻🏭Wages ⬇️ Time’s up for our current system, we need one that works for people &amp; planet. 💡🌍 #TimesUpForGas #EndEnergyPoverty', 'Ellas denunciaron #AhoraLeTocaALaJusticia. #MeToo con Lilliana H Balance y cada mujer denunciante d #ViolenciaMachista, x vías q encuentre ante complicidad d sociedad y el Estado, y con las q aún guardan silencio. #YoSíLesCreo, claro que les creo. https://***oY', '#mentoo #ABLANARI #niruparoy #fakecases #womenempowerment #legalterrorism #legalextortion #498A #dowrylawmisuse #Feminism #toxicfeminism #feminazi #metooindia #fraudwatch #blackmail #genderequality #GenderBiasedLaws #crimebywomen #CrimeHasNoGender #SuicidePrevention @M***D https://***S5', '-']",-,content_B,post
t3830,u1352,2022-03-04 13:31:13+00:00,MeToo,m***8,"There’s a diverse coalition of Americans who resent the progressive flank of contemporary culture. It includes disgruntled liberals who think aspects of #MeToo and the racial justice movement are excessive or cynically self-promotional, media figures who have built ...","['There’s a diverse coalition of Americans who resent the progressive flank of contemporary culture. It includes disgruntled liberals who think aspects of #MeToo and the racial justice movement are excessive or cynically self-promotional, media figures who have built ...', 'Indigenous voices, #MeToo and disrupting genre: how the tenth Stella longlist reflects its mission of creating change https://***pL', '#mentoo #ABLANARI #niruparoy #fakecases #womenempowerment #legalterrorism #legalextortion #498A #dowrylawmisuse #Feminism #toxicfeminism #feminazi #metooindia #fraudwatch #blackmail #genderequality #GenderBiasedLaws #crimebywomen #CrimeHasNoGender #SuicidePrevention #masculine https://***Qs', '-']",tweet_B,content_A,reply
t2100,u1183,2022-01-06 16:46:06+00:00,MeToo,R***t,"How good to thank you, Lord, to praise your name, Most High, to sing your love at dawn ... For your work brings delight, your deeds invite song. -Psalm 92:2-3,5 #IWillAriseThisDay #DuckHunters 2 all #HABD ☮❤ https://***Ft","['اونجايي از صحبت هاي حامد اسماعيليون كه در جواب علي رضا قندچي راجب عدالت ميگه ""عدالتي وجود نداره، بچه هاي ما هيچوقت برنميگردن و اين خود بي عدالتيه"". دنيا واقعا جاي زشت و سياهي شد بعد از ١٨ دي ٩٨. #PS752 #IWillLightACandleToo #من_هم_شمعی_روشن_میکنم', 'How good to thank you, Lord, to praise your name, Most High, to sing your love at dawn ... For your work brings delight, your deeds invite song. -Psalm 92:2-3,5 #IWillAriseThisDay #DuckHunters 2 all #HABD ☮❤ https://***Ft', 'Since today, @i***m has limited hashtags #IWillLightACandleToo &amp; #من_هم_شمعی_روشن_خواهم_کرد Thousands of users shared pictures with these hashtags in the memory of the Flight #PS752 Victims murdered by #IRGC. @M***a should lift this restriction immediately. Retweet 4 Support https://***dy', '-']",-,content_B,post
t1779,u0154,2021-07-06 17:37:09+00:00,MeToo,T***K,"Film and TV workers feared being blacklisted over abuse claims writes @h***n ahead of @B***4 tonight, &amp; #TimesUp calls for an independent body to bring in a standardised approach to historic &amp; recent complaints of abuse &amp; harassment: https://***sD","[""🤩Daisy is one of our amazing #YouthAmbassador's! She's part of the #justice4you campaign and is currently writing to @m***n 🙌 #ihaveavoice #campaigning #Campaign #YouthVoice #youthactivism #ambassadorinspiration https://***JE"", 'After talking about this for a really long time, we finally have our first episode! Robyn,(my daughter) and I are speaking about gender identity and how it is growing up with a mom who was sexually abused as a child and angry about it. #MeToo #LGBTQ https://***Qb', 'Film and TV workers feared being blacklisted over abuse claims writes @h***n ahead of @B***4 tonight, &amp; #TimesUp calls for an independent body to bring in a standardised approach to historic &amp; recent complaints of abuse &amp; harassment: https://***sD', '-']",-,content_C,post
t3156,u2158,2022-02-19 23:29:32+00:00,MeToo,w***y,"1-Case No.222 of 2022 is the first case of its kind in Egypt's #metoo wave, in which journalist @R***s is accused of ""solidarity"" with the survivors of rape and harassment. This came after the publication of several horrific testimonies against an Egyptian filmmaker.","[""Sign and RT! Tell Majority Leader @S***r: Domestic &amp; sexual violence are up during the pandemic. Survivors can't wait. Bring Violence Against Women Act #VAWA to a Floor vote now! #VAWA4All #VAWA21 #MeToo #TimesUp https://***DA"", '1-Case No.222 of 2022 is the first case of its kind in Egypt\'s #metoo wave, in which journalist @R***s is accused of ""solidarity"" with the survivors of rape and harassment. This came after the publication of several horrific testimonies against an Egyptian filmmaker.', ""#CorpMedia #Idiocracy #Oligarchs #MegaBanks vs #Union #Occupy #NoDAPL #BLM #SDF #DACA #MeToo #Humanity #DemExit #FeelTheBern 'Will make roads safer': State bill to grant undocumented immigrants driver's licenses clears House https://***Um The House passed ... https://***I4"", '-']",-,content_B,post
t2760,u1841,2022-02-14 18:09:12+00:00,MeToo,J***1,"""#Chinese #writer #YanGe finds solace in creating #literary worlds"" https://***ye #Ireland #MeToo #family #culture #FrenchLiterature #microaggression","['https://***P7 RT-11 #Metooindia #FeminismIsCancer #Feminism #Patriarchy #GenderBiasedLaws #stopfeminism #feminist #fakefeminism #MensLivesMatter #SaveOurSons #InternationalMensDay #toxicfeminism #genderbiased #women #metoo #rape #womenempowerment #WomensRights #female', '""#Chinese #writer #YanGe finds solace in creating #literary worlds"" https://***ye #Ireland #MeToo #family #culture #FrenchLiterature #microaggression', 'Can you IMAGINE the songs that will come from @r***a falling in love with her child?! I’m here for it, y’all! ❤️💕👯♀️ #motherhoodismystical #ihavesomelyrics', '-']",-,content_B,post
t2830,u1554,2022-02-15 15:52:47+00:00,MeToo,R***g,"CW // sexual violence I received an outpouring of stories from #survivors in response to my oped in @P***s @w***t. I am honored to be entrusted with these stories, and I feel responsibility to share them. Here are just two. (1/) #MeToo https://***wg","[""Forced arbitration clauses are the still-silenced part of the #MeToo movement, denying survivors their day in court &amp; shielding abusers in the shadows. That’s why I'm voting tonight for @R***i’s #EndForcedArbitration Act – to make sure survivors’ voices are heard. https://***0F"", 'CW // sexual violence I received an outpouring of stories from #survivors in response to my oped in @P***s @w***t. I am honored to be entrusted with these stories, and I feel responsibility to share them. Here are just two. (1/) #MeToo https://***wg', ""'Before the metoo movement, where were the buddhist teachers who were speaking out about the situation of and abuse of women on this planet?'. - Himalayan Yogi"", '-']",-,content_B,post
t2366,u1842,2022-02-03 22:18:26+00:00,MeToo,M***r,A woman threatened outside her office base for not agreeing with a point raised by a man #MeToo,"['A woman threatened outside her office base for not agreeing with a point raised by a man #MeToo', ""TODAY @E***y's vote on the 5th #PCIlist will send an important message. 🍃 Will our decision-makers deliver the fast, #Justtransition to renewables we need? 🔥 Or will they support more dirty, dangerous, &amp; climate-wrecking gas?! #TimesUpForGas https://***F5"", 'Hey @T***r @P***y this garbage human still roams freely on your platform #TimesUpTwitter https://***tG', '-']",-,content_A,post
t2986,u1130,2022-02-17 15:29:45+00:00,MeToo,t***s,"De trends. Overgrote aandacht gaat op Google nog steeds uit naar COVID, maar #CO2 zet zich toch vast als een belangrijke zoekterm waarde, zeker ten opzichte van #gasprijs, #metoo en #vrijheid https://***FR","['De trends. Overgrote aandacht gaat op Google nog steeds uit naar COVID, maar #CO2 zet zich toch vast als een belangrijke zoekterm waarde, zeker ten opzichte van #gasprijs, #metoo en #vrijheid https://***FR', 'The #MeToo movement in France is called #BalanceTonPorc , which is slang for ""Out Your Pig."" https://***8j', 'https://***yR RT-11 #Metooindia #FeminismIsCancer #Feminism #Patriarchy #GenderBiasedLaws #stopfeminism #feminist #fakefeminism #MensLivesMatter #SaveOurSons #InternationalMensDay #toxicfeminism #genderbiased #women #metoo #rape #womenempowerment #WomensRights #female', '-']",-,content_A,post
t2708,u0608,2022-02-13 19:53:38+00:00,MeToo,B***y,-,"['#keeptrying #yourbodyisyourtemple #onlyone #putinthework #educateyourself #fitnessqt #activeqt #workoutqt #qthealthythighs #qthealtheyes #stayactive #behealthy #dedication #empowerment #discipline #commitment #determination #iwill #youcandoit #underarmour #protectthishouse https://***QU', 'Thank u! good news! forced to Hutchins Psych Syracuse NY arrested told I was “delusional” about being #sexuallyassaulted by a cop, my 20yr marriage setup, my mother n ex planned it all to leave me #homeless! #roughsleeping now my life destroyed! #MeToo #EndHumanTrafficking https://***gg', ""The CCP is using the Winter Olympics to sportswash its horrendous human rights abuses. We must not legitimise China's brutal regime by watching these Games. #IWillNotWatch #Beijing2022 Video by @b***o https://***w6"", '-']",tweet_B,-,retweet
t2467,u0698,2022-02-08 09:09:18+00:00,MeToo,a***B,-,"['“ .... we leven toch niet meer in de #middeleeuwen. We nagelen toch niemand meer aan de #schandpaal, we bespuwen of stenigen geen mensen.” #MeToo https://***Cq', 'Thank Heaven! Help has arrived! Now maybe that #russianspy who takes money from #china only - to fund the fringe #CanadianTruckersForFreedom because he is a #racist and most likely hiding his #metoo moments - @j***n will finally be fired by the very NOT fascist #spotify mob. https://***qe', 'The #VictimsRightsToolkit has a list of every #Ohio and #federal right for #crimevictims . Learn about your rights at every stage of the criminal justice process from investigation to post-conviction. #IHaveRightsToo #OCVJC https://***FN', '-']",tweet_B,-,retweet
t1860,u1033,2021-10-01 17:40:13+00:00,MeToo,C***d,"""Comment peut-on, à l’heure de #MeToo, laisser entendre que l’urgence climatique prime sur d’autres considérations ? "" https://***1A","['Heaven has made a call to all to receive CHRIST JESUS #IHaveReceivedJesus', '""Comment peut-on, à l’heure de #MeToo, laisser entendre que l’urgence climatique prime sur d’autres considérations ? "" https://***1A', '#IHaveReceivedJesus today! I AM BORN AGAIN! 🌿🌿🌿', '-']",-,content_B,post
t1987,u1004,2021-12-03 15:38:35+00:00,MeToo,n***r,Productions at La Colline theater in Paris were singled out by protesters after the hashtag #MeTooThéâtre began trending in France. https://***Ty,"['...Peng’s plight, be seen not to provide equal support for a now world-renowned #MeToo victim? If the ATP cannot bring itself to curb its greed, can the dozen most outstanding male stars join in announcing their refusal to play in China until the WTA’s demands are met? 2/2', '国际女子网球协会WTA12月1号宣布因担忧 #彭帅 #PengShuai 安危,并考虑其他球员和工作人员面临风险,暂停在中国一切赛事。2号美国之音询问,拜登政府向来提倡女权并支持 #MeToo 运动,WTA宣布后拜登总统是否已决定杯葛北京冬奥会 #BoycottBeijingOlympics,白宫发言人莎琪说尚未但这些因素都纳入考量 https://***KO', 'Productions at La Colline theater in Paris were singled out by protesters after the hashtag #MeTooThéâtre began trending in France. https://***Ty', '-']",-,content_C,post
t3908,u0371,2022-03-07 09:45:22+00:00,MeToo,K***r,-,"['Patriarchy/white supremacy/violent men make war forcing women to fight for their lives &amp; their children Than patriarchy and misogyny sexualize those same women like war is hot or some shit! The cycle of male violence and sexual violence doesn’t end! #MeToo #WomensHistoryMonth', ""🗣️ @A***z habla con @e***m sobre su novela «Las herederas de la Singer», una emocionante saga familiar que rinde homenaje a la resiliencia y la solidaridad femenina. 👇 'Las herederas de la Singer', de las modistas y mineras, al #MeToo https://***aI"", '@A***m #IWillNeverForget', '-']",tweet_B,-,retweet
t2109,u0397,2022-01-08 06:11:02+00:00,MeToo,p***e,177 innocent souls... 177 beautiful lives... #IWillLightACandleToo #PS752 #ps752justice #من_هم_شمعی_روشن_خواهم_کرد https://***6l,"['سپاسگزارم از خانوادهی شادی جمشیدی عزیز و نیمای عزیز که من را قابل دانستند مزار شادی را بسازم. مزاری خشت در خشت. کم دیدهام نامی چنین درخور بر جانش بنشیند: شادی. هر تصویری و هر خاطرهای از شادی لبخندیست مانا. #من_هم_شمعی_روشن_خواهم_کرد #IWillLightACandleToo #PS752 @n***s https://***db', 'حیف از اون لبخندها که سوختند. #PS752 #IWillLightACandleToo https://***lI', '177 innocent souls... 177 beautiful lives... #IWillLightACandleToo #PS752 #ps752justice #من_هم_شمعی_روشن_خواهم_کرد https://***6l', '-']",tweet_B,content_C,reply
t2579,u1485,2022-02-10 14:04:32+00:00,MeToo,L***r,"Have you read Code of Silence my #newbook on #whistleblowers #metoo &amp; the #federalcourts? “Essential Reading”-Anita Hill; “Engaging and Eyeopening”-@P***y; “Beautifully Written, Disturbing as Hell”-@H***n; Available now https://***vz #nonfiction #books","['All that is left is the feeling that something off happened, and all you can do is yell a bit into the void. Maybe too small for #metoo, but not a very nice experience at all.', '@_***s @a***y Boo. Hoo. How many years of #MeToo do these Harvard academics need to be exposed to before they stop and think maaaaybe they don’t have all the answers and ought to wait?', 'Have you read Code of Silence my #newbook on #whistleblowers #metoo &amp; the #federalcourts? “Essential Reading”-Anita Hill; “Engaging and Eyeopening”-@P***y; “Beautifully Written, Disturbing as Hell”-@H***n; Available now https://***vz #nonfiction #books', '-']",-,content_C,post
t3094,u0179,2022-02-19 04:10:10+00:00,MeToo,S***r,What are your thoughts on this picture? #SouthPark #Avatar #Generator #Torso #Shoes #Underwear #HeadLine #Armlines #Main #Trim #Notint #HallMonitor #Head #VaginawithBalls #Eyes #Mouth #Front #Notint #IHaveNoIdeaWhatsGoi https://***ts,"['What are your thoughts on this picture? #SouthPark #Avatar #Generator #Torso #Shoes #Underwear #HeadLine #Armlines #Main #Trim #Notint #HallMonitor #Head #VaginawithBalls #Eyes #Mouth #Front #Notint #IHaveNoIdeaWhatsGoi https://***ts', '#SMSociety via NodeXL https://***3R @s***f @s***o @e***1 @t***0 @k***e @j***n @h***7 @a***o @p***i @j***l Top hashtags: #smsociety #cfp #featuredpanel #socialmedia #metoo #newpaper #socmed #nodexl /', 'Take action buy #Lustcoin #BelieveWomen #meeto #balancetonporc #NoMeansNo @L***s https://***yD', '-']",-,content_A,post
t0005,u0975,2018-06-12 22:46:01+00:00,MeToo,t***M,RELEASED TODAY: Our new report looks at the impact of sexual harassment in the academic sciences and how to prevent it. #ScienceToo #Engineering #Medicine https://***5x https://***Ub,"['RELEASED TODAY: Our new report looks at the impact of sexual harassment in the academic sciences and how to prevent it. #ScienceToo #Engineering #Medicine https://***5x https://***Ub', '“Given the current climate around #MeToo, women’s stories are being broadcast more and more. But there’s still a way to go. These campaigns haven’t yet given a voice to everyone.” @P***m on @s***y https://***yh', '@m***y #MeToo', '-']",-,content_A,post
t1943,u3152,2021-11-19 20:04:02+00:00,MeToo,T***W,"2/ “It is incumbent on us to learn from these findings, and focus on building an organization that powerfully serves women of all kinds and ends the impunity of sexual harassment and assault in the workplace.” - Board Chair Gabrielle Sulzberger, #TIMESUP","['Did you know a gram of cocaine costs €207 in Australia but just €9 in Brazil? #matic #cavani #ramos #putin #BlackFriday #Austria #Wizkid #MeToo #mata #Davido https://***NL', '.@I***i says #MeToo movement gaining momentum was the “catalyst” for the Modern Masculinity series. She adds that rather than cutting men out of the conversation, to achieve “real progress”, we have to make them part of it. #IMD21 #InternationalMensDay', '2/ “It is incumbent on us to learn from these findings, and focus on building an organization that powerfully serves women of all kinds and ends the impunity of sexual harassment and assault in the workplace.” - Board Chair Gabrielle Sulzberger, #TIMESUP', '-']",tweet_C,content_C,reply
t3357,u0117,2022-02-23 00:31:15+00:00,MeToo,s***r,-,"['#MeToo##LGBT#女人举报男人,不需要任何证据,这点也很奇怪。只要写出来就算举报了,就进入了全网络开始抨击男性的环节。#MeToo##LGBT#', ""I have not failed, I have just found 10,000 ways that don't work. - Thomas A Edison #GoodMorningHealth #IHaveNotFailed https://***cP"", 'is the whole accredited investor thing unethical? why are we gatekeeping investing in angel rounds to protect “unqualified” investors, but anyone can go gamble and by the lottery which is statistically more risky food for thought', '-']",tweet_C,-,retweet
t2300,u0169,2022-01-31 16:50:29+00:00,MeToo,V***r,"#Metoo in #Frankfurt : Prozess geht in nächste #Instanz, Ex-Deutsche-Bank-Mitarbeiterin spricht von sexueller #Belästigung und „#Rachekündigung“ https://***LU","['#Metoo in #Frankfurt : Prozess geht in nächste #Instanz, Ex-Deutsche-Bank-Mitarbeiterin spricht von sexueller #Belästigung und „#Rachekündigung“ https://***LU', ""Apart from one tweet yesterday I've steered away from the @m***d news. It's just that I wonder how many other women will now come forward with similar past events, who'd previously been afraid ? #MeToo"", 'Will you be watching #Beijing2022? #IWillNotWatch #NoBeijing2022 #GenocideGames https://***Qc', '-']",-,content_A,post
t1908,u2749,2021-11-03 17:33:47+00:00,MeToo,W***s,#Gravitas | A rare #MeToo allegation has ignited a firestorm in #China. Tennis star Peng Shuai has accused a former vice premier of sexual assault on Weibo. Chinese censors have hidden Peng's account. Conversations around the allegations are being blocked. @p***u has more https://***a3,"['@H***n HILLARY WE LOVE YOU JOIN US IN OUR FIGHT #BROWNMATTERSTOO #BMT #BLM #BLMUK #ResistanceUnited #MeToo #stophate #FEMINISTWARRIORS #MEGBELIEVESYOU DONATE AT BROWNLIVESMATTER@G***L.COM Thank you. Xo -Meg, founder #Brownmatterstoo', 'Social media has created space for women and girls to participate in politics and activism (#metoo is a great example). But its also a place for sexism and harassment, as many women online can attest to.', ""#Gravitas | A rare #MeToo allegation has ignited a firestorm in #China. Tennis star Peng Shuai has accused a former vice premier of sexual assault on Weibo. Chinese censors have hidden Peng's account. Conversations around the allegations are being blocked. @p***u has more https://***a3"", '-']",-,content_C,post
t3469,u0706,2022-02-25 02:55:45+00:00,MeToo,Z***1,"📣 New Podcast! ""#IWillBring #Isaiah's #Prophetic #Book Pt122 on Battle Lines @W***o"" on @S***r #christian_faith #christian_teaching #ihaveredeemed #isaiah #iwillbring #jerusalemsgoodtidings #jesuschrist #judgment #lighttothegentiles #yeshua https://***Gl","['📣 New Podcast! ""#IWillBring #Isaiah\'s #Prophetic #Book Pt122 on Battle Lines @W***o"" on @S***r #christian_faith #christian_teaching #ihaveredeemed #isaiah #iwillbring #jerusalemsgoodtidings #jesuschrist #judgment #lighttothegentiles #yeshua https://***Gl', 'Mi respuesta pública a mensaje privado de @f***c #MeToo #YoSíLesCreo #ProtecciónParaLasDenunciantes @F***a @c***l https://***tv', 'From Covid-19 to #MeToo, The Labor Beat Is Resurgent https://***9b', '-']",-,content_A,post
t3735,u0531,2022-03-02 21:35:11+00:00,MeToo,k***n,Futility at its worst... Autocracy is embarrassingly primitive in a highly connected modern world. #UkraineRussianWar #TimesUp https://***g3,"['@M***i @d***y #MeToo', 'Futility at its worst... Autocracy is embarrassingly primitive in a highly connected modern world. #UkraineRussianWar #TimesUp https://***g3', '#YesterdaywasaverybadandblackDay #MyAuntieisdead #sosadthatsheisgone #BereavementInTheFamily #InLovingMemory #DearAuntieBärbel #Iwillmissyouforever #Iamverysadthatyouhadtogo #ily #RIP #WithLove #February28th2022 @b***1 😞😢🖤✝️😭🕊🥀😥👼🙏🤧🕯💔☁️🌈👨👩👧🏡0️⃣2️⃣/2️⃣8️⃣/2️⃣0️⃣2️⃣2️⃣📷🆕 https://***Nb', '-']",-,content_B,post
t2086,u0186,2022-01-05 07:47:31+00:00,MeToo,C***n,من هیچ‌کدوم از اون عکس‌ها رو از نزدیک نمی‌شناختم، ولی اون روزها از تلخ‌ترین روزهای زندگیم بودن. دو سال می‌گذره و به امید روزی که عدالت درمورد مسببین اصلی اون جنایت برقرار بشه، #من_هم_شمعی_روشن_خواهم_کرد. #IWillLightACandleToo #ps752justice https://***y3,"['Join @R***Z of @T***i for the next SBEE Seminar Jan. 10: He will discuss how the MeToo movement affected the reporting of sex crimes to police, demonstrating that social movements can rapidly and persistently change high-stakes personal decisions. https://***Jl https://***w0', 'آرزو می کنم که این شعله ها طرحی نو در ذهنها دراندازد تا که حال سرزمینمان باز خوش شود #ps752justice #IWillLightACandleToo https://***kt', 'من هیچکدوم از اون عکسها رو از نزدیک نمیشناختم، ولی اون روزها از تلخترین روزهای زندگیم بودن. دو سال میگذره و به امید روزی که عدالت درمورد مسببین اصلی اون جنایت برقرار بشه، #من_هم_شمعی_روشن_خواهم_کرد. #IWillLightACandleToo #ps752justice https://***y3', '-']",-,content_C,post
t0089,u1479,2018-09-21 19:10:04+00:00,MeToo,v***m,"#WhyIDidntReport is a sad, but necessary, rebuke to Trump https://***wE","['#WhyIDidntReport is a sad, but necessary, rebuke to Trump https://***wE', '@G***_ @k***s So says a man....again. #Metoo #FactsMatter', 'My mom woke up this morning and did her first ever on camera interview. I felt a tug in my heart when she reflected on how silence is a tragic part of our culture #WhyIDidntReport Proud of you for breaking the speaking up and defending the Dr Christine Blasey Ford we know &amp; love https://***9M', '-']",-,content_A,post
t2654,u3130,2022-02-11 19:05:14+00:00,MeToo,e***w,A bill that will prohibit mandatory arbitration of sexual assault and sexual harassment claims is on its way from the House and Senate to President Biden for his signature. Attorney Emily Patajo shares what employers should know. #MeToo #HR https://***63,"['Congress approves sex harassment bill in #MeToo milestone https://***he https://***Ss', 'A bill that will prohibit mandatory arbitration of sexual assault and sexual harassment claims is on its way from the House and Senate to President Biden for his signature. Attorney Emily Patajo shares what employers should know. #MeToo #HR https://***63', ""Space is limited, and you don't want to miss this—RSVP today: https://***Ey #metoo #BlackJoy https://***ER"", '-']",-,content_B,post
t2560,u2061,2022-02-10 06:07:03+00:00,MeToo,S***t,Rising Violent Crime Rates Among Women in #Sweden Blamed on #MeToo https://***Qe,"['Brilliant thread from the Prof, always worth a bump. #IBelieveTaraReade #BelieveWomen', 'Rising Violent Crime Rates Among Women in #Sweden Blamed on #MeToo https://***Qe', '@r***s @P***l How many points towards tenure for being a ""gentle seducer?"" #harvardletter', '-']",-,content_B,post
t1319,u3165,2020-10-23 15:21:27+00:00,MeToo,A***h,The woman called me last night &amp; said she was raped. Today she was forced to issue a public denial on national TV. Her name is Bahar. This should become the most iconic image of #MeToo movement in Iran. She was attacked by a security guard after confronting her rapist’s family. https://***2H,"['Al vores støtte og respekt til dem, der stået frem. DK er ikke et ligestillet land. #MeToo #dkpol #ligestilling #TagEtFeministiskInitiativ https://***W2', 'The woman called me last night &amp; said she was raped. Today she was forced to issue a public denial on national TV. Her name is Bahar. This should become the most iconic image of #MeToo movement in Iran. She was attacked by a security guard after confronting her rapist’s family. https://***2H', ""【📰MAYNEWS】 🚺 INSTAGRAM, LE RÉSEAU SOCIAL OÙ S'ÉCRIT LE NOUVEAU CHAPITRE DE #METOO 💻 @m***r ➡️ https://***ik -------- #metoo #instagram #Omerta #digital #socialmedia https://***kB"", '-']",-,content_B,post
t2152,u0840,2022-01-17 13:00:00+00:00,MeToo,U***G,Today's Coast Guard would not be possible without Dr. Martin Luther King Jr. #MLK #IHaveADream https://***9i,"['Taking the time to reflect and honor Dr. Martin Luther King Jr., and his amazing wife, Coretta Scott King. #MLKDay #corettascottking #pauseandreflect #continuethelegacy #ihaveadream #danicadreamer https://***1p', ""Today's Coast Guard would not be possible without Dr. Martin Luther King Jr. #MLK #IHaveADream https://***9i"", 'MLK Day is celebrated across the U.S. in honor of Martin Luther King Jr. Best known for his work on racial equality and ending racial segregation in the United States. His life and achievements are remembered and celebrated globally. #MLKDay #Ihaveadream https://***Ek', '-']",-,content_B,post
t2476,u3021,2022-02-08 13:06:15+00:00,MeToo,s***a,-,"['The politics of fashion interview with amazing @a***e #fashion #politics #sociology https://***v7', 'Τι είμαι όταν ως εργοδότης βλέπω με τα ίδια μου τα μάτια τα μηνύματα σεξουαλικής παρενόχλησης στο κινητό του θύματος και επειδή δεν πήγε στην Αστυνομία για καταγγελία, ξαναπροσλαμβάνω τον θύτη μετά από κάποιο διάστημα φέρνοντας ως πρόσχημα το τεκμήριο της αθωότητας? Ε? #metooCY', 'Reminder: the #UyghurGenocide is still happening. So #TurnOfftheOlympics. Take part in the #IWillNotWatch campaign! https://***kL', '-']",tweet_C,-,retweet
t1913,u1120,2021-11-05 12:05:17+00:00,MeToo,c***2,"On dit merci qui? Merci to all of the lawyers and activists fighting for the rights of women in porn. In my latest for @F***n, I wrote about the investigation into sexual abuse on porn sets in France and whether this is the industry's #MeToo moment. https://***1Y","[""@c***p Investor's Naked Selfies Ignite #MeToo Moment: Female Founder Fights Back https://***bm Highlights by @m***n https://***sS"", ""On dit merci qui? Merci to all of the lawyers and activists fighting for the rights of women in porn. In my latest for @F***n, I wrote about the investigation into sexual abuse on porn sets in France and whether this is the industry's #MeToo moment. https://***1Y"", 'You can count me as safe! #jokes #unknowncaller #iwillwatchitring #imnotanswering #hitchhikerjoke #funny https://***El', '-']",-,content_B,post
t2662,u1102,2022-02-12 03:28:00+00:00,MeToo,h***s,A big step in the right direction for the #MeToo movement. @T***R https://***de,"['A big step in the right direction for the #MeToo movement. @T***R https://***de', 'There are real examples of #MeToo overreach. But the reaction by top Harvard professors to accusations against a colleague shows that the deck is still very much stacked against those challenging powerful men, writes @m***n. https://***d3', ""I can't be funny and clever about the #HarvardLetter. I know the best strategy is to belittle and make fun of them but I just feel blood-red rage. When I try to speak all that comes out is a stream of curse words and screaming."", '-']",-,content_A,post
t3000,u1751,2022-02-17 18:26:03+00:00,MeToo,A***e,Οι Έλληνες ηθοποιοί που διώκονται για βιασμό. #MeToo https://***92,"['Οι Έλληνες ηθοποιοί που διώκονται για βιασμό. #MeToo https://***92', 'Li Qiaochu e il #MeToo cinese: la storia della coraggiosa attivista https://***N6 #Cina', ""#CorpMedia #Idiocracy #Oligarchs #MegaBanks vs #Union #Occupy #NoDAPL #BLM #SDF #DACA #MeToo #Humanity #DemExit #FeelTheBern 'Caliphate' wiped out as last IS bastion falls [UPDATES] https://***U7 Kurdish-led forces pronounced the death of the Islamic State ... https://***vV"", '-']",-,content_A,post
t3442,u0542,2022-02-24 13:20:04+00:00,MeToo,W***t,"The podcast includes an important conversation about NDA misuse, discussing the work of our data partners @c***e #nda #nondisclosure #MeToo","[""One of the last times I could travel due to pain &amp; not having needed meds. Terrified to hold my grandson, so weak due to #MEcfs, left arm doesn't work properly due to C-spine injury. I couldn't be there her over the last 6 yrs to help her when she needed me most. #IWillNotForgive https://***V1"", '@M***d I like the idea that Obi-Wan, like me, was inexperienced enough with cooking that he didn\'t think about the concept of heat penetration and Pittsburgh rare and just assumed ""high heat means well done"" And as a result the galaxy got salmonella', 'The podcast includes an important conversation about NDA misuse, discussing the work of our data partners @c***e #nda #nondisclosure #MeToo', '-']",tweet_A,content_C,reply
t1915,u1692,2021-11-06 03:16:37+00:00,MeToo,k***n,"If you're curious about the recent #MeToo case involving Peng Shuai but don't read Chinese, I've translated her original post in full, in the linked doc. (I would appreciate feedback from Chinese native speakers too) https://***DK","['Sexual abuse accusations reach the top of the Chinese Communist Party and are quickly shut down. Here’s my \u2066@s***r\u2069 piece on limits of #MeToo in #china. https://***Um', 'A very informative account of how Chinese censors have tried to squash #MeToo accusations of tennis star Peng Shuai against former CCP top leader Zhang Gaoli (seventh ranked member of PBSC until 2017) https://***Dw from @C***T', ""If you're curious about the recent #MeToo case involving Peng Shuai but don't read Chinese, I've translated her original post in full, in the linked doc. (I would appreciate feedback from Chinese native speakers too) https://***DK"", '-']",-,content_C,post
t1613,u0385,2021-01-18 22:11:06+00:00,MeToo,S***G,Happy MLK Day too all from @S***G ! #Monday #MartinLutherKingDay #IHaveADream #Equality https://***hu,"['Happy MLK Day too all from @S***G ! #Monday #MartinLutherKingDay #IHaveADream #Equality https://***hu', ""“Life’s most persistent and urgent question is, 'What are you doing for others?'” — Martin Luther King, Jr. #mlk #ihaveadream #BelieveInTomorrow https://***0f"", 'Today we honor the work of Martin Luther King, Jr. See below for my thoughts! #MartinLutherKingJr #ihaveadream #cornelluniversity #servantleadership #LeadershipMatters https://***YR', '-']",-,content_A,post
t2764,u2097,2022-02-14 18:56:52+00:00,MeToo,k***l,This is a big deal! AND companies need to exclude racial discrimination cases as well. #Congress approves sexual harassment bill in #MeToo milestone https://***nv,"['Prog de #LaCollection du dimanche soir 23h que vous pourrez réécouter lundi 14/02 jour de la #StValentin #IfYouDontknowMeByNow #AGroovyKindOfLove #Sailing #YouAreEverything #WhenAManLovesAWoman #IWantToKnowWhatLoveIs #TheRose #Shallow #IWillAlwaysLoveYou #WhenIFallInLove. Etc... https://***35', 'This is a big deal! AND companies need to exclude racial discrimination cases as well. #Congress approves sexual harassment bill in #MeToo milestone https://***nv', '\u2066@e***k\u2069 \u2066@T***a\u2069 #ihaveadream https://***nT', '-']",-,content_B,post
t0293,u1361,2019-03-07 16:40:40+00:00,MeToo,B***a,R. Kelly’s arrest barely scratches the surface of a much-needed #MeToo reckoning for Black girls https://***Jc via @n***s,"['Blockbuster #MeToo story about @W***t from @T***R @k***s and @T***7 https://***xO', 'Even in female majority professions in healthcare, like nursing and PAs, pay inequity exists. #TIMESUP #TIMESUPHC @T***W https://***jV', 'R. Kelly’s arrest barely scratches the surface of a much-needed #MeToo reckoning for Black girls https://***Jc via @n***s', '-']",-,content_C,post
t2573,u1619,2022-02-10 12:56:42+00:00,MeToo,i***e,"L'Olanda avrà il suo commissario al #MeToo: si tratta di Mariette Hamer, ex leader del partito laburista. È la misura adottata dal governo per fronteggiare i recenti scandali sessuali https://***RF","['@Z***n @j***7 @J***_ @F***I had tijd geleden contact met een bekende showbizz fotograaf en hij liet me geregeld apps zien welke grote getrouwde voetbal grootheid nu weer sex had met #nieuwsteveroveringen #Peepressure heel #sneu tegen mekaar opdoen treurig sukkel #voetbalwereldje #Overmars #Scoren #MeToo', 'Three graduate students file sexual harassment suit against prominent Harvard anthropology professor, John Comaroff. #highered @B***e https://***S1', ""L'Olanda avrà il suo commissario al #MeToo: si tratta di Mariette Hamer, ex leader del partito laburista. È la misura adottata dal governo per fronteggiare i recenti scandali sessuali https://***RF"", '-']",-,content_C,post
t2038,u0106,2021-12-21 18:55:27+00:00,MeToo,p***h,"But even more important is this observation: “sex-positive framings of #MeToo as a threat to individual liberty, due process, and personal privacy are feeding into a dynamic that stands to increase the already powerful appeal of carceral feminism.” Why?","['NOPE #IWILLNOTCOMPLY https://***ae', '#iwill Fund supports young people to access high quality social action opportunities. https://***kf', 'But even more important is this observation: “sex-positive framings of #MeToo as a threat to individual liberty, due process, and personal privacy are feeding into a dynamic that stands to increase the already powerful appeal of carceral feminism.” Why?', '-']",tweet_B,content_C,reply
t3968,u1863,2017-12-06 20:56:52+00:00,MeToo,M***g,"Lovely, personal stories from @n***l on why she signed #metoonatsec letter. It happens to all of us. https://***F5","['Lovely, personal stories from @n***l on why she signed #metoonatsec letter. It happens to all of us. https://***F5', ""'The Silence Breakers' from #MeToo movement named @T***E's person of the year https://***02"", 'A #MeToo survey of China\'s media industry inspired 60 women to share their stories, 59 who wanted to remain anonymous. ""Most people still think it is shameful for the victims” https://***w2 https://***Zk', '-']",-,content_A,post
t2449,u1473,2022-02-08 00:30:32+00:00,MeToo,A***r,BREAKING: House easily approves bipartisan bill to ban forced arbitration of #MeToo claims — Senate to take up as soon as this week &amp; it is expected to become law. https://***jp via @1***s,"['Women spoke up, men cried conspiracy: inside Axel Springer’s #MeToo moment https://***gz', 'BREAKING: House easily approves bipartisan bill to ban forced arbitration of #MeToo claims — Senate to take up as soon as this week &amp; it is expected to become law. https://***jp via @1***s', ""One of those stories you wish you'd written by the colleagues at @F***T Women spoke up, men cried conspiracy: inside Axel Springer’s #MeToo moment https://***GP"", '-']",-,content_B,post
t2269,u3116,2022-01-27 22:47:01+00:00,MeToo,M***T,"While Bumble has acknowledged Lauren’s death and offered their support to her family during this difficult time, we hope they and other online spaces will reflect on how their platform could make Black women and femmes more vulnerable to violence and death. #MeToo https://***m8","['‘Der findes et sted inde i mig selv, hvor jeg har gemt på alle mine ar og traumer fra et arbejdsliv som kvinde i den danske restaurationsbranche’ Vi har slet ikke talt nok om krænkelser i restaurationsbranchen #sexisme #metoo Læs med her👇 https://***Ci', 'Hi, I’m Melanie. I’m 41, a technology consultant, and single parent. I also have autoimmune disabilities that puts me at an increased risk for serious complications. #IHaveAPreexistingCondition - Does #chronicIllness look different than you imagined? #myastheniagravis #lupus https://***hB', 'While Bumble has acknowledged Lauren’s death and offered their support to her family during this difficult time, we hope they and other online spaces will reflect on how their platform could make Black women and femmes more vulnerable to violence and death. #MeToo https://***m8', '-']",-,content_C,post
t3161,u0437,2022-02-20 02:00:00+00:00,MeToo,A***e,Why are institutions not held #accountable when they neglect to immediately report allegations of abuse to authorities? #theyknew #Churchtoo #keepkidssafe https://***pB,"['Let all the glory of this nation that has departed be restored, in the name of Jesus Christ. Testing site 1. Ernest Agbada online. #privatisation #PublicRelations #Politics #World #Ihaveadream #Slavery #ICO #HMRC #mertoncouncil #LabourParty #jounalist #MentalHealthMatters #NDC https://***Iz', 'Why are institutions not held #accountable when they neglect to immediately report allegations of abuse to authorities? #theyknew #Churchtoo #keepkidssafe https://***pB', 'Ahora me llama hipocrita, zafada, se burla del acoso que sufri, pero esto que hace ella de intentar callarme es acoso. Me pide que me exponga a los insultos de su grupo, de un grupo que apoyaria el acoso en mi contra. #acoso #metoo #nomassilencio #callatetu #nomasacoso https://***51', '-']",-,content_B,post
t2220,u1202,2022-01-23 14:18:32+00:00,MeToo,R***S,"@G***e #IHaveNotSeen Grease, Pretty In Pink, The Breakfast Club, Dirty Dancing, etc. etc.","['Heel Nederland is op #metoo wou bijna zeggen #metoo maar dan zou ik liegen en dat mag niet van mijn moeder. Ohja het is nog fftjes #terugvolgvrijdag', 'This makes him sound kind of reasonable.. He’s not. When asked what needed to change, he said the problem is “the women, they don’t come forward.” When the reporter pressed on to see if he might mention the men in this equation, he looked completely clueless. #johndemol #metoo https://***Kc', '@G***e #IHaveNotSeen Grease, Pretty In Pink, The Breakfast Club, Dirty Dancing, etc. etc.', '-']",tweet_B,content_C,reply
t2097,u0451,2022-01-06 15:27:52+00:00,MeToo,_***_,هنوز نگفتین چرا دو تا زدین؟!! #من_هم_شمعی_روشن_خواهم_کرد #IWillLightACandelToo,"['#من_هم_شمعی_روشن_خواهم_کرد برای ۱۷۶ انسان بی گناه که دو سال پیش به بیرحمانهترین شکل غمشون را به دل خیلی ها گذاشتند . #PS752 #ps752justice #هواپیمای_اوکراینی #IWillLightACandleToo https://***Tq', 'شمع روشن میکنید دمتون گرم ولی باید این درد رو فریا زد، باید جنگید برای گرفتن حقشون... #IWillLightACandleToo #ps752justice', 'هنوز نگفتین چرا دو تا زدین؟!! #من_هم_شمعی_روشن_خواهم_کرد #IWillLightACandelToo', '-']",-,content_C,post
t1831,u2996,2021-09-14 15:46:22+00:00,MeToo,I***s,"The #MeToo movement exposed how gagging clauses have, for decades, silenced victims of sexual crimes and workplace misconduct. Until recently, calls for stronger legal protections for employees had resulted in scant reform. @c***e ...by @r***n https://***eF","['Not all accused men are guilty, do fair justice Not all women are innocent treat them as guilty #498A #DV2021 #dvAct #MeToo #menToo #ParentalAlienation #fakeRape #Crime', 'Indian justice #498A #DV2021 #DV #Justice #Indian #India #JusticeMatters #MeToo #mentoo https://***4d', 'The #MeToo movement exposed how gagging clauses have, for decades, silenced victims of sexual crimes and workplace misconduct. Until recently, calls for stronger legal protections for employees had resulted in scant reform. @c***e ...by @r***n https://***eF', '-']",-,content_C,post
t1774,u3020,2021-06-30 17:31:35+00:00,MeToo,C***i,Interesting that prosecutors were allowed to introduce 1 prior bad acts witness in Cosby’s first trial. After #metoo the same judge allowed 5.,"['#metoo kalder på en ny alkoholkultur, siger Mikael Wandt Laursen. Artiklen er bag betalingsmur, men finder du vej igennem, så er der nogle rigtig gode pointer 👍 https://***sK', 'PLEASE NOTE! 👇🏾👇🏾👇🏾#MeToo', 'Interesting that prosecutors were allowed to introduce 1 prior bad acts witness in Cosby’s first trial. After #metoo the same judge allowed 5.', '-']",-,content_C,post
t3814,u1073,2022-03-04 04:22:42+00:00,MeToo,S***9,-,"['This devastating act of violence could have been prevented. #BelieveWomen https://***bG', 'When I was sexually assaulted by police &amp; by other strangers, where was this assistance? #metoo #defundthepolice #breakthebluewallofsilence https://***Hw', 'Honored to be part of this important dialogue #MeToo h/t @K***y https://***5Y', '-']",tweet_A,-,retweet
t2651,u1331,2022-02-11 18:30:00+00:00,MeToo,P***t,"#USA: In a survey of 148 Native American women living in #Seattle, only 8% of cases of a rape or coercion victim’s first attack ended in a conviction https://***j6 #VAW #Rape #MeToo #YesAllWomen","['Today’s digital sovereignty also means political and economic sovereignty. Beyond surveillance capitalism and digital authoritarianism, Europe has a chance to chart a path for a digital humanism grounded in democracy, rights, sustainability, and autonomy. https://***hu', '#USA: In a survey of 148 Native American women living in #Seattle, only 8% of cases of a rape or coercion victim’s first attack ended in a conviction https://***j6 #VAW #Rape #MeToo #YesAllWomen', '""Elles ont entre 8 et 20 ans de métier. Elles acceptent de raconter leur quotidien à l\'heure de la vague #MeToo, entre libération de la parole et refus de prendre les plaintes au commissariat."" @F***e @C***e https://***Uz via @f***r', '-']",-,content_B,post
t3933,u1171,2022-03-08 13:27:00+00:00,MeToo,O***E,"Gewalt gegen Frauen ist in den letzten Jahren durch die #MeToo-Debatte in die breite Öffentlichkeit gelangt. Doch durch COVID-19 eskalierte eine Pandemie, die es schon sehr viel länger gibt: geschlechtsspezifische Gewalt. https://***LA","['@J***e @b***a @a***a @p***p And now Castillo is suing victims who outed him, and @P***P is threatening students with suspension for speaking out about him. Where is the #archaeology community? Will he be ostracized and isolated so he can no longer hurt vulnerable students? Will PUCP act? #MeToo', 'A tattoo artist has been accused of sexual assault by several women. This has started a #MeToo wave in Kerala. I hosted a discussion with Arsha, a complainant, Varsha an ally and my colleague @g***i. Do watch https://***tA https://***nO', 'Gewalt gegen Frauen ist in den letzten Jahren durch die #MeToo-Debatte in die breite Öffentlichkeit gelangt. Doch durch COVID-19 eskalierte eine Pandemie, die es schon sehr viel länger gibt: geschlechtsspezifische Gewalt. https://***LA', '-']",-,content_C,post
t2218,u1344,2022-01-23 12:58:33+00:00,MeToo,b***e,@G***e #ihavenotseen majority of nicholas cage movies- srry he just so one note to me. Though i did like him in that movie where he was a mute janitor being hunted by five nights at freddys ripoffs,"['@G***e #ihavenotseen majority of nicholas cage movies- srry he just so one note to me. Though i did like him in that movie where he was a mute janitor being hunted by five nights at freddys ripoffs', '@b***d Maar dat je dit nu - in #metoo tijdperk - nog steeds niet ziet vind ik toch onbegrijpelijk. Het gebrek aan begrip en empathie in het interview was zo ontzettend pijnlijk.', 'Dank je wel @h***p voor je heldere en stevige reactie over #oelewapper #fail @J***1. Dat geeft mij als #survivor enige hoop dat er nog integere normale mannen zijn. #metoo', '-']",tweet_C,content_A,reply
t3636,u0034,2022-02-28 21:52:05+00:00,MeToo,C***M,-,"[""Salutations to that #narcissisticneighbor talking about me poking fun about my mother being here well she's here what seems to be the problem with that? Lol. Jealous about my relationship? Be well and God bless 🙌 🙏 ❤ #narcissisticabuse #mentalhealthawareness #MeToo #retweet"", '#determination #youcandoit #yougotthis #justdoit #success #beyourself #dreams #dedication #selfdiscipline #effort #believe #believeinyourself #love #ican #iwill #energy #succeed #passion #consistent #persistent #imagination #determination #loveyourself #loveyourselffirst https://***un', ""I see #WeShouldCancel is trending on Michael Kimmel's birthday. Sometimes these tweets just write themselves... #MeToo #MeTooPhD #soctwitter #Sociology"", '-']",tweet_C,-,retweet
t2377,u3074,2022-02-04 11:45:41+00:00,MeToo,f***i,#IWillNotWatch. Watch the alternative opening ceremony provided to you by the #NoBeijing2022 coalition! 🤩 https://***HX,"[""CNN President Jeff Zucker resigns - admits having a relationship w his female employee A producer arrested for having sex with a child Don Lemon is being sued for sexually assaulting a bartender. Where's #MeToo feminists are they marching in front of CNN headquarters?"", '#IWillNotWatch. Watch the alternative opening ceremony provided to you by the #NoBeijing2022 coalition! 🤩 https://***HX', 'Well done @c***r #TimesUpTwitter ban #Nazi accounts today @P***y @T***r https://***xf', '-']",-,content_B,post
t1878,u0808,2021-10-12 20:05:14+00:00,MeToo,H***h,Attending #KubeCon in person? Stop by the @A***m booth...we not only have awesome solutions to showcase....but some pretty sweet giveaways.😉 #edgecomputing #datacenter #cloudcomputing #5gtechnology #neoverse #IWillMakeYouEarnTheGoodOnes https://***1D,"['Attending #KubeCon in person? Stop by the @A***m booth...we not only have awesome solutions to showcase....but some pretty sweet giveaways.😉 #edgecomputing #datacenter #cloudcomputing #5gtechnology #neoverse #IWillMakeYouEarnTheGoodOnes https://***1D', '@n***j as a science communicator, speaks about the exclusions in various fields of science, including the #MeToo movement and the lack of institutional support that usually accompanies this.', '@A***_ #MeToo', '-']",-,content_A,post
t3433,u2875,2022-02-24 08:12:15+00:00,MeToo,S***r,"Es bedarf einer Frau, um den Rücktritt von Mathias #doepfner vom @B***e zu fordern. Die Männerriege ist geeint in stiller Bewunderung und der Angst vor @a***r. Respekt und Dank an Julia Becker @F***N #MeToo @s***z https://***iP @t***2","['Es bedarf einer Frau, um den Rücktritt von Mathias #doepfner vom @B***e zu fordern. Die Männerriege ist geeint in stiller Bewunderung und der Angst vor @a***r. Respekt und Dank an Julia Becker @F***N #MeToo @s***z https://***iP @t***2', ""@P***e #StopPutin's global terrorism already. ⏰ When people tell you they are — including how dangerous — believe them &amp; ACT! It must be #TimesUp for evil, violent &amp; abusive Putin. #StandWithUkraine + the world's people, democracies, societies &amp; earthly life! https://***c6"", 'Super proud promotor! Very much deserved, @S***h ! Great news for the Gene Doe spin-out of our @I***p project on #forensic applications of #microbial fingerpinting in sexual assault investigations. #WomenInSTEM #MeToo #microbiome @M***p @B***n https://***m1 https://***K2', '-']",-,content_A,post
t0121,u1311,2018-10-14 15:22:47+00:00,MeToo,C***1,So I missed the surf here at my home break. I think I need to start taking a lil more me time instead of the other... #IHavePTO#useit😳😳🙌🏼 https://***I9,"['Bollywood folk just found out there are sexual predators on their payroll. What a revelation! #TimesUp', 'So I missed the surf here at my home break. I think I need to start taking a lil more me time instead of the other... #IHavePTO#useit😳😳🙌🏼 https://***I9', 'Efter #metoo: ""Nu ser man fler produktioner som drivs av kvinnor"" - Studio Ett https://***XU via @s***t @s***s @s***r', '-']",-,content_B,post
t2967,u0177,2022-02-17 10:33:23+00:00,MeToo,F***n,"The nail: India’s #MeToo movement. The hammer: defamation law. How did MJ Akbar v/s Priya Ramani deal with Indian law’s hostility to women’s desire for social change? OTD last year, a Delhi court gave a potentially landmark judgement. @m***o https://***T8","['https://***Zo RT-11 #Metooindia #FeminismIsCancer #Feminism #Patriarchy #GenderBiasedLaws #stopfeminism #feminist #fakefeminism #MensLivesMatter #SaveOurSons #InternationalMensDay #toxicfeminism #genderbiased #women #metoo #rape #womenempowerment #WomensRights #female', 'We spoke to @R***t at @I***t about the culture in healthcare, in particular around #sexualharassment, #sexualassault and #rape The numbers are unacceptable and we *know* that it’s under-reported &amp; ignored/normalised. Change is coming #surgery #medtwitter #MeToo https://***nI', 'The nail: India’s #MeToo movement. The hammer: defamation law. How did MJ Akbar v/s Priya Ramani deal with Indian law’s hostility to women’s desire for social change? OTD last year, a Delhi court gave a potentially landmark judgement. @m***o https://***T8', '-']",-,content_C,post
t2591,u2335,2022-02-10 16:56:52+00:00,MeToo,S***3,"Why Congress is moving against sexual harassment, 4 years after #MeToo - POLITICO https://***Nz via @G***s","['Why Congress is moving against sexual harassment, 4 years after #MeToo - POLITICO https://***Nz via @G***s', 'Seventy-three professors have now signed a letter expressing “strong opposition"" to the actions of the first 38. Twitter has been vocal. #harvardletter https://***io', 'Join us TOMORROW at 6:30 PM ET as we Count It All Joy + explore the full continuum of emotions. @J***e, Amaya Langley, and MawuLisa Thomas-Adeyemo will lead us in a robust inter-generational convo on the transformative power of joy https://***Ey #metoo https://***98', '-']",-,content_A,post
t3038,u0326,2022-02-18 08:18:04+00:00,MeToo,d***i,Ελένη Καρακάση: «Ο Πέτρος Φιλιππίδης ήταν ένα ηφαίστειο έτοιμο να εκραγεί» https://***kR #AgriesMelisses #Ant1news #ant1tv #news #media #SHOWBIZ #Gossip #Spoilers #SPOILER #SpoilerAlert #tvtime #MeToo #metooGR #studio4ert #TVSeries,"['Ελένη Καρακάση: «Ο Πέτρος Φιλιππίδης ήταν ένα ηφαίστειο έτοιμο να εκραγεί» https://***kR #AgriesMelisses #Ant1news #ant1tv #news #media #SHOWBIZ #Gossip #Spoilers #SPOILER #SpoilerAlert #tvtime #MeToo #metooGR #studio4ert #TVSeries', 'Goedemorgen.., #triggered #triggerwarning #metoo #vaccinatiedwang #tribunalen #versoepelingen #marriëtteHamer #politiek #politie #vrijheid #veranrwoordelijkheid #moeite #zorg #plicht https://***la', ""The officers responsible for #JusticeforBreonnaTaylor death were not charged for her homicide on a no-knock warrant, with the exception of Brett Hankison charged with wanton endangerment for firing into a neighboring apartment wall.The officers' commander was demoted. #MeTooVoter"", '-']",-,content_A,post
t3886,u0338,2022-03-05 22:06:17+00:00,MeToo,s***y,I have spend over 60 k on my human rights complaint and it hasn’t even began! Now the want to get rid of it so are we getting refunds or are they just going to take our money and send us back to our abusive all white male unions who keep protecting sexual predators? #MeToo #NDA,"[""@k***e I I I Should you be going out if you have pulled / sprained a boob? Also - I am a huge wuss but doesn't the removal afterwards bother you? #IHaveNotTapedMyBoobs"", 'I have spend over 60 k on my human rights complaint and it hasn’t even began! Now the want to get rid of it so are we getting refunds or are they just going to take our money and send us back to our abusive all white male unions who keep protecting sexual predators? #MeToo #NDA', '#WomenShapingtheWorld Festival 24 Hours, 24 Women, 24 Stories #H24Arte is a powerful post #Metoo era manifesto #InternationalWomensDay screening + reading by Marilyne Canto &amp; talk w/co-creator Valérie Urrea. 8 March at #CinéLumière 👉https://***vU https://***oT', '-']",-,content_B,post
t3716,u2105,2022-03-02 15:51:47+00:00,MeToo,J***e,"The ambush was the thrill for him. If he'd talked about that, I might have thought the $10 was worth it. #MeToo","['I am in the habit of believing in women. #TheBachelor #TheBachelorABC #believewomen #metoo', ""The ambush was the thrill for him. If he'd talked about that, I might have thought the $10 was worth it. #MeToo"", 'Stop police sexual violence against Women. Stop protecting sexual predators. Stop NDAs. #MeToo #NDA #Breakthebluewallofsilence https://***iQ', '-']",tweet_C,content_B,reply
t2539,u0570,2022-02-09 19:49:21+00:00,MeToo,g***4,Oh @R***a I finally can send you one of these if you want one. I think you deserve it. #IBelieveTaraReade https://***cz,"['“ .... we leven toch niet meer in de #middeleeuwen. We nagelen toch niemand meer aan de #schandpaal, we bespuwen of stenigen geen mensen.” #MeToo https://***Cq', 'The measure, passed on a 335-97 House vote, reflects rare bipartisan agreement in Congress that stems from the #MeToo movement that prompted a national reckoning on the way sexual misconduct claims are handled in the U.S. https://***T7', 'Oh @R***a I finally can send you one of these if you want one. I think you deserve it. #IBelieveTaraReade https://***cz', '-']",-,content_C,post
t2802,u0319,2022-02-15 10:26:33+00:00,MeToo,m***w,I realized that these people were only causing harm to my life and that it wasn't worth it. #metoo #PTSD #CPTSD #BPD #domesticabuse #domesticviolence #sexualviolence #intergenerationaltrauma #transgenerationaltrauma,"[""I realized that these people were only causing harm to my life and that it wasn't worth it. #metoo #PTSD #CPTSD #BPD #domesticabuse #domesticviolence #sexualviolence #intergenerationaltrauma #transgenerationaltrauma"", 'You have raised a great point! How many people need to speak publically to force a change? The Federal Gov &amp; lack of empathetic leadership is starting to feel like a lightbulb changing joke. #metoo #reckoning #WhyNot #GraceTame #stewardship #allyship #inclusion #divesity https://***1V', ""#CorpMedia #Idiocracy #Oligarchs #MegaBanks vs #Union #Occupy #NoDAPL #BLM #SDF #DACA #MeToo #Humanity #DemExit #FeelTheBern America's political establishment isn't in the least troubled by voters' semi-literate paranoia; they're banking on it... https://***51 https://***dy"", '-']",tweet_B,content_A,reply
t3807,u1943,2022-03-04 00:17:04+00:00,MeToo,J***D,"#CloseTheSky already &amp; rescue #Ukraine — plus all our democracies &amp; the entire world. ⏰🕯️🇪🇺🇺🇦🇺🇸✨‼️ It must be #TimesUp for evil incarnate Putin who has no right to destroy, sabotage &amp; threaten all our nations nor our world. #RESIST far more already. https://***n8","['How has the #MeToo movement impacted the financial industry? @L***C and @K***h look at the progress that has been made and what still needs to be done. #BreakTheBias https://***AZ https://***MS', 'BELIEVE WOMEN #believewomen #metoo #TheBachelor #BachelorNation', '#CloseTheSky already &amp; rescue #Ukraine — plus all our democracies &amp; the entire world. ⏰🕯️🇪🇺🇺🇦🇺🇸✨!!️ It must be #TimesUp for evil incarnate Putin who has no right to destroy, sabotage &amp; threaten all our nations nor our world. #RESIST far more already. https://***n8', '-']",-,content_C,post
t3207,u2236,2022-02-20 16:30:00+00:00,MeToo,D***C,"Years after an explosion of accusations centered on the media industry, the #MeToo movement has not had any lasting effects in Sri Lanka. https://***r1","['This is a message boys need to hear as well, &amp; that\'s why we wrote, ""What is a Little Boy Worth?""However, perhaps the most surprising response to this book has been from grown men. Men &amp; boys often suffer in shame and silence &amp; feel that movements like #metoo are not for them.', 'Interesting 🤨 #video #allegation #johnnydepp #abusehasnogender #evanrachelwood #hypocrite #media #BehindTheScenes #interesting #metoo #timesup #Hollywood #socialmedia #CancelCulture https://***fV', 'Years after an explosion of accusations centered on the media industry, the #MeToo movement has not had any lasting effects in Sri Lanka. https://***r1', '-']",-,content_C,post
t3906,u2975,2022-03-07 07:43:58+00:00,MeToo,i***s,The Shocking Letter of a Woman Who Was Brutally Raped by Malayalam Film Director @M***e @T***R @b***e #MeToo @W***e @y***s @E***s https://***pS,"['@s***y Thanks for the heads up my friend. Even I have heard of Howard Levitt. #Metoo #AbhorBullies', 'The Shocking Letter of a Woman Who Was Brutally Raped by Malayalam Film Director @M***e @T***R @b***e #MeToo @W***e @y***s @E***s https://***pS', 'When Ricky Rivera moves to Florida following the death of his mother, he quickly finds comfort and friendship within an unlikely group of misfits causing for one epic summer. The Sandlot meets the Outsiders YA Contemporary❤️ #pitlight #lookingforbetas #WIP #YA #IHAVETOOMANYWIPS https://***KN', '-']",-,content_B,post
t3634,u0640,2022-02-28 21:37:28+00:00,MeToo,P***f,-,"[""@R***K @C***a @S***5 @a***3 @s***1 @G***0 @t***r @T***_ @c***6 Reminds me of #Ambala's famous #PooranSinghKaAsliDhaba and its many #MeToo Prtenders on #GTRoad with similar claims. But what is is pleasing best outcome is healthy competition resulting in better taste for Patrons."", 'Interessant, als het een man die #metoo beschuldigd wordt dan is hij meteen schuldig en geen weerwoord. Als het echter een #Türkye #Volt #vrouw is als #metoo dader dan kan ze alleen slachtoffer zijn in de media. #extreemhypocriet 🤮🤮 https://***7L', '#NFT #NFTs #Crypto #XCGIFoundation #paratoken #Iwilloutlastyou #cryptocurrency #crypto @b***n @s***e @L***n @0***m @K***Q @C***e https://***x0', '-']",tweet_B,-,retweet
t1969,u2389,2021-11-26 18:55:07+00:00,MeToo,m***i,"En politique, l’espoir d’une campagne sous le sceau de #MeToo. Par @M***n ⤵️ https://***gL","['Thanks to support from #iWill for Squirrels, we’ve been holding young leader forums to make sure our young people have their voices heard. Learn more: https://***Vv @D***S @T***d', ""With so much international attention on Peng Shuai, could this be a turning point for China's #MeToo movement? Sign up to read this and more, in our weekly Chinese language newsletter from @n***e https://***ZN"", 'En politique, l’espoir d’une campagne sous le sceau de #MeToo. Par @M***n ⤵️ https://***gL', '-']",tweet_A,content_C,reply
t2525,u1535,2022-02-09 15:24:13+00:00,MeToo,k***e,"An absolutely stunning, nuanced read on the possibilities -- and limitations -- of redemption for an accused man in the #MeToo era. huge kudos @k***r! https://***nA","[""Aujourd'hui j'écris pour @A***t qui repartage le témoignage surréaliste de LJH, doctorante de l'@u***e . Vous pouvez retrouver le jugement du tribunal administratif de Lille dans son intégralité. L'impunité doit cesser. #MeTooRecherche https://***KT"", '@N***t #NoBeijing2022 #BoycottBeijing2022 #NoRightsNoGames #HumanRightsViolations #IWillNotWatch #BoykotPekin2022 #SoykırımOyunları #DoğuTuerkistandaSoykırımVar #DoğuTürkistan #UygurSoykırımı https://***t2', 'An absolutely stunning, nuanced read on the possibilities -- and limitations -- of redemption for an accused man in the #MeToo era. huge kudos @k***r! https://***nA', '-']",-,content_C,post
t3997,u3258,2018-05-03 05:40:01+00:00,MeToo,I***y,"""The professors and scholars, with their big names and big books we had read fleetingly, we didn’t want to think of them as harassers. We suddenly wanted nuance in this story."" A 22-year-old student on #MeToo on the Indian campus https://***Lq","['#TimesUp https://***FV', '""The professors and scholars, with their big names and big books we had read fleetingly, we didn’t want to think of them as harassers. We suddenly wanted nuance in this story."" A 22-year-old student on #MeToo on the Indian campus https://***Lq', '4) @W***p paper: ""#MeToo: Neural Detection and Explanation of Language in Personal Abuse Stories"" by Sweta Karlekar (@S***r). All camera-ready versions coming soon (meanwhile, all our NAACL pdf\'s are up at https://***)! #UNCNLP #TACL #ACL2018 #WiNLP', '-']",-,content_B,post
t2923,u0625,2022-02-16 21:00:42+00:00,MeToo,G***7,"From day 1 of my 1,219 days sentence the lump on the tattoo started to grow and grow. Screws and Cons alike said Jesus smelt something was not right with my case. They were right #Soundtracktoalife my story #TrueStory #Documentary #book #CSA #prison #seekingjustice #MeToo ✍️🇬🇧⚖️ https://***oh","['#Ρονάλντο https://***Yf #MeToo #salonikaplus #sasmos #agriesmelisses #radioarvyla #MasterChefGR #superkaterina #eleni #TheChaseGR #survivorgr #The2NightShow #metooGR #shoppingstar #gitiselias #Θεσσαλονίκη #metoogreece #ΕΛΛΑΔΑ #kalytera #λιγναδης #κορονοιος #πατρα', 'From day 1 of my 1,219 days sentence the lump on the tattoo started to grow and grow. Screws and Cons alike said Jesus smelt something was not right with my case. They were right #Soundtracktoalife my story #TrueStory #Documentary #book #CSA #prison #seekingjustice #MeToo ✍️🇬🇧⚖️ https://***oh', 'https://***4L RT-11 #Metooindia #FeminismIsCancer #Feminism #Patriarchy #GenderBiasedLaws #stopfeminism #feminist #fakefeminism #MensLivesMatter #SaveOurSons #InternationalMensDay #toxicfeminism #genderbiased #women #metoo #rape #womenempowerment #WomensRights #female', '-']",-,content_B,post
t2545,u1678,2022-02-09 23:39:16+00:00,MeToo,b***o,2. Why do I have to call Eileen Gu out ？ Cus she is willingly be CCP‘s propagandist on whitewashing #Pengshuai’s #metoo case. https://***0T,"['滕彪:彭帅的情况,与过去不少维权律师或外国公民所进行的强迫电视认罪类似。他们在巨大压力之下,被迫去说当局让他们说的话。“#彭帅 的情况属于‘强迫失踪过程中的强迫露面’。无论她是与谁一同露面,说什麽样的话,都是被安排的。” #pengshuai #beijing2022 #metoo https://***p5', 'The puritans are at it again. You can fall in love with your boss and have a committed marriage, you can fall in love with your former grad student and have a steadfast relationship. The idea that ""power differentials"" overrides the power of love is nonsense. https://***Bq', '2. Why do I have to call Eileen Gu out ? Cus she is willingly be CCP‘s propagandist on whitewashing #Pengshuai’s #metoo case. https://***0T', '-']",tweet_A,content_C,reply
t1289,u1649,2020-10-19 13:03:46+00:00,MeToo,e***n,"I’ve been writing a book about raising boys after #metoo &amp; I’m thrilled to share its cover! So grateful to everyone — especially the boys and young men — who shared time, experience &amp; expertise with me. It comes out in March but you can pre-order now: https://***Hr https://***Cx","['Today is a great day to vote @r***p out of office! Vote Early - Vote @J***n! #Iwillvote #DumpTrump #BidenHarris2020 #Vote', 'I’ve been writing a book about raising boys after #metoo &amp; I’m thrilled to share its cover! So grateful to everyone — especially the boys and young men — who shared time, experience &amp; expertise with me. It comes out in March but you can pre-order now: https://***Hr https://***Cx', ""#iwillvote Select your state, make sure you're registered to vote, then choose how you're going to vote this year. https://***wW"", '-']",-,content_B,post
t2114,u0791,2022-01-09 00:20:30+00:00,MeToo,e***e,Lets take a moment to remember our friends and colleagues who lost their lives in #PS752 plane crash. Some of them were inspirations in the community and they will remain in our hearts for ever. 😔🖤🖤🖤 #IWillLightACandleToo https://***QU,"['Lets take a moment to remember our friends and colleagues who lost their lives in #PS752 plane crash. Some of them were inspirations in the community and they will remain in our hearts for ever. 😔🖤🖤🖤 #IWillLightACandleToo https://***QU', 'حیف از اون لبخندها که سوختند. #PS752 #IWillLightACandleToo https://***lI', '#IWillLightACandleToo', '-']",-,content_A,post
t2426,u0068,2022-02-07 04:34:32+00:00,MeToo,I***s,"Peng Shuai, the tennis star in the middle of a #MeToo firestorm in China, abruptly announces her retirement from the sport https://***Pw","['Details of two carefully controlled encounters with tennis star Peng Shuai were released as Chinese and international Olympics officials attempted to douse the country’s biggest #MeToo controversy https://***sw', 'Brisbane flash mob 🇦🇺 - Boycott Beijing 2022 Last Friday marks the commencement of the @b***2. We called for a total boycott of the @B***2 Winter Olympics, urging people not to watch the game. #NoBeijing2022 #BoycottBeijing2022 #FreeHongKong #IwillNotWatch https://***tO', 'Peng Shuai, the tennis star in the middle of a #MeToo firestorm in China, abruptly announces her retirement from the sport https://***Pw', '-']",-,content_C,post
t3872,u2921,2022-03-05 10:56:45+00:00,MeToo,n***n,-,"['Regrets raping me, still raped me. #MeToo', ""All the President's Men, by @c***n and @r***d Two @w***t journalists chronicle their investigation into the 1972 Watergate scandal and the major political fallout in the USA. https://***5f"", '@A***m #IWillNeverForget #Genocide #NotSoLongAgo', '-']",tweet_C,-,retweet
t3882,u2722,2022-03-05 17:55:03+00:00,MeToo,I***l,Lawsuit Claims Marylin Manson Victim Of Elaborate #metoo Scheme - https://***Nu https://***Vy,"['Where are the boundaries, the actual boundaries? When do we determine, enough is enough? https://***tb #metoo #youtoo https://***kx', 'Hey y’all. Software dev and test is awesome, but please do a solid and do something for Ukraine. Donate. Educate. Speak truth to power. Fight. Defend. #IWillNotBeSilent 🇺🇦 🇺🇦 🇺🇦', 'Lawsuit Claims Marylin Manson Victim Of Elaborate #metoo Scheme - https://***Nu https://***Vy', '-']",-,content_C,post
t3975,u0680,2018-01-10 05:00:54+00:00,MeToo,E***D,"Sexism, Harassment, and Women in Anesthesiology by @R***6 @s***s @C***Q @w***h #WomenInMedicine #genderequality #TIMESUP https://***7O","[""@R***h #MeToo but its not about gender or color, it's about leadership. Hopefully there is a black woman who can lead us!"", '#OprahWinfrey Thatwas the most inspiring speech for women. You are a gift to this world. #GoldenGlobes2018 #WhyWeWearBlack #MeToo', 'Sexism, Harassment, and Women in Anesthesiology by @R***6 @s***s @C***Q @w***h #WomenInMedicine #genderequality #TIMESUP https://***7O', '-']",-,content_C,post
t1650,u0747,2021-02-26 00:03:36+00:00,MeToo,a***e,Unlike the push of this article I don’t believe that rape victims shouldn’t report to police (they should)—but this is posted rather to help people understand the growth of the #metoo movement + why I write about sexual assault online. #citizenjournalism https://***W?,"['@N***o this sure didn’t age well #CuomoCoverup #believeallwomen', ""The spectacular rise and fall of Brett Ratner, Hollywood's playboy prince. The #TimesUp movement responded; “You don't get to go away for a couple of years and then resurface and act like nothing happened.” by @M***y for @T***h https://***c8"", 'Unlike the push of this article I don’t believe that rape victims shouldn’t report to police (they should)—but this is posted rather to help people understand the growth of the #metoo movement + why I write about sexual assault online. #citizenjournalism https://***W?', '-']",-,content_C,post
t1926,u1553,2021-11-11 13:17:57+00:00,MeToo,i***a,"#Repost | Des étudiantes de la faculté des sciences juridiques de Tunis ont manifesté pour dénoncer une affaire de harcèlement sexuel. En 2019, les élèves de l'ENS protestaient contre leur enseignant Aymen Hacen, accusé de harcèlement. #EnaZeda #MeToo https://***S9","['geez ... @J***y doesn’t miss ... like her words &gt;&gt;&gt;&gt; #IWill', ""#Repost | Des étudiantes de la faculté des sciences juridiques de Tunis ont manifesté pour dénoncer une affaire de harcèlement sexuel. En 2019, les élèves de l'ENS protestaient contre leur enseignant Aymen Hacen, accusé de harcèlement. #EnaZeda #MeToo https://***S9"", ""Let's celebrate the men in our lives for who they are! Tune in to the International #MensDay binge on November 19, all day long. #Men #gentleman #internationalmensday #mensrights #mentoo #meninist #equality #himtoo #masculinity #mensday #meninism #malepositivity #youareamazing https://***M5"", '-']",-,content_B,post
t3753,u2002,2022-03-03 02:57:33+00:00,MeToo,R***0,-,"['🌞💞🌹✨💞💚💞✨💛💕.#WSLM 💞✨🌿📺🍃🎴💞🌿#LOVE🌹🌿💞✨🎶❤🙏🌹💃🌿💚#EveryDayPeople2022💙🌿🏃🌹✌❤🎶✨🍃...❤💰#MoneyMatters...✌...✨🍃💰✨💞🌿💛🌿💞✨💕💸...🌹💞🎶💛📻 #IHaveSpoken🎴💜🎶💞...#B4✨💞💙🎓😊💚🎩💞✨📺✨👀🎶🌿✨💸https://***p6', '@a***r hey can we be friends? I have some questions about the ego stuff you released back in your Boston crowdfunding days. I am still too kind of #metoo paralyzed to make anything of my clout. 💞🙏🏻🍀✌🏼 I want to use my voice again.', 'Forced Arbitration Ban in #MeToo Cases: What’s Next for Employers? https://***1F', '-']",tweet_C,-,retweet
t3786,u1473,2022-03-03 18:04:19+00:00,MeToo,A***r,"At 5pm today, Biden will sign a bipartisan bill banning the forced arbitration of #MeToo claims. Here's why it matters: https://***ht via @1***s","['Thank u! #HookupCulture also fuels cops attitudes when u try to report #SexualViolence I was #slutshamed repeatedly called a “Whore” #Prostitute after #DomesticViolence #SexualAssault—they can’t imagine women not into this kind of sex! #MeToo #SexualHarassment #femicide https://***0T', ""At 5pm today, Biden will sign a bipartisan bill banning the forced arbitration of #MeToo claims. Here's why it matters: https://***ht via @1***s"", 'Watched Finding neverland this week 1st time seeing it. Grew up when MJackson was at peak fame &amp; the denial was absolutely incredible. Many parallels with how the Catholic church here treated survivors. Abusers are expert groomers. Explained well in the doc #BelieveSurvivors', '-']",-,content_B,post
t2209,u2233,2022-01-22 07:00:50+00:00,MeToo,e***s,Έκανα unfollow όλους τους influencers... Μήπως να το κάνουμε όλοι για να σταματήσουν να υπάρχουν άνθρωποι που μας κουνούν το δάκτυλο;;;;; #βιασμος #με_την_Γεωργια #cancel_influencers #cancel_Αχιλλειον #metooGR #cancel_κοψιαλης #cancel_Touni #cancel_tsimtsili #SuperKaterina,"['#IWillStillWearAMask https://***4d', '""On the Street Where You Live"" is the best Broadway musical song. #IHaveSpoken https://***gy', 'Έκανα unfollow όλους τους influencers... Μήπως να το κάνουμε όλοι για να σταματήσουν να υπάρχουν άνθρωποι που μας κουνούν το δάκτυλο;;;;; #βιασμος #με_την_Γεωργια #cancel_influencers #cancel_Αχιλλειον #metooGR #cancel_κοψιαλης #cancel_Touni #cancel_tsimtsili #SuperKaterina', '-']",-,content_C,post
t2469,u1440,2022-02-08 10:58:58+00:00,MeToo,J***r,-,"['@B***n will you help free Nazanin Zaghari-Ratcliffe or you just singing Gloria Gaynor songs and partying? What about her survival?#FreeNazanin #IWillSurvive', '@S***n Thank you for your leadership in support of #survivors, @S***n! We are hopeful that your bills to help end statutes of limitations for sex crimes will advance soon too. SOLs blocked me from pursuing justice: https://***N7 #MeToo', 'https://***H6 #freedom #Ronaldreagan #downwithtyranny #wethepeople #patriotic #iwillnotcomply #americanflag #madeinamerica #forefathers #betsyross #nofascism #donaldtrump #georgewashinton #americanpride #madeinUSA #americaningenuity #redwhiteandblue https://***RH', '-']",tweet_B,-,retweet
t2629,u1684,2022-02-11 07:43:18+00:00,MeToo,F***e,-,"['Wijze woorden van @H***9. #marcovermars #SeksueleIntimidatie #metoo https://***FZ', '#MeToo: ""Hot."" Build Back Better: Not. https://***oM 😷🌊 #ThursdayThoughts #LGBTQIA 🏳️🌈#NOH8 #Resistance #FBR #StrongerTogether2022 #BLM #Grassroots #Motivation', 'Where there is joy, there is also anger, sadness, and fear. This session will explore the continuum of emotions necessary for survivors to heal and get free. Join us this evening for this intergenerational convo—RSVP here: https://***P0 #metoo https://***UC', '-']",tweet_B,-,retweet
t2898,u0391,2022-02-16 14:33:45+00:00,MeToo,W***r,When a thread full of people are telling you a dude is a fucking creep &amp; that one guy REFUSES to #believeWomen = 🚩🚩🚩🚩🚩🚩🚩🚩🚩🚩🚩🚩🚩🚩🚩🚩🚩🚩🚩🚩🚩🚩🚩🚩🚩🚩🚩🚩,"['#环球时报Editorial: $7 billion is the debt the US owes to the Afghan people, and the US has to pay it back one day. https://***mT https://***KJ', '#IWILLALWAYSLOVEYOU https://***dY #STAYTUNED #KNEELORKILL #KHAZADROPPINGNEXT #HUNTSVILLAINDROPPINGNEXT #COMEBACKSEASON #24SONGS #ALLPLATFORMS! 🅱🇼🅰TM🦅', 'When a thread full of people are telling you a dude is a fucking creep &amp; that one guy REFUSES to #believeWomen = 🚩🚩🚩🚩🚩🚩🚩🚩🚩🚩🚩🚩🚩🚩🚩🚩🚩🚩🚩🚩🚩🚩🚩🚩🚩🚩🚩🚩', '-']",-,content_C,post
t3163,u1849,2022-02-20 02:08:11+00:00,MeToo,r***1,#CorpMedia #Idiocracy #Oligarchs #MegaBanks vs #Union #Occupy #NoDAPL #BLM #SDF #DACA #MeToo #Humanity #DemExit #FeelTheBern America's political establishment isn't in the least troubled by voters' semi-literate paranoia; they're banking on it... https://***51 https://***mQ,"['#Repost @g***9 ••••••• George Michael - Father Figure (1993) @G***l #iwillbetheonewholovesyou #fatherfigure #faithalbum #georgemichael #georgemichaelthelegend #georgemichaelforever #georgemichaellove #originalsounding https://***BA', 'How many #bollywoodactress are ashamed? Where is toponsherry uncle? 🙄 #ChurchToo #churches 🤬😷 Time to separate it for male and female. Make women as pastors pope mothers in #church 🙄 time for women empowerment https://***Rx', ""#CorpMedia #Idiocracy #Oligarchs #MegaBanks vs #Union #Occupy #NoDAPL #BLM #SDF #DACA #MeToo #Humanity #DemExit #FeelTheBern America's political establishment isn't in the least troubled by voters' semi-literate paranoia; they're banking on it... https://***51 https://***mQ"", '-']",-,content_C,post
t3640,u1214,2022-03-01 00:35:06+00:00,MeToo,I***G,-,"[""Nieuw 'Briefje van Jan' - Aan Nilüfer Gündoğan https://***B8 #MeToo #VOLT https://***tT"", '@s***e I wonder what donald jarvis learned at this gathering! These lawyers are trying to figure out how to close the cracks so women wouldn’t be able to speak up like we have! Donald was so angry like he didn’t want the gravy train to end! They are going to learn from US! #MeToo https://***BT', '#F1 #FIA #skyF1 #espn #BBCSport #cnni #eu @a***1 #redbullracing #ROLEX #HP #Honda #TAGHeuer #Siemens #metoo #Oracle #pumamotorsport #istandwithlewis #netflix #whiteprivilege #whitewashing @w***l #ReleaseTheFIAreport #VoidLap58 #misogyny #warwickOUT https://***gz', '-']",tweet_B,-,retweet
t2926,u1663,2022-02-16 22:00:41+00:00,MeToo,T***l,My angst is taking a driver's back seat today. #meToo #recess,"[""My angst is taking a driver's back seat today. #meToo #recess"", 'To the men in positions of power who want to honor women in STEM, things you can do are: -#BelieveWomen and validate their experiences -Do your share of service commitments so we don’t have to do an overload -Stand up against bullying and harassment by creating real consequences', ""S.Korea investigates possible exaggerated advertising in Tesla's mileage https://***bW https://***qt"", '-']",-,content_A,post
t2994,u2490,2022-02-17 17:03:22+00:00,MeToo,d***i,Your Honour: Priya Ramani spoke up during 2018’s MeToo movement. A Union minister filed a criminal case against her. The consequences were severe—but also offered hope for the future by @m***o https://***Bs,"['6/6 #metoo #silentnomore #BOOS #supportwomen #paleontology https://***eR', 'The Association can offer equipment loan and financial support for communication aids. We can also provide guidance on how to obtain equipment and support from health and social care services - some items may be free of charge. Visit 🗣️ https://***nB #IWillAlwaysBeMe https://***Xj', 'Your Honour: Priya Ramani spoke up during 2018’s MeToo movement. A Union minister filed a criminal case against her. The consequences were severe—but also offered hope for the future by @m***o https://***Bs', '-']",-,content_C,post
t2045,u1309,2021-12-23 13:05:11+00:00,MeToo,C***C,"I’m at my following limit, apparently… #arbitrary #IHaveCloseTo5000FollowersSoWhatIsTheFuckingProblem","['I’m at my following limit, apparently... #arbitrary #IHaveCloseTo5000FollowersSoWhatIsTheFuckingProblem', 'International Pain Foundation #iPain recognizes the value of every person who makes up the #chronicpain community. We are guided by our commitment to excellence, leadership &amp; patient empowerment. https://***PK #iPain #iPainLiving #IHaveTheNerveToBeHeard https://***DQ', 'The latest Weekly #Parenting Pearls! https://***a4 Thanks to @R***p @L***o @H***s #metoo', '-']",-,content_A,post
t1627,u3171,2021-02-04 11:48:39+00:00,MeToo,R***f,I wrote about being approached for sex in exchange for a prestigious journalism job in Dubai and Riyadh— one of many reasons why American firms must be more discerning about who they go into business with in #saudiarabia &amp; #MiddleEast. #MeToo @h***m https://***Fs,"['To all survivors of sexual assault: We believe you. We’re here for you. It’s not your fault. #MeToo https://***TD', 'There\'s a #metoo trend in Greece mostly of women in the #Arts and #Sports regarding violence and/or sexual harassment. I would very much like to see that happening in #Academia,again People in our field have been constantly abused by their ""superiors"". We need to stop that #MeToo', 'I wrote about being approached for sex in exchange for a prestigious journalism job in Dubai and Riyadh— one of many reasons why American firms must be more discerning about who they go into business with in #saudiarabia &amp; #MiddleEast. #MeToo @h***m https://***Fs', '-']",-,content_C,post
t1925,u2090,2021-11-10 21:13:25+00:00,MeToo,K***e,Students are leading #MeToo movements in their high schools--demanding an end to sexual assault and harassment. @a***s does an explainer on #TitleIX and talks with student activists to better understand the issue and how to improve school culture. https://***nl https://***H9,"['Students are leading #MeToo movements in their high schools--demanding an end to sexual assault and harassment. @a***s does an explainer on #TitleIX and talks with student activists to better understand the issue and how to improve school culture. https://***nl https://***H9', '#IWILLNOTSUBSCRIBE', ""Ronan Farrow Wins IDA's Truth to Power Award for 'Catch and Kill: The Podcast Tapes' ⚖️ @R***w #MeToo https://***FR"", '-']",-,content_A,post
t3925,u1601,2022-03-07 20:12:45+00:00,MeToo,A***n,-,"['📢📢#NEWS: Kochi: Tattoo Artist Accused Of Rape; Several Survivors Come Forward Sharing Similar Details #FIIDailyEdit (1/n) #MeToo Read the full report here: https://***Wg https://***EA', 'Comme 42% je considère qu’au cours des 5 dernières années, ça a été +tôt dans le bon sens. Mais c’est dû essentiellement à l’effet #Metoo, au travail des associations et à la mobilisation croissante des féministes. Le quinquennat Macron n’y est pas pour grand chose. https://***0o', 'Yes, I keep a #Yalta file on my desktop (when looking for it I saw the ""Men who harass me"" file, which became necessary a few years ago--for records+personal safety) #MeToo --Zero women in the photo. ""The times, they are a-changin\'"" (but by how much?) Bob Dylan https://***Uw', '-']",tweet_C,-,retweet
t2492,u2344,2022-02-08 19:37:48+00:00,MeToo,N***R,Gaan we nu echt verbaasd doen over de handtastelijkheid van mannen &amp; de eindeloze stroom van “seksueel overschrijdend gedrag”? Het was altijd zijn woord tegen haar woord &amp; dat we ons niet zo moeten aanstellen. Maar wij weten dat we niet veilig zijn. #MeToo #Overmars e.a. https://***Zr,"['Gaan we nu echt verbaasd doen over de handtastelijkheid van mannen &amp; de eindeloze stroom van “seksueel overschrijdend gedrag”? Het was altijd zijn woord tegen haar woord &amp; dat we ons niet zo moeten aanstellen. Maar wij weten dat we niet veilig zijn. #MeToo #Overmars e.a. https://***Zr', 'https://***AA #freedom #Ronaldreagan #downwithtyranny #wethepeople #patriotic #iwillnotcomply #americanflag #madeinamerica #forefathers #betsyross #nofascism #donaldtrump #georgewashinton #americanpride #madeinUSA #americaningenuity #redwhiteandblue https://***be', '""We are being punished by the leftist bubble."" Remarkable reporting by @E***n, @O***k, @k***s and @A***i on Axel Springer’s #MeToo moment https://***Kk', '-']",-,content_A,post
t2759,u2413,2022-02-14 18:07:18+00:00,MeToo,B***3,Hello World! Listen to this song! https://***Gg #nomeansno #bhfyp #sananga #childabuse #mentalhealth #murder #equality #endrapeculture #sexualharassment #rapist #santodaime #curipe #aho #awareness #trauma #violenceagainstwomen #rapevictims #meme #ptsd #believesurvivors,"['Δεν είναι η Σισσυ, ούτε ο αρχισυντακτης, ούτε ο σταθμός, ούτε το κράτος. Είμαστε όλοι εμείς που καθόμαστε στον καναπέ #Ρουβας #Λιγναδης #metooGR', 'https://***zO RT-11 #Metooindia #FeminismIsCancer #Feminism #Patriarchy #GenderBiasedLaws #stopfeminism #feminist #fakefeminism #MensLivesMatter #SaveOurSons #InternationalMensDay #toxicfeminism #genderbiased #women #metoo #rape #womenempowerment #WomensRights #female', 'Hello World! Listen to this song! https://***Gg #nomeansno #bhfyp #sananga #childabuse #mentalhealth #murder #equality #endrapeculture #sexualharassment #rapist #santodaime #curipe #aho #awareness #trauma #violenceagainstwomen #rapevictims #meme #ptsd #believesurvivors', '-']",-,content_C,post
t2093,u3226,2022-01-05 21:13:14+00:00,MeToo,m***n,"Instagram limiting the #PS752 memorial hashtags about lighting solidarity candles is one of many errors they make when they’re not attuned with communities and languages, but glad they have the Persian one back and running. #IWillLightACandleToo #من_هم_شمعی_روشن_خواهم_کرد 🕯 https://***K6","['نه ميبخشيم، نه فراموش میکنیم. #PS752 #IWillLightACandleToo PS752 https://***Ex via @M***s', 'Join @R***Z of @T***i for the next SBEE Seminar Jan. 10: He will discuss how the MeToo movement affected the reporting of sex crimes to police, demonstrating that social movements can rapidly and persistently change high-stakes personal decisions. https://***Jl https://***w0', 'Instagram limiting the #PS752 memorial hashtags about lighting solidarity candles is one of many errors they make when they’re not attuned with communities and languages, but glad they have the Persian one back and running. #IWillLightACandleToo #من_هم_شمعی_روشن_خواهم_کرد 🕯 https://***K6', '-']",-,content_C,post
t3905,u0020,2022-03-07 05:33:48+00:00,MeToo,A***0,-,"['Comme 42% je considère qu’au cours des 5 dernières années, ça a été +tôt dans le bon sens. Mais c’est dû essentiellement à l’effet #Metoo, au travail des associations et à la mobilisation croissante des féministes. Le quinquennat Macron n’y est pas pour grand chose. https://***0o', '@C***4 @F***s @T***e @H***w I had no idea who howard levitt was until he went on an article about me and my colleague saying this shit! Howard knew the “risks” and he reeled us in knowing we needed support! Howard wanted a quick payout &amp;gave zero fucks what happened to us! #MeToo https://***LI', ""What's the best way to achieve #justice for victims of sexual assault – the legal system or social media? Ray blogs about this week's topic: https://***HI #PhilosophersCorner #MeToo #WomensHistoryMonth"", '-']",tweet_B,-,retweet
t3535,u1818,2022-02-26 14:13:27+00:00,MeToo,H***n,I see #WeShouldCancel is trending on Michael Kimmel's birthday. Sometimes these tweets just write themselves... #MeToo #MeTooPhD #soctwitter #Sociology,"[""I see #WeShouldCancel is trending on Michael Kimmel's birthday. Sometimes these tweets just write themselves... #MeToo #MeTooPhD #soctwitter #Sociology"", 'When the narcissist still and been triggering the carbon monoxide alarm, no one is cooking, the house is clean 👌 and very well ventilated triggering my dogs #anxiety #narcneighbor #MentalHealthMatters #MentalHealthAwareness #MeToo #harrassment #nosyneighbor #Karennextdoor', '#mentoo #ABLANARI #niruparoy #fakecases #womenempowerment #legalterrorism #legalextortion #498A #dowrylawmisuse #Feminism #toxicfeminism #feminazi #metooindia #fraudwatch #blackmail #genderequality #GenderBiasedLaws #crimebywomen #CrimeHasNoGender #SuicidePrevention @M***D https://***1Q', '-']",-,content_A,post
t1815,u0747,2021-08-25 06:09:28+00:00,MeToo,a***e,I side with Spencer Elden on the #Nirvana #NeverMind cover legal dispute—the baby + guardians never gave consent + genitals were exposed. I’ve always felt the photo is child pornography. #metoo #SpencerElden #albumcover #RapeMe #photography #TwoHundredDollars #1989RightsOfChild,"['I side with Spencer Elden on the #Nirvana #NeverMind cover legal dispute—the baby + guardians never gave consent + genitals were exposed. I’ve always felt the photo is child pornography. #metoo #SpencerElden #albumcover #RapeMe #photography #TwoHundredDollars #1989RightsOfChild', 'https://***Si 6Pm tonight #IWillAlwaysHaveMeVideo https://***Sx', 'A friendly reminder that #RKelly is a fucking monster who needs to stay in his cage. #RKellyTrial #SurvivingRKelly #PiedPedophile #muteRkelly https://***HK', '-']",-,content_A,post
t2693,u3070,2022-02-13 07:53:46+00:00,MeToo,f***3,-,"[""#CorpMedia #Idiocracy #Oligarchs #MegaBanks vs #Union #Occupy #NoDAPL #BLM #SDF #DACA #MeToo #Humanity #DemExit #FeelTheBern America's political establishment isn't in the least troubled by voters' semi-literate paranoia; they're banking on it... https://***51 https://***dy"", 'So incredibly proud of one of my first campaign volunteers ever standing up courageously to tell her story &amp; fight to make a difference @r***g It’s time to end statutes of limitations for sex crimes \u2066@w***t\u2069 #metoo \u2066@R***N\u2069 https://***6B', '@W***e Looks like joe #PoopypantsBiden #joebiden #biden #fbiden is #Abandon #Americans again in #Ukraine #UkraineCrisis just like in #Afghanistan when he murdered 7 #children instead of #isis bomber who killed 13 @U***C #marines #MeToo #tarareade #rape #covid19 @w***j @a***c @c***n #cnn', '-']",tweet_B,-,retweet
t3887,u0338,2022-03-05 22:45:17+00:00,MeToo,s***y,Women in policing going after their unions and police chiefs like! #WomensHistoryMonth #NDA #MeToo #Fuckthebluewallofsilence https://***Pk,"['#MeToo Anthropology and the Case Against Harvard https://***I8 @s***り', ""Last night's #Optimalist chat has me thinking that deep down we know education has to change. How do we encourage Ss to take risks? How do we put the focus on the process of learning? How do we teach how to learn rather than a catalog of stuff? #IHaveQuestions #RelationSHIFT https://***D6"", 'Women in policing going after their unions and police chiefs like! #WomensHistoryMonth #NDA #MeToo #Fuckthebluewallofsilence https://***Pk', '-']",-,content_C,post
t1871,u1969,2021-10-06 18:38:28+00:00,MeToo,R***U,"In his new novel from @A***s, creative writing professor Christian TeBordo @x***o wades into the gray zone of the #MeToo movement. Read the review: https://***W0","['China’s missing #MeToo and labour activist pair held by police, family told https://***bf', 'In his new novel from @A***s, creative writing professor Christian TeBordo @x***o wades into the gray zone of the #MeToo movement. Read the review: https://***W0', 'El #AbusoSexual es un abuso de poder. Un hombre inseguro, con rasgos de depredador/adicto al sexo en un cargo de poder es la receta para el desastre. Niñas y mujeres merecemos espacios seguros #MeToo', '-']",-,content_B,post
t3256,u1198,2022-02-21 13:16:30+00:00,MeToo,A***s,"Vous avez raté notre émission #Presidentielle2022? Pas de souci, la voilà ↩️ 1ere présidentielle post-#MeToo : un changement de genre #politique ? https://***ch @F***4 av @C***a @A***n @B***e #metoopolitique @e***s @c***b @h***1 @f***x","['Vous avez raté notre émission #Presidentielle2022? Pas de souci, la voilà ↩️ 1ere présidentielle post-#MeToo : un changement de genre #politique ? https://***ch @F***4 av @C***a @A***n @B***e #metoopolitique @e***s @c***b @h***1 @f***x', ""#CorpMedia #Idiocracy #Oligarchs #MegaBanks vs #Union #Occupy #NoDAPL #BLM #SDF #DACA #MeToo #Humanity #DemExit #FeelTheBern America's political establishment isn't in the least troubled by voters' semi-literate paranoia; they're banking on it... https://***51 https://***mQ"", '@P***e #MLKday #freedommarch2022 #DefundLiberals #DefundTrudeau #DefundCBC #Ihaveadream #freeatlast https://***0e', '-']",tweet_C,content_A,reply
t3995,u1854,2018-04-20 20:43:32+00:00,MeToo,t***s,You don’t need to be silent any longer. #metoo #rainn https://***l6,"['You don’t need to be silent any longer. #metoo #rainn https://***l6', '""But if women don’t give each other the benefit of the doubt where deserved, how can we expect men to?"" - a piece that really resonated by @J***n on #MeToo &amp; misogynistic comments thrown at @m***r https://***yt', 'Universal Film and Festival Organisation, a non-profit promoting a code of practice and transparency in the industry is now seeking Brand #Ambassadors and new volunteers #sexualharessment #bullying , We support #metoo #notme #timesup @u***4 https://***aV info@u***o.org', '-']",-,content_A,post
t3283,u0862,2022-02-21 20:10:11+00:00,MeToo,t***e,Het ontslag van Jaak Smeets in 2016 was nog een interne aangelegenheid te noemen. Maar volgens @m***r zijn er nog ernstigere misstanden bij #DPG geweest in de periode hierna. Er is volgens hem sprake van 'zelfcensuur'. Beluister het hele gesprek @D***g #metoo https://***1O,"[""Het ontslag van Jaak Smeets in 2016 was nog een interne aangelegenheid te noemen. Maar volgens @m***r zijn er nog ernstigere misstanden bij #DPG geweest in de periode hierna. Er is volgens hem sprake van 'zelfcensuur'. Beluister het hele gesprek @D***g #metoo https://***1O"", '#Survivors of #CSA #CSE #Rape #DV #SA #ACES #CPTSD #PTSD #Metoo Please share and retweet so I can get as many responses as possible. I believe #traumainfprmedcare will save lives https://***ad', ""#CorpMedia #Idiocracy #Oligarchs #MegaBanks vs #Union #Occupy #NoDAPL #BLM #SDF #DACA #MeToo #Humanity #DemExit #FeelTheBern America's political establishment isn't in the least troubled by voters' semi-literate paranoia; they're banking on it... https://***51 https://***j1"", '-']",-,content_A,post
t3047,u2020,2022-02-18 10:41:48+00:00,MeToo,p***6,-,"['#Σεισμός #Αρκαλοχώρι https://***CZ #MeToo #salonikaplus #sasmos #agriesmelisses #radioarvyla #MasterChefGR #superkaterina #eleni #TheChaseGR #survivorgr #The2NightShow #metooGR #shoppingstar #gitiselias #Θεσσαλονίκη #metoogreece #ΕΛΛΑΔΑ #kalytera #λιγναδης #κορονοιος', 'Women are just as violent as men. #MRA #MGTOW #Feminism #redpill #mensrights #dating #divorce #singlemother #metoo #timesup #killallmen @k***1 #police @b***r @c***s @J***k @U***e @F***d @M***1 @s***e @t***t @t***n https://***KN', '#πλοίο #Ερείκουσα https://***c4 #MeToo #hfarma #salonikaplus #sasmos #agriesmelisses #radioarvyla #MasterChefGR #superkaterina #eleni #survivorgr #The2NightShow #shoppingstar #gitiselias #μετρα #κρουσματα #enwpiosenwpiw #ΕΛΛΑΔΑ #AgiosPaisios #takaliteramasxronia', '-']",tweet_A,-,retweet
t2528,u0712,2022-02-09 16:11:27+00:00,MeToo,m***r,The lawsuit filed against Harvard by students is horrifying. The detailed allegations against Comaroff make it clear how ignorant the #HarvardLetter is. Hopefully this is the last we ever have to hear from Janet Halley. https://***Ip,"['The lawsuit filed against Harvard by students is horrifying. The detailed allegations against Comaroff make it clear how ignorant the #HarvardLetter is. Hopefully this is the last we ever have to hear from Janet Halley. https://***Ip', 'Oh @R***a I finally can send you one of these if you want one. I think you deserve it. #IBelieveTaraReade https://***cz', '@B***n will you help free Nazanin Zaghari-Ratcliffe or you just singing Gloria Gaynor songs and partying? What about her survival?#FreeNazanin #IWillSurvive', '-']",-,content_A,post
t2594,u2046,2022-02-10 17:12:57+00:00,MeToo,G***C,Highlighting the milestone bi-partisan passing of the landmark #MeToo Bill!,"['Highlighting the milestone bi-partisan passing of the landmark #MeToo Bill!', 'Instead of “let go” I’m gonna start saying “unhand me”#metoo', 'It is time to send a clear message to the CCP, IOC and sponsors. That message is #IWillNotWatch. Stand with Tibetans, Uyghurs, Hongkongers, and all those oppressed by China and pledge not to watch #Beijing2022 Sign the pledge: https://***4J', '-']",-,content_A,post
t2943,u1229,2022-02-17 03:08:10+00:00,MeToo,s***2,Carl Lentz’s Alleged Mistress Speaks Out in Hillsong: A Megachurch Exposed Trailer: ‘Toxic’ https://***ji - #HillsongChurch #CarlLentz #BrianHouston #ChurchToo #MeToo #HillsongAMegachurchExposed #MegaChurches,"['Carl Lentz’s Alleged Mistress Speaks Out in Hillsong: A Megachurch Exposed Trailer: ‘Toxic’ https://***ji - #HillsongChurch #CarlLentz #BrianHouston #ChurchToo #MeToo #HillsongAMegachurchExposed #MegaChurches', 'Dragonfly PopSockets: Amazon Prime #Dragonfly #InspirationalInfluencer #signs #faithful #HopeWorld #BelieveWomen #CUREtheworld #belief Inspirational PopSockets Swappable PopGr... https://***wL via @a***n', 'https://***aX RT-11 #Metooindia #FeminismIsCancer #Feminism #Patriarchy #GenderBiasedLaws #stopfeminism #feminist #fakefeminism #MensLivesMatter #SaveOurSons #InternationalMensDay #toxicfeminism #genderbiased #women #metoo #rape #womenempowerment #WomensRights #female', '-']",-,content_A,post
t2930,u0558,2022-02-16 23:02:30+00:00,MeToo,L***o,Sign and RT! Tell Majority Leader @S***r: Domestic &amp; sexual violence are up during the pandemic. Survivors can't wait. Bring #ViolenceAgainstWomenAct #VAWA to a Floor vote now! #VAWA4All #VAWA21 #MeToo #TimesUp https://***p9,"['#IWILLALWAYSLOVEYOU https://***dY #STAYTUNED #KNEELORKILL #KHAZADROPPINGNEXT #HUNTSVILLAINDROPPINGNEXT #COMEBACKSEASON #24SONGS #ALLPLATFORMS! 🅱🇼🅰TM🦅', ""Sign and RT! Tell Majority Leader @S***r: Domestic &amp; sexual violence are up during the pandemic. Survivors can't wait. Bring #ViolenceAgainstWomenAct #VAWA to a Floor vote now! #VAWA4All #VAWA21 #MeToo #TimesUp https://***p9"", 'It shouldn’t be like this, #JohnsonOut_23 is only dropping restrictions and stopping testing to appease the right wing #ERG and save his skin. #CovidIsNotOver #ToryCovidCatastrophe #Democide #CV #CEV #ihaveapreexistingcondition #IMatter https://***HQ', '-']",-,content_B,post
t3437,u0755,2022-02-24 11:16:03+00:00,MeToo,V***e,"It made me emotional and I couldn't put it down. I read it in record time! #victimofdefense, #MeToo, #gottaread, #greatbooks, #legalthriller https://***xC https://***A5","['#IhaveBiploarDisorderAndIDontLikeAnyOfYou!!!!', ""It made me emotional and I couldn't put it down. I read it in record time! #victimofdefense, #MeToo, #gottaread, #greatbooks, #legalthriller https://***xC https://***A5"", 'I’m listening to a testimony of a policewoman!Sexual violence is destroying our lives&amp;well being yet no police chief &amp; no police union wants to acknowledge this atrocity!They continue to abuse Women after we go to them for help!I’m fkn angry today. This is war on ALL Women #MeToo', '-']",-,content_B,post
t1789,u2170,2021-07-15 06:54:56+00:00,MeToo,C***d,Advertising sector has #MeToo moment as blog sparks women’s anger https://***jX,"['This needed my edits. This is me. #TimesUp #allychallenge #diversity #allyship #DEI #beanally https://***kW', 'Advertising sector has #MeToo moment as blog sparks women’s anger https://***ZP', 'Advertising sector has #MeToo moment as blog sparks women’s anger https://***jX', '-']",-,content_C,post
t3108,u2721,2022-02-19 13:19:36+00:00,MeToo,h***s,"The reason @M***d is always an interesting writer is her consistent refusal to pick sides. (For a feminist icon, she was notably sceptical about #MeToo, for example.) @H***n captures that beautifully here: https://***sU","['Hip-hop finally came to the #SuperBowl when Dr. Dre led a team of his closest collaborators in a festive, funky, thoroughly trunk-rattling halftime show. https://***L6', 'The reason @M***d is always an interesting writer is her consistent refusal to pick sides. (For a feminist icon, she was notably sceptical about #MeToo, for example.) @H***n captures that beautifully here: https://***sU', '#MONGOLIA: More than 30% of women have experienced physical and/or sexual violence in their lifetime https://***wY #VAW #MeToo #YesAllWomen', '-']",-,content_B,post
t2360,u0266,2022-02-03 14:44:42+00:00,MeToo,T***a,Utah doctor goes viral with tweet about her chronic illness and threat of COVID-19 #IHaveAPreexistingCondition #chronicillness https://***x3,"['Utah doctor goes viral with tweet about her chronic illness and threat of COVID-19 #IHaveAPreexistingCondition #chronicillness https://***x3', ""Ready willing and able, give us some proper support, doing our best we possibly can every day, ya wouldn't believe it #Sunderland #Youth #Iwill https://***J2 https://***RT"", 'Wie nutzen Bewegungen wie #MeToo oder #BlackLivesMatter digitalen Protest? Welche Rolle spielen dabei Aktivistinnen und Politikerinnen? Darum geht es in der aktuellen Folge von ""Shift – Leben in der digitalen Welt"": https://***I8', '-']",-,content_A,post
t3785,u2709,2022-03-03 17:41:42+00:00,MeToo,P***e,"Inept, inert, and thoroughly terrible, Asking for It is one of the worst movies to come from the #MeToo movement. @r***d's review: https://***UN https://***Rl","['Juntas somos más @R***a - Gracias por su apoyo franco y abierto. Sus voces hacen la diferencia en mi vida y en la de muchas mujeres. #MeToo #8March2022 #8Marzo #WomenInScience https://***ln', 'Sammy Ray Sisk, 54, arrested on three counts of fondling a female child and one count of sexual abuse of a child younger than 12. Yes, #WeNeedToTalkAboutCosby🗣, but #FirstThem👉🏾 #MeToo #WeAsOurselves🤐 #SilenceIsViolence🤬 #H1news🗞 https://***EM https://***ZE', ""Inept, inert, and thoroughly terrible, Asking for It is one of the worst movies to come from the #MeToo movement. @r***d's review: https://***UN https://***Rl"", '-']",-,content_C,post
t3362,u2036,2022-02-23 00:59:32+00:00,MeToo,Y***s,-,"['The Secret by @H***e is releasing March 22, 2022! Pre-order your copy today! Amazon: https://***Ax Add to Goodreads: https://***vN #ihaveasecret #kristenproby #singleinseattleseries #oliviamontgomery #Forbiddenlove #SecretRomance @v***_ https://***jR', '@K***o It isn’t a bit like #MeToo because a) Saha is a man b) Saha is powerful in his own right and c) (most importantly) everyone believes him. It’s still terrible that someone who sounds more like a fixer than a journo has the guts to threaten a sportsperson', 'Vandaag níet bij @W***g: ""Hé, Angela, jij werkt bij het AD en schreef nogal veel over John de Mol. Wat vind je van de #Metoo-doofpot bij je eigen baas?"" #liefliberaal', '-']",tweet_C,-,retweet
t1959,u1353,2021-11-23 18:19:01+00:00,MeToo,R***e,-,"['""China is running directly into the headwinds of powerful social movements"", writes my colleague @t***n Below is his take on tennis, NBA, the Olympics, Peng Shuai and the Panchen Lama of Tibet. #WhereIsPengShuai #tibet #Olympics #Panchenlama #NBA #metoo #diplomaticboycott https://***pf', '#iwillweek #iwillTakeAction @b***T @i***t @D***S @T***d https://***Gs', 'International string quartet replaces departing from #MeToo', '-']",tweet_C,-,retweet
t3142,u2074,2022-02-19 19:47:01+00:00,MeToo,B***w,The ambiguity created by the #MeToo arbitration bill using “case” rather than “claim” could drive strategic litigation choices as courts wrestle with the scope of the law. https://***gQ,"['The ambiguity created by the #MeToo arbitration bill using “case” rather than “claim” could drive strategic litigation choices as courts wrestle with the scope of the law. https://***gQ', '@J***h Add in #metooForOurAlliesOnly movement Milano and husband Hollywood CAA agent Dave Bugliari funded to protect Donor class dem favorites from scrutiny while abadoning #BelieveWomen when valid charges were made against anyone in the establishment network. https://***HS', 'More than 50 percent of all employees have already experienced sexual assaults at work. Time to act: https://***IZ #harassement #SexualHarassment #metoo #work', '-']",-,content_A,post
t3859,u2970,2022-03-05 04:00:06+00:00,MeToo,P***e,"President Biden on Thursday signed into law landmark workplace legislation that forbids companies from forcing sexual harassment and assault claims into arbitration, a widely criticized way of settling litigation outside the public court system. #MeToo https://***7k","['#AfricanAmerican women use #poetry, #dance, and #animation to explore #selfempowerment and accountability. https://***9B #BLM #MeToo #SexualHarrassment @B***e @C***9 https://***NR', '@m***r Sadly, perfect table size/distance for some #MeToo action with these poor Russian trainee air stewardesses. I hope they can say #NO to the 💩#bully with #nukes!', 'President Biden on Thursday signed into law landmark workplace legislation that forbids companies from forcing sexual harassment and assault claims into arbitration, a widely criticized way of settling litigation outside the public court system. #MeToo https://***7k', '-']",-,content_C,post
t2596,u1558,2022-02-10 17:18:15+00:00,MeToo,A***r,BREAKING: The Senate unanimously passed legislation that would end forced arbitration for workers who are victims of sexual assault and harassment. This is one of the most significant changes to employment law in years. The bill now heads to @P***S to sign it. #MeToo #Congress,"['Women and children need constitutional and electoral reform to proportional representation unicameral legislature with 20% permanent First Nations seats. The duopoly LNP/ALP cannot, CANNOT AND WILL NOT, deliver representation and justice to women &amp; children #EnoughIsEnough #MeToo https://***R1', 'BREAKING: The Senate unanimously passed legislation that would end forced arbitration for workers who are victims of sexual assault and harassment. This is one of the most significant changes to employment law in years. The bill now heads to @P***S to sign it. #MeToo #Congress', 'Agreed. The damage from #Comaroff is wide and deep https://***j9', '-']",-,content_B,post
t1968,u2347,2021-11-26 02:32:33+00:00,MeToo,c***i,"With so much international attention on Peng Shuai, could this be a turning point for China's #MeToo movement? Sign up to read this and more, in our weekly Chinese language newsletter from @n***e https://***ZN","[""With so much international attention on Peng Shuai, could this be a turning point for China's #MeToo movement? Sign up to read this and more, in our weekly Chinese language newsletter from @n***e https://***ZN"", 'Im Austausch mit unseren Partner wird immer wieder klar: Es braucht eine strukturelle Stärkung für digitalpolitische zivilgesellschaftliche Organisationen, die aktuell stark auf freiwilligem Engagement aufbauen und sich häufig von Projektantrag zu Projektantrag hangeln.', '@s***n Es pat zinu vienu šo personu. #MeToo Žēl, ka savulaik nebiju proaktīvāka ziņojot pasākumu organizētājiem.', '-']",-,content_A,post
t3317,u3018,2022-02-22 14:41:00+00:00,MeToo,c***e,"$71billion in profits for #fossilfuel giants BP, Shell, Exxon &amp; Chevron in 2021. €55billion #fossilfuel subsidies in the EU annually. 50million Europeans in energy poverty. Who do YOU think should pay? #TimesUpForGas #GasCrisis #EndEnergyPoverty https://***JN","['Violence contre les femmes, le Journal est en ligne! https://***70 Merci à @C***S #violencesconjugales #metoo', '#StopExpectingMeTo #StopExpecting #ChangeYourExpectations #DontDimYourLight #CulturalBiasKills #Racism #Bigotry #Oppression #CanYouHandleTheTruth #KnowBetterDoBetter #IWillNotBeSilent #Counseling #Therapy #MentalHealth #SelfLove #ForMyAncestors #VeraciousCounseling https://***by', '$71billion in profits for #fossilfuel giants BP, Shell, Exxon &amp; Chevron in 2021. €55billion #fossilfuel subsidies in the EU annually. 50million Europeans in energy poverty. Who do YOU think should pay? #TimesUpForGas #GasCrisis #EndEnergyPoverty https://***JN', '-']",-,content_C,post
t3790,u1340,2022-03-03 19:34:59+00:00,MeToo,b***i,-,"['TODAY at 4pm ET: ""This session is for all current student survivors and advocates who attend a community college."" #CommunityCollege #Students #Advocates #BelieveSurvivors https://***E4', 'What role does iteration play in your classroom? How do you balance the need to continually move through curriculum with the desire to let Ss rework and improve? #IHaveQuestions #709AlwaysLearning #Optimalist #RelationSHIFT https://***8p', '#mentoo #ABLANARI #niruparoy #fakecases #womenempowerment #legalterrorism #legalextortion #498A #dowrylawmisuse #Feminism #toxicfeminism #feminazi #metooindia #fraudwatch #blackmail #genderequality #GenderBiasedLaws #crimebywomen #CrimeHasNoGender #MarriageStrike @M***D https://***nm', '-']",tweet_A,-,retweet
t1953,u1139,2021-11-22 17:01:32+00:00,MeToo,t***t,"Here's a quote from our guest Steve Pemberton, CHR of Workhuman. If you'd like to hear more about out topic on race, check out the full episode at https://***Lf #Race #Racism #CiritalRaceTheory #BlackLivesMatter #Metoo #Peopleofcolor #SocialChange #Diversity #Inclusion https://***5V","[""China is trying to make the tennis star Peng Shuai's #MeToo allegation disappear. It's not working https://***l0"", ""We're celebrating social action by young people. One of our amazing Scouts, Thomas Franklin, a 9-year-old Cub, environmentalist and naturalist, has recorded his actions against climate change to make his voice heard. https://***oA #iwillFund @T***d @D***S"", ""Here's a quote from our guest Steve Pemberton, CHR of Workhuman. If you'd like to hear more about out topic on race, check out the full episode at https://***Lf #Race #Racism #CiritalRaceTheory #BlackLivesMatter #Metoo #Peopleofcolor #SocialChange #Diversity #Inclusion https://***5V"", '-']",-,content_C,post
t1954,u1926,2021-11-22 18:00:20+00:00,MeToo,o***a,"To foster a safe environment for Black women and to counter rape culture, we need accountability that does not depend on the criminal justice system. @V***s, 2021 Communications Institute Fellow, writes about #MeToo post-#RKelly conviction https://***Qk https://***Em","['To foster a safe environment for Black women and to counter rape culture, we need accountability that does not depend on the criminal justice system. @V***s, 2021 Communications Institute Fellow, writes about #MeToo post-#RKelly conviction https://***Qk https://***Em', 'À Paris, Boulevard Voltaire, le cortège de la manifestation contre les violences sexuelles et sexistes #NousToutes s’est élancé à 14h. #MeToo https://***fB', 'À la une de @M***t, une édition spéciale sur la justice face à #MeToo : https://***R9', '-']",-,content_A,post
t0152,u2517,2018-10-31 17:59:30+00:00,MeToo,a***a,People are already casting ballots in our state! What's your plan to #VOTE? Visit https://***bs to make a plan and https://***sy to see your sample ballot! #IWillVote,"['The best thing you can do to defend our health care, #ActOnClimate, and build an economy that works for the middle class? #VOTE. Make your plan to vote NOW: https://***TF #IWillVote', 'Walk into the voting booth in confidence on #ElectionDay: https://***l. Review your ballot, compare candidates, and bring a sample with you to the polls. #VOTE #IWillVote', ""People are already casting ballots in our state! What's your plan to #VOTE? Visit https://***bs to make a plan and https://***sy to see your sample ballot! #IWillVote"", '-']",-,content_C,post
t1664,u1487,2021-03-07 09:03:58+00:00,MeToo,P***e,"I want to decree to all of you who are thanking God this morning, no more obstruction to your greatness in Jesus Name. Thanksgiving Service March 2021 Special Holy Ghost Service #IWillLiftUpMyEyes #GodBlessYou3 #HGSAt35","['I want to decree to all of you who are thanking God this morning, no more obstruction to your greatness in Jesus Name. Thanksgiving Service March 2021 Special Holy Ghost Service #IWillLiftUpMyEyes #GodBlessYou3 #HGSAt35', 'I told you my words were coming. Thank you for bearing with me and giving me the time I needed to put them together. #TIMESUP #TIMESUPHC #BelieveSurvivors https://***fv', '#metooGreece #metooGR #sexualharassment #genderequality https://***IH', '-']",-,content_A,post
t2912,u0888,2022-02-16 18:12:00+00:00,MeToo,S***k,"The officers responsible for #JusticeforBreonnaTaylor death were not charged for her homicide on a no-knock warrant, with the exception of Brett Hankison charged with wanton endangerment for firing into a neighboring apartment wall.The officers' commander was demoted. #MeTooVoter","['Sharp volley into the top corner by @_***s on the #Comaroff case and ""the political economy of silence in academia.""https://***bl', 'https://***Yi RT-11 #Metooindia #FeminismIsCancer #Feminism #Patriarchy #GenderBiasedLaws #stopfeminism #feminist #fakefeminism #MensLivesMatter #SaveOurSons #InternationalMensDay #toxicfeminism #genderbiased #women #metoo #rape #womenempowerment #WomensRights #female', ""The officers responsible for #JusticeforBreonnaTaylor death were not charged for her homicide on a no-knock warrant, with the exception of Brett Hankison charged with wanton endangerment for firing into a neighboring apartment wall.The officers' commander was demoted. #MeTooVoter"", '-']",-,content_C,post
t3971,u2747,2017-12-11 17:01:04+00:00,MeToo,t***e,"#metoo. So sad that human beings can be really ugly in spirit and in mind. The question is how will some men feel if their daughters, mothers, sisters, etc were treated like they do other women. BBC News - Young women on sexual harassment in the workplace https://***KM","['""– Vi må ikke «demonisere» typisk mannlig seksualitet"" sier @L***r, prof. i psykologi. Pinlig for NTNU saken i @D***o (https://***), men et lite søk viser jo at Kennair har skapt uro før: https://***G. Av og til er det lurt å være stille #metoo', 'Facebook’s Year in Review hasn’t realized that social media isn’t fun anymore https://***fl #metoo #facebook #yearinreview #2017 #ai', '#metoo. So sad that human beings can be really ugly in spirit and in mind. The question is how will some men feel if their daughters, mothers, sisters, etc were treated like they do other women. BBC News - Young women on sexual harassment in the workplace https://***KM', '-']",-,content_C,post
t1743,u0996,2021-05-16 23:05:13+00:00,MeToo,E***r,"During the probe, some board members decided it was no longer suitable for Gates to sit as a director at the software company he started and led for decades, sources said. They didn’t want a director associated with this situation in the wake of the MeToo movement.","['Proud of the great #chi2021 work by @k***1 and @E***y on #DataAgents and #Feedback, respectively! Check their videos here! Mary: https://***lf Emrecan: https://***Xq @s***i @A***y @A***S @A***h @a***n https://***rp', 'During the probe, some board members decided it was no longer suitable for Gates to sit as a director at the software company he started and led for decades, sources said. They didn’t want a director associated with this situation in the wake of the MeToo movement.', 'We need more bars that promote safety like this! This sign was posted in the back of the women’s bathroom door. #AcademicTwitter #AcademicChatter #phdlife #MeToo @A***r @O***s @P***w https://***jt', '-']",tweet_B,content_B,reply
t2001,u3210,2021-12-09 14:00:24+00:00,MeToo,M***A,"3⃣ DAYS TO GO until 'The Black Mamba' returns 🔥 @F***o #Combate: Copa Combate 📍 Medley, Florida, 🇺🇸 📅 SUN #MTKMMA #MMA #MMANews #ufc #mazaradelvallo #mma #mmafighter #thefutureisnow #ihaveadream #mmaevent #fightnight #FransMlambo . . . @c***l @M***g https://***Lk","['@a***k #MeToo why this headline? What are you looking for?.. why this news? Why this is imp to u..? #Shame @N***a https://***vM', ""3⃣ DAYS TO GO until 'The Black Mamba' returns 🔥 @F***o #Combate: Copa Combate 📍 Medley, Florida, 🇺🇸 📅 SUN #MTKMMA #MMA #MMANews #ufc #mazaradelvallo #mma #mmafighter #thefutureisnow #ihaveadream #mmaevent #fightnight #FransMlambo . . . @c***l @M***g https://***Lk"", '“Many researchers who set foot on the island consider the opportunity a dream. But 16 women scientists interviewed for this story described a pattern of sexual misconduct by high-ranking men” — \u2066@N***h\u2069 reveals the Smithsonian’s #MeToo moment: https://***oj', '-']",-,content_B,post
t3957,u1124,2017-10-16 18:56:08+00:00,MeToo,e***1,Yeah #MeToo. So proud and heartbroken for all of you who endured and survived.,"[""#metoo most of my personal experience of harassment outside work. @ work, I've been silenced, seen as ornamental, &amp; had 1 name change 2 Oleg https://***qu"", 'Yeah #MeToo. So proud and heartbroken for all of you who endured and survived.', '#MeToo', '-']",-,content_B,post
t1130,u3159,2020-09-29 00:55:08+00:00,MeToo,f***k,I want one - #metoo I need new glasses anyway. https://***ub,"['Back in my old hood for a spell! #doors #teal #capitolhill #dc #washingtondc #ihavethisthingwithdoors @ Washington D.C. https://***xV', 'A true prodigy @s***a started playing the violin at 2. At 15, she reported multiple occasions of sexual abuse by her music teacher. The school has now admitted to ‘decades of wrongdoing’ https://***On Watch her at #ideacity 👉 https://***Md #metoo https://***sE', 'I want one - #metoo I need new glasses anyway. https://***ub', '-']",-,content_C,post
t3225,u0749,2022-02-20 21:16:10+00:00,MeToo,G***1,"'Mass Atrocities, Including The use of Rape and #SexualViolence, In The #Tigray Region Of Ethiopia' @a***d @l***t @D***b @B***N #TigrayGenocide #WeaponizedRape #SGBV #metoo #MothersDay #TigrayMothers #SarahEverard https://***gX","['#TopNews @Y***e #Ottawa @T***a @N***s #CanadaVsUSA #VoiceOfGod #EmpoweringWomen #VaginaMutilation #ViolenceAgainstWomenAct #EmpoweringWomen #BeatTheCrime #PerfectCrime #MeToo #TimesUp @C***M @J***u @F***4 @P***x @A***N BMF https://***ZV', 'Masters of the Universe figures. #mastersoftheuniverse #motu #battlecat #fisto #mattel #actionfigures #toys #toycollector #vintagetoys #eternia #hemanandthemastersoftheuniverse #toyphotography #shera #motuc #ihavethepower #castlegrayskull #grayskull https://***45', ""'Mass Atrocities, Including The use of Rape and #SexualViolence, In The #Tigray Region Of Ethiopia' @a***d @l***t @D***b @B***N #TigrayGenocide #WeaponizedRape #SGBV #metoo #MothersDay #TigrayMothers #SarahEverard https://***gX"", '-']",-,content_C,post
t1895,u1836,2021-10-25 16:08:41+00:00,MeToo,a***3,-,"['@A***e #MeToo', ""It's like #MeToo never happened https://***VY #SNP"", 'Vi har udgivet en rapport om seksuel chikane og kønnet forskelsbehandling blandt kommunalbestyrelsesmedlemmer. #dkpol #kv21 #metoo #enblandtos Vi har spurgt 2.200 byrådsmedlemmer, 576 har svaret. Her er highlights: https://***I8', '-']",tweet_C,-,retweet
t2552,u0677,2022-02-10 01:46:25+00:00,MeToo,L***3,It's time to let #womenleaders run the world. Sorry guys #timesup #SaveSoil #savetheocean #savebiodiversity #savetheplanet #letwomenlead https://***ot,"['“It’s going to be life-changing for people all over this country."" The U.S. House approved a bill today that would ban mandatory arbitration of #MeToo claims, queuing the measure up for Senate passage and President Joe Biden’s signature. https://***qg', 'BREAKING: House easily approves bipartisan bill to ban forced arbitration of #MeToo claims — Senate to take up as soon as this week &amp; it is expected to become law. https://***jp via @1***s', ""It's time to let #womenleaders run the world. Sorry guys #timesup #SaveSoil #savetheocean #savebiodiversity #savetheplanet #letwomenlead https://***ot"", '-']",-,content_C,post
t2374,u0907,2022-02-04 08:00:49+00:00,MeToo,t***s,"""How I played the game of sexual harassment to get ahead—but lost myself in the process,"" writes Jowita Bydlowska. #TheWalrusArchive #MeToo https://***zQ","['@H***Y +1 #IwillNotWatchBeijing2022', '""How I played the game of sexual harassment to get ahead—but lost myself in the process,"" writes Jowita Bydlowska. #TheWalrusArchive #MeToo https://***zQ', '5 #Product Development Hurdles! 1. Leadership takes a #Metoo stance vs. #Innovation 2. Filters to #Development Team’s thinking 3. Creates second guessing among team members &amp; silos 4. Project held to core #Revenue &amp; #Margin standards 5. No measures for #ROI tracking #Marketing https://***HE', '-']",-,content_B,post
t2159,u0631,2022-01-17 15:00:59+00:00,MeToo,M***e,"Today we celebrate Dr. Martin Luther King, Jr. We have heard about his dream, his desire for equality, and for the focus to be on character; not color. What is YOUR dream? #IHaveADream #MLKDay #EqualRights #Character #DreamBig https://***77","['“The function of education is to teach one to think intensively and to think critically. Intelligence plus character–that is the goal of true education.” –Martin Luther King, Jr. #mlkday #mlk #education #IHaveADream #MartinLutherKingJr #MartinLutherKing https://***p7', ""Lord please I need your help Please show up for me this once 🥺🙏 My school fees still pending 😭😭. I'm loosing my mind already I don't want to drop out 😭😭😭 Please help retweet till I get help #helpsaveasoul #ihavepassionforeducation #help"", 'Today we celebrate Dr. Martin Luther King, Jr. We have heard about his dream, his desire for equality, and for the focus to be on character; not color. What is YOUR dream? #IHaveADream #MLKDay #EqualRights #Character #DreamBig https://***77', '-']",-,content_C,post
t3287,u2702,2022-02-21 21:20:57+00:00,MeToo,t***s,We’re gonna liberate Ukraine from Russia when we couldn’t even liberate UK from Covid?!? Looooooooooool. #ihavenoideawhatimtalkingabout,"[""Het ontslag van Jaak Smeets in 2016 was nog een interne aangelegenheid te noemen. Maar volgens @m***r zijn er nog ernstigere misstanden bij #DPG geweest in de periode hierna. Er is volgens hem sprake van 'zelfcensuur'. Beluister het hele gesprek @D***g #metoo https://***1O"", 'We’re gonna liberate Ukraine from Russia when we couldn’t even liberate UK from Covid?!? Looooooooooool. #ihavenoideawhatimtalkingabout', '#mentoo #ABLANARI #niruparoy #fakecases #womenempowerment #legalterrorism #legalextortion #498A #dowrylawmisuse #Feminism #toxicfeminism #feminazi #metooindia #fraudwatch #blackmail #genderequality #GenderBiasedLaws #crimebywomen #CrimeHasNoGender #MarriageStrike @M***D https://***fW', '-']",-,content_B,post
t0090,u0111,2018-09-21 19:25:32+00:00,MeToo,S***h,"Heartbroken reading through these #WhyIDidntReport stories. To each survivor out there: you deserve better. You deserve to be heard. And I promise that I’m gonna keep fighting for you, today and every other day, too.","['#WhyIDidntReport is a sad, but necessary, rebuke to Trump https://***wE', 'My #MeToo became an “It’s OK” for others. @T***e', 'Heartbroken reading through these #WhyIDidntReport stories. To each survivor out there: you deserve better. You deserve to be heard. And I promise that I’m gonna keep fighting for you, today and every other day, too.', '-']",-,content_C,post
t1948,u1979,2021-11-20 03:54:01+00:00,MeToo,E***t,-,"['Dans la marche #NousToutes #MeToo https://***o7', 'I want to apologise to everyone at the #metooconference I was suppose to host all day but have been recently experiencing some health problems which meant I had to rather suddenly hand over to my deputy @J***2, who stepped up to the plate and did an absolutely fantastic job https://***8l', 'Oggi il mio pezzo sull\'Huffington Post: ""Buio su #PengShuai, ora la #Cina rischia il #boicottaggio sportivo La #WTA minaccia di cancellare i tornei nel Paese, gli #USA di non portare gli atleti a #Pechino #Olympics #china #MeToo運動 @M***4 @L***a @e***o https://***oG', '-']",tweet_C,-,retweet
t2699,u1696,2022-02-13 16:16:01+00:00,MeToo,j***a,"To the men in positions of power who want to honor women in STEM, things you can do are: -#BelieveWomen and validate their experiences -Do your share of service commitments so we don’t have to do an overload -Stand up against bullying and harassment by creating real consequences","['To the men in positions of power who want to honor women in STEM, things you can do are: -#BelieveWomen and validate their experiences -Do your share of service commitments so we don’t have to do an overload -Stand up against bullying and harassment by creating real consequences', '#IWillNeverForget #NeverVoteConservative', 'Hey @E***E @M***a now would be a great time to implement a policy for customers affected by domestic abuse #CorporateAccountability #CorporateResponsibility #DoSomething #victimblaming #SurvivorShaming #MeToo #CoerciveControl #FinancialAbuse #DomesticAbuse #Day1005', '-']",-,content_A,post
t3726,u2891,2022-03-02 20:28:34+00:00,MeToo,s***e,-,"['#JesusLeeft! ✝️ 🌈🕊️ #jesuslovesyou #Paulus #doorn #vlees #everyone #sinners #pray #turningpoint #marriagecontract #pride #ego #ega #sex #love #plato #SOULmission #soul #soulless #platonisch #Jodiumtabletten #gr2022 #vaccin #pfizer #mondkapjes #knettergek #massa #metoo ⏳🙏 https://***2w', '@T***t must clean out all the Republican Party legislators, officials &amp; judges in Washington DC &amp; our states who were corrupted by Trump-Putin forces! #TimesUp for Putin plus all his GOP operatives trying to destroy our elections, democracy, human rights &amp; social unity! https://***E4', '#bitwig #MeToo BORED TO BE VERBALLY SEXUALLY MENACED BY GAYS !!!!! LIKE AT FIRST VIEW THEY ASK MY PENIS SIZE... I AM CATHOLIC !!! MY MOM IS GYPSY !!!! MERDEEEEE !!! NO RESPECT !!! GAYS ARE AGRESSIVE SEXUALLY !!! I SHOULD CALL POLICE !!! #Police 😪😪😪😪😪😪😪😪', '-']",tweet_C,-,retweet
t3777,u1358,2022-03-03 15:29:42+00:00,MeToo,d***7,-,"['Reason #16 to support SIU Press: Our titles are timely, including the recent """"Institutional Sexual Abuse in the #MeToo Era"""" and the forthcoming """"Crime and Justice Innovations, Adaptations, and Responses to the COVID-19 Pandemic."""" See the full list at https://***m. https://***aM', '19 year old teenager charged with the rape of his 11 year old younger sister, also fas two counts of sexual assault and one count of attempted rape. Yes, #WeNeedToTalkAboutCosby🗣, but #FirstThem👉🏾 #MeToo #WeAsOurselves🤐 #SilenceIsViolence🤬 #H1news🗞 https://***eM', ""LAWSPLAINNING THE INTERWEBS WITH ⚖Nick Rekieta @R***a🥃 🔴LIVE #Wisconsin #Sexytime #Murder | #MarilynManson Sues Over #MeToo| #TheGUNT, #EthanRalph's #RestrainingOrder #TouchDOWN! #OnPaper? #UNBREADED! #Murdidlyurder? #LawsplainingTheInterwebs https://***QA https://***Y1 https://***cb"", '-']",tweet_B,-,retweet
t2842,u1490,2022-02-15 18:03:02+00:00,MeToo,t***d,"“We’ve made so much progress with the #MeToo movement. But we see, over and over again, that individuals’ instincts are often to not believe the people coming forward.” https://***di","['https://***V0 #freedom #Ronaldreagan #downwithtyranny #wethepeople #patriotic #iwillnotcomply #americanflag #madeinamerica #forefathers #betsyross #nofascism #donaldtrump #georgewashinton #americanpride #madeinUSA #americaningenuity #redwhiteandblue https://***fw', 'There has to be 437 Democrats out there willing to donate $1,000 each towards my goal of $437,000 to keep me from tweeting. $Lgbtgirls is my Cashapp ID #DNC @S***i #donate #metoo #lolita #TrumpWasRight #CreepyJoe #Tweet https://***nz', '“We’ve made so much progress with the #MeToo movement. But we see, over and over again, that individuals’ instincts are often to not believe the people coming forward.” https://***di', '-']",-,content_C,post
t2513,u1752,2022-02-09 09:49:17+00:00,MeToo,l***s,"Women spoke up, men cried conspiracy: inside Axel Springer’s #MeToo moment. The fallout shows the inherent tension of compliance investigations - a system of #corpgov riddled with conflicts that is paid for, managed &amp; communicated by a company itself. https://***0B https://***Hq","['Women spoke up, men cried conspiracy: inside Axel Springer’s #MeToo moment. The fallout shows the inherent tension of compliance investigations - a system of #corpgov riddled with conflicts that is paid for, managed &amp; communicated by a company itself. https://***0B https://***Hq', ""This is wrong at so many levels. This should have been a news headline. Sad to see that how a male's #Metoo is of less importance than a Female's #Metoo @s***m needs to be questioned. A known media company like @S***p can't simply get away with this. https://***bq"", 'Yet *another* disappointing football icon. #MeToo was essential to give voice to all kinds of inappropriate and abusive behaviours by those in positions of power. It needs to be the norm that *any* kind of power should foster responsibility and care, not plans for exploitation. https://***EZ', '-']",-,content_A,post
t3243,u3205,2022-02-21 08:42:02+00:00,MeToo,G***d,-,"['@b***i Pensare che sarebbe bastato diventare un Drag Vassallo, un #Gender valvassino, un valvassore #MeToo , comunque meglio di un servo del #PoliticamenteCorretto ... https://***AY', 'I’m writing like every word is brilliant #IAmWriting #IHaveDeadlines #AlmostThere https://***iJ', ""#CorpMedia #Idiocracy #Oligarchs #MegaBanks vs #Union #Occupy #NoDAPL #BLM #SDF #DACA #MeToo #Humanity #DemExit #FeelTheBern America's political establishment isn't in the least troubled by voters' semi-literate paranoia; they're banking on it... https://***51 https://***42"", '-']",tweet_C,-,retweet
t3792,u0632,2022-03-03 19:59:05+00:00,MeToo,R***s,-,"['Who is protecting Women from you sexual predator enablers? james has been hiding behind his daughter,like a misogynistic coward, while he retaliates and punishes victims for speaking out against sexual violence. You bastards are why women aren’t safe. Fuck patriarchy. #MeToo #NDA https://***EN', ""Dark news indeed. I visited the TV Rain newsroom in 2018. They were reporting on gay rights in Checnya, and on women's rights &amp; on the fledgling #MeToo movement in Russia. Brave voices. cc: @M***a @J***s https://***ts https://***bq"", 'For BTC to go up, you simply go on venmo, buy BTC. For gold to go up, you have to navigate this rich man’s trick, Rube Goldberg futures market bullshit put in place by the banksters after the dollar was untethered from gold, specifically to keep gold down, as stated in the docs. https://***mG', '-']",tweet_A,-,retweet
t3294,u1858,2022-02-22 04:02:28+00:00,MeToo,A***a,"Never ask the institution to love you. It literally doesn’t know how, even if it wanted to. #HarvardLetter","['@R***s @c***m @G***r @A***N #VaginaMutilation #PerfectCrime #ViolenceAgainstWomenAct #TimesUp #BeatTheCrime #MeToo #EmpoweringWomen @G***r #CanadaVSUSA @T***a #Ottawa #Neil @A***H @J***u @a***s @W***s #IL13 https://***Al', 'It set off conversations about workplace harassment around the world. In India, Vogue published an essay by Priya Ramani, addressed to a certain “Male Boss.” There were now more brave women who were “not scared to point out the monster in the suit,"" she wrote.', 'Never ask the institution to love you. It literally doesn’t know how, even if it wanted to. #HarvardLetter', '-']",-,content_C,post
t0091,u2167,2018-09-21 20:14:05+00:00,MeToo,b***r,My mom woke up this morning and did her first ever on camera interview. I felt a tug in my heart when she reflected on how silence is a tragic part of our culture #WhyIDidntReport Proud of you for breaking the speaking up and defending the Dr Christine Blasey Ford we know &amp; love https://***9M,"['The veil is off and the fangs are out. #MeTooLiars https://***DH', 'Listening to the wisdom of Tarana Burke, founder of the #MeToo Movement. #EmpowermentThroughEmpathy #LiveWithYourDignityInTact https://***sq', 'My mom woke up this morning and did her first ever on camera interview. I felt a tug in my heart when she reflected on how silence is a tragic part of our culture #WhyIDidntReport Proud of you for breaking the speaking up and defending the Dr Christine Blasey Ford we know &amp; love https://***9M', '-']",-,content_C,post
t3013,u0659,2022-02-17 23:04:08+00:00,MeToo,J***5,-,"['Age 41, never married, and childless. #IzabellaMiko #MRA #MGTOW #Feminism #redpill #hookup #mensrights #dating #divorce #singlemother #metoo #timesup #killallmen #single #Misandry #thefutureisfemale #independantwoman #careerwoman #toxicmasculinity #abortion #ValentinesDay #men https://***Iv', 'In court, #MeToo allegations are at a disadvantage because they come up against hallowed legal concepts like “reasonability.” Who’s reasonable? Men. @m***o on what happened when women came together to fight 300 yrs of jurisprudence in a Delhi courtroom. https://***T8', '#CorpMedia #Idiocracy #Oligarchs #MegaBanks vs #Union #Occupy #NoDAPL #BLM #SDF #DACA #MeToo #Humanity #DemExit #FeelTheBern Rail Unions Are Bargaining Over a Good Job Made Miserable https://***SW Contract negotiations covering 115,000 rail workers in the U.S. ... https://***WK', '-']",tweet_B,-,retweet
t3991,u1577,2018-03-21 17:00:03+00:00,MeToo,c***z,"""Follow your CREATOR only, not man"" #snow #NationalAgDay #bitcoin #HappySpring #MeToo #2012vs2018 #quote #SchoolShooting #DEJAVU #NowPlaying #AfCFTA2018 #thINK2018 #TuesdayThoughts #wisdom https://***uM","[""My friend Finchie would like you to know you're not alone #TimesUp https://***Jf"", '""Follow your CREATOR only, not man"" #snow #NationalAgDay #bitcoin #HappySpring #MeToo #2012vs2018 #quote #SchoolShooting #DEJAVU #NowPlaying #AfCFTA2018 #thINK2018 #TuesdayThoughts #wisdom https://***uM', 'New Date (26/03): Machteld De Metsenaere - Lecture ""#MeToo Revisited"" + panel discussion! On Monday 26th March, 18h https://***z0 https://***dy', '-']",-,content_B,post
t1382,u0860,2020-11-03 16:06:38+00:00,MeToo,s***i,Having a child is making a promise to make the world safe and fair for them. #IHaveAVoice and I’m using it to #vote for the world our children deserve. (And I get to vote for Bella’s Mimi!) https://***I1,"['Organisations can demonstrate their commitment to change by addressing practices, workplace culture #victims #survivors talk of #institutionalBetrayal Instead let’s show #InstitutionalCourage #MeToo #YoTambien #balancetonporc https://***75', 'Having a child is making a promise to make the world safe and fair for them. #IHaveAVoice and I’m using it to #vote for the world our children deserve. (And I get to vote for Bella’s Mimi!) https://***I1', 'Available in #Spanish #MeToo https://***yb', '-']",-,content_B,post
t2610,u2257,2022-02-10 19:24:03+00:00,MeToo,U***t,This is great news for workers everywhere! Ending forced arbitration will prevent the silencing of workplace survivors of sexual harassment and assault. #MeToo #TimesUp https://***6K,"['2. Why do I have to call Eileen Gu out ? Cus she is willingly be CCP‘s propagandist on whitewashing #Pengshuai’s #metoo case. https://***0T', 'This is great news for workers everywhere! Ending forced arbitration will prevent the silencing of workplace survivors of sexual harassment and assault. #MeToo #TimesUp https://***6K', 'Today is in many ways about how academia is a #HouseofCards. And about how #MeToo is allowed and encouraged to happen based on the structural conditions of a generalized #IchbinHanna lack of visibility and power. https://***Vk', '-']",-,content_B,post
t2636,u1331,2022-02-11 12:30:00+00:00,MeToo,P***t,#MONGOLIA: 1 in 10 women experienced nonpartner sexual violence before the age of 15 https://***8o #VAW #MeToo #YesAllWomen,"[""Happy #INTERNATIONALDAYOFWOMENINSCIENCE 🥳 Why SHOULD we applaud each other for being here? Recent academic #metoo stories reported in Belgian media make it painfully clear there's still work to be done. But's not enough to not be harassed. 🧵 https://***YW"", '#MONGOLIA: 1 in 10 women experienced nonpartner sexual violence before the age of 15 https://***8o #VAW #MeToo #YesAllWomen', ""Proud of my office's partnership with @U***Q &amp; @D***e in the arrest &amp; charging of former @U***3 television producer/writer of @E***a Enrique Albis-Masot on additional sexual assault charges. Every sexual assault is a degradation of the victim. #MeToo https://***rN"", '-']",-,content_B,post
t3877,u3262,2022-03-05 14:36:44+00:00,MeToo,K***n,"@a***y No. Sadly, I think he is readying for some #MeToo action! I hope the Russian trainee air stewardesses are brave enough to say #NO to the 💩#bully with #nukes!","[""@k***e I I I Should you be going out if you have pulled / sprained a boob? Also - I am a huge wuss but doesn't the removal afterwards bother you? #IHaveNotTapedMyBoobs"", '@a***y No. Sadly, I think he is readying for some #MeToo action! I hope the Russian trainee air stewardesses are brave enough to say #NO to the 💩#bully with #nukes!', '@L***3 Absolutely! Me too. And #MeToo', '-']",tweet_A,content_B,reply
t2453,u0865,2022-02-08 00:45:20+00:00,MeToo,J***H,-,"[""10:30 PM ET I'll be talking about #pengshuai and #Beijing2022 on @B***d #WhereIsPengShuai #IOC #bach #Beijing2022WinterOlympics #GenocideOlympics #score4rights2022 #metoo @i***a"", 'Laten we elke man die ergens vertrekt vanwege “ongepast” gedrag vervangen door een leuke vrouw. Dan is een quotum niet meer nodig lijkt me. Win-win. #metoo', '@I***e #TaraReade has several contemporaneous corroborations that #JoeBiden raped her &amp; retaliated against her. Christine Blasey Ford had zero against Kavanaugh. #IBelieveBlaseyFord #KavanaughIsASexualPredator #IBelieveTaraReade #JoeBidenIsASexualPredator #JoeBidenIsARapist #MeToo https://***Ez', '-']",tweet_C,-,retweet
t2627,u0053,2022-02-11 05:16:35+00:00,MeToo,P***C,@R***6 Let's all remember who started these covid conversations while we're at it. #IwillNotWatch #NoBeijing2022 #BoycottBeijingOlympics #BoycottBeijing2022 #CCPLiedPeopleDied #CCPVirus #FreeUyghurs #FreeTibet #Xinjiang #ccp_is_terrorist #BoycottMadeInChina,"['Difficult to read, and important, examination of the complexities in holding men accountable for #metoo violations, helping women heal and the potential for #restorativejustice to help. #domesticviolence https://***JD', ""@R***6 Let's all remember who started these covid conversations while we're at it. #IwillNotWatch #NoBeijing2022 #BoycottBeijingOlympics #BoycottBeijing2022 #CCPLiedPeopleDied #CCPVirus #FreeUyghurs #FreeTibet #Xinjiang #ccp_is_terrorist #BoycottMadeInChina"", 'Powerful statement &amp; content for #harvardletter but @C***a https://***th', '-']",tweet_B,content_B,reply
t2686,u1849,2022-02-13 04:26:55+00:00,MeToo,r***1,#CorpMedia #Idiocracy #Oligarchs #MegaBanks vs #Union #Occupy #NoDAPL #BLM #SDF #DACA #MeToo #Humanity #DemExit #FeelTheBern Quebec nurses' union files complaint with UN agency due to 'forced labour' https://***8Y After trying virtually everything to end being ... https://***r8,"['#MeToo bill poised to shake Silicon Valley ... https://***7D ##metoo #bill #poised #to #shake #silicon #valley #', ""#CorpMedia #Idiocracy #Oligarchs #MegaBanks vs #Union #Occupy #NoDAPL #BLM #SDF #DACA #MeToo #Humanity #DemExit #FeelTheBern Quebec nurses' union files complaint with UN agency due to 'forced labour' https://***8Y After trying virtually everything to end being ... https://***r8"", 'not just abusive lawyers but DOCTORS! while I was taking my ex for #Glaucoma surgery thinking his meds were the problem w his escalating violence his family was planning all the extremist assaults! #EndHumanTrafficking #roughsleeping #SexualHarassment #MeToo #WhiteSupremacy https://***NJ', '-']",-,content_B,post
t1929,u2173,2021-11-15 15:30:07+00:00,MeToo,P***4,France : des femmes de gauche lancent un #MeToo politique https://***Xn https://***Ou,"['France : des femmes de gauche lancent un #MeToo politique https://***Xn https://***Ou', '« Nous exigeons que le monde politique prenne enfin en compte le mouvement #metoo » – via @l***r https://***Ne', '#changinglifepath #healingmyselftohealothers #holistichealthcoach #helpingothersthroughmysuffering #depressionandsuicide #ihavebeentorockbottom #rockbottomisateacher #healingfromrockbottom #beentohellandback #iamchoosingmylife #mylifepathhaschanged #gratitudeandmindfulness https://***l8', '-']",-,content_A,post
t2091,u2394,2022-01-05 18:21:55+00:00,MeToo,R***d,-,"['بسوی آشیانه باز رفتند. #من_هم_شمعی_روشن_خواهم_کرد #IWillLightACandleToo https://***Kt', 'And the families have asked for #IWillLightACandleToo to be used to commemorate their loved ones. https://***y6', 'چرا بهجای باران، پَرهای سوخته از آسمان میبارید؟ #PS752 #IWillLightACandleToo https://***XE', '-']",tweet_C,-,retweet
t2028,u0332,2021-12-17 04:52:37+00:00,MeToo,K***B,-,"['📢!!️TODAY\'s VOTE at #EPlenary: "" #MeToo &amp; harassment – the consequences for the EU institutions"" We urge all the groups to vote in favor of the resolution to ensure that the @E***N moves forward to a safe working environment for all! Please RT!👊♀️👊 #zeroharassmentEP https://***yZ', 'I have mixed feelings when a man asks me to visit him at his office in order to discuss about research/work. I know, he might be an excellent person Or not #MeToo', '@d***2 @V***y It’s not a break in or vandalism. Even after #Metoo people ask uninformed ?’s like ‘why now’ &amp; worse. When you accuse a high-profile person you know they have a team of publicists, attorneys &amp; fans who’ll try to destroy you. Few people want to endure that.', '-']",tweet_A,-,retweet
t2478,u3267,2022-02-08 13:21:37+00:00,MeToo,F***b,"It’s about damn time that the deeply misogynist, vile sytem that is #HaltDieFresseSpringerPresse is unraveled and ended. They have been hurting women and people of color for decades. #MeToo #Reichelt https://***60","['New information about the Comaroff sexual harassment scandal--Allegations go far beyond words. There is now a federal lawsuit. To my colleagues who signed those two abysmal letters -- You can and should retract your signatures. #sexualharassment #MeToo https://***QD', 'Yet *another* disappointing football icon. #MeToo was essential to give voice to all kinds of inappropriate and abusive behaviours by those in positions of power. It needs to be the norm that *any* kind of power should foster responsibility and care, not plans for exploitation. https://***EZ', 'It’s about damn time that the deeply misogynist, vile sytem that is #HaltDieFresseSpringerPresse is unraveled and ended. They have been hurting women and people of color for decades. #MeToo #Reichelt https://***60', '-']",-,content_C,post
t1622,u1936,2021-02-02 17:27:26+00:00,MeToo,V***e,"Zu den #MeToo Vorwürfe gegen #MarilynManson. Ich hoffe sehr, er kommt vor Gericht. https://***tv","['Zu den #MeToo Vorwürfe gegen #MarilynManson. Ich hoffe sehr, er kommt vor Gericht. https://***tv', 'Not gonna lie, really thought we’d be back above the 5k follower mark (and maybe beyond) with this latest and most triumphant return. Apparently not. Apparently not. ☹️ #outofanabundanceofsadness #ItsFineImFine #IWillAlwaysBeHereForYou https://***9S', '""Time\'s Up allowed me to say things I’m not sure I would have said a year ago"", @T***x on being inspired by the #timesup movement to ask for better pay. Interview in @F***K - https://***pU', '-']",-,content_A,post
t2726,u2075,2022-02-14 05:12:59+00:00,MeToo,f***s,The FT investigates Axel Springer’s #MeToo moment https://***qD,"['https://***Tn RT-11 #Metooindia #FeminismIsCancer #Feminism #Patriarchy #GenderBiasedLaws #stopfeminism #feminist #fakefeminism #MensLivesMatter #SaveOurSons #InternationalMensDay #toxicfeminism #genderbiased #women #metoo #rape #womenempowerment #WomensRights #female', 'On lui doit le #MeTooGay . Pour avoir révélé avoir été victime de viol par un conseiller de Paris, il a subi des pressions et s’est donné la mort. #JusticepourGuillaume Je n’accepte pas que ses amis qui poursuivent le combat soient à leur tour menacés. #MeTooPolitique https://***IZ', 'The FT investigates Axel Springer’s #MeToo moment https://***qD', '-']",-,content_C,post
t2595,u0608,2022-02-10 17:14:07+00:00,MeToo,B***y,-,"['House Approves #MeToo Bill Aimed at Workplace Sexual Harassment https://***um', 'I think #Lewis Hamilton is really a winter in disguise. - Christopher Columbus #ChristopherColumbus #metoo #lifestyle #InternetBusiness #Gveaway #womeninbusiness #followback #Freedom #Hustle', '“ .... we leven toch niet meer in de #middeleeuwen. We nagelen toch niemand meer aan de #schandpaal, we bespuwen of stenigen geen mensen.” #MeToo https://***Cq', '-']",tweet_A,-,retweet
t2617,u0057,2022-02-10 22:08:05+00:00,MeToo,K***A,"Congress on Thursday gave final approval to legislation guaranteeing that people who experience sexual harassment at work can seek recourse in the courts, a milestone for the #MeToo movement that prompted a national reckoning https://***0Y","['l’università di harvard si spacca sull’antropologo john comaroff, accusato da tre studentesse di... - Cronache #luniversità #harvard #spacca #sullantropologo #john #comaroff #accusato #studentesse #cronache https://***5D', 'Congress on Thursday gave final approval to legislation guaranteeing that people who experience sexual harassment at work can seek recourse in the courts, a milestone for the #MeToo movement that prompted a national reckoning https://***0Y', 'Companies can no longer force sexual harassment, assault claims into arbitration under a #MeToo bill passed by the Senate. About 60 million U.S. workers are subject to forced arbitration, per @J***g. The bill, the first since the #MeToo movement, heads to Pres. Biden. https://***bn', '-']",-,content_B,post
t3036,u0622,2022-02-18 07:33:52+00:00,MeToo,K***n,-,"['🇨🇦thanks🇳🇱#KaiVerbij #champ #SpeedSkater 4your #sportsmanship, inspiring us 2stay classy, not put winning above everything important including the true #Olympics ideals! Thanks Kai 4being awesome! https://***TW P.S. #FreePengShuai #MeToo #WhereIsPengShuai #fail #China', 'A richly-written piece by @m***o on the colonial legacy that is the defamation law, &amp; the many ways in which the Priya Ramani case changed the legal narrative in course of #MeToo. https://***xq', 'https://***ac RT-11 #Metooindia #FeminismIsCancer #Feminism #Patriarchy #GenderBiasedLaws #stopfeminism #feminist #fakefeminism #MensLivesMatter #SaveOurSons #InternationalMensDay #toxicfeminism #genderbiased #women #metoo #rape #womenempowerment #WomensRights #female', '-']",tweet_A,-,retweet
t1267,u1445,2020-10-16 13:43:44+00:00,MeToo,_***e,"More than 7 in 10 people who experienced workplace sex harassment faced some form of retaliation, according to new report by @n***c. Nevertheless, workers are fighting back, with help from the #TIMESUPLDF. Text GET HELP to 306-44 to reach out. https://***MW","['Transformative change comes in many forms. It’s been a very heavy time in my life as I’m thankful that I’ve had the space to reflect on all that has transpired. We must all die someday, &amp; my conscience will not allow me to be silent any longer. #MeToo https://***6u', 'More than 7 in 10 people who experienced workplace sex harassment faced some form of retaliation, according to new report by @n***c. Nevertheless, workers are fighting back, with help from the #TIMESUPLDF. Text GET HELP to 306-44 to reach out. https://***MW', '📣BREAKING NEWS📣 PBHA is thrilled to announce @T***e, founder of the #MeToo Movement (@M***T), as the honoree of our 14th Annual Robert Coles “Call of Service” Lecture &amp; Award! Join us on Fri, Nov. 13, at 6:30 PM ET. RSVP at https://***XR https://***7X', '-']",-,content_B,post
t0292,u2250,2019-01-16 14:35:00+00:00,MeToo,r***e,Heather Mac Donald (@H***I) and @B***o discuss the pitfalls of the #MeToo movement. WATCH: https://***cr https://***TY,"[""Tonight on #TheShiftwithDrex Have you seen the new @G***e #metoo commercial? Some guys are calling for a boycott of the company... perhaps they're the target audience? Others are saying they don't need a lecture... Watch it, then give me your thoughts. https://***hq"", '""Because the boys watching today will be the men of tomorrow"" #TimesUp https://***gg', 'Heather Mac Donald (@H***I) and @B***o discuss the pitfalls of the #MeToo movement. WATCH: https://***cr https://***TY', '-']",-,content_C,post
t2685,u2007,2022-02-13 04:26:04+00:00,MeToo,I***E,-,"['#First4Songs on 2-10-22: #TheBonnieBlueFlag performed by #HappyMcCarthy, #TheTabernacleChoirAtTempleSquare, &amp; #RichardPCondie; #WhatGoodIsLove by #SchuylerFisk, #IHaveADream by #JackIzaak, #CantHelpFallingInLove performed by #IngridMichaelson. #music #DJSangsta #Spotify #oooShiny https://***X3', '#illuminatibloodlineslave #whyididntreport #HonkHonk #freedom', 'Proven time and again: power &amp; adoration make people stupid. Cases in point: #HarvardLetter #Comaroff. And #JonStewart', '-']",tweet_A,-,retweet
t2648,u1331,2022-02-11 17:30:00+00:00,MeToo,P***t,"#USA: In a survey of 148 Native American women living in #Seattle, 94% reported being raped or coerced into sex https://***5k #VAW #Rape #MeToo #YesAllWomen","['@A***m #IWillNeverForget #Genocide #NotSoLongAgo', '#USA: In a survey of 148 Native American women living in #Seattle, 94% reported being raped or coerced into sex https://***5k #VAW #Rape #MeToo #YesAllWomen', '@F***i @T***a Abeg leave Nigerian out for now 😭😂 #ihaveone', '-']",-,content_B,post
t3878,u0338,2022-03-05 14:38:59+00:00,MeToo,s***y,Hey @j***s @T***d @T***d @J***y you fkn abusive SOB think Policewomen are disposable. You are the reason Women in policing are suffering. Fk you for protecting sexual predators &amp; for silencing US. Stop being complicit cowards. #MeToo #NDA https://***fn,"['Lawsuit Claims Marylin Manson Victim Of Elaborate #metoo Scheme https://***n0', 'There’s many unionist plants integrated &amp; integral to the Alba Party. Sillars has always been a yoon. Salmond, I believe became one after his #metoo indiscretions but who knows, maybe he’s always been one. Mummy’s boy. https://***Op', 'Hey @j***s @T***d @T***d @J***y you fkn abusive SOB think Policewomen are disposable. You are the reason Women in policing are suffering. Fk you for protecting sexual predators &amp; for silencing US. Stop being complicit cowards. #MeToo #NDA https://***fn', '-']",-,content_C,post
t2430,u2876,2022-02-07 09:15:01+00:00,MeToo,p***h,"It's a #MeToo scandal if you're a professor who sexually harasses a student. It isn't a #MeToo scandal if you're a professor married to a former student. Yet, @M***a is making a list of non-harassers who violate their diktats on permissible and impermissible love. https://***Jk","[""Sentiment op twitter vanmorgen was dat het overdreven was dat een geliefde man (die een viespeuk bleek te zijn) ook al 'slachtoffer' was van 'doorgeslagen #MeToo' maar wat blijkt? https://***b0"", ""So weird to see Eric Lander raked over the coals in the media for his behavior as the president's science advisor in 2022. He also served as a science advisor to President Obama back in the day, but that was before #MeToo"", ""It's a #MeToo scandal if you're a professor who sexually harasses a student. It isn't a #MeToo scandal if you're a professor married to a former student. Yet, @M***a is making a list of non-harassers who violate their diktats on permissible and impermissible love. https://***Jk"", '-']",tweet_B,content_C,reply
t3168,u1849,2022-02-20 02:57:50+00:00,MeToo,r***1,"#CorpMedia #Idiocracy #Oligarchs #MegaBanks vs #Union #Occupy #NoDAPL #BLM #SDF #DACA #MeToo #Humanity #DemExit #FeelTheBern Egyptian labor in the revolutionary struggle https://***ld The Egyptian labor movement has a long history of resistance, but the current ... https://***pG","['#mentoo #ABLANARI #niruparoy #fakecases #womenempowerment #legalterrorism #legalextortion #498A #dowrylawmisuse #Feminism #toxicfeminism #feminazi #metooindia #fraudwatch #blackmail #genderequality #GenderBiasedLaws #crimebywomen #CrimeHasNoGender #MarriageStrike @M***D https://***zx', '#CorpMedia #Idiocracy #Oligarchs #MegaBanks vs #Union #Occupy #NoDAPL #BLM #SDF #DACA #MeToo #Humanity #DemExit #FeelTheBern Egyptian labor in the revolutionary struggle https://***ld The Egyptian labor movement has a long history of resistance, but the current ... https://***pG', 'Always date your significant other. Doesn’t matter how busy you are. Find time even if it’s just to the grocery store. Nothing is more important than that relationship. #ihaveagoodone #datenight #busylife #studentmom #student #studentwife #untraditionalstudent #premed', '-']",-,content_B,post
t3638,u0443,2022-02-28 23:31:59+00:00,MeToo,d***s,Vielleicht sollten wir den Hashtag mal kapern. Ich lebe noch. #MeToo,"['Vielleicht sollten wir den Hashtag mal kapern. Ich lebe noch. #MeToo', '#F1 #FIA #skyF1 #espn #BBCSport #cnni #eu @a***1 #redbullracing #ROLEX #HP #Honda #TAGHeuer #Siemens #metoo #Oracle #pumamotorsport #istandwithlewis #netflix #whiteprivilege #whitewashing @w***l #ReleaseTheFIAreport #VoidLap58 #misogyny #warwickOUT https://***al', 'Powerlifting, unimelb, small Asian females, accusations of #MeToo, allegedly litigious coach banned, wife associated with brothels. Very messy. @L***a https://***WH', '-']",-,content_A,post
t1343,u2462,2020-10-27 12:01:00+00:00,MeToo,M***n,"TONIGHT IS THE NIGHT! 🙌 Watch and live tweet with us, NOT DONE: Women Remaking America at 8/7C on @P***S! The film spotlights today’s feminists who are paving the way to true equality, from the Women’s March to Black Lives Matter to #MeToo. Our fight is #NOTDONE 👊 https://***nF","['TONIGHT IS THE NIGHT! 🙌 Watch and live tweet with us, NOT DONE: Women Remaking America at 8/7C on @P***S! The film spotlights today’s feminists who are paving the way to true equality, from the Women’s March to Black Lives Matter to #MeToo. Our fight is #NOTDONE 👊 https://***nF', '@S***d Los van #metoo komt er een moment dat Johnny zichzelf belangrijker gaat vinden dan waar de artiest, waar het om draait. Meer BN’ers hebben er last van. Gelukkig niet besmettelijk maar we moeten er wel snel vanaf.', 'I went out and #vote early yesterday and it dawned on me that half the people on my ballot I knew nothing about. This affected me greatly because I wasn’t sure why I was voting for them. #ihave #todo #better https://***UL', '-']",-,content_A,post
t3328,u1759,2022-02-22 17:03:23+00:00,MeToo,i***l,"""I Will Always Be Me"" helps people living with #motorneuronedisease bank their voice and find the words to express what they're going through. Created in partnership with @D***h, @m***c and @R***e. https://***Na #IWillAlwaysBeMe https://***7t","['Do you know any Secret Society syndicates who share Holiday Homes ? Where it may be used for hosting a Underground Sex Den with Adult Gimps or Children for Sex ? Groundfloor , Cottage or Bungalow or Castle, Stately Home ? #metpoliceuk #Police #MeToo #Holidays #Politics https://***0s', '""I Will Always Be Me"" helps people living with #motorneuronedisease bank their voice and find the words to express what they\'re going through. Created in partnership with @D***h, @m***c and @R***e. https://***Na #IWillAlwaysBeMe https://***7t', 'https://***Xk RT-11 #Metooindia #FeminismIsCancer #Feminism #Patriarchy #GenderBiasedLaws #stopfeminism #feminist #fakefeminism #MensLivesMatter #SaveOurSons #InternationalMensDay #toxicfeminism #genderbiased #women #metoo #rape #womenempowerment #WomensRights #female', '-']",-,content_B,post
t1707,u3000,2021-04-14 14:11:48+00:00,MeToo,5***C,-,"['I have no doubt that #JohnsHopkins botched a sexual violence case. The university is woefully underprepared to handle abuses by faculty. This student is unbelievably brave for fighting such a powerful system - support her if you can #metoo @J***o https://***SK', 'know that even men considered progressive—and ""talented,"" ""heroes,"" etc.—can be abusers; that 60% bisexual women have survived sexual/physical/IPV trauma; and that many survivors, including me, believe those who traumatized us deserve healing. #SAAM #MeToo https://***4N', '""To shift that culture we fundamentally believe that we need to have equity"", says Dame Heather Rabbatts, Chair #TimesUp in article by @H***a in @b***h asking - is Hollywood still failing women? https://***QZ', '-']",tweet_C,-,retweet
t1753,u3278,2021-06-01 08:01:45+00:00,MeToo,L***U,-,"['Happy Pride Month! This month is dedicated to spreading awareness, uplifting, and celebrating the LGBTQ+ community. #pridemonth #globalpotential #ihavepotential https://***QJ', 'GP Live Show | Yikai shares his experience and vision for Global Potential. https://***tu via @Y***e #globalpotential #ihavepotential #gpliveshow #youthempowerment', ""GP Live Show | Sarah's favorite memory in Batey, Dominican Republic. https://***KI via @Y***e #globalpotential #ihavepotential #gpliveshow #youthempowerment"", '-']",tweet_A,-,retweet
t2436,u0336,2022-02-07 17:06:39+00:00,MeToo,V***e,"Et sinon, dans son jugement d'avril 2021, le tribunal enjoint à l' @u***e de procéder au réexamen de la situation de cette doctorante sous *deux mois*. On est en février 2022. Fin de la (très mauvaise) blague. #MeTooRecherche","['The wedding industry is filled with joy and excitement that hides a darker, rarely discussed side filled with sexual harassment and abuse. Wedding photographers are finally speaking out. #MeToo https://***Sk', '#ストライプインターナショナル #eart_music_and_ecology #石川康晴 #SexualAssault #岡山芸術交流 #岡山 #女性差別 #metoo #性暴力被害者のその後 #KeepPrisonsSingleSex #AskRapeCrisisJapan #AskRapeCrisisScotland #ファイヤーデモ #フラワーデモ https://***aO https://***O5', ""Et sinon, dans son jugement d'avril 2021, le tribunal enjoint à l' @u***e de procéder au réexamen de la situation de cette doctorante sous *deux mois*. On est en février 2022. Fin de la (très mauvaise) blague. #MeTooRecherche"", '-']",tweet_B,content_C,reply
t2154,u0256,2022-01-17 13:37:01+00:00,MeToo,T***_,Today we celebrate the life and legacy of Dr. #MartinLutherKingJr. We honor his everlasting impact on #socialjustice and continue to strive for #equality for all. #MLKDay #IHaveADream #MartinLutherKing https://***n4,"['@S***Q Λίγο τολμηρό να γράφεις τέτοιο τουίτ μία μέρα μετά τον ομαδικό βιασμό προσφύγισσας από Πακιστανούς στο Κιλκίς. Αλλά ξέχασα αν το θύμα δεν είναι Ελληνίδα καλλονή και ο θύτης ινφλουένσερ, στα τέτοια σου. #metooGR #cancel_influencers', '@P***r favorite poses are Downward Facing Dogma, TimesUpsvanasana, and #MeTooriangle', 'Today we celebrate the life and legacy of Dr. #MartinLutherKingJr. We honor his everlasting impact on #socialjustice and continue to strive for #equality for all. #MLKDay #IHaveADream #MartinLutherKing https://***n4', '-']",-,content_C,post
t1904,u1611,2021-11-03 07:45:43+00:00,MeToo,b***n,"Anzügliche Sprüche im Büro, Hände auf Hintern im Meeting, Einladungen zum Schnitzel-Blowjob-Tag per Firmen-Mail: Unsere Recherche über das #MeToo-Problem der deutschen Wirtschaft https://***2I","[""#Gravitas | A rare #MeToo allegation has ignited a firestorm in #China. Tennis star Peng Shuai has accused a former vice premier of sexual assault on Weibo. Chinese censors have hidden Peng's account. Conversations around the allegations are being blocked. @p***u has more https://***a3"", 'Anzügliche Sprüche im Büro, Hände auf Hintern im Meeting, Einladungen zum Schnitzel-Blowjob-Tag per Firmen-Mail: Unsere Recherche über das #MeToo-Problem der deutschen Wirtschaft https://***2I', '@H***n HILLARY WE LOVE YOU JOIN US IN OUR FIGHT #BROWNMATTERSTOO #BMT #BLM #BLMUK #ResistanceUnited #MeToo #stophate #FEMINISTWARRIORS #MEGBELIEVESYOU DONATE AT BROWNLIVESMATTER@G***L.COM Thank you. Xo -Meg, founder #Brownmatterstoo', '-']",-,content_B,post
t3883,u1539,2022-03-05 18:18:37+00:00,MeToo,t***k,"@P***P Don’t worry: they keep asking me, too #MeToo 🤔","['Do you know what you call a bad T in jeans? A bad T. Do you know what you call a good T in jeans? A good T. Do you know what you call a bad T in dress clothes? A bad T. See where I am going with this?? Thoughts?? #IHaveQuestions #Optimalist #RelationSHIFT #709AlwaysLearning https://***9d', 'Jarryd Hayne to face third trial on sexual assault allegations - The Sydney Morning Herald 👇👇👇👇👇👇👇👇👇👇 WHY WOMEN DO NOT SPEAK 🗣 UP #MeToo #EnoughisEnough #Auspol #Abuse \u2066@D***s\u2069 \u2066@J***o\u2069 https://***QH', '@P***P Don’t worry: they keep asking me, too #MeToo 🤔', '-']",tweet_A,content_C,reply
t3557,u0822,2022-02-27 00:36:43+00:00,MeToo,b***h,Please watch this video this might help 🙏 🙂 ☺ #narcissisticabuse #MentalHealthAwareness #mentalhealthmatters #metoo #harrasment #Bullying https://***tq,"['Please watch this video this might help 🙏 🙂 ☺ #narcissisticabuse #MentalHealthAwareness #mentalhealthmatters #metoo #harrasment #Bullying https://***tq', '#LITTLE #MIRACLE #LITTLEMIRACLES #Snuggle #Snuggling #MeToo #SnuggleMeToo #LittleMiraclesSnuggleMeToo #Elephant #Gray #GrayElephant #Animals #StuffedAnimal #PLUSH #PILLS #PILLOW #TOY #PLUSHTOY #eBay #SALE #eBaySale #TOYSFORSALE #PILLOWSFORSALE https://***Fl via @e***y', ""Poll: 62 percent of voters say Putin wouldn't have invaded Ukraine if Trump were president https://***vi https://***Zn"", '-']",-,content_A,post
t2238,u2726,2022-01-25 08:01:06+00:00,MeToo,K***O,"‘Der findes et sted inde i mig selv, hvor jeg har gemt på alle mine ar og traumer fra et arbejdsliv som kvinde i den danske restaurationsbranche’ Vi har slet ikke talt nok om krænkelser i restaurationsbranchen #sexisme #metoo Læs med her👇 https://***Ci","['En Grèce, les premières affaires du mouvement #metoo devant la justice | par @M***n https://***9A', 'I guess we’re doing roll call?! Born with a liver disease and now I’m a 17-year post 2x liver transplant recipient ✌️ #IHaveAPreexistingCondition https://***at', '‘Der findes et sted inde i mig selv, hvor jeg har gemt på alle mine ar og traumer fra et arbejdsliv som kvinde i den danske restaurationsbranche’ Vi har slet ikke talt nok om krænkelser i restaurationsbranchen #sexisme #metoo Læs med her👇 https://***Ci', '-']",-,content_C,post
t1965,u2389,2021-11-25 11:14:44+00:00,MeToo,m***i,La justice écoute-t-elle vraiment les victimes depuis #MeToo ? Merci @T***a et Clément Arbrun pour ce long échange. https://***Zu,"['La justice écoute-t-elle vraiment les victimes depuis #MeToo ? Merci @T***a et Clément Arbrun pour ce long échange. https://***Zu', 'Moo is excited to help prepare his first #thanksgiving as part of the household. #cowlife #writingcommunity #moo #chef #cheflife #iHaveHooves #makingithappen https://***g2', '#MeToo | ""Creó un grupo de WhatsApp en el que escribía a toda hora y todos los días. Hablaba de temas que para mí eran incómodos, como la masturbación"": Estudiante de Rueda en el 2020. Lea los hallazgos de nuestra reportería: https://***Sr', '-']",-,content_A,post
t3239,u2829,2022-02-21 06:10:25+00:00,MeToo,_***y,"@W***h @m***z #MeToo ! @S***n hides behind #shell #games &amp; his #boat, avoids @d***c but loves #FoxNewsLies &amp; #Murdoch #newspapers &amp; #drunk on #Republican #cash. #Manchin #DoYourJob &amp; still waiting 4 u 2 #apologize 2 @V***P! @w***v #WestVirginia: #Who should b ur #next #DNC #Senator? https://***lV","['Trauma kept me loyal and coming back to many who continued the cycle of abuse. https://***rF #addiction #mentalhealth #rehab #trauma #recovery #slaa #churchtoo #traumarecovery #ptsd #survivor #cptsd #lgbtq #queer #shame #lgbt #gay #growth #lgbtsupport https://***SV', ""I'm confused...I thought the #MeToo movement taught us that women do NOT lie &amp; ONLY men are evil predators? TN woman #MelissaBlair accused of raping at least 9 students https://***y5 #FoxNews"", '@W***h @m***z #MeToo ! @S***n hides behind #shell #games &amp; his #boat, avoids @d***c but loves #FoxNewsLies &amp; #Murdoch #newspapers &amp; #drunk on #Republican #cash. #Manchin #DoYourJob &amp; still waiting 4 u 2 #apologize 2 @V***P! @w***v #WestVirginia: #Who should b ur #next #DNC #Senator? https://***lV', '-']",tweet_A,content_C,reply
t1857,u3069,2021-09-30 13:24:14+00:00,MeToo,P***S,-,"['Standing up and speaking out. This is turning #metoo into #isaidsomething. Unacceptable that the city is basically gaslighting these women, blaming them for not reporting to them. Hmmm, why do you think that is? https://***iZ', '“I have to be honest: I reject that.” -#Fauci And #MeToo', 'This afternoon #IHaveReceivedJesus https://***F9', '-']",tweet_C,-,retweet
t0146,u1598,2018-10-27 13:09:42+00:00,MeToo,C***O,#IAm a black woman and a chemist #IWill become a full professor at a top research institution #Inst2018 The road to #PhinisheD,"['#IAm a black woman and a chemist #IWill become a full professor at a top research institution #Inst2018 The road to #PhinisheD', ""Bwwaahahahah...but IRL this doesn't get us anywhere does it? Check mom's basement for the rest of the signs #VoteThemOut #MeToo #BlueWave #BlueWave2018 #fbr #BlueTsunami #Resist #ResistAndWin https://***Xl"", 'Very interesting read...we should take note...#dnc #ResistAndWin #BlueWave #metoo #BlueWave2018 #BlueWaveComing2018 https://***Yv', '-']",-,content_A,post
t3061,u1331,2022-02-18 16:30:00+00:00,MeToo,P***t,"#USA: In a survey of 148 Native American women living in #Seattle, only 8% of cases of a rape or coercion victim’s first attack ended in a conviction https://***j6 #VAW #Rape #MeToo #YesAllWomen","['#USA: In a survey of 148 Native American women living in #Seattle, only 8% of cases of a rape or coercion victim’s first attack ended in a conviction https://***j6 #VAW #Rape #MeToo #YesAllWomen', 'Your Honour #PriyaRamani spoke up during 2018’s #MeToo movement. A #Unionminister filed a #criminal case against her. The consequences were severe—but also offered hope for the future. #daryaft #longform #longreads #MJAkbar #India Via @F***n https://***ev', '🌕💞🌹✨💞💚💞✨💛💕.#WSLM 💞✨🌿📺🍃🎴💞🌿#LOVE🌹🌿💞✨🎶❤🙏🌹💃🌿💚#EveryDayPeople2022💙🌿🏃🌹✌❤🎶✨🍃...❤💰#MoneyMatters2...✌...✨🍃💰✨💞🌿💛🌿💞✨💕💸...🌹💞🎶💛📻 #IHaveSpoken🎴💜🎶💞...#B4✨💞💙🎓😊💚🎩💞✨📺✨👀🎶🌿✨💸 https://***sr', '-']",-,content_A,post
t2537,u0519,2022-02-09 19:04:15+00:00,MeToo,L***s,@Z***n @j***7 @J***_ @F***I had tijd geleden contact met een bekende showbizz fotograaf en hij liet me geregeld apps zien welke grote getrouwde voetbal grootheid nu weer sex had met #nieuwsteveroveringen #Peepressure heel #sneu tegen mekaar opdoen treurig sukkel #voetbalwereldje #Overmars #Scoren #MeToo,"['Great thread. #Comaroff #MeToo #Harvard https://***C9', '@Z***n @j***7 @J***_ @F***I had tijd geleden contact met een bekende showbizz fotograaf en hij liet me geregeld apps zien welke grote getrouwde voetbal grootheid nu weer sex had met #nieuwsteveroveringen #Peepressure heel #sneu tegen mekaar opdoen treurig sukkel #voetbalwereldje #Overmars #Scoren #MeToo', '@A***C #IBelieveTaraReade #JoeBidenIsARapist #MeToo https://***rq', '-']",tweet_C,content_B,reply
t3227,u0753,2022-02-20 23:15:00+00:00,MeToo,D***z,"The frontman of Noori, Ali Noor has been called out for sexual harassment by a journalist. Ali addressed the accusations on Instagram. https://***MG #AliNoor #Noori #MeToo #SexualHarassment #Journalist","['#US #femicide #women #rape #violence #domesticviolence #sexualassault #Politics #investigations #courts #police #justice #equity #MeToo #CallItFemicide #Cestunfémicide https://***ua', 'The frontman of Noori, Ali Noor has been called out for sexual harassment by a journalist. Ali addressed the accusations on Instagram. https://***MG #AliNoor #Noori #MeToo #SexualHarassment #Journalist', 'ICYMI:""In my 11 years of practice, I have drafted exactly 1 love contract. Nonetheless, the concept has always intrigued me &amp;, in light of #MeToo &amp; consensual workplace relationships in the news, the concept is worth rekindling."" https://***Rb #yourvoice @E***s https://***bk', '-']",-,content_B,post
t0300,u1737,2019-09-25 15:41:34+00:00,MeToo,c***n,About a quarter of attendants of the @W***i meeting have experienced sexual harassment in academia #escop2019 #MeToo https://***Fm,"[""Hello, @B***e, @B***H, &amp; @b***l -- looking forward to seeing you on Thursday morning for a discussion on ending sexual harassment in academia with @t***M's Dr. Frazier Benya https://***XQ #ScienceToo https://***O9"", 'About a quarter of attendants of the @W***i meeting have experienced sexual harassment in academia #escop2019 #MeToo https://***Fm', 'Goodbye to all sicknesses and diseases in your body, in the name of Jesus! #IHaveDominion https://***fK', '-']",-,content_B,post
t3022,u1849,2022-02-18 01:44:37+00:00,MeToo,r***1,"#CorpMedia #Idiocracy #Oligarchs #MegaBanks vs #Union #Occupy #NoDAPL #BLM #SDF #DACA #MeToo #Humanity #DemExit #FeelTheBern Britain in need of an urgent pay rise, trade unions demand as inflation hits new 30-year high https://***MO BRITAIN urgently needs a pay ... https://***DI","['#CorpMedia #Idiocracy #Oligarchs #MegaBanks vs #Union #Occupy #NoDAPL #BLM #SDF #DACA #MeToo #Humanity #DemExit #FeelTheBern Britain in need of an urgent pay rise, trade unions demand as inflation hits new 30-year high https://***MO BRITAIN urgently needs a pay ... https://***DI', 'https://***0y 🎶 #stickers De groep was groter dan ik dacht, 🌪️💦💕 Ons probleem ook🇳🇱 #knettergek #m2 #metoo #MassFormationPsychosis #valsehoop #Confortola #democratie #jeugdzorg #gr2022 #rabbitholes #tweedeling #individu #wappie #normie #starlinkworm #qrterreur 🙏 https://***Ji', 'Booster allemaal nog maar lekker door ik ga genieten van de show als genetisch gemodificeerde ongewenst homo kind #metoobaby tegen baby sniff explosie porno ECHT nu ga ik bijna 43 genieten van 3M Zwijndrecht PFOS PFAS PEDOFIEL WATER in de Schelde en #belgistan en #hollandistan https://***aO', '-']",-,content_A,post
t3924,u2153,2022-03-07 20:04:20+00:00,MeToo,j***e,"Ce soir sur @L***I @M***l salue le mouvement #MeToo Je comprends que @M***l ait rejoint @Z***c Étonnant, non? #JeSuisWoke","['Ce soir sur @L***I @M***l salue le mouvement #MeToo Je comprends que @M***l ait rejoint @Z***c Étonnant, non? #JeSuisWoke', 'President Biden on Thursday signed into law landmark workplace legislation that forbids companies from forcing sexual harassment and assault claims into arbitration, a widely criticized way of settling litigation outside the public court system. #MeToo https://***7k', 'Stop police sexual violence against Women. #MeToo #NDA #Breakthebluewallofviolence https://***j5', '-']",-,content_A,post
t2787,u1849,2022-02-15 03:25:03+00:00,MeToo,r***1,#CorpMedia #Idiocracy #Oligarchs #MegaBanks vs #Union #Occupy #NoDAPL #BLM #SDF #DACA #MeToo #Humanity #DemExit #FeelTheBern The Oscar-Nominated Film That Offers a Master Class in Journalism https://***2T The stars of the documentary Writing With Fire are a group... https://***Yz,"['#CorpMedia #Idiocracy #Oligarchs #MegaBanks vs #Union #Occupy #NoDAPL #BLM #SDF #DACA #MeToo #Humanity #DemExit #FeelTheBern The Oscar-Nominated Film That Offers a Master Class in Journalism https://***2T The stars of the documentary Writing With Fire are a group... https://***Yz', ""@J***u @s***3 Let's all remember who started these covid conversations while we're at it. #IwillNotWatch #NoBeijing2022 #BoycottBeijingOlympics #BoycottBeijing2022 #CCPLiedPeopleDied #CCPVirus #FreeUyghurs #FreeTibet #Xinjiang #ccp_is_terrorist #BoycottMadeInChina"", 'Uden udbud købte region 43 millioner tests i et engelsk firma, som hverken var registreret til at levere medicinsk udstyr eller handle med det offentlige. Regionen har ingen kommentarer. #dkmedier #TomorrowsPapersToday https://***Cf', '-']",-,content_A,post
t2321,u0679,2022-02-01 18:25:26+00:00,MeToo,N***C,"Ready willing and able, give us some proper support, doing our best we possibly can every day, ya wouldn't believe it #Sunderland #Youth #Iwill https://***J2 https://***RT","[""Ready willing and able, give us some proper support, doing our best we possibly can every day, ya wouldn't believe it #Sunderland #Youth #Iwill https://***J2 https://***RT"", 'Time’s Up for Hollywood Hypocrites #timesup https://***7A', ""Some of these women believe they are allies, and haven't had the same level of reflection they asked male colleagues to give during the #MeToo era. They don't see how much time they spend telling ppl like me how to act more like them (impossible, ridiculous)."", '-']",-,content_A,post
t0295,u3090,2019-04-30 17:24:35+00:00,MeToo,S***r,"To all my senior faculty members friends. I want to share this thread with you. I hope you take this seriously and truly consider the advances it will do to our scientific community. I also hope that just like the #MeToo movement, things will only change if we ALL take stand.","['To all my senior faculty members friends. I want to share this thread with you. I hope you take this seriously and truly consider the advances it will do to our scientific community. I also hope that just like the #MeToo movement, things will only change if we ALL take stand.', 'AOI WIA 2019 World Illustration Awards Balbusso Twins Shortlisted! https://***2J We are very proud to let you know that our #metoo project has been shortlisted! Our #3 images for 1843 The Economists... https://***iM', '50% of female medical school students face sexual harassment before even graduating medical school @c***k #TIMESUP #AtlanticPULSE', '-']",-,content_A,post
t1788,u1413,2021-07-15 06:29:45+00:00,MeToo,W***i,Advertising sector has #MeToo moment as blog sparks women’s anger https://***ZP,"['Advertising sector has #MeToo moment as blog sparks women’s anger https://***ZP', 'The tax law penalizes sexual harassment victims by taxing them more than their recovery. The law reflects the same bad science that labeled hysteria an emotional condition. The law should be changed. https://***YS #metoo #MeTooTax', '🗣 Are you interested in a career in #PublicAffairs and want to get a head start? Apply to our mentoring scheme! 🚨⏰ The deadline is FRIDAY 16TH JULY, so hurry up and APPLY NOW! https://***ph #ihaveavoice #mentoring @W***s https://***ID', '-']",-,content_A,post
t1612,u1177,2021-01-18 15:32:10+00:00,MeToo,k***d,"Today we honor the work of Martin Luther King, Jr. See below for my thoughts! #MartinLutherKingJr #ihaveadream #cornelluniversity #servantleadership #LeadershipMatters https://***YR","['Today we honor the work of Martin Luther King, Jr. See below for my thoughts! #MartinLutherKingJr #ihaveadream #cornelluniversity #servantleadership #LeadershipMatters https://***YR', 'Today we celebrate the life and legacy of Martin Luther King, Jr. #mlk #mlkday #martinlutherkingjr #ihaveadream #history #mlkday2021 #inspiration #createchange #changemaker #blackhistory #unity #acceptance https://***JU', '📢#WhyIdidntReport #ATLASToo #MeToo https://***GE', '-']",-,content_A,post
t2013,u1402,2021-12-11 02:48:00+00:00,MeToo,a***t,They did the same to the #expanse and I just watched ep 1 of season 6. There’s always hope. #iwillcarrythatweight https://***SV,"[""I had field seasons on BCI @s***a 2008-2010 and overlapped with several of these women. Nothing in this article surprised me. I sincerely thank these amazing women for their bravery in bringing this 'open secret' front and center. #GenderEquity #BelieveSurvivors https://***Pw"", 'Plus Fani Willis in Atlanta has a grand jury investigation going already. I love the idea of a Black woman ending him 🔥 #TimesUpTrump https://***85', 'They did the same to the #expanse and I just watched ep 1 of season 6. There’s always hope. #iwillcarrythatweight https://***SV', '-']",-,content_C,post
t1819,u0358,2021-08-27 04:55:41+00:00,MeToo,s***u,अबला नारी तीन पतियो पे भारी #WomenEqualityDay #womenempowerment #MeToo #menToo #biasedLaws #498a &amp; #DvAct are so stringent and biased that woman can easily implicate man in false case s https://***vR,"['Dont Let The Dream Die Too. #IWillDieBeforeIQuit #ProgressNotPerfection #FrogLogic #CantHurtMe', '#firstact #firstactfoundation #charity #brisbane #education #coercivecontrol #SpeakUp #askquestions #redflags #BelieveSurvivors #dandelion #wildflowers https://***wt', 'अबला नारी तीन पतियो पे भारी #WomenEqualityDay #womenempowerment #MeToo #menToo #biasedLaws #498a &amp; #DvAct are so stringent and biased that woman can easily implicate man in false case s https://***vR', '-']",-,content_C,post
t0003,u0142,2018-06-12 17:40:28+00:00,MeToo,R***r,"It takes until 2018 for a report like this to come out? Time for change. #metoo Half of women in science experience harassment, a sweeping new report finds https://***Eh","['In the #MeToo Era, Raising Boys to Be Good Guys https://***zh', 'It takes until 2018 for a report like this to come out? Time for change. #metoo Half of women in science experience harassment, a sweeping new report finds https://***Eh', ""It's finally out: Landmark @t***M study finds sexual #harassment is rife in US science, and offers solutions. By me https://***pk #ScienceToo"", '-']",-,content_B,post
t1897,u3273,2021-10-28 13:21:22+00:00,MeToo,A***t,Will academia ever have its #MeToo moment? @a***_ a Lecturer in Education and Social Justice at the University of York poses the question in today's Al Jazeera op-ed.👇 #NotOK,"['#dayisdone #gratitude #ihavewine https://***tI', 'Today at #CASEsummit, @h***k, @j***n &amp; @B***s explored campus culture issues: mental health, racial justice, #MeToo. Their tips for #highered communicators: Meet students where they are. Listen. Respond in a timely way. Follow up on what you promise. https://***Ix', ""Will academia ever have its #MeToo moment? @a***_ a Lecturer in Education and Social Justice at the University of York poses the question in today's Al Jazeera op-ed.👇 #NotOK"", '-']",-,content_C,post
t2195,u2363,2022-01-21 10:00:00+00:00,MeToo,K***y,Take our free online 'Consent Matters' course today! Course Link: https://***5. #me #timesup #consentmatters @k***u @K***n https://***Ao,"['@j***1 je begrijpt er werkelijk níets van. Ik ben totally flabbergasted over je stupiditeit, onvoorbereidheid en niet ingelezen zijn. #fail en heel kwetsend voor #metoo slachtoffers.', ""Take our free online 'Consent Matters' course today! Course Link: https://***5. #me #timesup #consentmatters @k***u @K***n https://***Ao"", '#Metoo, c’est partout. https://***wO', '-']",-,content_B,post
t1971,u2389,2021-11-27 11:07:52+00:00,MeToo,m***i,"Concernant le traitement médiatique des affaires #MeToo, il faut lire ce billet de @m***g. À rebours des critiques faites aux médias : la rigueur, les mille questionnements, la déontologie. Et la grande responsabilité vis-à-vis des sources. https://***N9 https://***0V","['Here is an AP story updating our knowledge of the growing PRC repression of #MeToo activists. It suggests that the Party fears that this movement could weaken Party control. It makes me think of the mid-1970s in Taiwan under KMT dictatorship when...1/n https://***74', 'Concernant le traitement médiatique des affaires #MeToo, il faut lire ce billet de @m***g. À rebours des critiques faites aux médias : la rigueur, les mille questionnements, la déontologie. Et la grande responsabilité vis-à-vis des sources. https://***N9 https://***0V', '#IHaveAVeryBadHabitOf ostracizing people for doing the same things I do', '-']",-,content_B,post
t1980,u2430,2021-11-30 15:17:03+00:00,MeToo,d***r,#SMSociety via NodeXL https://***k9 @s***f @d***r @s***o @a***o @p***i @j***n @e***1 @j***l @e***g @h***7 Top hashtags: #smsociety #cfp #featuredpanel #socialmedia #metoo #newpaper #socmed #nodexl /,"['TAK til alle som fortæller om sexisme på TV2 i #sexismebagskærmen. I gør en kæmpe indsats for alle. Det skal være trygt og værdigt at gå på arbejde. Det hjælper I med 🙏 #sexisme #metoo #dkmedier #tv2 @d***y https://***32', ""#MeToo, quatre ans après. On en discute ce soir avec @R***e [haute fonctionnaire à l'égalité de @j***v] dans le festival #EtMaintenant et sur @f***e. https://***FI https://***mT"", '#SMSociety via NodeXL https://***k9 @s***f @d***r @s***o @a***o @p***i @j***n @e***1 @j***l @e***g @h***7 Top hashtags: #smsociety #cfp #featuredpanel #socialmedia #metoo #newpaper #socmed #nodexl /', '-']",-,content_C,post
t1671,u0363,2021-03-11 17:08:11+00:00,MeToo,a***w,-,"['Men were shocked when women said #MeToo, now they’re shocked we are scared after dark, limit and censor ourselves, and say we’ve been harassed or attacked in public. Our testimonies can only do so much. Women can’t fix male violence—men have to actually listen, and then act.', 'Help Me ! #MeToo #metooGR https://***Nh', '.@r***n has given more to survivors with her support, her care and creative projects than any fake MeToo movement.She is the OG of warriors Read her book Brave listen to the healing music of Planet 9 on Spotify. Rose uses her whole soul to educate and help survivors ✨🕊🌟 https://***0c', '-']",tweet_A,-,retweet
t3962,u1905,2017-11-12 16:25:37+00:00,MeToo,R***e,"To all of the #metoo womxn: we hear you, we stand by you, we support you. As womxn for womxn we noticed we are all survivors and that is not okay.","['When I was 14, I was not dating a 32 year old man. I was learning to play clarinet, drawing colorful notes to my friends, having a Veggie Tales bday party, and watching Disney cartoons. #MeAt14 #NoMoore https://***OP', 'My take on why ‘innocent until proven guilty’ makes no sense in the real world of flesh and blood women. https://***mX #metoo', 'To all of the #metoo womxn: we hear you, we stand by you, we support you. As womxn for womxn we noticed we are all survivors and that is not okay.', '-']",-,content_C,post
t3127,u0034,2022-02-19 17:31:51+00:00,MeToo,C***M,-,"['""#MeToo (Some Thoughts About Sexual Boundaries)"" A long over due discussion of sex, sexuality, and sexual boundaries. #boundaries https://***6W https://***K5', 'Man Who Was ‘Having Sex With His Own Sister Beats Her To Death With a Bat’ After Finding Out She Slept with Another Man https://***XF - #Incest #NuclearFamily #FamilyValues #MeToo #DomesticViolence #DomesticAbuse #Sexism #Misogyny #MaleHeadship #Complementarianism', '@r***m #ugh #gorgeous #redhead #RedHeadsAreBeautiful #firecrotch #hungDANNY9 #ghInLasVegas #ihave4loadsForYOU #4LOADS4U', '-']",tweet_A,-,retweet
t1944,u3152,2021-11-19 20:04:02+00:00,MeToo,T***W,"3/ “We persevere. We will not lose the ground gained for women’s equality and safety over these last several years,” said Monifa Bandele, #TIMESUP Interim President &amp; CEO","['Merci infiniment @2***s et @h***t #FautedePreuves #MeToo #medias #justice https://***NY', 'I love this response to editor of communist party’s @g***s claim that all is well with Peng Shuai. #china has long record of forced expressions of contrition #WhereIsPengShuai #MeToo https://***ii', '3/ “We persevere. We will not lose the ground gained for women’s equality and safety over these last several years,” said Monifa Bandele, #TIMESUP Interim President &amp; CEO', '-']",tweet_C,content_C,reply
t1215,u0021,2020-10-08 22:31:59+00:00,MeToo,m***n,"For those who know me well, you know how much I adored my grandmother! She loved unconditionally and her influence on my life was great! Rest in Heaven, MaMa! I will see you again one day soon! #IWillSureMissYou #HeavensSweeterWithYouThere https://***yv","['Vor dem Arbeitsgericht in Stuttgart klagen zwei SWR-MitarbeiterInnen gegen ihren Sender. Ein mutmaßlicher #MeToo-Fall wirft im Prozess Fragen auf. https://***xX', 'Xinchen Yu is now giving a talk on ""The Effect of Structural Affinity on the Diffusion of a Transnational Online Movement: the Case of #MeToo"" at @S***0! https://***ap', 'For those who know me well, you know how much I adored my grandmother! She loved unconditionally and her influence on my life was great! Rest in Heaven, MaMa! I will see you again one day soon! #IWillSureMissYou #HeavensSweeterWithYouThere https://***yv', '-']",-,content_C,post
t1988,u2150,2021-12-03 22:19:07+00:00,MeToo,j***n,"...Peng’s plight, be seen not to provide equal support for a now world-renowned #MeToo victim? If the ATP cannot bring itself to curb its greed, can the dozen most outstanding male stars join in announcing their refusal to play in China until the WTA’s demands are met? 2/2","['And the last class of our “Foundation of Computational Medicine” course... done! 💪 Just examination and grading left... #IWillSurvive https://***dl', ""#Gravitas | For 30 days now, #China has been protecting a predator. The World Tennis Association (@w***a) has suspended all Tennis tournaments in China. @p***u tells you how China's biggest #MeToo scandal is embarrassing Beijing. #WhereIsPengShuai #PengShuai https://***Rt"", '...Peng’s plight, be seen not to provide equal support for a now world-renowned #MeToo victim? If the ATP cannot bring itself to curb its greed, can the dozen most outstanding male stars join in announcing their refusal to play in China until the WTA’s demands are met? 2/2', '-']",tweet_A,content_C,reply
t2487,u2557,2022-02-08 16:33:18+00:00,MeToo,f***g,Find out more about our No Beijing 2022 campaign here and sign the #IWillNotWatch pledge! More details: https://***wR,"['Η Ελλάδα θα αλλάξει ριζικά τα επόμενα 15 χρόνια. Γελάτε με τον δήμαρχο Λονδίνου. Όταν βγει παρόμοιος στην Αθήνα και θα σας λέει να κατεβάσετε αφίσες γυμναστηρίου γιατί οι Ελληνίδες προκαλούν με τα γυμνασμένα σώματα, θα κοπεί το γέλιο. #metooGR https://***jK', 'Find out more about our No Beijing 2022 campaign here and sign the #IWillNotWatch pledge! More details: https://***wR', '@J***o #Metoo', '-']",tweet_B,content_B,reply
t2162,u3092,2022-01-17 17:19:41+00:00,MeToo,F***l,¡Feliz #MLKDay! Únase a honrar la vida y legado del Dr. Martin Luther King ofreciéndose como voluntario en su comunidad. Encuentre oportunidades de servicio en su comunidad visitando: https://***DH o https://***Lc #IWillServe https://***GQ,"['¡Feliz #MLKDay! Únase a honrar la vida y legado del Dr. Martin Luther King ofreciéndose como voluntario en su comunidad. Encuentre oportunidades de servicio en su comunidad visitando: https://***DH o https://***Lc #IWillServe https://***GQ', '#IHaveADream, #MLKDay, #MartinLutherKingJr, https://***h4', 'Today we honor the legacy of #MLK #IHaveADream https://***AM', '-']",-,content_A,post
t2428,u0418,2022-02-07 07:34:01+00:00,MeToo,H***e,"Brisbane flash mob 🇦🇺 - Boycott Beijing 2022 Last Friday marks the commencement of the @b***2. We called for a total boycott of the @B***2 Winter Olympics, urging people not to watch the game. #NoBeijing2022 #BoycottBeijing2022 #FreeHongKong #IwillNotWatch https://***tO","['Brisbane flash mob 🇦🇺 - Boycott Beijing 2022 Last Friday marks the commencement of the @b***2. We called for a total boycott of the @B***2 Winter Olympics, urging people not to watch the game. #NoBeijing2022 #BoycottBeijing2022 #FreeHongKong #IwillNotWatch https://***tO', ""Forced arbitration clauses are the still-silenced part of the #MeToo movement, denying survivors their day in court &amp; shielding abusers in the shadows. That’s why I'm voting tonight for @R***i’s #EndForcedArbitration Act – to make sure survivors’ voices are heard. https://***0F"", 'Peng Shuai, the tennis star in the middle of a #MeToo firestorm in China, abruptly announces her retirement from the sport https://***Pw', '-']",-,content_A,post
t3731,u1963,2022-03-02 21:03:09+00:00,MeToo,R***r,"#Femicide -along with their 2 children- in Andravida and a femicide attempt today in #Thessaloniki #Greece, second one from a neonazi, Golden Dawn member. Woman in hospital in critical condition and her daughter also injured. #metooGR #antireport","['#Femicide -along with their 2 children- in Andravida and a femicide attempt today in #Thessaloniki #Greece, second one from a neonazi, Golden Dawn member. Woman in hospital in critical condition and her daughter also injured. #metooGR #antireport', '@m***7 asked me my one regret: my answer is an apology to all the brave young #metoo researchers who have spoken out. If only my generation had been as courageous. One hope: the obliteration of cultural misconceptions about science! #science4all https://***Ze https://***yM', ""#Amazon @a***n Bravo👏🏼u took away the Mask Mandate &amp; now you're Warehouse workers can breathe! U also must be commended👏🏼 4 dropping BLM=BLMarxist &amp; not giving them any more money. If @a***n keeps up the good work, #IWillStartBuyingFromThemAgain! #DontCater 2 the left! #BStrong https://***0a"", '-']",-,content_A,post
t1928,u0491,2021-11-14 23:52:34+00:00,MeToo,S***X,The @t***c need to fire GW. They knew about the sexual harassment of players and did nothing. #RCTID #baonpdx #theyknew #Portland #metoo https://***MW,"['I AM NOT #METOO NOR DID I EVER WANT TO BE. YOU CAN DO YOUR RESEARCH TOO. I DO NOT WANT ME TOO. I WANT IT TO FUCK OFF FROM MY LIFE. THERE DOES THAT PLEASE YOU? Alyssa Milano/Times Up steamrolled my voice with their corrupt activism. I am the Cultural Reset. https://***1T', 'The @t***c need to fire GW. They knew about the sexual harassment of players and did nothing. #RCTID #baonpdx #theyknew #Portland #metoo https://***MW', 'Zouhair Makhlouf a été condamné à un an de prison pour harcèlement sexuel. En 2019, @i***a avait suivi de près la genèse du mouvement #EnaZeda visant à libérer la parole des femmes. #MeToo Un podcast exclusif à retrouver sur @i***t https://***1m', '-']",-,content_B,post
t2949,u0049,2022-02-17 04:41:18+00:00,MeToo,j***8,Sign and RT! Tell Majority Leader @S***r: Domestic &amp; sexual violence are up during the pandemic. Survivors can't wait. Bring Violence Against Women Act #VAWA to a Floor vote now! #AngelinaJolie #VAWA4All #VAWA21 #MeToo #TimesUp https://***Gj https://***Gj,"['https://***ZK RT-11 #Metooindia #FeminismIsCancer #Feminism #Patriarchy #GenderBiasedLaws #stopfeminism #feminist #fakefeminism #MensLivesMatter #SaveOurSons #InternationalMensDay #toxicfeminism #genderbiased #women #metoo #rape #womenempowerment #WomensRights #female', 'De vrouwenverslinder , de lange #metoo held op sokken, Wipke van studentencorps Minerva is origineel #JeSuisCharlie #JeSuisWipke #JeSuisFemmes 😎🤧 https://***ag', ""Sign and RT! Tell Majority Leader @S***r: Domestic &amp; sexual violence are up during the pandemic. Survivors can't wait. Bring Violence Against Women Act #VAWA to a Floor vote now! #AngelinaJolie #VAWA4All #VAWA21 #MeToo #TimesUp https://***Gj https://***Gj"", '-']",-,content_C,post
t3093,u0098,2022-02-19 04:05:05+00:00,MeToo,F***m,Standard procedure n usual media article is equal to lots of #money 💰 from #husband #mentoo #ABLANARI #niruparoy #fakecases #womenempowerment #legalterrorism #legalextortion #498A #dowrylawmisuse #Feminism #toxicfeminism #feminazi #metooindia #fraudwatch #blackmail @M***D https://***yM,"['Standard procedure n usual media article is equal to lots of #money 💰 from #husband #mentoo #ABLANARI #niruparoy #fakecases #womenempowerment #legalterrorism #legalextortion #498A #dowrylawmisuse #Feminism #toxicfeminism #feminazi #metooindia #fraudwatch #blackmail @M***D https://***yM', 'Carl Lentz’s Alleged Mistress Speaks Out in Hillsong: A Megachurch Exposed Trailer: ‘Toxic’ https://***ji - #HillsongChurch #CarlLentz #BrianHouston #ChurchToo #MeToo #HillsongAMegachurchExposed #MegaChurches', '@1***a #goodidea #metoo', '-']",-,content_A,post
t3967,u2544,2017-12-06 13:30:33+00:00,MeToo,N***R,"Time magazine named the women who shared stories about sexual harassment and abuse through the #MeToo campaign — ""The Silence Breakers"" — its 2017 Person of the Year https://***Uo","['Terrific piece by my co-author and colleague @n***l on why she recently signed the #metoonatsec letter. Points out in strikingly personal terms how pervasive this problem is in the nat sec field. A must read for men, especially! https://***3y @W***s', 'Lovely, personal stories from @n***l on why she signed #metoonatsec letter. It happens to all of us. https://***F5', 'Time magazine named the women who shared stories about sexual harassment and abuse through the #MeToo campaign — ""The Silence Breakers"" — its 2017 Person of the Year https://***Uo', '-']",-,content_C,post
t3733,u2157,2022-03-02 21:21:26+00:00,MeToo,a***n,Juntas somos más @R***a - Gracias por su apoyo franco y abierto. Sus voces hacen la diferencia en mi vida y en la de muchas mujeres. #MeToo #8March2022 #8Marzo #WomenInScience https://***ln,"['Juntas somos más @R***a - Gracias por su apoyo franco y abierto. Sus voces hacen la diferencia en mi vida y en la de muchas mujeres. #MeToo #8March2022 #8Marzo #WomenInScience https://***ln', 'Albert Fritz removed! Report by Advocate Williams confirms sexual misconduct #timesup https://***tu', 'https://***vK RT-11 #Metooindia #FeminismIsCancer #Feminism #Patriarchy #GenderBiasedLaws #stopfeminism #feminist #fakefeminism #MensLivesMatter #SaveOurSons #InternationalMensDay #toxicfeminism #genderbiased #women #metoo #rape #womenempowerment #WomensRights #female', '-']",-,content_A,post
t3311,u1517,2022-02-22 12:57:25+00:00,MeToo,S***n,What role does student choice play in your classroom? What benefits have you seen from allowing choice? Are there any drawbacks? #IHaveQuestions #studentchoice #studentvoice #709AlwaysLearning #4OCFpln #RelationShift #Optimalist @J***1 @E***5 https://***8E,"['Insanity is doing the same thing over &amp; over again &amp; expecting different results. Like throwing MORE #gas at a crisis driven by... gas! Gas will not help address #energypoverty across Europe, it will delay real, just &amp; renewable solutions. #EndEnergyPoverty #TimesUpForGas https://***61', 'What role does student choice play in your classroom? What benefits have you seen from allowing choice? Are there any drawbacks? #IHaveQuestions #studentchoice #studentvoice #709AlwaysLearning #4OCFpln #RelationShift #Optimalist @J***1 @E***5 https://***8E', 'Wrote 500 words on a Saturday night. Can you tell that #IHaveDeadlines? #IAmWriting', '-']",-,content_B,post
t2641,u1536,2022-02-11 15:20:28+00:00,MeToo,V***h,How often do you take time to question your purpose in your life? #Question #IHaveAQuestion #HowOften #Ponder #Reflect #Think #Purpose #IronSharpensIronMastermind #ISIMastermind #IronSharpensIron #AaronWalkerandtheVFTTTeam #ViewFromTheTop https://***wx,"['In solidarity. #MeTooacademia #MeTooPhD https://***Rf', 'Downing Street, already used to thinking of themselves as exceptions in the pandemic, was suffering from collective blindness. https://***TN', 'How often do you take time to question your purpose in your life? #Question #IHaveAQuestion #HowOften #Ponder #Reflect #Think #Purpose #IronSharpensIronMastermind #ISIMastermind #IronSharpensIron #AaronWalkerandtheVFTTTeam #ViewFromTheTop https://***wx', '-']",-,content_C,post
t1966,u2726,2021-11-25 12:27:18+00:00,MeToo,K***O,"“MeToo-sager brager med jævne mellemrum ud i mediebilledet. De er voldsomme og får meget plads i medierne. Det kan måske få det til at se ud, som om de er nemme at snakke om. Det er de ikke,” skriver vi i Femina oven på brud på løfte om fortrolighed #metoo https://***l4","['Im Austausch mit unseren Partner wird immer wieder klar: Es braucht eine strukturelle Stärkung für digitalpolitische zivilgesellschaftliche Organisationen, die aktuell stark auf freiwilligem Engagement aufbauen und sich häufig von Projektantrag zu Projektantrag hangeln.', ""Here's a quote from our guest Steve Pemberton, CHR of Workhuman. If you'd like to hear more about out topic on race, check out the full episode at https://***Lf #Race #Racism #CiritalRaceTheory #BlackLivesMatter #Metoo #Peopleofcolor #SocialChange #Diversity #Inclusion https://***Iy"", '“MeToo-sager brager med jævne mellemrum ud i mediebilledet. De er voldsomme og får meget plads i medierne. Det kan måske få det til at se ud, som om de er nemme at snakke om. Det er de ikke,” skriver vi i Femina oven på brud på løfte om fortrolighed #metoo https://***l4', '-']",-,content_C,post
t2296,u1339,2022-01-31 09:47:13+00:00,MeToo,a***s,-,"['Will you be watching #Beijing2022? #IWillNotWatch #NoBeijing2022 #GenocideGames https://***sZ', '#Metoo in #Frankfurt : Prozess geht in nächste #Instanz, Ex-Deutsche-Bank-Mitarbeiterin spricht von sexueller #Belästigung und „#Rachekündigung“ https://***LU', '""...we continue to fight for a ‘Beloved Community’ knowing that the universe co-conspires &amp; responds to the work of prophetic trouble makers.” - Rev. Devon J. Crawford M.Div. \'15. Watch this week\'s #IHaveOnlyJustAMinute message from @d***d Link: https://***7J https://***xc', '-']",tweet_C,-,retweet
t2464,u2763,2022-02-08 07:56:43+00:00,MeToo,g***r,-,"['(Falls ihr den Trick nicht kennt, die FT Paywall umgeht man, indem man den Titel ""Women spoke up, men cried conspiracy: inside Axel Springer’s #MeToo moment "" in eine Suchmaschine einfügt und darüber dann durchclickt) https://***Gh', 'Women spoke up, men cried conspiracy: inside Axel Springer’s #MeToo moment https://***Fd', '@L***y “just pat her on the bottom and send her on her way”. #MeToo #JohnsonOut13', '-']",tweet_B,-,retweet
t2698,u2123,2022-02-13 15:57:20+00:00,MeToo,B***s,Today’s Message: I Have Permission! Scripture: 1 Samuel 30:3-15 (KJV) Speaker: @B***s 👉🏾 Stream with us: https://***7k #IHavePermission #TDJOnline #SundayService,"[""#ArmieHammer #armiehammerisinnocent #supportarmiehammer #armiewillsurviveandthrive How #EfrosinaAngelova #HouseofEffie duped the media #RAINN #MeToo movement: HUNDREDS of #EfrosinaAngelova's DMs tested &amp; found to be #FAKED / #manipulated to deceive https://***S9 https://***AO https://***HU"", '@E***s @k***s #Wriezen - das ist ländliches, beschauliches #Brandenburg👩🏻🌾🚜 Märkisch Oderland! 🌾🌱 Das solche Übergriffe, Frauenmißachtung &amp; Sexualverbrechen NICHT kannte. Ja: bis Merkel Hexe... Unfassbar! Aber von Diversity Equality schwafeln! #SaveXX #MeToo #WomensRights #IstanbulKonvention', 'Today’s Message: I Have Permission! Scripture: 1 Samuel 30:3-15 (KJV) Speaker: @B***s 👉🏾 Stream with us: https://***7k #IHavePermission #TDJOnline #SundayService', '-']",-,content_C,post
t2350,u3116,2022-02-02 21:59:56+00:00,MeToo,M***T,-,"['“He is a rapist but he’s also a proven goal scorer”. I cannot express the rage this causes. It’s been a hard week for women, insult to injury. Stop the enraging falsehood that accusation (or even committing rape) destroys a man’s life. It destroys women. #MeToo', ""Apart from one tweet yesterday I've steered away from the @m***d news. It's just that I wonder how many other women will now come forward with similar past events, who'd previously been afraid ? #MeToo"", 'MediaJustice is proud to present “That’s So Black,” a new series exploring how Black people created Internet culture, as part of #BlackHistoryMonth. Feb 8: ballroom slang Feb 15: new media as a form of community Feb 22: cultural organizing &amp; #MeToo Feb 28: Black Twitter &amp; news https://***Hk', '-']",tweet_B,-,retweet
t3961,u1819,2017-10-27 21:11:23+00:00,MeToo,t***e,-,"['#MoreForMBC #theview I’m inspired by the women who have come forward with their #MeToo stories to promote awareness of sexual harassment', 'Expressen er så bra på #MeToo https://***K4 #metoosweden @E***n', 'Sharing a piece on #MeToo, in the hopes of spreading awareness of legal options available to survivors. https://***VO', '-']",tweet_B,-,retweet
t3062,u0608,2022-02-18 16:38:16+00:00,MeToo,B***y,-,"['@d***r @M***i @A***y @H***d @t***s @W***R @M***i @L***n @a***a @h***w @s***r @i***o @t***n @C***h @z***w @S***t @H***s @T***n @S***f @m***6 @L***r @i***n @M***I @k***d @a***b @D***e @p***s @c***t @n***l @J***d @M***s @A***e @D***e @s***z @v***r @J***1 @a***n @r***v @s***l @J***a @j***e @A***t @J***s @D***r @s***k @s***r @t***n @c***n ""Lots of big name professors @H***d signed a letter to defend the rights of professors to engage in sexual harassment under the guise of advising. It’s disgusting watching this play out in real time"" @k***z in relation to #HarvardLetter #MeTooPhd #STEM https://***p5', ""Out now from @I***c! 'The Samaritan Woman's Story: Reconsidering John 4 After #ChurchToo' by Caryn A. Reeder Order now: https://***C1 https://***AG"", 'It is time for our second storytelling and #MediaCareers session with Team #iWill hosted by @U***h 👍 @C***s talking about what makes a great story. If you know 11-18 year olds who have one to tell the #BBCYoungReporterCompetition wants to hear it! ⬇️ https://***7s', '-']",tweet_A,-,retweet
t3187,u0134,2022-02-20 09:55:52+00:00,MeToo,m***t,"Rebecca Solnit, la femme qui a prédit #Metoo? https://***WZ (abonnement)","['Thx 🇨🇦Olympians for reclaiming our 🇨🇦flags and flying them with joy &amp; fun! #GoCanadaGo 💞🇨🇦💞 P.S. #FreePengShuai #MeToo #WhereIsPengShuai #Olympia2022 Shame on #IOC #China https://***4G', 'Rebecca Solnit, la femme qui a prédit #Metoo? https://***WZ (abonnement)', 'Thinking of + things... What is the hardest thing you have ever done? If it was so hard, what made you stick with it? #IHaveQuestions #Optimalist #709AlwaysLearning @S***9 @b***l @M***s @W***h @i***s @K***d @J***1 @b***3 https://***Qu', '-']",-,content_B,post
t3222,u2665,2022-02-20 20:49:54+00:00,MeToo,a***6,-,"['Woman pays the price for ramming bikers, fleeing the scene, and pointing a gun at them. #MRA #MGTOW #Feminism #redpill #mensrights #dating #divorce #singlemother #metoo #timesup #killallmen #police @b***r @c***s @U***e @F***d @M***1 https://***cW', 'Let all the glory of this nation that has departed be restored, in the name of Jesus Christ. Testing site 1. Ernest Agbada online. #privatisation #PublicRelations #Politics #World #Ihaveadream #Slavery #ICO #HMRC #mertoncouncil #LabourParty #jounalist #MentalHealthMatters #NDC https://***Iz', 'Why did SA academics rush to support Harvard prof accused of sexual offences? [This is a very important piece about a Comaroff support letter that got little attention] #anthropology #MeToo https://***H8 via @n***4', '-']",tweet_A,-,retweet
t0309,u1262,2020-02-10 14:37:04+00:00,MeToo,R***a,"#MeToo ""Hay más historias sobre denuncia de irregularidades, porque hay más delitos que denunciar."" Sin embargo, en lugar de un aumento en la actividad criminal, es posible que estemos observando mayor disposición de los empleados a hablar https://***rS","['#meToo #delhiElections #iVoted #SecondTimeVoter #Elections2020 #goVote https://***Ww https://***RZ', '#MeToo ""Hay más historias sobre denuncia de irregularidades, porque hay más delitos que denunciar."" Sin embargo, en lugar de un aumento en la actividad criminal, es posible que estemos observando mayor disposición de los empleados a hablar https://***rS', '#MeToo and the #WeinsteinTrials have shown us: sexual violence is no laughing matter. Sharon Lockyer (of @B***h) and Heather Savigny find that news coverage of rape jokes strengthens and normalises male sexual violence against women. (rw) https://***Mx', '-']",-,content_B,post
t2242,u2537,2022-01-25 17:13:49+00:00,MeToo,p***j,"#IWillNotWatch #Beijing2022! I support the #NoBeijing2022 alternative program of films, reading, listening about #Tibet, #Uyghurs, #HongKong and #China instead. Join Me - https://***Cx","['#IWillNotWatch #Beijing2022! I support the #NoBeijing2022 alternative program of films, reading, listening about #Tibet, #Uyghurs, #HongKong and #China instead. Join Me - https://***Cx', 'The latest Protection From Domestic Abuse! https://***jb Thanks to @s***e @P***t @R***n #metoo #winter', ""As Martin Luther King week comes to a close... we would like to take a moment to remind you of our dream. We have a dream that someday EVERY child in our county's dependency system has a CASA volunteer. Comment YES below if you agree this is possible! 👇 #ihaveadream #CASAcares https://***24"", '-']",-,content_A,post
t2443,u2576,2022-02-07 20:50:39+00:00,MeToo,t***o,My interview with @B***d re. #pengshuai and #Beijing2022 #OlympicGames . https://***9I #metoo #WhereIsPengShuai #GenocideOlympics #china #humanrights #score4rights2022,"['@J***c #MeToo 🇺🇸🙌🏽', 'My interview with @B***d re. #pengshuai and #Beijing2022 #OlympicGames . https://***9I #metoo #WhereIsPengShuai #GenocideOlympics #china #humanrights #score4rights2022', 'We need a safe &amp; consistent pathway for victims of sexual violence within the #NHS patients &amp; staff deserve to report free from fear #Metoo #itsnotok2022 #QEQM @N***d @e***1', '-']",-,content_B,post
t2310,u2265,2022-02-01 13:09:32+00:00,MeToo,D***o,#MeToo Scandal at a Dutch TV Show Spurs a Sexual Assault Reckoning https://***Vk,"['#MeToo Scandal at a Dutch TV Show Spurs a Sexual Assault Reckoning https://***Vk', '@m***r This reporting is a damning indictment of @I***y. The institution’s willful negligence allowed one of their program’s employees to sexually assault a student. The fact that they covered this up after the fact is even worse. #metoo #stemtoo #archaeology', 'They get it. 🥰 #FreedomtoVoteAct #JohnLewisVotingRightsAct #VotingRightsNow #VotingRights #Tomdaya #iwillharness https://***zj', '-']",-,content_A,post
t0073,u1472,2018-09-13 11:17:29+00:00,MeToo,m***y,"Over 15 years, my patients have: * catcalled me (1000s of times) * asked for a kiss (1000s of times) * touched me inappropriately (100s of times) * masturbated in front of me (10+ times) Indisputable harassment from a superior? ""Only"" twice. #MeToo #timesup https://***vi","['Over 15 years, my patients have: * catcalled me (1000s of times) * asked for a kiss (1000s of times) * touched me inappropriately (100s of times) * masturbated in front of me (10+ times) Indisputable harassment from a superior? ""Only"" twice. #MeToo #timesup https://***vi', '👉Check your registration status: https://***vC 👉Get registered: https://***Fh 👉Commit to vote: https://***AA #IWillVote https://***4a', 'Push the envelope. It’s time. #metoo #russia #middleeast #white #black #latino #american #jewish #arab #catholic #christian #halocircus https://***xO', '-']",-,content_A,post
t3032,u0737,2022-02-18 05:59:23+00:00,MeToo,j***u,-,"['Άννα Μενενάκου: «Και φοβήθηκα, και δεν μίλησα, και ντράπηκα... Δεν ήξερα πού να κρυφτώ, τι να κάνω» https://***cU #asemasremama #happyday #alphatv #metooGR #MeToo #afterdark #opentv #news #media #actress #interview #news #media #SHOWBIZ #Gossip', ""#CorpMedia #Idiocracy #Oligarchs #MegaBanks vs #Union #Occupy #NoDAPL #BLM #SDF #DACA #MeToo #Humanity #DemExit #FeelTheBern America's political establishment isn't in the least troubled by voters' semi-literate paranoia; they're banking on it... https://***51 https://***FI"", 'Women are just as violent as men. #MRA #MGTOW #Feminism #redpill #mensrights #dating #divorce #singlemother #metoo #timesup #killallmen @k***1 #police @b***r @c***s @J***k @U***e @F***d @M***1 @s***e @t***t @t***n https://***KN', '-']",tweet_A,-,retweet
t1887,u0184,2021-10-20 16:49:33+00:00,MeToo,e***t,"#MeToo is more than a hashtag. It’s a movement powered by survivors telling their stories and fighting for justice. Join @M***T's efforts to move #BeyondTheHashtag, support survivors, and bring an end to sexual violence. https://***RQ https://***KR","['There is more #MeToo stories out there. Go find them, and tell them if you can.', ""#MeToo is more than a hashtag. It’s a movement powered by survivors telling their stories and fighting for justice. Join @M***T's efforts to move #BeyondTheHashtag, support survivors, and bring an end to sexual violence. https://***RQ https://***KR"", 'It’s also another example of the power of independent journalism. @m***r has been working this beat to expose how power structures in the field of #archaeology enable abusers. Few outlets are covering this transnational issue—it takes time, resources, and developing sources.', '-']",-,content_B,post
t2768,u2549,2022-02-14 20:29:30+00:00,MeToo,m***s,Here at @i***h we're brining you the Valentine's Day content you need: The code of judicial ethics in Illinois STILL doesn't prohibit courthouse romance. I interviewed @r***e about why that's a problem and how this issue fits in with #MeToo https://***PG,"[""Here at @i***h we're brining you the Valentine's Day content you need: The code of judicial ethics in Illinois STILL doesn't prohibit courthouse romance. I interviewed @r***e about why that's a problem and how this issue fits in with #MeToo https://***PG"", 'Scandale chez #AxelSpringer : un nouveau #MeToo secoue la #presse allemande Après le limogeage du RC de #Bild, accusé d’abus de «promos canapés», le @F***T révèle auj que la direction du groupe Axel Springer était au courant jusqu’au PDG, M. Döpfner. https://***xc', 'https://***sx RT-11 #Metooindia #FeminismIsCancer #Feminism #Patriarchy #GenderBiasedLaws #stopfeminism #feminist #fakefeminism #MensLivesMatter #SaveOurSons #InternationalMensDay #toxicfeminism #genderbiased #women #metoo #rape #womenempowerment #WomensRights #female', '-']",-,content_A,post
t1934,u2749,2021-11-18 17:38:05+00:00,MeToo,W***s,#Gravitas | Did #China fake an email from Peng Shuai? A statement by @C***l in Peng's name is being questioned. @W***A says it raises concerns about Peng's safety. @p***u asks: Is Peng Shuai being held hostage? #WhereIsPengShuai #MeToo #PengShuai #ZhangGaoli https://***BJ,"[""#Gravitas | Did #China fake an email from Peng Shuai? A statement by @C***l in Peng's name is being questioned. @W***A says it raises concerns about Peng's safety. @p***u asks: Is Peng Shuai being held hostage? #WhereIsPengShuai #MeToo #PengShuai #ZhangGaoli https://***BJ"", ""D'un côté, il y a la Palme d'or et le Lion d'or décernés à des femmes. De l'autre, il y a les chiffres, qui confirment une invisibilisation persistante : 25% des réalisateurs sont des femmes. 4 ans après #MeToo le chemin reste long dans le cinéma français. https://***AZ"", '@Y***m #metoo. for it is easier to fit a camel through the eye of a needle than for a rich man to enter the kingdom of heaven.', '-']",-,content_A,post
t2794,u3274,2022-02-15 06:41:29+00:00,MeToo,F***S,"Yes, #WeNeedToTalkAboutCosby 🗣 but #FirstThem👉🏾 Mee Reh, 30, raped a now-13yr-old girl, she told investigators Reh has been continuously raping and sexually abusing her since she was 6 years old. #MeToo #WeAsOurselves🤐 #SilenceIsViolence🤬 #H1news🗞 🔗:https://***sF https://***2N https://***SK","['@C***N How can you represent such a brutal Regime of #China? https://***m0 #FreeTibet #FreeHK #FreeEastTurkistan #XiJinping #XiVariant #US #AUS #India #EU #UK #IOC #NBC #IwillNotWatch #Beijing2022 #GenocideGames #Taiwan #StrongerTogether #Seccion22 #UNGA #SecCouncil #UN #UNHRC', '@s***a Ten eerste bent u niet van het #CDA of de #VVD, al is het #verschil nauwelijks meer te werken. Ten tweede zou ik na #metoo, #pedofilie en #financiering van #terrorisme eerst de eigen rotzooi opruimen voor u anderen de maat neemt.', 'Yes, #WeNeedToTalkAboutCosby 🗣 but #FirstThem👉🏾 Mee Reh, 30, raped a now-13yr-old girl, she told investigators Reh has been continuously raping and sexually abusing her since she was 6 years old. #MeToo #WeAsOurselves🤐 #SilenceIsViolence🤬 #H1news🗞 🔗:https://***sF https://***2N https://***SK', '-']",-,content_C,post
t2799,u2381,2022-02-15 08:43:22+00:00,MeToo,M***d,"#IWillAlwaysBeMe would not have been possible without the hard work of @D***h, @i***l, @m***c &amp; @R***e. Thank you for this innovative project which will make voice banking easier, faster &amp; more engaging for people living with #MND. https://***xT","[""@W***m #believeallwomen Snoop Dogg and Don 'Magic' Juan accused of sexual assault, battery in new lawsuit https://***48 via @u***y"", '#IWillAlwaysBeMe: The Book That Banks Your Voice. A book that banks your voice when read aloud has been launched for people living with motor neurone disease. The service is free thanks to funding from MND Association. Hear from those with #MND 📖 https://***ux', '#IWillAlwaysBeMe would not have been possible without the hard work of @D***h, @i***l, @m***c &amp; @R***e. Thank you for this innovative project which will make voice banking easier, faster &amp; more engaging for people living with #MND. https://***xT', '-']",tweet_C,content_C,reply
t2881,u0813,2022-02-16 09:35:33+00:00,MeToo,S***G,Zelfs bij de #MBO2 #politie heb je #MeToo #GerritVanDeKamp van de #ACPVakbond #Eenvandaag #NOSJournaal #RTLNieuws #Nieuwsuur #DitisM #OP1 #HartvNL #HLF8 #BEAU #WatUZegt #rtlboulevard #WNLOpZondag #Buitenhof #AliB #MarcoBorsato #BOOS #TimHofman #TVOH #TheVoiceOfHolland #JohnDeMol https://***I7,"['Zelfs bij de #MBO2 #politie heb je #MeToo #GerritVanDeKamp van de #ACPVakbond #Eenvandaag #NOSJournaal #RTLNieuws #Nieuwsuur #DitisM #OP1 #HartvNL #HLF8 #BEAU #WatUZegt #rtlboulevard #WNLOpZondag #Buitenhof #AliB #MarcoBorsato #BOOS #TimHofman #TVOH #TheVoiceOfHolland #JohnDeMol https://***I7', 'There’s a risk in everything in life. #lifelibertyandthepursuitofhappiness #conservativethinker #conservative #christianconservative #criticalthinker #climatechange #christian #bible #christianpodcast #wevegotacountrytosave #america #turningpointusa #iwillnotcomply #commu...', '[VIDEO] #WorkforceWednesday: Whistleblower Regulations Increasing, #MeToo Bill Passes, Cyberfraud Risk Mitigation - Employment Law This Week® https://***Kt | by @e***w', '-']",-,content_A,post
t3904,u1587,2022-03-07 00:22:12+00:00,MeToo,M***s,"We think Grain + Bias and @p***e's #2022coloroftheyear, ""Very Peri,"" make perfect interior design partners. Explore the entire collection at: https://***bE #DiscoverMilliken #MillikenFloors #pantone #2022colors #2022coloroftheyear #ihavethisthingwithcolor #VeriPeri https://***5X","['We think Grain + Bias and @p***e\'s #2022coloroftheyear, ""Very Peri,"" make perfect interior design partners. Explore the entire collection at: https://***bE #DiscoverMilliken #MillikenFloors #pantone #2022colors #2022coloroftheyear #ihavethisthingwithcolor #VeriPeri https://***5X', '*Only one of the four', 'Classic Liberals, attacking a woman for coming forward about “Liberal” President, cuz they, what? #BelieveWomen ❕❕ *except for those who accuse their precious Biden* 🌊🌊🌊🌊🌊🌊🌊🌊🌊🌊 https://***Yx', '-']",-,content_A,post
t2510,u1333,2022-02-09 08:08:50+00:00,MeToo,B***D,"finally able to watch this tonight on iView. Force majeures, both. @T***k @B***_ #metoo","['finally able to watch this tonight on iView. Force majeures, both. @T***k @B***_ #metoo', ""Winter Olympics: Tennis star Peng Shuai is vanishing. Much like China's #MeToo movement https://***y8 https://***Tn"", 'Ausforschen und Dreck anlasten - das blüht Frauen, die sich beschweren, und Männern, die sie unterstützen. Aus den USA ist solch üble Vertuschung von #metoo-Vorwürfen bekannt. Warum sollte es in Deutschland anders laufen? Vielen Dank an die @f***t für diese Recherche. https://***Um', '-']",tweet_C,content_A,reply
t2653,u0705,2022-02-11 18:57:28+00:00,MeToo,F***1,"@L***o @V***D @a***t Balle sessiste: ""Abolish #Alimony &amp; #Maintenance for life in #FamilyCourts &amp; #FalseAllegations without evidences #MeToo for #GoldDiggers racket, Introduce #SharedParenting with equal time for #Children and you'll have women in #STEM sky rocketing."" https://***6.","['@L***o @V***D @a***t Balle sessiste: ""Abolish #Alimony &amp; #Maintenance for life in #FamilyCourts &amp; #FalseAllegations without evidences #MeToo for #GoldDiggers racket, Introduce #SharedParenting with equal time for #Children and you\'ll have women in #STEM sky rocketing."" https://***6.', ""Yes America it's true when your kindergarten child bends over more likely the teachers are looking up her dress. #lolita #preteen #parents Teachers #teachers #mytutor #school #sex #pta #MeToo #upskirt #PizzaDay #pizza https://***4j"", 'The measure, passed on a 335-97 House vote, reflects rare bipartisan agreement in Congress that stems from the #MeToo movement that prompted a national reckoning on the way sexual misconduct claims are handled in the U.S. https://***T7', '-']",tweet_B,content_A,reply
t3862,u0608,2022-03-05 04:30:18+00:00,MeToo,B***y,-,"['It\'s out! My new op-ed at @S***g. Check out ""#MeToo Anthropology and the Case Against Harvard"" at the link below. https://***pv', ""Y'a-t-il des gens dans la timeline qui ont eu à bosser ou à connaître des dossiers #MeTooESR #MeTooUniversité #MeTooRecherche ? Je cherche à documenter les réactions / prises en charge des universités, les seuils de déclenchement des procédures disciplinaires, etc. #Merci"", 'meanwhile, make sure you’re supporting @K***t on patreon. it’s one of the best places you can put your $$ support right now: direct funding of people-powered journalism that is not gorvernemnt run or ad-driven. https://***tZ', '-']",tweet_A,-,retweet
t3023,u2123,2022-02-18 03:00:17+00:00,MeToo,B***s,Type on the line: #IHavePermission! Rewatch this sermon on https://***tn — and then register for our 2022 @T***S virtually or in person at https://***Rw #TDJOnline #WNBS https://***pU,"['Years later, in the heat of #Metoo, with other anchors losing their jobs, he reached out to her again to say he wanted to do a CNN segment on the company where she worked in PR. The flattering segment aired.', 'Type on the line: #IHavePermission! Rewatch this sermon on https://***tn — and then register for our 2022 @T***S virtually or in person at https://***Rw #TDJOnline #WNBS https://***pU', ""#CorpMedia #Idiocracy #Oligarchs #MegaBanks vs #Union #Occupy #NoDAPL #BLM #SDF #DACA #MeToo #Humanity #DemExit #FeelTheBern 'Will make roads safer': State bill to grant undocumented immigrants driver's licenses clears House https://***Um The House passed ... https://***I4"", '-']",-,content_B,post
t2894,u2338,2022-02-16 13:45:14+00:00,MeToo,J***e,-,"['Karma will get you - SMH #video #metoo #WhitePrivilege #karensgonewild #Throwback #social #journalism #america #smh #liar #sick #hypocrite #disgusting #timesup #hoax #whitewoman #feelings #tiktok #example #blacktwitter #repost https://***4F', 'We spoke to @R***t at @I***t about the culture in healthcare, in particular around #sexualharassment, #sexualassault and #rape The numbers are unacceptable and we *know* that it’s under-reported &amp; ignored/normalised. Change is coming #surgery #medtwitter #MeToo https://***nI', '@d***0 @T***_ #metoo finishing 4th means xxxx all to me rather win the #leaguecup or whatever it’s called this week and definitely the #facup over 4th in the #premierleague every day of the week', '-']",tweet_C,-,retweet
t2267,u3116,2022-01-27 19:33:39+00:00,MeToo,M***T,"Lauren’s death is not the result of one bad actor. It is the result of a culture that enables the abuse of Black women to permeate our digital spaces, intimate relationships, and everyday life. #metoo #justiceforlaurensmithfields #justiceforlauren https://***JU","['I wrote about #MeToo in #Netherlands with thanks to @c***b from @V***e Dutch media mogul meets government leaders over #MeToo allegations https://***uo', 'Lauren’s death is not the result of one bad actor. It is the result of a culture that enables the abuse of Black women to permeate our digital spaces, intimate relationships, and everyday life. #metoo #justiceforlaurensmithfields #justiceforlauren https://***JU', 'As several women come forward through social media recounting their horror, will Kathak face its #MeToo moment? Reports @j***a #BirjuMaharaj #Kathak #IndianClassical #PerformingArts #GuruShishya #MeTooMovement #SexualHarassment #Abuse https://***h1', '-']",tweet_A,content_B,reply
t3351,u0755,2022-02-22 22:51:03+00:00,MeToo,V***e,"A John Grisham type book with a feminist twist! Love it! #victimofdefense, #womenempowerment, #Metoo #legal thriller, #johngrisham #louisepenny https://***xC https://***9Y","['Het nare hieraan, is dat die baas waarschijnlijk inderdaad ‘om #MeToo’ weg moest. Omdat vanwege het semi-georganiseerd dit niet meer accepteren en veranderend maatschappelijk discours mensen zich eerder durven uitspreken en overtuigd zijn dat het niet klopt.', 'A John Grisham type book with a feminist twist! Love it! #victimofdefense, #womenempowerment, #Metoo #legal thriller, #johngrisham #louisepenny https://***xC https://***9Y', '#MeToo https://***p9', '-']",-,content_B,post
t0119,u1109,2018-10-14 12:03:03+00:00,MeToo,s***n,#Metooindia starts in KFI . I really hope some men are scared to sh$# .,"[""Don't get fooled by #MeToo gang . #SpeakUpMan to Stop #MeToo4Publicity https://***FY"", '#Metooindia starts in KFI . I really hope some men are scared to sh$# .', 'Metoo brings new business opportunity for women, lawyers and court employees. In #MakeInIndia we brought opp from outside to India. Same happened in Metoo. #MeToo4publicity', '-']",tweet_B,content_B,reply
t0100,u1676,2018-09-28 16:24:12+00:00,MeToo,L***n,-,"['Far too many women I know and love- in my family, my circle of friends, and my community- are survivors. I am a voice for the voiceless. Never silent, never alone. #BelieveSurvivors #BelieveWomen #RockTheVote #MeToo https://***KG', 'Good job @S***P Judiciary Committee! Keep alienating #women, who needs us, am I right? 100% keep putting temperamental privileged arrogant white men into positions of great power in the US Government. The #bluewave is coming! #believewomen #christineaseyford', '@A***a #BelieveSurvivors Gracias', '-']",tweet_C,-,retweet
t3960,u2900,2017-10-20 00:23:42+00:00,MeToo,M***U,The #MeToo campaign needs to continue beyond the #socialmedia firestorm - https://***6f #GoogleAlerts #BostonGlobe,"['The #MeToo campaign needs to continue beyond the #socialmedia firestorm - https://***6f #GoogleAlerts #BostonGlobe', '@B***r Maybe because people in glass houses... #HarveyWeinsten #tarantino #MeToo https://***VF', 'What if every time a man saw a #MeToo post he talked to another man about assault, harassment, consent, objectification, sexism, &amp; misogyny', '-']",-,content_A,post
t3987,u0859,2018-03-08 10:27:48+00:00,MeToo,S***s,Time's Up and #MeToo are movements that are here to stay and there's no going back! Happy International Women's Day. Watch this doc now: https://***4D https://***ei,"['‘You aren’t alone. You’re never alone,’ @l***s tells #WEday UK. ‘When we use our voices to speak out and share our stories, we create a positive space for others to do the same.’ #metoo #IWD2018 https://***Sm', ""Time's Up and #MeToo are movements that are here to stay and there's no going back! Happy International Women's Day. Watch this doc now: https://***4D https://***ei"", 'Best Seller for 3.99 online! #ReadThisBook #MeToo https://***k5', '-']",-,content_B,post
t2886,u2888,2022-02-16 12:16:19+00:00,MeToo,L***1,-,"['The latest R∈√Θ⌊∪ΤΙΘη μΠ†ειε√Ι∫ε∂TM Daily Digest! https://***R4 ft. @I***7 @f***c @U***k #metoo #corpmedia', '#mentoo #ABLANARI #niruparoy #fakecases #womenempowerment #legalterrorism #legalextortion #498A #dowrylawmisuse #Feminism #toxicfeminism #feminazi #metooindia #fraudwatch #blackmail #genderequality #GenderBiasedLaws #crimebywomen #CrimeHasNoGender #MarriageStrike @M***D https://***PO', 'https://***AA #freedom #Ronaldreagan #downwithtyranny #wethepeople #patriotic #iwillnotcomply #americanflag #madeinamerica #forefathers #betsyross #nofascism #donaldtrump #georgewashinton #americanpride #madeinUSA #americaningenuity #redwhiteandblue https://***o2', '-']",tweet_B,-,retweet
t3631,u0809,2022-02-28 21:20:12+00:00,MeToo,C***l,#MeTooMédias #classementSansSuite Je vous recommande ce thread de @m***r https://***1j,"['#mentoo #ABLANARI #niruparoy #fakecases #womenempowerment #legalterrorism #legalextortion #498A #dowrylawmisuse #Feminism #toxicfeminism #feminazi #metooindia #fraudwatch #blackmail #genderequality #GenderBiasedLaws #crimebywomen #CrimeHasNoGender #MarriageStrike @M***D https://***j0', '#MeToo', '#MeTooMédias #classementSansSuite Je vous recommande ce thread de @m***r https://***1j', '-']",-,content_C,post
t0142,u1631,2018-10-23 21:15:10+00:00,MeToo,s***s,-,"['1/(Thread) Top Sponsors of Tucker Carlson 3Q 2018 posted to https://***ky For months these companies profited from hate and bigotry by funding Fox News despite their attacks on Dr. Ford/women/victims/#MeToo, school shooting victims, caged kids... #DefundHate #Resist https://***45', 'And if you are wondering ... yes he is the screenwriter of the classic kannada movie #Thithi . #eregowda - your #Timesup . Such behaviour should never be forgiven . #Ekta more strength your way .', 'My senior citizen immigrant mom: I thought #metoo got rid of Patrick Brown... Yep, straight over to Brampton.', '-']",tweet_B,-,retweet
t2814,u0316,2022-02-15 12:07:04+00:00,MeToo,j***l,Can you give yourself permission to let go? https://***zl #destruction #empath #affirming #vulnerability #pastor #worship #cyclebreakers #exvangelical #churchtoo #beliefs #faith #christian #trauma #mentalhealth #healing #selflove #growth #lgbtq... https://***Z0,"['https://***Oe RT-11 #Metooindia #FeminismIsCancer #Feminism #Patriarchy #GenderBiasedLaws #stopfeminism #feminist #fakefeminism #MensLivesMatter #SaveOurSons #InternationalMensDay #toxicfeminism #genderbiased #women #metoo #rape #womenempowerment #WomensRights #female', 'Can you give yourself permission to let go? https://***zl #destruction #empath #affirming #vulnerability #pastor #worship #cyclebreakers #exvangelical #churchtoo #beliefs #faith #christian #trauma #mentalhealth #healing #selflove #growth #lgbtq... https://***Z0', 'https://***od RT-11 #Metooindia #FeminismIsCancer #Feminism #Patriarchy #GenderBiasedLaws #stopfeminism #feminist #fakefeminism #MensLivesMatter #SaveOurSons #InternationalMensDay #toxicfeminism #genderbiased #women #metoo #rape #womenempowerment #WomensRights #female', '-']",-,content_B,post
t2104,u0595,2022-01-07 14:25:24+00:00,MeToo,S***t,"There’s no end to this pain, and there’s no word that can properly capture the depth of our sorrow. Two years after the downing of PS752 flight, we’re still waiting for justice. #IWillLightACandleToo #ps752justice #من_هم_شمعی_روشن_میکنم https://***Ev","['There’s no end to this pain, and there’s no word that can properly capture the depth of our sorrow. Two years after the downing of PS752 flight, we’re still waiting for justice. #IWillLightACandleToo #ps752justice #من_هم_شمعی_روشن_میکنم https://***Ev', 'اینجاییم برای یادآوری اینکه هنوز بولدوزرها حافظه مون رو پاک نکردن #من_هم_شمعی_روشن_خواهم_کرد #فراموش_نمیکنیم #پرواز752 #IWillLightACandleToo', 'بر سنگ تاریخ تولد و مرگ را مینویسند. با گپ و خواندن هرچه حامد نوشته بود به این نتیجه رسیدیم که یک تاریخ بیشتر بر مزار ریرا و پریسا نگذاریم: زمستان. حامد گفته بود: این زمستان ابدیست در موسیقی هم آمده است: https://***7j #من_هم_شمعی_روشن_خواهم_کرد #IWillLightACandleToo https://***K9', '-']",-,content_A,post
t2445,u0603,2022-02-07 21:28:50+00:00,MeToo,g***6,I hate living in a world that places no value on life unless you’re a white male! How many #metoo movements are necessary bf women are valued and believed? How many bf and after this movement? when are these predators accountable? When is the spell broken? Never?! I care 💜,"['Το αποκαλυπτικό party όλων των εποχών με ροζ βίντεο γαλάζιων υπουργών που τάζει ο κύριος Φουρθιώτης ονομάζεται revenge porn και είναι έγκλημα. #MeToo', ""@B***g I googled her and I'm STUNNED you interviewed her. Not heard of #MeToo Rebecca? @B***g clearly not!"", 'I hate living in a world that places no value on life unless you’re a white male! How many #metoo movements are necessary bf women are valued and believed? How many bf and after this movement? when are these predators accountable? When is the spell broken? Never?! I care 💜', '-']",-,content_C,post
t2555,u1818,2022-02-10 03:18:15+00:00,MeToo,H***n,"The #MeToo movement has work ahead of us. How do we make sure that the people who are still held captive get the nourishment they need when we take their captors away? If we turn our backs on them, while applauding ourselves for saving the day, they will still die.","['""ärgerlicher Fehler bei der Digitalisierung"" https://***ld', 'The #MeToo movement has work ahead of us. How do we make sure that the people who are still held captive get the nourishment they need when we take their captors away? If we turn our backs on them, while applauding ourselves for saving the day, they will still die.', '@W***e @j***n #joebiden spending over 30 trillion and wants to buy #crackpipes but not #food or #gas for #Americans #metoo #covid19 #tarareade #rape #covid_19 #fbiden', '-']",tweet_B,content_B,reply
t2679,u1849,2022-02-13 03:51:59+00:00,MeToo,r***1,#CorpMedia #Idiocracy #Oligarchs #MegaBanks vs #Union #Occupy #NoDAPL #BLM #SDF #DACA #MeToo #Humanity #DemExit #FeelTheBern Our SDF provides humanitarian assistance to affected people in Geweran neighborhood https://***OV Our SDF has provided humanitarian ... https://***9N,"['#CorpMedia #Idiocracy #Oligarchs #MegaBanks vs #Union #Occupy #NoDAPL #BLM #SDF #DACA #MeToo #Humanity #DemExit #FeelTheBern Our SDF provides humanitarian assistance to affected people in Geweran neighborhood https://***OV Our SDF has provided humanitarian ... https://***9N', '👏🏽👏🏽👏🏽US Congress approves sexual harassment bill in #MeToo milestone https://***0Y @g***n #SexualHarassment', 'En plus d\'occulter celles qui s\'exprimaient avant (ou celles qui ne peuvent toujours pas le faire), le poncif de la ""libération de la parole"" oublie surtout que rien n\'a vraiment évolué depuis #MeToo pour les victimes. #repost https://***tQ', '-']",-,content_A,post
t2659,u3122,2022-02-12 00:31:54+00:00,MeToo,r***8,-,"[""I can't be funny and clever about the #HarvardLetter. I know the best strategy is to belittle and make fun of them but I just feel blood-red rage. When I try to speak all that comes out is a stream of curse words and screaming."", 'I am a vocal and visible #MeToo and #MeTooPhD survivor and here is what I have to say about the #Harvard case. A thread- Some of us risk everything to speak up about our abuse Some of us wait until we no longer depend on the abuser to speak up', '@A***m #IWillNeverForget #Genocide #NotSoLongAgo', '-']",tweet_A,-,retweet
t2004,u0348,2021-12-09 18:11:05+00:00,MeToo,c***y,Victims of domestic abuse find no haven in family courts via @T***a https://***sV #metoohome,"[""3⃣ DAYS TO GO until 'The Black Mamba' returns 🔥 @F***o #Combate: Copa Combate 📍 Medley, Florida, 🇺🇸 📅 SUN #MTKMMA #MMA #MMANews #ufc #mazaradelvallo #mma #mmafighter #thefutureisnow #ihaveadream #mmaevent #fightnight #FransMlambo . . . @c***l @M***g https://***Lk"", 'Victims of domestic abuse find no haven in family courts via @T***a https://***sV #metoohome', ""E ancora con 'sta goliardia. Ma vi scrivono regolarmente su un lavagna di mostrare il ca**o per un cocktail? Ma basta che schifo #metoo https://***1J"", '-']",-,content_B,post
t0315,u3212,2020-03-11 08:03:41+00:00,MeToo,S***g,Are women entrepreneurs the key to global economic development? #IWD2020 #EachforEqual #Women #entreprenuers #Womeninbusiness #womeninleadership #MeToo #AfricaforHer https://***Rj,"['Are women entrepreneurs the key to global economic development? #IWD2020 #EachforEqual #Women #entreprenuers #Womeninbusiness #womeninleadership #MeToo #AfricaforHer https://***Rj', 'Former movie producer #HarveyWeinstein was sentenced to 23 years in prison on March 11 following his sexual assault and rape conviction in February in a case hailed as a victory for the #MeToo movement against sexual misconduct. https://***Il', 'Seth was hired by #HarveyWeinstein to spy on a list of people - including celebrities - before the #MeToo movement took off. https://***9T', '-']",-,content_A,post
t2809,u2071,2022-02-15 11:34:51+00:00,MeToo,m***a,3 - Advocate Ms Amna Usman explains the flaw in #QandeelBaloch Case decision @W***n @Z***o &amp; @X***t Full 👉 | https://***fc | #Women #Woman #Rape #HonourKilling #MinarePakistan #Misogyny #Molestation #SexualHarassment #EveTeasing #MeToo https://***iP,"['https://***Xc RT-11 #Metooindia #FeminismIsCancer #Feminism #Patriarchy #GenderBiasedLaws #stopfeminism #feminist #fakefeminism #MensLivesMatter #SaveOurSons #InternationalMensDay #toxicfeminism #genderbiased #women #metoo #rape #womenempowerment #WomensRights #female', '#TruckersForFreedom #TruckerConvoy #occupyottawa #blacklivesmatter #ows #occupy #SiSePuede #moralmonday #womensmarch #metoo #teacherstudent #democracy is dying #LIVE #chudwatch https://***7H', '3 - Advocate Ms Amna Usman explains the flaw in #QandeelBaloch Case decision @W***n @Z***o &amp; @X***t Full 👉 | https://***fc | #Women #Woman #Rape #HonourKilling #MinarePakistan #Misogyny #Molestation #SexualHarassment #EveTeasing #MeToo https://***iP', '-']",tweet_A,content_C,reply
t0157,u3073,2018-11-04 01:57:44+00:00,MeToo,n***c,"""it's not the job of women to get around these barriers, it's for men to tear them down"" so women can fully participate @h***a at #MeTooSTEM #SFN18","['""it\'s not the job of women to get around these barriers, it\'s for men to tear them down"" so women can fully participate @h***a at #MeTooSTEM #SFN18', '@D***e @K***u @P***e Please go vote! ❤️ #metoo', 'Why we organized #Googlewalkout, and what we want: https://***RD', '-']",-,content_A,post
t2804,u0715,2022-02-15 10:55:59+00:00,MeToo,D***p,"#MeToo #ligestilling til kvinder, parti Psykiske Syge er klar til at danne regering med #mettefrederiksen . #pederhvelplund. Staten Danmark har nogle problemer jeg kan løse med jeres hjælp og støtte. Tak for jeres solidaritet og hjælpen til ADHD borgere https://***A0 https://***BX","['#MeToo #ligestilling til kvinder, parti Psykiske Syge er klar til at danne regering med #mettefrederiksen . #pederhvelplund. Staten Danmark har nogle problemer jeg kan løse med jeres hjælp og støtte. Tak for jeres solidaritet og hjælpen til ADHD borgere https://***A0 https://***BX', 'https://***kv RT-11 #Metooindia #FeminismIsCancer #Feminism #Patriarchy #GenderBiasedLaws #stopfeminism #feminist #fakefeminism #MensLivesMatter #SaveOurSons #InternationalMensDay #toxicfeminism #genderbiased #women #metoo #rape #womenempowerment #WomensRights #female', 'Beyond ""I Have A Dream"": Talking to Kids about MLK, Jr. https://***KP #MLK #IHaveADream https://***OT', '-']",-,content_A,post
t1672,u3206,2021-03-12 04:19:19+00:00,MeToo,M***e,"“More than 70% of women and girls in the U.K. have experienced sexual harassment in public spaces, according to data released by UN Women United Kingdom on Wednesday.” #SarahEverard #MeToo #AllLivesMatter","['Help Me ! #MeToo #metooGR https://***Nh', '“More than 70% of women and girls in the U.K. have experienced sexual harassment in public spaces, according to data released by UN Women United Kingdom on Wednesday.” #SarahEverard #MeToo #AllLivesMatter', '@l***a @f***n Deberia ser el #MeTooPolitic', '-']",-,content_B,post
t1875,u2831,2021-10-09 02:49:07+00:00,MeToo,D***s,When your #cat seizes an opportunity to jump on your back while you're leaning over and now you must crawl around and do their bidding. #iammerelyavessel #beenthroughthekitchenonagirlwithnoname #ridingshotgun #butshessohappy #ihavebeenchosen #thisisgoingtohurtwhenthedogsees https://***SX,"[""When your #cat seizes an opportunity to jump on your back while you're leaning over and now you must crawl around and do their bidding. #iammerelyavessel #beenthroughthekitchenonagirlwithnoname #ridingshotgun #butshessohappy #ihavebeenchosen #thisisgoingtohurtwhenthedogsees https://***SX"", '#WatchNow Men Helping Women is a #film about male #artists abusing their power in positions of #mentorship https://***rL @N***Y @P***m #metoo #genderequality https://***Kn', 'Advies AG aan Hoge Raad: beslissing hof dat Music#MeToo geen getuigen mag laten horen in stand laten https://***ra', '-']",-,content_A,post
t2088,u2094,2022-01-05 13:43:30+00:00,MeToo,G***i,-,"['بعنوان کسیکه طعم تلخ محرومیت از آغوش پدر و مادر توسط نظام اسلامی را چشیدهام و در همدردی با تمامی آنها که جاعش جان عزیزانشان را گرفت، #من_هم_شمعی_روشن_خواهم_کرد؛ شمعی که در سوگ ایران اشغال شده روشن شد و هیچگاه خاموش نگردید. شمعی به یاد چشمهای معصوم ریرا... #IWillLightACandleToo https://***pz', 'آه از رفتنگان بی بازگشت.... #هواپیمای_اوکراینی #IWillLightACandleToo https://***N2', '#من_هم_شمعی_روشن_خواهم_کرد #IWillLightACandleToo https://***KT', '-']",tweet_A,-,retweet
t2000,u1334,2021-12-09 13:12:58+00:00,MeToo,A***a,“Many researchers who set foot on the island consider the opportunity a dream. But 16 women scientists interviewed for this story described a pattern of sexual misconduct by high-ranking men” — ⁦@N***h⁩ reveals the Smithsonian’s #MeToo moment: https://***oj,"[""E ancora con 'sta goliardia. Ma vi scrivono regolarmente su un lavagna di mostrare il ca**o per un cocktail? Ma basta che schifo #metoo https://***1J"", '“Many researchers who set foot on the island consider the opportunity a dream. But 16 women scientists interviewed for this story described a pattern of sexual misconduct by high-ranking men” — \u2066@N***h\u2069 reveals the Smithsonian’s #MeToo moment: https://***oj', ""Our support and solidarity to these women, and to everyone who is feeling very heavy as they're reading this today 😔 #STEMtoo #ScienceToo #MeToo #MeTooPhD https://***IQ"", '-']",-,content_B,post
t2631,u2483,2022-02-11 10:30:24+00:00,MeToo,A***S,-,"['""The U.S. Senate delivered a major legislative victory for the #MeToo movement, clearing a House-passed bill to guarantee that victims of workplace sexual harassment or assault are free to pursue lawsuits in court."" https://***A8 @P***s https://***So', 'l’università di harvard si spacca sull’antropologo john comaroff, accusato da tre studentesse di... - Cronache #luniversità #harvard #spacca #sullantropologo #john #comaroff #accusato #studentesse #cronache https://***5D', ""2/2 Bridget, now mid-50s, has a considerable drinking problem. Mark Darcy is drawing the pension and has taken a vow of permanent silence and Daniel Cleaver can't understand what all the fuss over #MeToo is about."", '-']",tweet_C,-,retweet
t2896,u2601,2022-02-16 14:05:16+00:00,MeToo,T***i,-,"['#metoo https://***RG', 'Your dreams are worth pursuing. #ihaveadream', 'Hi @E***E @M***a now would be a great time to implement a policy for customers affected by domestic abuse #CorporateAccountability #CorporateResponsibility #DoSomething #victimblaming #SurvivorShaming #MeToo #CoerciveControl #FinancialAbuse #DomesticAbuse #Day1008', '-']",tweet_B,-,retweet
t3102,u0177,2022-02-19 10:30:00+00:00,MeToo,F***n,"‘India’s judicial system, in effect, is guided by the sensibilities of a hypothetical eighteenth-century man from a commuter suburb of London.’ @m***o on what #MeToo means in an Indian court, and how Priya Ramani’s defamation trial may have changed that. https://***T8","['‘India’s judicial system, in effect, is guided by the sensibilities of a hypothetical eighteenth-century man from a commuter suburb of London.’ @m***o on what #MeToo means in an Indian court, and how Priya Ramani’s defamation trial may have changed that. https://***T8', 'She woldn`t have made her story public, if she hadn`t trust us: #freepengshuai, #whereispengshuai. #hollywood #cnn #metoo #Oscars2022 #oscars #OscarsFanFavorite #OscarsNoms #kristenstewart #bradleycooper #tomhanks #TomCruise #angelinajolie https://***GX', '#mastersoftheuniverse #motu #battlecat #fisto #mattel #actionfigures #toys #toycollector #vintagetoys #eternia #hemanandthemastersoftheuniverse #toyphotography #shera #motuc #ihavethepower #castlegrayskull #grayskull', '-']",-,content_A,post
t2684,u2731,2022-02-13 04:26:04+00:00,MeToo,i***b,-,"['Day 8/16 of #Beijing2022 #Olympics #BoycottBeijing2022 #BoycottBeijingOlympics #NoGenocideGames #iwillnotwatch #NoBeijing2022 #NoRightsNoGames #UyghurGenocide #HongKongers #Tibet #FreeTibet #StopGenocide #Uyghurs #China #WinterOlympics2022 #IOC #WhereIsPengShuai #FreeHongKong https://***tF', 'When it comes to processing and delivery, @U***S is prioritizing orders from ZIP codes of high socioeconomic vulnerability —communities that have been disproportionately impacted by COVID-19 — to ensure those most in need of tests are receiving them as quickly as possible.', '#FreedomIsNonNegotiable That debt has been paid. #EndTheCharade #TimesUpJustin Thank you for continuing to serve #Freedom https://***Nv', '-']",tweet_C,-,retweet
t2237,u1592,2022-01-25 04:52:00+00:00,MeToo,R***A,Please take a look at #IHaveAPreexistingCondition and remember we are all walking each other through this pandemic. 🙏🏼💛,"['#redtape #metoo #froud #Cheat @R***a @C***s #CustomerService @d***2 https://***qH', 'I had been diagnosed with severe arthritis in my back years ago, never caused many problems until I contracted #COVID19 now severe pain and mobility problems after acute SARS-COV2 infection. I always 😷 dbl mask actually. #IHaveAPreexistingCondition https://***Ds', 'Please take a look at #IHaveAPreexistingCondition and remember we are all walking each other through this pandemic. 🙏🏼💛', '-']",-,content_C,post
t3506,u2029,2022-02-25 21:08:51+00:00,MeToo,p***d,I Will Buy House #buyshouses in #Washington for #cash and regardless of their condition https://***nB #IWillBuyHouse https://***ri,"['@r***6 Dear God we must not let this be about #Trump #theonlythingthatmattersrightnowistostopthewar #together #UnitedWeWin #GlobalGoals #stoptheviolence #makelovenotwar #ihaveavestedintrestinhumanity #noWWIII #TogetherWeCan', 'How is it #WeNeedToTalkAboutCosby and Karen Yochim-Silverman is a Senior Attorney for Florida Department of Children and Families, charged w/felony child abuse after hitting/choking her own child. *READ it AGAIN* #FirstThem👉🏾#MeToo #WeAsOurselves #H1news 🔗https://***3E https://***zJ', 'I Will Buy House #buyshouses in #Washington for #cash and regardless of their condition https://***nB #IWillBuyHouse https://***ri', '-']",-,content_C,post
t3799,u0967,2022-03-03 21:59:53+00:00,MeToo,w***0,"Congress gave final approval on the bill Feb. 10, guaranteeing victims can seek recourse in the courts. It is considered a milestone helped along by the #MeToo movement. https://***yS","['Congress gave final approval on the bill Feb. 10, guaranteeing victims can seek recourse in the courts. It is considered a milestone helped along by the #MeToo movement. https://***yS', '@m***7 asked me my one regret: my answer is an apology to all the brave young #metoo researchers who have spoken out. If only my generation had been as courageous. One hope: the obliteration of cultural misconceptions about science! #science4all https://***Ze https://***yM', 'What #HR leaders need to know about #MeToo bill https://***xM by @H***a #HumanResources #CHRO #HRDirector #HRExectuive https://***6V', '-']",-,content_A,post
t3249,u0884,2022-02-21 11:09:16+00:00,MeToo,c***t,Still wondering what #bullies Look like? @s***a aiding and abetting #systemicoppression With #facialrecognition #impostersyndrome #OscarsFanFavorite #bhm #instyle #allofme #cynthia Basinet They would never do this to a man! #timesup #metoo #watch https://***xH https://***Bv,"[""@K***o How is this equal to sexual harassment? The reasons behind someone not exposing this journalist in question and the trauma of sexual abuse is NOT the same. That's poor..sorry. The #MeToo movement has had enough of problems as is. This is trivialising the whole point of it."", '#CorpMedia #Idiocracy #Oligarchs #MegaBanks vs #Union #Occupy #NoDAPL #BLM #SDF #DACA #MeToo #Humanity #DemExit #FeelTheBern Why the Paris Commune Still Resonates, 150 Years Later https://***8C The Paris Commune ended on this day in 1871, after just two months in... https://***z2', 'Still wondering what #bullies Look like? @s***a aiding and abetting #systemicoppression With #facialrecognition #impostersyndrome #OscarsFanFavorite #bhm #instyle #allofme #cynthia Basinet They would never do this to a man! #timesup #metoo #watch https://***xH https://***Bv', '-']",-,content_C,post
t3543,u2646,2022-02-26 17:04:04+00:00,MeToo,a***y,I was trained as a special force when I was young… I am old now …. But I just consider to make my way to Kiew…. Anyone willing to follow me ? I am a #pioneeer at heart … I can harm any tank before driver and spy even see me …. #iamukraine #iwillprotectfreedom ! Training now,"['HEARING ANNOUNCEMENT: ""The Future of Women in China: #MeToo, Censorship, and Gender Inequality"", Tuesday, March 1, 2022 @ 10am. https://***a0 https://***GJ', 'I was trained as a special force when I was young... I am old now .... But I just consider to make my way to Kiew.... Anyone willing to follow me ? I am a #pioneeer at heart ... I can harm any tank before driver and spy even see me .... #iamukraine #iwillprotectfreedom ! Training now', '@R***s is a woman who cares about amplifying other women’s voices. She spoke out to protect the women in the cinema industry. Nothing can stop women from standing up for one another and support each other. Threatening women’s rights advocates must not be tolerated. #metoo', '-']",-,content_B,post
t3838,u1671,2022-03-04 15:32:06+00:00,MeToo,A***n,-,"['#MeToo Anthropology and the Case Against Harvard https://***I8 @s***り', '#determination #youcandoit #yougotthis #justdoit #success #beyourself #dreams #dedication #selfdiscipline #effort #believe #believeinyourself #love #ican #iwill #energy #succeed #passion #consistent #persistent #imagination #determination #loveyourself #loveyourselffirst https://***R9', '@E***n We need EQUITY or equality means nothing! Protections are only for a few. Most Trans women are still knocking at the door for a job, and living daily as #metoo', '-']",tweet_A,-,retweet
t2913,u0646,2022-02-16 18:37:35+00:00,MeToo,P***5,-,"['https://***gY RT-11 #Metooindia #FeminismIsCancer #Feminism #Patriarchy #GenderBiasedLaws #stopfeminism #feminist #fakefeminism #MensLivesMatter #SaveOurSons #InternationalMensDay #toxicfeminism #genderbiased #women #metoo #rape #womenempowerment #WomensRights #female', '#Repost @g***9 ••••••• George Michael - Father Figure (1993) @G***l #iwillbetheonewholovesyou #fatherfigure #faithalbum #georgemichael #georgemichaelthelegend #georgemichaelforever #georgemichaellove #originalsounding https://***BA', '2/ Some might recall the @A***a story about two professors at @U***d, #AndyOrchard and #PeterThompson, serial sex harassers, ""Degrees of Abuse"": https://***p. Read the print story as well as Part 1 of the podcast, which focuses on Orchard and Thompson. #MeToo', '-']",tweet_A,-,retweet
t1660,u1487,2021-03-04 22:20:46+00:00,MeToo,P***e,"Wherever you are all over the world joining us, if you have not given your life to Christ, who are you going to lift your eyes to? Evening Session Day 1 #IWillLiftUpMyEyes #GodBlessYou3 #HGSAt35 https://***4j","['I was joined by @D***l on today’s episode of Real Talk where we discussed Black Feminism in the context of the #metoo movement and more. Full episode out now on @Q***a https://***me https://***zK', 'Wherever you are all over the world joining us, if you have not given your life to Christ, who are you going to lift your eyes to? Evening Session Day 1 #IWillLiftUpMyEyes #GodBlessYou3 #HGSAt35 https://***4j', 'In her latest column, @m***n blames Tara Reade for the end of the MeToo movement (!!), not a partisan media class that radically and abruptly shifted its standards and approach on this issue to protect the politician it favoured. Appalling beyond words.. https://***9A', '-']",-,content_B,post
t3151,u2413,2022-02-19 22:30:19+00:00,MeToo,B***3,Hello World! Listen to this song! https://***Gg #rape #rap #rapeculture #rapevictim #sexualassault #ayahuasca #metoo #feminism #xamanismo #rapesurvivor #sexualabuse #women #india #abuse #feminist #womenempowerment #domesticviolence #justice #kuripe #haux #survivor,"['@T***r You know Tim. #Jesus #JesusChrist #ICANTSTOPME #abandon #AFriend? #IHaveAPreexistingCondition #Catholic #Grade #school! #Trials and #Tribulation! #Unfair #Allegations and #Persecutions #Leading to #poverty. #Lovingly #blockchain #Me!? #BecauseHeIsATyrant https://***BB', '@B***t @I***N #MeToo', 'Hello World! Listen to this song! https://***Gg #rape #rap #rapeculture #rapevictim #sexualassault #ayahuasca #metoo #feminism #xamanismo #rapesurvivor #sexualabuse #women #india #abuse #feminist #womenempowerment #domesticviolence #justice #kuripe #haux #survivor', '-']",-,content_C,post
t0467,u0232,2020-06-02 09:03:05+00:00,MeToo,J***2,#whyididntreport he was family and he told me no one would believe me because I was 5.,"[""As a mom of 3 African-American boys, we have had many conversations this week about racism. Our hearts are broken. I've cried. The unfairness and injustice in our country has to be acknowledged. Friends, please don't be silent. #iwillnotbesilent #georgefloyd #diversitymatters https://***8p"", '#whyididntreport he was family and he told me no one would believe me because I was 5.', 'Beautiful tweeps, place an order for your gorgeous looking shift dresses. 👗 👗. Can be worn for casual and formal meetings. Pls help to RT. We deliver to any part of the world. #abujatoakure #wizkid #RIPMajekFashek #BlackLivesMatter #whyididntreport #UnpredicatableTacha https://***NY', '-']",-,content_B,post
t2775,u2257,2022-02-14 22:04:01+00:00,MeToo,U***t,"Today workers are delivering petitions w/ 13,000 signatures calling on @t***f to respect their workers! #stopgolf #onefairwage #metoo #timesup https://***IC","['not just abusive lawyers but DOCTORS! while I was taking my ex for #Glaucoma surgery thinking his meds were the problem w his escalating violence his family was planning all the extremist assaults! #EndHumanTrafficking #roughsleeping #SexualHarassment #MeToo #WhiteSupremacy https://***NJ', 'Today workers are delivering petitions w/ 13,000 signatures calling on @t***f to respect their workers! #stopgolf #onefairwage #metoo #timesup https://***IC', 'Get out of victim mode and get into victory mode! #IHavePermission to be my best! Rewatch on https://***tn and join me for our 2022 @T***S virtually or in person in Charlotte, NC, from March 31 to April 2 at https://***Rw #TDJOnline https://***Rr', '-']",-,content_B,post
t2878,u2125,2022-02-16 08:24:28+00:00,MeToo,S***0,-,"['@p***n #Politiken #ekstrabladet #kvinder mænd der findes en stor del mennesker i #samfundet som måske frygter deres liv pgs deres sikkerhed. #metoo Det her vil jeg gerne sætte sætte stopper for sammen med @T***n', ""Thank you @E***m for your relentless effort in promoting sustainable development. There're many similar stories in China today. Let's work together to make our planet a better place to live. https://***Xe"", 'Your dreams are worth pursuing. #ihaveadream', '-']",tweet_B,-,retweet
t3979,u1452,2018-02-07 21:51:12+00:00,MeToo,a***r,"Aziz Ansari, 100 French Women, ""Witch Hunts"" and Backlash | Psychology Today https://***km Insightful article on #MeToo by @S***Y expert on #PTSD @s***d - the importance of scientific research on the long term effects of sexual trauma","['“I couldn’t even say #metoo to her and let her know that she was not alone.” @T***e on the genesis of #MeTooMovement', 'On the beginning of #metoo - “Who is giving space for these people? Do I really wanna be in conflict, or do I wanna be in service?” @T***e', 'Aziz Ansari, 100 French Women, ""Witch Hunts"" and Backlash | Psychology Today https://***km Insightful article on #MeToo by @S***Y expert on #PTSD @s***d - the importance of scientific research on the long term effects of sexual trauma', '-']",-,content_C,post
t3194,u2453,2022-02-20 12:20:42+00:00,MeToo,P***c,-,"['//Carried it well 🇨🇦// #GoCanadaGo 💞🇨🇦💞 P.S. #FreePengShuai #MeToo #WhereIsPengShuai #Olympia2022 https://***im', ""#CorpMedia #Idiocracy #Oligarchs #MegaBanks vs #Union #Occupy #NoDAPL #BLM #SDF #DACA #MeToo #Humanity #DemExit #FeelTheBern America's political establishment isn't in the least troubled by voters' semi-literate paranoia; they're banking on it... https://***51 https://***mQ"", 'Ελένη Καρακάση: «Ο Πέτρος Φιλιππίδης ήταν ένα ηφαίστειο έτοιμο να εκραγεί» https://***kR #AgriesMelisses #Ant1news #ant1tv #news #media #SHOWBIZ #Gossip #Spoilers #SPOILER #SpoilerAlert #tvtime #MeToo #metooGR #studio4ert #TVSeries', '-']",tweet_C,-,retweet
t2717,u2328,2022-02-14 02:58:51+00:00,MeToo,A***s,-,"['https://***P7 RT-11 #Metooindia #FeminismIsCancer #Feminism #Patriarchy #GenderBiasedLaws #stopfeminism #feminist #fakefeminism #MensLivesMatter #SaveOurSons #InternationalMensDay #toxicfeminism #genderbiased #women #metoo #rape #womenempowerment #WomensRights #female', 'https://***Lt RT-11 #Metooindia #FeminismIsCancer #Feminism #Patriarchy #GenderBiasedLaws #stopfeminism #feminist #fakefeminism #MensLivesMatter #SaveOurSons #InternationalMensDay #toxicfeminism #genderbiased #women #metoo #rape #womenempowerment #WomensRights #female', ""@k***s #MeToo could not see My Mom' Dead Body 2+yrs back,not even seen 3+yrs since.Unseen Ghosts/@C***a during #Biju &amp; #BijuSon @C***a destroyd link/cord of family? Want us turn #Maoists in Jungles agnst @G***_ ? Go Mad,Sell/Quit Home/Land to Dallals? @H***a #Police?"", '-']",tweet_B,-,retweet
t2831,u1554,2022-02-15 15:52:47+00:00,MeToo,R***g,"One #survivor told me she reported her former sports coach who abused her when she was under age 12, but because the statute of limitations had expired by the time she reported he continued to coach for another generation. #MeToo (2/)","['One #survivor told me she reported her former sports coach who abused her when she was under age 12, but because the statute of limitations had expired by the time she reported he continued to coach for another generation. #MeToo (2/)', '3 - Advocate Ms Amna Usman explains the flaw in #QandeelBaloch Case decision @W***n @Z***o &amp; @X***t Full 👉 | https://***fc | #Women #Woman #Rape #HonourKilling #MinarePakistan #Misogyny #Molestation #SexualHarassment #EveTeasing #MeToo https://***iP', '@D***R Yes v much so. #IWillNotWatch', '-']",tweet_C,content_A,reply
t1301,u0349,2020-10-20 15:23:39+00:00,MeToo,e***l,"Hi,i am a WordPress website expert.. you can design #landing_page Inbox for any suggestion: https://***r3 #Ferragni #Covid_19 #Spadafora #20ottobre #uominiedonne #CoolmodYElchapuzas #LoGuardoConPcComponentes #TriviaTuesday #MeToobin https://***kB","['I’ve been writing a book about raising boys after #metoo &amp; I’m thrilled to share its cover! So grateful to everyone — especially the boys and young men — who shared time, experience &amp; expertise with me. It comes out in March but you can pre-order now: https://***Hr https://***Cx', 'Today is a great day to vote @r***p out of office! Vote Early - Vote @J***n! #Iwillvote #DumpTrump #BidenHarris2020 #Vote', 'Hi,i am a WordPress website expert.. you can design #landing_page Inbox for any suggestion: https://***r3 #Ferragni #Covid_19 #Spadafora #20ottobre #uominiedonne #CoolmodYElchapuzas #LoGuardoConPcComponentes #TriviaTuesday #MeToobin https://***kB', '-']",-,content_C,post
t1659,u1487,2021-03-04 22:18:40+00:00,MeToo,P***e,You cannot postpone your salvation till tomorrow. Evening Session Day 1 #IWillLiftUpMyEyes #GodBlessYou3 #HGSAt35 https://***m4,"['You cannot postpone your salvation till tomorrow. Evening Session Day 1 #IWillLiftUpMyEyes #GodBlessYou3 #HGSAt35 https://***m4', 'Join us virtually on all our media platforms for the March Special Holy Ghost Service starting today. Don’t miss any session. It promises to be a great time in God’s presence. God is set to bless you abundantly as you lift up your eyes to Him. #IWillLiftUpMyEyes #GodBlessYou3 https://***HO', 'I was joined by @D***l on today’s episode of Real Talk where we discussed Black Feminism in the context of the #metoo movement and more. Full episode out now on @Q***a https://***me https://***zK', '-']",-,content_A,post
t3167,u1849,2022-02-20 02:49:47+00:00,MeToo,r***1,#CorpMedia #Idiocracy #Oligarchs #MegaBanks vs #Union #Occupy #NoDAPL #BLM #SDF #DACA #MeToo #Humanity #DemExit #FeelTheBern The Syrian Revolution: reflections on a decade of struggle https://***F5 Syrian writer and political dissident Yassin al-Haj Saleh speaks... https://***MB,"['Where are the boundaries, the actual boundaries? When do we determine, enough is enough? https://***tb #metoo #youtoo https://***FQ', ""@s***c Punjab CM #Channi's History of Harassment &amp; Rebellion: What is the #MeToo Case? #MeToo #MeTooIndia #CongressMuktBharat #Punjab #PunjabElections #PunjabElections2022 https://***Qq"", '#CorpMedia #Idiocracy #Oligarchs #MegaBanks vs #Union #Occupy #NoDAPL #BLM #SDF #DACA #MeToo #Humanity #DemExit #FeelTheBern The Syrian Revolution: reflections on a decade of struggle https://***F5 Syrian writer and political dissident Yassin al-Haj Saleh speaks... https://***MB', '-']",-,content_C,post
t3964,u2600,2017-12-02 20:24:18+00:00,MeToo,J***d,"We're hiring! The #metoo movement is just the beginning. Join our team @c***o to make this a true moment of change. We're hiring a COO, and Development Director, and a Senior Software Engineer. https://***X6 https://***9L","['Equal Justice takes the fight to film industry with the #MeToo campaign https://***OG https://***o6', ""We're hiring! The #metoo movement is just the beginning. Join our team @c***o to make this a true moment of change. We're hiring a COO, and Development Director, and a Senior Software Engineer. https://***X6 https://***9L"", '#MeToo love them ❤ #signsyourearealadult #IsWorseThanNickelback #ImNotAMedicalDoctorBut #ItsNeverOkTo #drinktoomuch #SaveTheCrew #BREAKING #WineWednesday #beerday https://***c2', '-']",-,content_B,post
t1912,u0550,2021-11-04 18:30:18+00:00,MeToo,i***a,-,"[""@c***p Investor's Naked Selfies Ignite #MeToo Moment: Female Founder Fights Back https://***bm Highlights by @m***n https://***yd"", ""One of our first Squirrel Drays started working towards their Local Superhero Activity Badge with a litter pick-up in their local area. A BIG thank you to the #iwill Fund who've helped make this possible, alongside our other fantastic funders. https://***zX https://***vE"", '#Metoo #GirlHero #PlanetClassroom #Podcast “I wanted to give clarity to situations that are manipulative or abusive in hopes of a future in which people don’t take advantage of their power.” Isue Shin https://***eL https://***Ns', '-']",tweet_A,-,retweet
t3965,u2942,2017-12-05 09:47:04+00:00,MeToo,t***n,"A #MeToo survey of China's media industry inspired 60 women to share their stories, 59 who wanted to remain anonymous. ""Most people still think it is shameful for the victims” https://***w2 https://***Zk","['@D***i Definitely agree. We wrote a reflection about this and there is a survey and place for comments at the end! https://***NT #lancetwomen #metoo #womeningh', 'Thanks @l***o @N***d for interviewing me on the challenge of being a woman in natsec #metoonatsec - https://***2A', 'A #MeToo survey of China\'s media industry inspired 60 women to share their stories, 59 who wanted to remain anonymous. ""Most people still think it is shameful for the victims” https://***w2 https://***Zk', '-']",-,content_C,post
t2702,u2557,2022-02-13 17:36:00+00:00,MeToo,f***g,The CCP is using the Winter Olympics to sportswash its horrendous human rights abuses. We must not legitimise China's brutal regime by watching these Games. #IWillNotWatch #Beijing2022 Video by @b***o https://***w6,"['வைரமுத்துவை விடாது துரத்தும் சின்மயி... மீண்டும் ட்விட்டரில் முற்றிய சண்டை!! #Chinmayi #Vairamuthu #MeToo மேலும் படிக்க: https://***JJ https://***Xp', ""#CorpMedia #Idiocracy #Oligarchs #MegaBanks vs #Union #Occupy #NoDAPL #BLM #SDF #DACA #MeToo #Humanity #DemExit #FeelTheBern Quebec nurses' union files complaint with UN agency due to 'forced labour' https://***8Y After trying virtually everything to end being ... https://***r8"", ""The CCP is using the Winter Olympics to sportswash its horrendous human rights abuses. We must not legitimise China's brutal regime by watching these Games. #IWillNotWatch #Beijing2022 Video by @b***o https://***w6"", '-']",-,content_C,post
t2526,u0555,2022-02-09 15:34:54+00:00,MeToo,C***L,".@c***o responds by saying that it's not always easy to have a good balance between the problems you're trying to address and the methods used. For example, there was a cryptography-based project attempting to help the metoo movement.","['#nationalteendatingviolenceawarenessmonth #domesticviolence #domesticabuse #domesticviolenceawareness #emotionalabuse #abuse #narcissisticabuse #narcissist #survivor #ptsd #healing #selflove #psychologicalabuse #metoo #manipulation #womenempowerment #abusiverelationship #abwm https://***fF', "".@c***o responds by saying that it's not always easy to have a good balance between the problems you're trying to address and the methods used. For example, there was a cryptography-based project attempting to help the metoo movement."", 'One freaking post by any HMT star is enough to derail my brain for hours...I cannot wait for Season 5 #thesufferingisreal #ihavenopatience #saveserenajoy #thehandmaidstale', '-']",tweet_B,content_B,reply
t2892,u1858,2022-02-16 13:09:07+00:00,MeToo,A***a,“Helping someone come to their own conclusion without ever giving them your opinion is the difference between Organizing &amp; Mobilizing. It’s a series of steps in a conversation that begin to get a worker questioning.” —Jane McAlevey @r***p #HarvardLetter https://***ug,"['https://***Kr RT-11 #Metooindia #FeminismIsCancer #Feminism #Patriarchy #GenderBiasedLaws #stopfeminism #feminist #fakefeminism #MensLivesMatter #SaveOurSons #InternationalMensDay #toxicfeminism #genderbiased #women #metoo #rape #womenempowerment #WomensRights #female', '“Helping someone come to their own conclusion without ever giving them your opinion is the difference between Organizing &amp; Mobilizing. It’s a series of steps in a conversation that begin to get a worker questioning.” —Jane McAlevey @r***p #HarvardLetter https://***ug', 'The FT investigates Axel Springer’s #MeToo moment https://***qD', '-']",-,content_B,post
t2623,u0221,2022-02-11 00:42:40+00:00,MeToo,B***n,"Rhyme and Reason (Predator), 2021 mixed media assemblage 14 x 14 x 1 inches Published in Mortal Mag, 2/8/22, https://***PQ #socialjustice #metoo #womensupportingwomen #textileart #textileartist #collageart #collage #sexism #discrimination #assaultsurvivor","['""In China, people like me are called \'domestic hostile forces,"" said Hu Jia, a prominent Chinese human rights activist and a friend to late Nobel Peace Prize winner and dissident #LiuXiaobo. #IWillNotWatch #GenocideGames2022 https://***Og', 'As of this morning 2 Jasanoffs expressed their wish to retract their signatures on the #harvardletter. One J left to go.', 'Rhyme and Reason (Predator), 2021 mixed media assemblage 14 x 14 x 1 inches Published in Mortal Mag, 2/8/22, https://***PQ #socialjustice #metoo #womensupportingwomen #textileart #textileartist #collageart #collage #sexism #discrimination #assaultsurvivor', '-']",-,content_C,post
t2772,u3116,2022-02-14 21:26:19+00:00,MeToo,M***T,"We're sharing 5 reminders you need to hear this #ValentinesDay: 1. Love is not transactional. 2. You can say no, even if you've said yes before. 3. No amount of self-work qualifies you to be loved. #metoo #ValentinesDay2022 https://***Ol","['Shielding Sheila...#love #abused #abusehasnogender #SickOfCovid #mylife #iwillsurvive #iloveyou', '@W***e Looks like joe #PoopypantsBiden #joebiden #biden #fbiden is #Abandon #Americans again in #Ukraine #UkraineCrisis just like in #Afghanistan when he murdered 7 #children instead of #isis bomber who killed 13 @U***C #marines #MeToo #tarareade #rape #covid19 @w***j @a***c @c***n #cnn', ""We're sharing 5 reminders you need to hear this #ValentinesDay: 1. Love is not transactional. 2. You can say no, even if you've said yes before. 3. No amount of self-work qualifies you to be loved. #metoo #ValentinesDay2022 https://***Ol"", '-']",-,content_C,post
t3049,u0799,2022-02-18 11:24:09+00:00,MeToo,T***e,உணவு மற்றும் விளையாட்டை மிஸ் செய்வேன்! டேவிட் வார்னரின் உருக்கமான டிவிட்! David Warner Kane Williamson https://***5x #Tamilkural | #latestnews | #Trendingnews | #Davidwarner | #Feels | #Iwillmissyoubuddy | #Kanewilliamson | #Cricket | #Ipl2022 | #Sportsnews |,"['Can you keep going past the obstacles, today? #metooheal #ThrivingAfter #InspiringThriving #thriving #inspiration #healingjourney #healingtrauma #traumarecovery #traumahealing #traumasurvivor #survivor #survivorofabuse #selfhelp #abuserecovery #abusesurvivor #sexualabuse https://***dm', 'உணவு மற்றும் விளையாட்டை மிஸ் செய்வேன்! டேவிட் வார்னரின் உருக்கமான டிவிட்! David Warner Kane Williamson https://***5x #Tamilkural | #latestnews | #Trendingnews | #Davidwarner | #Feels | #Iwillmissyoubuddy | #Kanewilliamson | #Cricket | #Ipl2022 | #Sportsnews |', '#CorpMedia #Idiocracy #Oligarchs #MegaBanks vs #Union #Occupy #NoDAPL #BLM #SDF #DACA #MeToo #Humanity #DemExit #FeelTheBern Islamic State collaborators received Turkish citizenship, official report shows https://***8A A leaked report has revealed details about ... https://***UL', '-']",-,content_B,post
t3885,u0860,2022-03-05 19:54:25+00:00,MeToo,s***i,"David Huerta, @s***a President, made a passionate speech to #cadem2022 about the horrific treatment and sexual assault of fast food workers and the urgent need for oversight and justice. #YaBasta #MeToo #WeSaidEnough #WeAreCA","['She named a predator whose torture she had described publicly for years, even before the #MeToo movement took hold. https://***AV', 'David Huerta, @s***a President, made a passionate speech to #cadem2022 about the horrific treatment and sexual assault of fast food workers and the urgent need for oversight and justice. #YaBasta #MeToo #WeSaidEnough #WeAreCA', ""I think changing this happens case by case, because women have clear reasons for distrusting our (men's) expressions of platonic love. So, we have to build trust individually/ask women for clear consent for the expression of platonic love. But doing so is a radical social action."", '-']",-,content_B,post
t2280,u0246,2022-01-29 20:43:12+00:00,MeToo,a***k,"7 days till the genocide game, #Beijing2022! Please join the #IWillNotWatch challenge! Don't give China any attention that #CCP so desperately wants! Don't give your money to the sponsors' goods &amp; services. #BoycottBeijing2022 #No2022Beijing #BoycottBeijingOlympics https://***uy","['From @a***y: Playboy’s #MeToo problem isn’t Hugh Hefner — it’s porn https://***uR', ""7 days till the genocide game, #Beijing2022! Please join the #IWillNotWatch challenge! Don't give China any attention that #CCP so desperately wants! Don't give your money to the sponsors' goods &amp; services. #BoycottBeijing2022 #No2022Beijing #BoycottBeijingOlympics https://***uy"", ""Would you know how to be an active bystander? Take our free online 'Consent Matters' course today to find out more. Course Link: https://***D. #me #timesup #consentmatters @k***u @K***n https://***Fi"", '-']",-,content_B,post
t2871,u0359,2022-02-16 02:24:14+00:00,MeToo,H***r,My kiddo is reading a book on chess. #ProudDad #chess #iwillneverlethimwin,"['https://***EQ RT-11 #Metooindia #FeminismIsCancer #Feminism #Patriarchy #GenderBiasedLaws #stopfeminism #feminist #fakefeminism #MensLivesMatter #SaveOurSons #InternationalMensDay #toxicfeminism #genderbiased #women #metoo #rape #womenempowerment #WomensRights #female', 'My kiddo is reading a book on chess. #ProudDad #chess #iwillneverlethimwin', '#Μικρούτσικος https://***3r #ΔολοφονίαΆλκη #NoMore #MeToo #metoogr #salonikaplus #sasmos #agriesmelisses #radioarvyla #MasterChefGR #superkaterina #eleni #TheChaseGR #aekpaok #survivorgr #toprwino #shoppingstar #gitiselias #PameDanai #Θεσσαλονίκη #metoogreece', '-']",-,content_B,post
t1979,u2389,2021-11-30 09:57:07+00:00,MeToo,m***i,« Est-ce que vous demandez à des journalistes de ne pas parler de certains sujets ? » #Hulot #MeToo https://***Ym,"['Esta mañana @l***n @N***h y yo nos hemos reunido con @D***R y @Z***m, del Ministerio @C***b, para hablar sobre los problemas de acoso sexual y por razón de sexo en universidades y organismos públicos de investigación.', '« Est-ce que vous demandez à des journalistes de ne pas parler de certains sujets ? » #Hulot #MeToo https://***Ym', '‘Safe Harbor’ laws protect child sex-trafficking victims. I want to share with you my comments on Washington Post article on human trafficking#humantrafficking#DOL#HHS#USDOJ#UNWOMEN#USCongress#metoo https://***Jl', '-']",-,content_B,post
t2418,u0316,2022-02-06 17:47:01+00:00,MeToo,j***l,Is your church a 'good idea'? https://***zl #destruction #empath #affirming #cyclebreakers #exvangelical #churchtoo #beliefs #faith #christian #trauma #mentalhealth #healing #selflove #growth #lgbtq #christians #gay #trans #church #lgbt #queer... https://***QY,"['We may have a responsibility to look after patients, but you just don’t know that, behind that mask, and behind that pleasant exterior, behind the air of confidence, behind that immaculate makeup or that perfectly coiffed hair and perfectly trimmed beard, there is a soul, that is', 'Een sportschool voor álle lichamen | Na 27 jaar zegt zij: #MeToo | Onze vier talenten van 2022. Check onze beste verhalen in de nieuwsbrief en abonneer! - https://***GO https://***CU', ""Is your church a 'good idea'? https://***zl #destruction #empath #affirming #cyclebreakers #exvangelical #churchtoo #beliefs #faith #christian #trauma #mentalhealth #healing #selflove #growth #lgbtq #christians #gay #trans #church #lgbt #queer... https://***QY"", '-']",-,content_C,post
t2080,u2208,2022-01-04 20:24:29+00:00,MeToo,D***E,Heartfelt thanks to colleagues speaking up about such painful experiences &amp; exposing criminal behaviour @O***g @b***h @R***d @r***w @R***l @R***s #DeedsNotWords #MeToo @L***a @A***l @V***a @g***k @T***A https://***nH,"['Το #Ισλαμαμπαντ τρεντάρει γιατί επιτέλους πολλές Αθηναίες τολμάνε να μιλήσουν για το πρόβλημα. Ο φόβος να κάνεις ρεβεγιόν όπως οι άλλες Ευρωπαίες γυναίκες. Ο φόβος να κατέβεις στο κέντρο. Το catcalling μέρα μεσημέρι. Ο αναγκασμός να βρεις διαμέρισμα σε άλλη περιοχή. #metoogr', 'Heartfelt thanks to colleagues speaking up about such painful experiences &amp; exposing criminal behaviour @O***g @b***h @R***d @r***w @R***l @R***s #DeedsNotWords #MeToo @L***a @A***l @V***a @g***k @T***A https://***nH', 'The most disturbing aspect of this is that it seems pretty clear this man will do this again, and that neither he nor his colleague (who encouraged him) saw anything wrong with his behaviour. This is how abuse becomes normalised and harassment diminished. #TimesUpAcademia https://***mq', '-']",-,content_B,post
t3261,u1513,2022-02-21 14:03:39+00:00,MeToo,g***y,-,"['Activism in the workplace can become a powerful catalyst of change. Discover how at the #HECinTheUK masterclass by #HECprof @S***j. On February 22 at 7 pm (GMT). Book your spot now ➡️ https://***D? #ClimateChange #MeToo #BlackLivesMatter https://***53', 'The ambiguity created by the #MeToo arbitration bill using “case” rather than “claim” could drive strategic litigation choices as courts wrestle with the scope of the law. https://***nv', 'Hey there @E***E @M***a now would be a great time to implement a policy for customers affected by domestic abuse #CorporateAccountability #CorporateResponsibility #DoSomething #victimblaming #SurvivorShaming #MeToo #CoerciveControl #FinancialAbuse #DomesticAbuse #Day1013', '-']",tweet_A,-,retweet
t2096,u3114,2022-01-06 11:40:02+00:00,MeToo,b***i,سخنگوی «متا» در پاسخ به محدود شدن هشتگ #من_هم_شمعی_روشن_خواهم_کرد #IWillLightACandleToo در اینستاگرم پاسخ داد که به اشتباه محدود شده بوده: https://***4Q,"['#PS752 #IWillLightACandleToo #Justice #176passengers به یاد جانباختگان پرواز اوکراین 💔😔 https://***qn', 'سخنگوی «متا» در پاسخ به محدود شدن هشتگ #من_هم_شمعی_روشن_خواهم_کرد #IWillLightACandleToo در اینستاگرم پاسخ داد که به اشتباه محدود شده بوده: https://***4Q', ""Why I'm glad Elizabeth Holmes didn't get away with her cynical #MeToo ploy. https://***cm"", '-']",-,content_B,post
t2471,u1512,2022-02-08 11:40:42+00:00,MeToo,I***n,-,"[""Forced arbitration clauses are the still-silenced part of the #MeToo movement, denying survivors their day in court &amp; shielding abusers in the shadows. That’s why I'm voting tonight for @R***i’s #EndForcedArbitration Act – to make sure survivors’ voices are heard. https://***0F"", 'Are you on the gram? Check out this dope #IwillNotWatch filter! https://***Os https://***cC', 'I’m going to experiment with praying for people I disagree with instead of arguing with them on here. I’m going to pray they open their hearts to see other people with love. I’m praying that for myself too.', '-']",tweet_C,-,retweet
t3984,u1744,2018-03-07 12:06:04+00:00,MeToo,s***m,London alert: I will be here 11 March talking about #Metoomovement with a bunch of awesome women. https://***Od https://***nx,"['Best Seller for 3.99 online! #ReadThisBook #MeToo https://***k5', 'I wrote this extremely personal article about being sexually assaulted when I was 20 years old. At the time, I managed to convince myself that I had come out the other side undamaged. #MeToo #LondonOntarioPolice #sexualassault https://***Ai', 'London alert: I will be here 11 March talking about #Metoomovement with a bunch of awesome women. https://***Od https://***nx', '-']",-,content_C,post
t2450,u0392,2022-02-08 00:32:24+00:00,MeToo,1***s,"“It’s going to be life-changing for people all over this country."" The U.S. House approved a bill today that would ban mandatory arbitration of #MeToo claims, queuing the measure up for Senate passage and President Joe Biden’s signature. https://***qg","[""@B***g I googled her and I'm STUNNED you interviewed her. Not heard of #MeToo Rebecca? @B***g clearly not!"", 'Check in tomorrow to see how @I***D is connected to the #harvardletter &amp; lawsuit on sexual harassement.', '“It’s going to be life-changing for people all over this country."" The U.S. House approved a bill today that would ban mandatory arbitration of #MeToo claims, queuing the measure up for Senate passage and President Joe Biden’s signature. https://***qg', '-']",-,content_C,post
t2844,u2471,2022-02-15 18:05:42+00:00,MeToo,f***s,Zoë Kravitz had to rewrite directorial debut ‘Pussy Island’ after #MeToo https://***7s,"['Can you IMAGINE the songs that will come from @r***a falling in love with her child?! I’m here for it, y’all! ❤️💕👯♀️ #motherhoodismystical #ihavesomelyrics', 'Zoë Kravitz had to rewrite directorial debut ‘Pussy Island’ after #MeToo https://***7s', 'https://***TQ RT-11 #Metooindia #FeminismIsCancer #Feminism #Patriarchy #GenderBiasedLaws #stopfeminism #feminist #fakefeminism #MensLivesMatter #SaveOurSons #InternationalMensDay #toxicfeminism #genderbiased #women #metoo #rape #womenempowerment #WomensRights #female', '-']",-,content_B,post
t0118,u1109,2018-10-14 12:03:00+00:00,MeToo,s***n,First #metoo from Kannada Film industry.Your experiences have left me shuddering and depressed! I am so proud that you came out. I know the amount of courage it takes to do this and I applaud u #SangeethaBhat #MeTooIndia #comeoutwomen #sexualharassment https://***jc,"['First #metoo from Kannada Film industry.Your experiences have left me shuddering and depressed! I am so proud that you came out. I know the amount of courage it takes to do this and I applaud u #SangeethaBhat #MeTooIndia #comeoutwomen #sexualharassment https://***jc', ""Office talks these days :- 'aaj modiji Kahan gaye?' 'kal big boss Mai Kya hua?' 'aaj #MeToo Mai kuan fasaa?"", '#MeToo #MeToo4publicity #fakecases https://***DH', '-']",-,content_A,post
t2520,u2520,2022-02-09 14:25:26+00:00,MeToo,k***l,"I’ve been thinking about this quote a lot. How easy it is to believe abusers, blame victims, &amp; discredit survivors. This is why we write, why we scream, and why we need to be relentless. #HarvardLetter #JusticeForAmirLocke #JusticeForLaurenSmithFields #JusticeForJaxonSales https://***Dq","['Oh @R***a I finally can send you one of these if you want one. I think you deserve it. #IBelieveTaraReade https://***cz', 'I’ve been thinking about this quote a lot. How easy it is to believe abusers, blame victims, &amp; discredit survivors. This is why we write, why we scream, and why we need to be relentless. #HarvardLetter #JusticeForAmirLocke #JusticeForLaurenSmithFields #JusticeForJaxonSales https://***Dq', 'Wijze woorden van @H***9. #marcovermars #SeksueleIntimidatie #metoo https://***FZ', '-']",-,content_B,post
t3994,u2340,2018-04-07 02:04:24+00:00,MeToo,t***s,"@j***l @s***y It was funny what @j***l did when I was in college, before I had morals and was out of a bubble. It's DISTURBING to know little girls have to face this misogyny. @D***y is not in my house until they quit supporting people who are sexist and racist #metoo","['The Momentum of #MeToo https://***hp', ""@j***l @s***y It was funny what @j***l did when I was in college, before I had morals and was out of a bubble. It's DISTURBING to know little girls have to face this misogyny. @D***y is not in my house until they quit supporting people who are sexist and racist #metoo"", 'In the #MeToo Era, Men Learn How to Be ‘Allies,’ Without Fear, to Female Colleagues https://***kT via @W***J', '-']",tweet_B,content_B,reply
t3983,u3102,2018-03-07 10:32:20+00:00,MeToo,W***t,"‘It’s time to take our power back and be brave,’ @l***s tells #WEgeneration. ‘If you want to speak up, speak up. Don’t ask yourselves, “Why now?” Ask, “Why not now?” #WEday #metoo #IWD2018 #PressForProgress #WednesdayWisdom https://***dM","['We’re breaking our silence to end sexual violence in the fields! March with @c***w farmworkers to let @W***s know consumers won’t tolerate the fast-food giant’s failure to end human rights abuses in its supply chain! https://***dA #TimesUpWendys', 'On Comedy: She Speaks Truth to the Funny Men in Power - Nell Scovell is the rare woman in TV comedy writers’ rooms, and while she welcomes the current reckoning brought on by #MeToo, she is wary of change. https://***tD', '‘It’s time to take our power back and be brave,’ @l***s tells #WEgeneration. ‘If you want to speak up, speak up. Don’t ask yourselves, “Why now?” Ask, “Why not now?” #WEday #metoo #IWD2018 #PressForProgress #WednesdayWisdom https://***dM', '-']",-,content_C,post
t3435,u2920,2022-02-24 10:19:00+00:00,MeToo,i***s,🇫🇷 Cinq des initiatrices de #MeToo politique ont annoncé le lancement d’un #observatoire des #violences sexistes et sexuelles en #politique. Cette initiative vise à imposer cette thématique dans le débat #électoral. Via @l***e https://***ZN,"['#mentoo #ABLANARI #niruparoy #fakecases #womenempowerment #legalterrorism #legalextortion #498A #dowrylawmisuse #Feminism #toxicfeminism #feminazi #metooindia #fraudwatch #blackmail #genderequality #GenderBiasedLaws #crimebywomen #CrimeHasNoGender @M***D #marriagestrike https://***9S', 'The first episode of The Speak Out Podcast is now live: Exposing Corruption at the Lead Anti-Corruption Organisation: Harriet Witchell and the Case of @a***n @M***a 📣 #whistleblowers #whistleblowermovement #podcast https://***jG', '🇫🇷 Cinq des initiatrices de #MeToo politique ont annoncé le lancement d’un #observatoire des #violences sexistes et sexuelles en #politique. Cette initiative vise à imposer cette thématique dans le débat #électoral. Via @l***e https://***ZN', '-']",-,content_C,post
t3125,u1526,2022-02-19 17:10:53+00:00,MeToo,S***a,-,"['Der #Machtmissbrauch der Justiz und der Institutionen muss ein Ende finden. #metoo war erst der Anfang. Bitte helfen Sie mir dabei. Wie macht man jemanden #mundtod? Twitter #promoted Tweeds deaktiviert! #David_gegen_Golliath https://***Ch', 'Not feeling well, so I can’t make a ‘do’ that I was really looking forward to this evening. Good thing @F***e dropped off these this morning! Thank you so much! #Socks #IHaveTheBestFriends https://***44', 'Happening in 23 minutes! #RealRecourse #TimesUp https://***iO', '-']",tweet_B,-,retweet
t2737,u0009,2022-02-14 11:39:55+00:00,MeToo,G***n,"Violence des #Taliban contre les femmes: ""exclues de toute vie publique, interdites de se déplacer, les Afghanes sont encore plus démunies qu’auparavant en cas de violences domestiques"" #MeToo #Afghanistan #patriarcat #violencesfaitesauxfemmes https://***oB","['Violence des #Taliban contre les femmes: ""exclues de toute vie publique, interdites de se déplacer, les Afghanes sont encore plus démunies qu’auparavant en cas de violences domestiques"" #MeToo #Afghanistan #patriarcat #violencesfaitesauxfemmes https://***oB', 'on wednesday, our investigations team published a thoughtful look at what restorative justice could look like amid the #metoo movement. @c***l + @W***o did a fantastic job shepherding this one from start to finish: https://***0m', '#CorpMedia #Idiocracy #Oligarchs #MegaBanks vs #Union #Occupy #NoDAPL #BLM #SDF #DACA #MeToo #Humanity #DemExit #FeelTheBern Our SDF provides humanitarian assistance to affected people in Geweran neighborhood https://***OV Our SDF has provided humanitarian ... https://***9N', '-']",-,content_A,post
t0107,u1109,2018-10-06 07:58:40+00:00,MeToo,s***n,Whattay welcome change from the usual men-centric-commercial films. The women of our KFI r killin it 😎 @H***6 nd @s***A ma'am's #DofParvatamma s teaser looks like they mean business. Waiting for this one 😈😍 #TimesUp #kfi https://***gR,"['If a woman of color #SCOTUS nominee lied and threw a public tantrum after being accused of a crime her career would be over, plain and simple. #StopKavanaugh #BelieveWomen https://***t0', ""Whattay welcome change from the usual men-centric-commercial films. The women of our KFI r killin it 😎 @H***6 nd @s***A ma'am's #DofParvatamma s teaser looks like they mean business. Waiting for this one 😈😍 #TimesUp #kfi https://***gR"", 'Watch a spineless @B***y refuse to listen to survivors. #StopKavanaugh #BelieveSurvivors #CancelKavanaugh https://***z5 https://***z5', '-']",-,content_B,post
t0316,u3212,2020-03-11 08:03:52+00:00,MeToo,S***g,"When women cross over into male-dominated sectors, they can earn three times as much as in traditionally female-dominated sectors.#IWD2020 #EachforEqual #Women #entreprenuers #Womeninbusiness #womeninleadership #MeToo #AfricaforHer @f***a @H***t @A***p","['The latest The RHHR Daily! https://***ls Thanks to @c***s #metoo #canceleverything', 'When women cross over into male-dominated sectors, they can earn three times as much as in traditionally female-dominated sectors.#IWD2020 #EachforEqual #Women #entreprenuers #Womeninbusiness #womeninleadership #MeToo #AfricaforHer @f***a @H***t @A***p', 'Seth was hired by #HarveyWeinstein to spy on a list of people - including celebrities - before the #MeToo movement took off. https://***9T', '-']",tweet_B,content_B,reply
t2219,u1565,2022-01-23 14:05:02+00:00,MeToo,A***v,"Coping skills can help you handle day-to-day challenges, maximize your independence and live a meaningful life with your diagnosis of #Alzheimers or a related disorder. Get some tips at https://***FE or reach us 24/7 at 800-272-3900. #IHaveAlz #ENDALZ https://***EF","['follow=back💯💯💯💯💯💯💯 #Packers #PowerBookII #Moreno #IHaveNotSeen #JimmyG #RobbieGould #Brady #UFC270Live #Bears #Adams #Toonami #JordanLove #Both1 #RussellMagsayo #kittle #Zverev #renjun #TreyLance #Stipe #Favre #Calli #LaFleur #Wordle218 #AssassinationClassroom #ONEPIECE', '#motuc #ihavethepower #castlegrayskull #grayskull #toycommunity #filmation #motuclassics #mastersoftheuniverseclassics #motuorigins #vintage #mastersdeluniverso #toycollection #bythepowerofgrayskull #super #bhfyp #heman', 'Coping skills can help you handle day-to-day challenges, maximize your independence and live a meaningful life with your diagnosis of #Alzheimers or a related disorder. Get some tips at https://***FE or reach us 24/7 at 800-272-3900. #IHaveAlz #ENDALZ https://***EF', '-']",-,content_C,post
t2647,u0413,2022-02-11 16:56:26+00:00,MeToo,m***n,-,"['John Comaroff, professor of African and African American studies and of anthropology at Harvard University, has become the target of what has all the earmarks of another filthy #MeToo witch-hunt. https://***EM', '#HonkHonk #bravery #courage #whistleblowermovement #MeToo #CIA #whyididntreport #mynameisalice #freedom #FreedomOfSpeech #FreedomConvoy https://***8s', 'Powerful people like to make dumb mouth sounds about serial abusers requiring infinite due process but this is what the process actually looks like for plaintiffs. #harvardletter https://***5X', '-']",tweet_B,-,retweet
t3421,u3274,2022-02-24 00:55:12+00:00,MeToo,F***S,"How is it #WeNeedToTalkAboutCosby and Karen Yochim-Silverman is a Senior Attorney for Florida Department of Children and Families, charged w/felony child abuse after hitting/choking her own child. *READ it AGAIN* #FirstThem👉🏾#MeToo #WeAsOurselves #H1news 🔗https://***3E https://***zJ","['How is it #WeNeedToTalkAboutCosby and Karen Yochim-Silverman is a Senior Attorney for Florida Department of Children and Families, charged w/felony child abuse after hitting/choking her own child. *READ it AGAIN* #FirstThem👉🏾#MeToo #WeAsOurselves #H1news 🔗https://***3E https://***zJ', ""Gas crisis is pushing millions of Europeans further into #energypoverty. The @E***n's solution to #EndEnergyPoverty? 🚫A #GasPackage that fails to deliver a #gasphaseout, consumer protection from #greenwashing or polluter free decision making🚫Try again...#TimesUpforGas https://***u0"", 'Sydney rainings . . . #FromWhereIRide #cyclingshots #cyclingphotos #ridesnapshare #ihavethisthingwithbikes #Specialized #Crux #veloclub #veloclubcc #strava #stravacycling #WYMTM #MelBAAWn https://***HX', '-']",-,content_A,post
t2770,u0888,2022-02-14 21:00:02+00:00,MeToo,S***k,"At Least 10 Million Targets Were Stalked and Were in Forced Arbitration. The Senate has passed #EndForcedArbitration Act, but Stalking was Not included. All survivors' voices need to be centered. #MeTooVoter #EndForcedArbitrationForAllSurvivors https://***Rv","['@C***N How can you represent such a brutal Regime of #China? https://***m0 #FreeTibet #FreeHK #FreeEastTurkistan #XiJinping #XiVariant #US #AUS #India #EU #UK #IOC #NBC #IwillNotWatch #Beijing2022 #GenocideGames #Taiwan #StrongerTogether #Seccion22 #UNGA #SecCouncil #UN #UNHRC', ""At Least 10 Million Targets Were Stalked and Were in Forced Arbitration. The Senate has passed #EndForcedArbitration Act, but Stalking was Not included. All survivors' voices need to be centered. #MeTooVoter #EndForcedArbitrationForAllSurvivors https://***Rv"", ""We're sharing 5 reminders you need to hear this #ValentinesDay: 1. Love is not transactional. 2. You can say no, even if you've said yes before. 3. No amount of self-work qualifies you to be loved. #metoo #ValentinesDay2022 https://***Ol"", '-']",-,content_B,post
t2956,u0816,2022-02-17 05:55:43+00:00,MeToo,S***Q,-,"['https://***eO RT-11 #Metooindia #FeminismIsCancer #Feminism #Patriarchy #GenderBiasedLaws #stopfeminism #feminist #fakefeminism #MensLivesMatter #SaveOurSons #InternationalMensDay #toxicfeminism #genderbiased #women #metoo #rape #womenempowerment #WomensRights #female', ""The Inspiring Story Of How One Former Neo Nazi Was Invited To Speak On #MLKDay By Martin Luther King Jr. Daughter #DoctorBerniceKing. Pt1. (It's Never Too Late To #Change) #IHaveADream #Hope #Faith #Love #MSNBC #CNN #FoxNews #ViralVideos #CivilRights #MrBlackCat1069 #BLM https://***7m"", ""Imagine going to bat for a CREEP like Nel Nieves, giving infinite chances to a person who's shown time &amp; time &amp; time again EXACTLY who he is. Just because someone ACTS nice, doesn't mean they're actually a good person. They'd rather support an abuser than #BELIEVEWOMEN https://***xA"", '-']",tweet_C,-,retweet
t2240,u3116,2022-01-25 16:45:29+00:00,MeToo,M***T,"Survivors are experiencing the profound impact of #COVID19 in ways we could have never imagined. Those in abusive situations and those seeking therapy struggle to get the support they need, and dire conditions have been exacerbated. https://***xU #metoo https://***Go","['Hi, I’m Jenneh. I’m a 35 year old RN with a heart condition and lupus— which make me high risk for Covid complications. I’m what chronic illness looks like. #IHaveAPreexistingCondition https://***42', 'Any of the Star Wars Films. Scarface. Rocky. The Lord of the Rings #IHaveNotSeen https://***wN', 'Survivors are experiencing the profound impact of #COVID19 in ways we could have never imagined. Those in abusive situations and those seeking therapy struggle to get the support they need, and dire conditions have been exacerbated. https://***xU #metoo https://***Go', '-']",-,content_C,post
t2587,u0201,2022-02-10 15:51:36+00:00,MeToo,J***i,Join us #DefendDemocracy 🏳️‍🌈🏳️‍⚧️✊🏾✊🏼✊🏽⚖️#NoJusticeNoPeace #LGBTQ #MeToo #MMIWG #ClimateCrisis #EconomyCrisis #BelieveVictims #M4A #HistoryMatters #cleanwater #WaterWatchers what matters to you? Let’s #Standup together #ResistanceUnited ⤵️ https://***gS,"['@A***r #metoo moment 😍🥰', 'Join us #DefendDemocracy 🏳️🌈🏳️⚧️✊🏾✊🏼✊🏽⚖️#NoJusticeNoPeace #LGBTQ #MeToo #MMIWG #ClimateCrisis #EconomyCrisis #BelieveVictims #M4A #HistoryMatters #cleanwater #WaterWatchers what matters to you? Let’s #Standup together #ResistanceUnited ⤵️ https://***gS', '#keeptrying #yourbodyisyourtemple #onlyone #putinthework #educateyourself #fitnessqt #activeqt #workoutqt #qthealthythighs #qthealtheyes #stayactive #behealthy #dedication #empowerment #discipline #commitment #determination #iwill #youcandoit #underarmour #protectthishouse https://***Ut', '-']",-,content_B,post
t3360,u2867,2022-02-23 00:59:32+00:00,MeToo,B***w,-,"['Passionate, competitive, great MEN settling a dispute the old fashion way. #MRA #MGTOW #Feminism #redpill #hookup #mensrights #singlemother #metoo #timesup #killallmen #single #Misandry #thefutureisfemale #independantwoman #MenAreGrossBecause #careerwoman #toxicmasculinity https://***Xm', 'https://***J2 #patriot #turningpointusa #joerogan #prageru #youngamerica #iwillnotcomply #wewillnotcomply #americafirst #lovetheusa #americathebeautiful #patrioticapparel #freedom #Ronaldreagan #downwithtyranny #wethepeople #patriotic #iwillnotcomply https://***sa', '""They added that despite the #MeToo movement, Anderson “is somehow still the exception to the rule. She\'s still up for grabs. That\'s messed up."" That is pretty messed up.', '-']",tweet_B,-,retweet
t3068,u0319,2022-02-18 18:17:43+00:00,MeToo,m***w,"The stigma of addiction: - they're destructive - ""if they wants to unalive herself, let them"" - ""they're selfish"" - ""All they care about is alcohol."" #mentalhealth #mentalillness #BPD #Borderline #metoo #ptsd #cptsd #borderlinepersonality #borderlinepersonalitydisorder","['Annnd this is why we have rapists. Because women just “things” right? We don’t have feelings or expectations. We don’t need to be respected. And it’s normalized in a headline. #metoo https://***Du', 'The stigma of addiction: - they\'re destructive - ""if they wants to unalive herself, let them"" - ""they\'re selfish"" - ""All they care about is alcohol."" #mentalhealth #mentalillness #BPD #Borderline #metoo #ptsd #cptsd #borderlinepersonality #borderlinepersonalitydisorder', '#GutoHarri to The New European’s Matt Kelly in 2018: Johnson “knows he’s f***ed up massively. Now he’s working out how to get himself out of the mess” #IWillSurvive charlatan @B***n is only ever concerned with his own fate. Not that of the country https://***rT', '-']",-,content_B,post
t2618,u0251,2022-02-10 22:15:37+00:00,MeToo,r***e,-,"[""Here's a look at the jumps the gold medal favorite Nathan Chen 🇺🇸 completed at #Beijing2022. Follow our coverage live: https://***bq https://***Yt"", 'I am a vocal and visible #MeToo and #MeTooPhD survivor and here is what I have to say about the #Harvard case. A thread- Some of us risk everything to speak up about our abuse Some of us wait until we no longer depend on the abuser to speak up', 'Congress gave final approval for legislation that guarantees people who experience sexual harassment at work can seek recourse in the courts, a milestone for the #MeToo movement https://***5x', '-']",tweet_A,-,retweet
t2285,u2487,2022-01-30 11:12:31+00:00,MeToo,n***l,"I’ve been dealing with requests to support (struggling to get heard) #MeToo movements in U.K. sport, entertainment, the NHS, politics &amp; elsewhere Perhaps we got complacent Victims everywhere need light shone on their experiences &amp; their abusers I will always stand with them You?","['I’ve been dealing with requests to support (struggling to get heard) #MeToo movements in U.K. sport, entertainment, the NHS, politics &amp; elsewhere Perhaps we got complacent Victims everywhere need light shone on their experiences &amp; their abusers I will always stand with them You?', 'They get it. 🥰 #FreedomtoVoteAct #JohnLewisVotingRightsAct #VotingRightsNow #VotingRights #Tomdaya #iwillharness https://***zj', '#IWillNotWatch the Beijing 2022 Olympic Games, and cannot do so in good moral conscience considering the ongoing human rights abuses and genocide against the Uyghurs and other minorities in NW China. We express disappointment in CBC for their sponsorship of the Games. https://***GT', '-']",-,content_A,post
t2762,u2413,2022-02-14 18:13:43+00:00,MeToo,B***3,SAVE SOMEONE #ayahuasca #rapeculture #rapet #consent #childabuse #xamanismo #raper #sexualassault #nomeansno #sexualabuse #believesurvivors #rapeton #metoomovement #rapevictim #rape #aho https://***Gg . .,"['SAVE SOMEONE #ayahuasca #rapeculture #rapet #consent #childabuse #xamanismo #raper #sexualassault #nomeansno #sexualabuse #believesurvivors #rapeton #metoomovement #rapevictim #rape #aho https://***Gg . .', 'Howdy there @E***E @M***a now would be a great time to implement a policy for customers affected by domestic abuse #CorporateAccountability #CorporateResponsibility #DoSomething #victimblaming #SurvivorShaming #MeToo #CoerciveControl #FinancialAbuse #DomesticAbuse #Day1006', 'Make time for this surprising, sometimes infuriating, always riveting #MeToo story on Eric Schneiderman and a friend who tried, for 3 and a half years, to get him to reckon with the harm he inflicted. You will never forget it. https://***Du @k***r @B***s', '-']",-,content_A,post
t1961,u0105,2021-11-23 21:24:17+00:00,MeToo,E***o,"#MeToo | ""Creó un grupo de WhatsApp en el que escribía a toda hora y todos los días. Hablaba de temas que para mí eran incómodos, como la masturbación"": Estudiante de Rueda en el 2020. Lea los hallazgos de nuestra reportería: https://***Sr","['#MeToo | ""Creó un grupo de WhatsApp en el que escribía a toda hora y todos los días. Hablaba de temas que para mí eran incómodos, como la masturbación"": Estudiante de Rueda en el 2020. Lea los hallazgos de nuestra reportería: https://***Sr', 'Those of you with #internetfreedom pls use your #socialcapital to RT #WhereIsPengShuai to shame the villains #Trending #MeToo over #Metaverse inequality is global act now for #HumanRights #SayHerName #ourchildrenarewatching stop censorship #silenceiscomplicity https://***xT', 'Today marks the start of #IWillWeek21! 🙌 Read how @m***k are inspiring the next generation of young #ocean conservationists in our new blog, featuring @w***8, @t***l and @R***W 🌊 Check it out here 👇 https://***GJ @i***t https://***Lp', '-']",-,content_A,post
t1938,u1603,2021-11-19 12:21:07+00:00,MeToo,M***g,".@I***i says #MeToo movement gaining momentum was the “catalyst” for the Modern Masculinity series. She adds that rather than cutting men out of the conversation, to achieve “real progress”, we have to make them part of it. #IMD21 #InternationalMensDay","['2/ “It is incumbent on us to learn from these findings, and focus on building an organization that powerfully serves women of all kinds and ends the impunity of sexual harassment and assault in the workplace.” - Board Chair Gabrielle Sulzberger, #TIMESUP', ""Today's @N***m Spotlight is Prof Soo Young Bae, who will be presenting her manuscript “Information Platform Diversity and Issue Sentiment.” Focusing on the #MeToo movement, the paper looks into news consumption habits and their role in developing issue sentiments #UMassCommDept"", '.@I***i says #MeToo movement gaining momentum was the “catalyst” for the Modern Masculinity series. She adds that rather than cutting men out of the conversation, to achieve “real progress”, we have to make them part of it. #IMD21 #InternationalMensDay', '-']",-,content_C,post
t3973,u3163,2018-01-08 23:23:30+00:00,MeToo,M***w,"I loved @O***h's message last night, using that moment to remind us all that women will not be victims and will not be silenced. Truth is, I felt she was talking to me too, (#metoo) and all victims of abuse. It's time for me to speak my truth because #truthislouder","[""I loved @O***h's message last night, using that moment to remind us all that women will not be victims and will not be silenced. Truth is, I felt she was talking to me too, (#metoo) and all victims of abuse. It's time for me to speak my truth because #truthislouder"", 'Even on a #metoo night, women still had to be plenty subversive. Allison Janney and her “Ladybird.” Natalie Portman’s interjection. Debra Messing calling out E!', '#Dotherightthing in all you do #TIMESUP @L***n you eloquently nailed it #Bravo https://***Vx', '-']",-,content_A,post
t2619,u1818,2022-02-10 23:53:42+00:00,MeToo,H***n,I saw an article titled Mandatory Supporters and I stan. Fuck Mandatory Reporting. Replace with Mandatory Supporting. Mandatory reporting centers the institution's safety over that of the victim #MeToo #MeTooPhD #Harvard,"['(Falls ihr den Trick nicht kennt, die FT Paywall umgeht man, indem man den Titel ""Women spoke up, men cried conspiracy: inside Axel Springer’s #MeToo moment "" in eine Suchmaschine einfügt und darüber dann durchclickt) https://***Gh', '@W***o @9***l @R***x @S***a @m***n @A***e @v***n Just from my nightstand. :) #IHaveAProblem #AppleWatchBands #collection #Apple #AppleWatch https://***Aw', ""I saw an article titled Mandatory Supporters and I stan. Fuck Mandatory Reporting. Replace with Mandatory Supporting. Mandatory reporting centers the institution's safety over that of the victim #MeToo #MeTooPhD #Harvard"", '-']",-,content_C,post
t2824,u1059,2022-02-15 15:01:08+00:00,MeToo,i***s,New @i***c Release! 'The Samaritan Woman's Story: Reconsidering John 4 After #ChurchToo' by Caryn A. Reeder Order now: https://***SZ @W***t #IVPAcademic https://***Fz,"['https://***B9 RT-11 #Metooindia #FeminismIsCancer #Feminism #Patriarchy #GenderBiasedLaws #stopfeminism #feminist #fakefeminism #MensLivesMatter #SaveOurSons #InternationalMensDay #toxicfeminism #genderbiased #women #metoo #rape #womenempowerment #WomensRights #female', ""@R***s Let's all remember who started these covid conversations while we're at it. #IwillNotWatch #NoBeijing2022 #BoycottBeijingOlympics #BoycottBeijing2022 #CCPLiedPeopleDied #CCPVirus #FreeUyghurs #FreeTibet #Xinjiang #ccp_is_terrorist #BoycottMadeInChina"", ""New @i***c Release! 'The Samaritan Woman's Story: Reconsidering John 4 After #ChurchToo' by Caryn A. Reeder Order now: https://***SZ @W***t #IVPAcademic https://***Fz"", '-']",-,content_C,post
t3692,u2003,2022-03-02 08:38:50+00:00,MeToo,N***h,"🗣 «La formación continua ayudaría a conocer la existencia de recursos para prevenir el #acoso». Entrevista a @m***v, autora de 📗 Acoso. #MeToo en la ciencia española publicada en el último número de la revista #Profesiones (✏️ Elisa McCausland / Esther Plaza) https://***hD","['@I***I https://***Uw Do you care about these Muslim men and women? Cair lost a lawsuit to one of them. #Cair @W***o #metoo', 'DMK Faces Flak For Giving Platform To #MeToo Accused Poet-Lyricist Vairamuthu, Again “If you are a woman – please pray you don’t get molested by a politician’s friend in India"": @C***i tweeted. https://***VN', '🗣 «La formación continua ayudaría a conocer la existencia de recursos para prevenir el #acoso». Entrevista a @m***v, autora de 📗 Acoso. #MeToo en la ciencia española publicada en el último número de la revista #Profesiones (✏️ Elisa McCausland / Esther Plaza) https://***hD', '-']",-,content_C,post
t3788,u1607,2022-03-03 19:13:12+00:00,MeToo,p***h,"@S***C A1. #Ageism is also one of the forms of discrimination that still seems to be tolerated. In recent years, there have been big steps make in calling out racism #BlackLivesMatter and misogyny #MeToo. But we are still too dismissive and mocking of elders. #AgeWithRights","['🗣 Dos actrices que trabajaron con Jerry Lewis dieron detalles de cómo el comediante abusó de ellas en los años 60, cuando estaba en el apogeo de su fama. #jerrylewis #abusosexual #metoo https://***xm', '@C***s Through the MeToo Movement and especially TimesUp, the narrative switched from a ""protect victims"" one to an ""attack perpetrators"" one. Victims sharing their stories are now automatically seen as accusers, which because of its abuse will now inherently be treated with suspicion.', '@S***C A1. #Ageism is also one of the forms of discrimination that still seems to be tolerated. In recent years, there have been big steps make in calling out racism #BlackLivesMatter and misogyny #MeToo. But we are still too dismissive and mocking of elders. #AgeWithRights', '-']",tweet_B,content_C,reply
t1916,u3127,2021-11-06 10:41:32+00:00,MeToo,K***g,@w***c @A***m @A***m @w***c I could have a white suit hanging around somewhere if ye need an extra to jump on stage for a song or two 8th or 9th 🙃😉 #IHaveADream 💚🇮🇪,"[""@c***p Investor's Naked Selfies Ignite #MeToo Moment: Female Founder Fights Back https://***bm Highlights by @m***n https://***49"", ""A very good summary &amp; analysis of how Chinese internet users pushed back against the blanket censorship on Peng Shuai's #MeToo accusation against Zhang Gaoli. The cat-and-mouse game with censors has long been a fact of life for many, but this is at a whole new level of absurdity https://***JJ"", '@w***c @A***m @A***m @w***c I could have a white suit hanging around somewhere if ye need an extra to jump on stage for a song or two 8th or 9th 🙃😉 #IHaveADream 💚🇮🇪', '-']",tweet_C,content_C,reply
t1898,u2826,2021-10-28 21:52:15+00:00,MeToo,C***e,"Today at #CASEsummit, @h***k, @j***n &amp; @B***s explored campus culture issues: mental health, racial justice, #MeToo. Their tips for #highered communicators: Meet students where they are. Listen. Respond in a timely way. Follow up on what you promise. https://***Ix","['#WatchNow Men Helping Women is a #film about male #artists abusing their power in positions of #mentorship https://***rL @N***Y @P***m #metoo #genderequality https://***X1', 'Today at #CASEsummit, @h***k, @j***n &amp; @B***s explored campus culture issues: mental health, racial justice, #MeToo. Their tips for #highered communicators: Meet students where they are. Listen. Respond in a timely way. Follow up on what you promise. https://***Ix', 'I WILL!!” #IWILL #PreOrderOctober28 #AvailableOct30 https://***SA', '-']",tweet_B,content_B,reply
t2258,u1672,2022-01-27 02:54:35+00:00,MeToo,A***o,Sexual harassment in the military now a crime under Biden order https://***Pn #MeToo,"['Sexual harassment in the military now a crime under Biden order https://***Pn #MeToo', '#IWillNotWatch #Beijing2022! I support the #NoBeijing2022 alternative program of films, reading, listening about #Tibet, #Uyghurs, #HongKong and #China instead. Join Me - https://***Cx', 'Major new study @b***o&amp; @U***C reveals how #MeToo &amp; #BlackLivesMatter have transformed the workplace in US and Canada with male leaders considered more inclusive, empathic and collaborative - https://***um', '-']",-,content_A,post
t3876,u3262,2022-03-05 14:34:50+00:00,MeToo,K***n,"@m***r Sadly, perfect table size/distance for some #MeToo action with these poor Russian trainee air stewardesses. I hope they can say #NO to the 💩#bully with #nukes!","['#LeSaviezVous Israël 🇮🇱: les victimes de viol dans le milieu juif ultra-orthodoxe font leur #MeToo #OnVousVoit #OnVousCroit 💪💪🏼💪🏾 ➡️La libération de la parole dans une communauté religieuse où la dénonciation est punie par la loi 🙊🙉🙈 📌 https://***5Z https://***56', 'WTF Scindia !! bloody pervert. #metoo https://***3h', '@m***r Sadly, perfect table size/distance for some #MeToo action with these poor Russian trainee air stewardesses. I hope they can say #NO to the 💩#bully with #nukes!', '-']",tweet_C,content_C,reply
t1669,u0109,2021-03-10 20:34:20+00:00,MeToo,R***a,".@r***n has given more to survivors with her support, her care and creative projects than any fake MeToo movement.She is the OG of warriors Read her book Brave listen to the healing music of Planet 9 on Spotify. Rose uses her whole soul to educate and help survivors ✨🕊🌟 https://***0c","['.@r***n has given more to survivors with her support, her care and creative projects than any fake MeToo movement.She is the OG of warriors Read her book Brave listen to the healing music of Planet 9 on Spotify. Rose uses her whole soul to educate and help survivors ✨🕊🌟 https://***0c', '#NariShakti #No_MSP_No_Vote #MeToo https://***rw', ""Pros: Feminism is cool &amp; relevant, collective political action is powerful, Riot Grrrl tunes still rock. Cons: Important issues are glossed (rape, intersectionality, trans rights), #MeToo doesn't exist in this world. ‘Moxie’ Review: Rebel With a Cause https://***os"", '-']",-,content_A,post
t2092,u3192,2022-01-05 19:50:41+00:00,MeToo,C***k,-,"['Join @R***Z of @T***i for the next SBEE Seminar Jan. 10: He will discuss how the MeToo movement affected the reporting of sex crimes to police, demonstrating that social movements can rapidly and persistently change high-stakes personal decisions. https://***Jl https://***w0', 'Heartfelt thanks to colleagues speaking up about such painful experiences &amp; exposing criminal behaviour @O***g @b***h @R***d @r***w @R***l @R***s #DeedsNotWords #MeToo @L***a @A***l @V***a @g***k @T***A https://***nH', 'من هیچکدوم از اون عکسها رو از نزدیک نمیشناختم، ولی اون روزها از تلخترین روزهای زندگیم بودن. دو سال میگذره و به امید روزی که عدالت درمورد مسببین اصلی اون جنایت برقرار بشه، #من_هم_شمعی_روشن_خواهم_کرد. #IWillLightACandleToo #ps752justice https://***y3', '-']",tweet_B,-,retweet
t3732,u3146,2022-03-02 21:19:05+00:00,MeToo,V***C,"[Eugene Volokh] #MeToo/#TheyLied Settlements, Arbitration, and Rescission https://***Zm https://***Jt","['[Eugene Volokh] #MeToo/#TheyLied Settlements, Arbitration, and Rescission https://***Zm https://***Jt', 'Y’all say #WeNeedToTalkAboutCosby🗣, but #FirstThem👉🏾 Brandon Michael Watson, 36, charged with raping a child younger than 12 AND felony sexual intercourse without consent AND felony sexual assault.#MeToo #WeAsOurselves🤐 #SilenceIsViolence🤬 #H1news🗞 🔗https://***ID https://***XA', '@s***e I wonder what donald jarvis learned at this gathering! These lawyers are trying to figure out how to close the cracks so women wouldn’t be able to speak up like we have! Donald was so angry like he didn’t want the gravy train to end! They are going to learn from US! #MeToo https://***BT', '-']",-,content_A,post
t2438,u3116,2022-02-07 18:37:41+00:00,MeToo,M***T,"During #BlackHistoryMonth, we'll highlight 'Joy Pioneers'—ancestors or leaders who chart a new path forward to live in joy. While our Joy Pioneers may not have identified as survivors, their work and commitment to Black communities make our collective liberation possible. #MeToo https://***s3","[""During #BlackHistoryMonth, we'll highlight 'Joy Pioneers'—ancestors or leaders who chart a new path forward to live in joy. While our Joy Pioneers may not have identified as survivors, their work and commitment to Black communities make our collective liberation possible. #MeToo https://***s3"", '@M***a @3***2 Fijn stuk! Ook herkenbaar als je gewoon muziekliefhebber bent en geen last hebt gehad van #metoo-toestanden. Dat van @O***R is ook ontzettend waar. Op een enkele positieve uitzondering na lijken die in een strikte mannenwereld te leven waarin vrouwen een soort exoten zijn. Storend!', '#keeptrying #yourbodyisyourtemple #onlyone #putinthework #educateyourself #fitnessqt #activeqt #workoutqt #qthealthythighs #qthealtheyes #stayactive #behealthy #dedication #empowerment #discipline #commitment #determination #iwill #youcandoit #underarmour #protectthishouse https://***f0', '-']",-,content_A,post
t1855,u2373,2021-09-28 20:37:29+00:00,MeToo,A***m,"Revisit this clarifying conversation between @s***s and @K***B, one of the co-founders of #MuteRKelly. https://***xV https://***uX","['Organically Grow And Promote Instagram. #MeToo #IStandWithDan #instagram #fastgrowth #instagrmorganicgrowth #instagrammarketing For This Service: Fiverr Link: https://***Ys https://***zD', 'Revisit this clarifying conversation between @s***s and @K***B, one of the co-founders of #MuteRKelly. https://***xV https://***uX', ""It's utterly mind-blowing to me that Central Indiana Presbytery is saying it is OK for a Teaching Elder to *sue* his alleged victims while process is ongoing. That should bring the pastor up on contumacy charges. PCA friends, can anyone make ANY sense of this? #PCAToo #ChurchToo https://***Uh"", '-']",-,content_B,post
t3201,u1859,2022-02-20 13:20:18+00:00,MeToo,K***s,"This powerful and famous televangelist seduced women, used women, and tried to hide it from everyone, but his darkest secret was one he hid even from himself. #metoo #reading https://***dV https://***07","['Contractor Finds Child Pornography Stash in Psychologist’s Secret Room https://***OF - #ChildAbuse #Psychologist #Psychologists #Psychology #MeToo #SexAbuse', 'This powerful and famous televangelist seduced women, used women, and tried to hide it from everyone, but his darkest secret was one he hid even from himself. #metoo #reading https://***dV https://***07', '#determination #youcandoit #yougotthis #justdoit #success #beyourself #dreams #dedication #selfdiscipline #effort #believe #believeinyourself #love #ican #iwill #energy #succeed #passion #consistent #persistent #imagination #determination #loveyourself #loveyourselffirst https://***CL', '-']",-,content_B,post
t2657,u1142,2022-02-11 22:54:28+00:00,MeToo,e***g,Just a reminder for International #WomenInScience Day (re: #harvardletter) https://***4L,"['Oh @R***a I finally can send you one of these if you want one. I think you deserve it. #IBelieveTaraReade https://***cz', ""It's time to let #womenleaders run the world. Sorry guys #timesup #SaveSoil #savetheocean #savebiodiversity #savetheplanet #letwomenlead https://***ot"", 'Just a reminder for International #WomenInScience Day (re: #harvardletter) https://***4L', '-']",-,content_C,post
t3966,u2544,2017-12-06 12:41:03+00:00,MeToo,N***R,"#MeToo Movement Is Person Of The Year, 'Time' Says https://***Vr","[""#MeToo Movement Is Person Of The Year, 'Time' Says https://***Vr"", 'Proud of my good friend @n***l for this very personal piece on why she signed the #metoonatsec letter. Even for those of us who are ""lucky"" think what more we could have accomplished if we hadn\'t had to spend mental energy dealing with this crap. https://***My', 'A #MeToo survey of China\'s media industry inspired 60 women to share their stories, 59 who wanted to remain anonymous. ""Most people still think it is shameful for the victims” https://***w2 https://***Zk', '-']",-,content_A,post
t2914,u2669,2022-02-16 18:38:05+00:00,MeToo,C***C,"Vatican ponders priesthood amid abuse research, revelations https://***1B #AssociatedPress #Vatican #metoo #priesthood https://***mF","[""@N***m #believeallwomen Snoop Dogg and Don 'Magic' Juan accused of sexual assault, battery in new lawsuit https://***48 via @u***y"", 'Vatican ponders priesthood amid abuse research, revelations https://***1B #AssociatedPress #Vatican #metoo #priesthood https://***mF', ""@g***n @n***t #believeallwomen Snoop Dogg and Don 'Magic' Juan accused of sexual assault, battery in new lawsuit https://***48 via @u***y"", '-']",-,content_B,post
t3861,u0797,2022-03-05 04:09:29+00:00,MeToo,C***e,-,"['At this point the guys delivering alcohol together with my groceries should just charge extra for looking at me and still asking: “Are you 18?”', 'Anita Hill: What Susan Fowler’s ‘Uber Blog’ meant to #MeToo https://***Xd', '@v***l sorry too lazy to type https://***Jg', '-']",tweet_A,-,retweet
t3259,u1255,2022-02-21 13:59:08+00:00,MeToo,T***g,👇 Read @g***y's full report on parliament's post-#MeToo culture: https://***2d,"['Year #2 of 2 weeks to slow the spread. #lifelibertyandthepursuitofhappiness #conservativethinker #conservative #christianconservative #criticalthinker #climatechange #christian #bible #christianpodcast #wevegotacountrytosave #america #turningpointusa #iwillnotcomply #co...', ""👇 Read @g***y's full report on parliament's post-#MeToo culture: https://***2d"", 'What are your thoughts on this picture? #SouthPark #Avatar #Generator #Torso #Shoes #Underwear #HeadLine #Armlines #Main #Trim #Notint #HallMonitor #Head #VaginawithBalls #Eyes #Mouth #Front #Notint #IHaveNoIdeaWhatsGoi https://***ts', '-']",tweet_B,content_B,reply
t0131,u1109,2018-10-20 08:00:34+00:00,MeToo,s***n,"#metoo #comingout against all odds. Inspite of the all the comments, backlash and misogyny that will follow, I share my experiences below cos this is about a larger change! Bring it on ! #Speakup men and women . It's time. https://***jR","[""@Z***V your responsibility doesn't end by hosting conversations about #MeToo on Planet Bollywood. It's time for some housekeeping. @T***l https://***5S"", 'רוצות/ים לשמוע קצת על #MeToo הישראלי? מוזמנות/ים לשיחה אצלכן בבית עם העיתונאית שרון שפורר. https://***n4', ""#metoo #comingout against all odds. Inspite of the all the comments, backlash and misogyny that will follow, I share my experiences below cos this is about a larger change! Bring it on ! #Speakup men and women . It's time. https://***jR"", '-']",-,content_C,post
t0318,u2099,2020-03-12 23:57:39+00:00,MeToo,I***s,Enjoyed my time @P***s today reading to these sweet faces! Thank you @D***E @E***y @P***h and Ms. Baker! I love you all! #drseuss #ReadAcrossAmerica #iwillmissyou ♥️♥️♥️ https://***6y,"['Are women entrepreneurs the key to global economic development? #IWD2020 #EachforEqual #Women #entreprenuers #Womeninbusiness #womeninleadership #MeToo #AfricaforHer https://***Rj', 'Former movie producer #HarveyWeinstein was sentenced to 23 years in prison on March 11 following his sexual assault and rape conviction in February in a case hailed as a victory for the #MeToo movement against sexual misconduct. https://***Il', 'Enjoyed my time @P***s today reading to these sweet faces! Thank you @D***E @E***y @P***h and Ms. Baker! I love you all! #drseuss #ReadAcrossAmerica #iwillmissyou ♥️♥️♥️ https://***6y', '-']",-,content_C,post
t2085,u2478,2022-01-05 07:20:30+00:00,MeToo,l***a,"Event: 10 Days of Prayer Theme: I Will Go Through Prayers When : 5th - 15th January, 2022 Time: 5:00pm -7:00pm Nairobi Speaker:Pastor James Ouma #10DaysofPrayer #IWillGo #January #Thanksgiving #newyear #Sermons#Adventistsermon #2022 #Evangelism https://***8c","['Heartfelt thanks to colleagues speaking up about such painful experiences &amp; exposing criminal behaviour @O***g @b***h @R***d @r***w @R***l @R***s #DeedsNotWords #MeToo @L***a @A***l @V***a @g***k @T***A https://***nH', 'Event: 10 Days of Prayer Theme: I Will Go Through Prayers When : 5th - 15th January, 2022 Time: 5:00pm -7:00pm Nairobi Speaker:Pastor James Ouma #10DaysofPrayer #IWillGo #January #Thanksgiving #newyear #Sermons#Adventistsermon #2022 #Evangelism https://***8c', 'بعنوان کسیکه طعم تلخ محرومیت از آغوش پدر و مادر توسط نظام اسلامی را چشیدهام و در همدردی با تمامی آنها که جاعش جان عزیزانشان را گرفت، #من_هم_شمعی_روشن_خواهم_کرد؛ شمعی که در سوگ ایران اشغال شده روشن شد و هیچگاه خاموش نگردید. شمعی به یاد چشمهای معصوم ریرا... #IWillLightACandleToo https://***pz', '-']",-,content_B,post
t2457,u1280,2022-02-08 02:34:34+00:00,MeToo,e***w,-,"['Meticulous reporting by @F***T team led by the brilliant @E***n Women spoke up, men cried conspiracy: inside Axel Springer’s #MeToo moment https://***Ag', 'Yet *another* disappointing football icon. #MeToo was essential to give voice to all kinds of inappropriate and abusive behaviours by those in positions of power. It needs to be the norm that *any* kind of power should foster responsibility and care, not plans for exploitation. https://***EZ', 'The #VictimsRightsToolkit has a list of every #Ohio and #federal right for #crimevictims . Learn about your rights at every stage of the criminal justice process from investigation to post-conviction. #IHaveRightsToo #OCVJC https://***FN', '-']",tweet_B,-,retweet
t0156,u2359,2018-11-03 22:49:16+00:00,MeToo,N***P,"“You are not just the future, you are the present. Vote for what you believe in.” - @c***n. Young people, rise up! Vote November 6th. Our lives depend on it. #NAACP #Turnout18 #IWillVote https://***Qu","['Hard to communicate the size of the crowd at the #googlewalkout https://***R0', '“You are not just the future, you are the present. Vote for what you believe in.” - @c***n. Young people, rise up! Vote November 6th. Our lives depend on it. #NAACP #Turnout18 #IWillVote https://***Qu', 'There are ways to truly change things when they are not right and #GoogleWalkout shows the path. Proud of our colleagues at Google who are demanding a better future for the tech industry- everyone deserves a safe, fair and dignified workplace. https://***oU', '-']",-,content_B,post
t2119,u2430,2022-01-10 13:46:56+00:00,MeToo,d***r,#SMSociety via NodeXL https://***qj @s***f @s***o @e***1 @a***o @j***n @t***0 @j***l @h***7 @p***i @r***c Top hashtags: #smsociety #cfp #featuredpanel #socialmedia #metoo #newpaper #socmed /,"['#PS752 #IWillLightACandleToo #من_هم_شمعی_روشن_خواهم_کرد https://***d1', 'https://***H6 #freedom #Ronaldreagan #downwithtyranny #wethepeople #patriotic #iwillnotcomply #americanflag #madeinamerica #forefathers #betsyross #nofascism #donaldtrump #georgewashinton https://***HV', '#SMSociety via NodeXL https://***qj @s***f @s***o @e***1 @a***o @j***n @t***0 @j***l @h***7 @p***i @r***c Top hashtags: #smsociety #cfp #featuredpanel #socialmedia #metoo #newpaper #socmed /', '-']",-,content_C,post
t3071,u3190,2022-02-18 18:54:50+00:00,MeToo,R***r,"This is a message boys need to hear as well, &amp; that's why we wrote, ""What is a Little Boy Worth?""However, perhaps the most surprising response to this book has been from grown men. Men &amp; boys often suffer in shame and silence &amp; feel that movements like #metoo are not for them.","['This is a message boys need to hear as well, &amp; that\'s why we wrote, ""What is a Little Boy Worth?""However, perhaps the most surprising response to this book has been from grown men. Men &amp; boys often suffer in shame and silence &amp; feel that movements like #metoo are not for them.', 'https://***yK RT-11 #Metooindia #FeminismIsCancer #Feminism #Patriarchy #GenderBiasedLaws #stopfeminism #feminist #fakefeminism #MensLivesMatter #SaveOurSons #InternationalMensDay #toxicfeminism #genderbiased #women #metoo #rape #womenempowerment #WomensRights #female', 'https://***Yi RT-11 #Metooindia #FeminismIsCancer #Feminism #Patriarchy #GenderBiasedLaws #stopfeminism #feminist #fakefeminism #MensLivesMatter #SaveOurSons #InternationalMensDay #toxicfeminism #genderbiased #women #metoo #rape #womenempowerment #WomensRights #female', '-']",tweet_A,content_A,reply
t2942,u1859,2022-02-17 03:07:21+00:00,MeToo,K***s,"""#MeToo (Some Thoughts About Sexual Boundaries)"" A long over due discussion of sex, sexuality, and sexual boundaries. #boundaries https://***6W https://***K5","['12 30 AM IST #MeToo #China @L***g https://***mE', '#manchester #dublin #UK #Ireland #Barclays #AIB #Infosys #SpeakUp #justice #Equality #motivationalquotes #tabishshaikh #authorssupportingauthors #authorscommunity #wisdomquotes #writerscommunity #IHaveAVoice #youmakesense', '""#MeToo (Some Thoughts About Sexual Boundaries)"" A long over due discussion of sex, sexuality, and sexual boundaries. #boundaries https://***6W https://***K5', '-']",-,content_C,post
t3571,u0836,2022-02-27 15:55:21+00:00,MeToo,M***e,OH at breakfast: Flatboat is the best coffee creamer #IHaveConvertedHim,"['#MeToo in China: The Dynamic of Digital Activism against Sexual Assault and Harassment in Higher Education | Signs: Journal of Women in Culture and Society: Vol 47, No 3 https://***Cp', '#F1 #FIA #skyF1 #espn #BBCSport #cnni #eu @a***1 #redbullracing #ROLEX #HP #Honda #TAGHeuer #Siemens #metoo #Oracle #pumamotorsport #istandwithlewis #netflix #whiteprivilege #whitewashing @w***l #ReleaseTheFIAreport #VoidLap58 #misogyny #warwickOUT https://***rT', 'OH at breakfast: Flatboat is the best coffee creamer #IHaveConvertedHim', '-']",-,content_C,post
t2589,u1298,2022-02-10 16:40:50+00:00,MeToo,j***n,"""The U.S. Senate delivered a major legislative victory for the #MeToo movement, clearing a House-passed bill to guarantee that victims of workplace sexual harassment or assault are free to pursue lawsuits in court."" https://***A8 @P***s https://***So","['""The U.S. Senate delivered a major legislative victory for the #MeToo movement, clearing a House-passed bill to guarantee that victims of workplace sexual harassment or assault are free to pursue lawsuits in court."" https://***A8 @P***s https://***So', 'Why Congress is moving against sexual harassment, 4 years after #MeToo - POLITICO https://***Nz via @G***s', '@6***s #IBelieveTaraReade #sasurvivor', '-']",-,content_A,post
t2468,u0849,2022-02-08 10:15:38+00:00,MeToo,u***e,-,"['@B***n will you help free Nazanin Zaghari-Ratcliffe or you just singing Gloria Gaynor songs and partying? What about her survival?#FreeNazanin #IWillSurvive', '@K***b @t***n there was a “shitty profs*” spreadsheet at the peak of #metoostem (derivative of the original from Hollywood), not sure what happened with it though.. *mostly all men IIRC', '#MeToo, by the way, never went far enough, despite opeds in ever major paper wondering if it had.', '-']",tweet_B,-,retweet
t3003,u1529,2022-02-17 18:56:10+00:00,MeToo,S***e,-,"['https://***AW RT-11 #Metooindia #FeminismIsCancer #Feminism #Patriarchy #GenderBiasedLaws #stopfeminism #feminist #fakefeminism #MensLivesMatter #SaveOurSons #InternationalMensDay #toxicfeminism #genderbiased #women #metoo #rape #womenempowerment #WomensRights #female', ""0600: PORI's latest study shows CE #CarrieLam is at her lowest as 1/3 of HKERs gave her ZERO; #Freedom to exit/entry to #HongKong is below 6 points it’s the lowest since 1997 handover. #217HK #國安法 https://***HF #NationalSecurity"", '#MeToo #Withyou わたしたちは、「ここ」にいる! わたしたちはもう黙らない。泣き寝入りを強いられない社会へ。声をあげた人が孤立することのない社会へ🌸🌻🌷#フラワーデモ https://***2x', '-']",tweet_B,-,retweet
t2497,u1116,2022-02-08 20:56:21+00:00,MeToo,r***h,Congratulations to @G***n for crusading to end #sexualharassment hidden by forced arbitration. Her #MeToo story was hidden behind her abuser’s ability to force secrecy. She purposed herself to stop that shit. https://***bb via @1***s,"['An incredibly disturbing article. Awful behaviour by Axel Springer, Freshfields and KKR if correct. Women spoke up, men cried conspiracy: inside Axel Springer’s #MeToo moment - https://***R1 via @F***T', ""It's a #MeToo scandal if you're a professor who sexually harasses a student. It isn't a #MeToo scandal if you're a professor married to a former student. Yet, @M***a is making a list of non-harassers who violate their diktats on permissible and impermissible love. https://***Jk"", 'Congratulations to @G***n for crusading to end #sexualharassment hidden by forced arbitration. Her #MeToo story was hidden behind her abuser’s ability to force secrecy. She purposed herself to stop that shit. https://***bb via @1***s', '-']",-,content_C,post
t3052,u2076,2022-02-18 13:41:39+00:00,MeToo,F***W,Anita Hill on Uber whistleblower Susan Fowler: She set the stage for #MeToo https://***MP,"['https://***fL #NoMore #MeToo #metoogr #salonikaplus #sasmos #agriesmelisses #radioarvyla #MasterChefGR #superkaterina #eleni #TheChaseGR #survivorgr #olagood #The2NightShow #shoppingstar #gitiselias #Θεσσαλονίκη #metoogreece #AgiosPaisios #ΕΛΛΑΔΑ #kalytera', '""There were a lot of times when you are on set and you might get touched in a weird place and you think \'oh God\'."" Ahead of appearing on @s***a, I sat down with #northernbeaches local @M***z to talk TV, singing, motherhood and #MeToo. https://***yM', 'Anita Hill on Uber whistleblower Susan Fowler: She set the stage for #MeToo https://***MP', '-']",-,content_C,post
t2575,u0502,2022-02-10 13:06:27+00:00,MeToo,P***l,Separating the art from its artist: Film reviews in the era of #MeToo https://***RT,"['This ... #IBelieveTaraReade', 'Why #Congress is #MovingAverages against #sexual #harassment, 4 years after #MeToo It helped that #Democrats have full control of #Washington. And that #GOP #concerns got #heard. Now #lawmakers are nearing an #unexpected bipartisan win. https://***GF', 'Separating the art from its artist: Film reviews in the era of #MeToo https://***RT', '-']",-,content_C,post
t3212,u3274,2022-02-20 17:25:13+00:00,MeToo,F***S,"#WeNeedToTalkAboutCosby, meanwhile … A young woman claims she was a temporary ABC employee when Chris Cuomo badgered her for sex, after she declined, he sexually assaulted her anyway. #FirstThem👉🏾#MeToo #WeAsOurselves🤐 #SilenceIsViolence🤬 #H1news🗞 🔗https://***gT https://***R0","[""2- It is reported that a defamation case was actually moved by the Basateen Prosecution on January 12 and then referred to the trial on January 25, meaning within 13 days. Where rape and sexual harassment victims' cases are piling up, or even rejected. #MeToo"", 'Der #Machtmissbrauch der Justiz und der Institutionen muss ein Ende finden. #metoo war erst der Anfang. Bitte helfen Sie mir dabei. Wie macht man jemanden #mundtod? Twitter #promoted Tweeds deaktiviert! #David_gegen_Golliath https://***Ch', '#WeNeedToTalkAboutCosby, meanwhile ... A young woman claims she was a temporary ABC employee when Chris Cuomo badgered her for sex, after she declined, he sexually assaulted her anyway. #FirstThem👉🏾#MeToo #WeAsOurselves🤐 #SilenceIsViolence🤬 #H1news🗞 🔗https://***gT https://***R0', '-']",-,content_C,post
t2749,u0942,2022-02-14 14:51:29+00:00,MeToo,D***e,"• ⁦@M***l⁩ Whoever you love, Magis wishes you an unforgettable #ValentinesDay!💕 #magis #magismetoo #magiskids #metoo #magisproduct #madeinitaly #design #designforkids #designlovers #happybird #EeroAarnio #dodo #OivaToikka https://***ha","[""#CorpMedia #Idiocracy #Oligarchs #MegaBanks vs #Union #Occupy #NoDAPL #BLM #SDF #DACA #MeToo #Humanity #DemExit #FeelTheBern Quebec nurses' union files complaint with UN agency due to 'forced labour' https://***8Y After trying virtually everything to end being ... https://***r8"", '• \u2066@M***l\u2069 Whoever you love, Magis wishes you an unforgettable #ValentinesDay!💕 #magis #magismetoo #magiskids #metoo #magisproduct #madeinitaly #design #designforkids #designlovers #happybird #EeroAarnio #dodo #OivaToikka https://***ha', '🔥🔥🔥🔥🔥🔥🔥🔥 I remember this 20/20 ep making me want to BURN IT DOWN. This is a TRUE FKN STORY &amp; HANDS DOWN my favorite episode of #TCO EVER! Bravo Gillian &amp; Patrick omg! #BelieveSurvivors Also-go to ER for SA rape kit! No 👮♂️needed Must listen: 👇👇 https://***Op https://***HD', '-']",-,content_B,post
t2084,u1372,2022-01-05 06:12:41+00:00,MeToo,n***b,-,"['Happy New &amp; healthy Year 2022 to all our followers! @M***P is determined to fight for a safe work environment &amp; for the full implementation of the resolution, which was adopted last December. TIME IS UP - get ready for 2022!✊ #MeToo #zeroharassmentEP♀️ #MeTooEP https://***1g', ""Strength comes from being so weak when you have been beaten, bent, battered, bruised and broken. It's like putting glass back together. Delicate, sharp and your reflection shows u r rising above the injustices done 2 you #MeToo more 2 save my son's #JusticeForZion #JusticeForZen https://***Gd"", 'And the families have asked for #IWillLightACandleToo to be used to commemorate their loved ones. https://***y6', '-']",tweet_C,-,retweet
t2284,u1518,2022-01-30 09:28:33+00:00,MeToo,j***l,"Some of these women believe they are allies, and haven't had the same level of reflection they asked male colleagues to give during the #MeToo era. They don't see how much time they spend telling ppl like me how to act more like them (impossible, ridiculous).","[""When people say, I don't have room for more books. Umm, hello, what is all this empty space here?? . . . . . . . #bookbuyer #bookaholic #bookaddict #bookbuyersanonymous #bookish #bookishpost #bookishproblems #shelfies #bookspace #ihaveroom #thrillerbook... https://***QY https://***xA"", ""Some of these women believe they are allies, and haven't had the same level of reflection they asked male colleagues to give during the #MeToo era. They don't see how much time they spend telling ppl like me how to act more like them (impossible, ridiculous)."", 'I’ve been dealing with requests to support (struggling to get heard) #MeToo movements in U.K. sport, entertainment, the NHS, politics &amp; elsewhere Perhaps we got complacent Victims everywhere need light shone on their experiences &amp; their abusers I will always stand with them You?', '-']",tweet_A,content_B,reply
t3898,u2656,2022-03-06 11:54:11+00:00,MeToo,d***n,"It is largely in English. We have discussed the #MeToo movement, whether all women should go to the police, reactions from society etc","['#IWillBeThere. Come, join! https://***Rn', 'It is largely in English. We have discussed the #MeToo movement, whether all women should go to the police, reactions from society etc', '#AfricanAmerican women use #poetry, #dance, and #animation to explore #selfempowerment and accountability. https://***iU #BLM #MeToo #SexualHarrassment @b***e @C***9 https://***qq', '-']",tweet_C,content_B,reply
t2718,u2077,2022-02-14 03:00:13+00:00,MeToo,L***l,"Free booklet: ""Feminism as Fascism"" (a critique of the #MeToo campaign - #Feminism, #Fascism, #RadicalFeminism, #SCUMmanifesto, #SCUM, #Postmodernism, #ValerieSolanas, #Heterophobia, #SexualHarassment, #NotMe): https://***G2 https://***Jb","['Free booklet: ""Feminism as Fascism"" (a critique of the #MeToo campaign - #Feminism, #Fascism, #RadicalFeminism, #SCUMmanifesto, #SCUM, #Postmodernism, #ValerieSolanas, #Heterophobia, #SexualHarassment, #NotMe): https://***G2 https://***Jb', 'https://***xt RT-11 #Metooindia #FeminismIsCancer #Feminism #Patriarchy #GenderBiasedLaws #stopfeminism #feminist #fakefeminism #MensLivesMatter #SaveOurSons #InternationalMensDay #toxicfeminism #genderbiased #women #metoo #rape #womenempowerment #WomensRights #female', 'Sexisme à l’@U***e : le climatologue Jean-Pascal van Ypersele dénonce des abus de collègues et l’omerta de l’université #UCLouvain #MeTooUCLouvain #MeTooAcademia https://***MJ', '-']",-,content_A,post
t2953,u1849,2022-02-17 05:11:22+00:00,MeToo,r***1,#CorpMedia #Idiocracy #Oligarchs #MegaBanks vs #Union #Occupy #NoDAPL #BLM #SDF #DACA #MeToo #Humanity #DemExit #FeelTheBern 'Caliphate' wiped out as last IS bastion falls [UPDATES] https://***U7 Kurdish-led forces pronounced the death of the Islamic State ... https://***vV,"[""#CorpMedia #Idiocracy #Oligarchs #MegaBanks vs #Union #Occupy #NoDAPL #BLM #SDF #DACA #MeToo #Humanity #DemExit #FeelTheBern 'Caliphate' wiped out as last IS bastion falls [UPDATES] https://***U7 Kurdish-led forces pronounced the death of the Islamic State ... https://***vV"", 'https://***aX RT-11 #Metooindia #FeminismIsCancer #Feminism #Patriarchy #GenderBiasedLaws #stopfeminism #feminist #fakefeminism #MensLivesMatter #SaveOurSons #InternationalMensDay #toxicfeminism #genderbiased #women #metoo #rape #womenempowerment #WomensRights #female', 'À moi les bas-fonds du crime. #Train #Paris #IWillSurvive Grouïc 🐗 https://***Gg', '-']",-,content_A,post
t3764,u2381,2022-03-03 07:56:18+00:00,MeToo,M***d,"Happy #WorldBookDay! 📖 The world is a brighter place today thanks to #IWillAlwaysBeMe, the wonderful e-book that has revolutionised the process of voice banking and improved the quality of life for people living with #MND forever. Find out more 👇 https://***xT https://***Th","['Happy #WorldBookDay! 📖 The world is a brighter place today thanks to #IWillAlwaysBeMe, the wonderful e-book that has revolutionised the process of voice banking and improved the quality of life for people living with #MND forever. Find out more 👇 https://***xT https://***Th', 'Fort Drum solider, Ethan Daubenspeck, 19, arrested for allegedly having sexual contact with an 13 y-o female in the City of Rome. Yes, #WeNeedToTalkAboutCosby🗣, but #FirstThem👉🏾 #MeToo #WeAsOurselves🤐 #SilenceIsViolence🤬 #H1news🗞 ✏️: FTNstaff 🔗: https://***Bh https://***a0', 'Forced arbitration clauses are the still-silenced part of the #MeToo movement, denying survivors their day in court and shielding abusers in the shadows. Today, when @P***S Biden signs @R***i’s Ending Forced Arbitration Act, we will make sure survivors’ voices can be heard. https://***hL', '-']",-,content_A,post
t3393,u0223,2022-02-23 16:42:24+00:00,MeToo,C***e,I have been a racing fan for 20 years (not just F1) and find it appalling in 2022 that the @r***g team principle says more girls are watching F1 cuz drivers are good looking?? Seriously? When will @F***1 learn that women are not objects nor decoration #MeToo #sexism,"['Your eyes make a circle. I see you when I go in there. Your eyes, your eyes, your eyes, your eyes. #IWillFollow #U2', '#WHYNOTTILAWATMERIJAAN Join The Trend - Surah Baqarah Ch: 2, Verses: 285-286 SUBSCRIBE{https://***n} #whynotmerijan #iwillnotdance #WhyNotDanceMeriJaan #WhyNot #PepsiHalftime #PepsiMicDrop #Pepsi #pepsihalftimeshow #youthclub #Alhamdulillah @a***m @y***k https://***E2', 'I have been a racing fan for 20 years (not just F1) and find it appalling in 2022 that the @r***g team principle says more girls are watching F1 cuz drivers are good looking?? Seriously? When will @F***1 learn that women are not objects nor decoration #MeToo #sexism', '-']",-,content_C,post
t3622,u0013,2022-02-28 16:35:41+00:00,MeToo,U***t,"Hearing by @C***v tomorrow ➡️ ➡️ ➡️ The Future of Women in China: #MeToo, Censorship, and Gender Inequality Witnesses: @L***g, @A***a, @m***r, Tursunay Ziyawudun Info here: https://***KS https://***Il","['Hearing by @C***v tomorrow ➡️ ➡️ ➡️ The Future of Women in China: #MeToo, Censorship, and Gender Inequality Witnesses: @L***g, @A***a, @m***r, Tursunay Ziyawudun Info here: https://***KS https://***Il', ""Poll: 62 percent of voters say Putin wouldn't have invaded Ukraine if Trump were president https://***vi https://***Zn"", 'Remy Ma Presents #Chrome23 2.27.22 Female rap will never be the same! #TimesUp @R***a https://***VQ', '-']",-,content_A,post
t2635,u3174,2022-02-11 12:15:02+00:00,MeToo,u***s,"Universities in Belgium, including #UGent #KULEuven and #VUB grapple with sexual harassment claims https://***ew #metoo #sexualharassment #EuropeEd","['Reading this lawsuit makes me think back on my own experience as a grad student in anthropology at @V***U. The parallels are striking. The university there has also protected and continues to protect professors who have harassed students. #MeTooPhD https://***VR', 'Universities in Belgium, including #UGent #KULEuven and #VUB grapple with sexual harassment claims https://***ew #metoo #sexualharassment #EuropeEd', 'Harvard students sue, claiming school ignored professor’s sexual harassment: Students say John Comaroff ‘kissed and groped students without their consent’ and threatened their careers if they reported him #MeToo #highered By Maya Yang and agency @g***n https://***1z', '-']",-,content_B,post
t3359,u0424,2022-02-23 00:46:54+00:00,MeToo,S***t,🔥 On The March: A Novel Of The Women’s March On Washington by Trudy Krisher If you're familiar with the power of #metoo and https://***Pp #iartg #writingcommunity #writerslife,"['So amazing! Thanks for flagging me @m***y! And thanks again to all of you Cosby survivors - and @g***d - for participating! #saam #metoo #timesup #podcasts #truecrimepodcasts @A***w @c***f @l***s https://***8e', 'Female police officer smuggles cocaine in her vagina! #MRA #MGTOW #Feminism #redpill #mensrights #singlemother #metoo #timesup #killallmen #female #Misandry #thefutureisfemale #independantwoman #MenAreGrossBecause #careerwoman #police #toxicmasculinity #drugtraffic #Jamaica https://***rW', ""🔥 On The March: A Novel Of The Women’s March On Washington by Trudy Krisher If you're familiar with the power of #metoo and https://***Pp #iartg #writingcommunity #writerslife"", '-']",-,content_C,post
t3077,u1070,2022-02-18 21:26:04+00:00,MeToo,N***W,"If we want to see real change, we need accountability. We deserve it and we demand it. #MeToo https://***rz","['If we want to see real change, we need accountability. We deserve it and we demand it. #MeToo https://***rz', 'A year ago, a Delhi court passed judgement on a #MeToo case. @m***o tells the story of the wounds it opened, the women who fought it - and its flicker of hope for the future of Indian justice. “Your Honour” is out today. https://***T8', 'Merci à @F***i pour son courage. Puisse sa plainte donner le courage nécessaire à toutes les femmes qui ont été victimes de harcèlement, d’agression ou de viol de porter plainte, aussi douloureux que ce soit #MeToo https://***NL', '-']",-,content_A,post
t1955,u1139,2021-11-22 22:00:50+00:00,MeToo,t***t,Steve talks about how Workhuman’s work with recognition can make a difference in levels of happiness for people of color. #Race #Racism #CiritalRaceTheory #Metoo #Diversity #Inclusion https://***Ir,"['Steve talks about how Workhuman’s work with recognition can make a difference in levels of happiness for people of color. #Race #Racism #CiritalRaceTheory #Metoo #Diversity #Inclusion https://***Ir', 'When tennis star Peng Shuai launched her explosive #MeToo accusation, China responded in typical fashion -- muffling her with blanket censorship. Beijing is facing a storm of its own making. @E***t @O***N Analysis @s***e @N***n https://***Ry https://***Ng', 'Dans la marche #NousToutes #MeToo https://***o7', '-']",-,content_A,post
t2463,u1145,2022-02-08 07:41:56+00:00,MeToo,b***h,-,"['@B***v Es ist eine beliebte Strategie von Rechten und Konservativen, Antidiskriminierung u.ä. als ""Moral"" umzuframen, siehe auch Begriffe wie ""Tugendfuror"" im Rahmen der #MeToo-Debatte.', 'Register and participate online in our international conference ""Together for a Child Safe Environment"" #keepingChildrenSafe #sports #safefromabuse #metoogreece https://***VT', 'This silence needs to be broken #metoo https://***Id', '-']",tweet_C,-,retweet
t2832,u1554,2022-02-15 15:52:48+00:00,MeToo,R***g,Another #survivor told me her perpetrator is now a tenured professor and the statute of limitations has long-expired. He started abusing her when she was 15. #MeToo (3/),"['https://***Ng RT-11 #Metooindia #FeminismIsCancer #Feminism #Patriarchy #GenderBiasedLaws #stopfeminism #feminist #fakefeminism #MensLivesMatter #SaveOurSons #InternationalMensDay #toxicfeminism #genderbiased #women #metoo #rape #womenempowerment #WomensRights #female', 'Another #survivor told me her perpetrator is now a tenured professor and the statute of limitations has long-expired. He started abusing her when she was 15. #MeToo (3/)', ""@T***a @S***C @O***s @s***3 Let's all remember who started these covid conversations while we're at it. #IwillNotWatch #NoBeijing2022 #BoycottBeijingOlympics #BoycottBeijing2022 #CCPLiedPeopleDied #CCPVirus #FreeUyghurs #FreeTibet #Xinjiang #ccp_is_terrorist #BoycottMadeInChina"", '-']",tweet_A,content_B,reply
t3241,u0795,2022-02-21 07:16:12+00:00,MeToo,r***t,-,"['#mentoo #ABLANARI #niruparoy #fakecases #womenempowerment #legalterrorism #legalextortion #498A #dowrylawmisuse #Feminism #toxicfeminism #feminazi #metooindia #fraudwatch #blackmail #genderequality #GenderBiasedLaws #crimebywomen #CrimeHasNoGender #golddigger @h***w @M***D https://***U8', ""#CorpMedia #Idiocracy #Oligarchs #MegaBanks vs #Union #Occupy #NoDAPL #BLM #SDF #DACA #MeToo #Humanity #DemExit #FeelTheBern America's political establishment isn't in the least troubled by voters' semi-literate paranoia; they're banking on it... https://***51 https://***7s"", '🌕💞🌹✨💞💚💞✨💛💕.#WSLM 💞✨🌿📺🍃🎴💞🌿#LOVE🌹🌿💞✨🎶❤🙏🌹💃🌿💚#EveryDayPeople2022💙🌿🏃🌹✌❤🎶✨🍃...❤💰#MoneyMatters...✌...✨🍃💰✨💞🌿💛🌿💞✨💕💸...🌹💞🎶💛📻 #IHaveSpoken🎴💜🎶💞...#B4✨💞💙🎓😊💚🎩💞✨📺✨👀🎶🌿✨💸https://***pm', '-']",tweet_B,-,retweet
t1618,u2895,2021-01-27 20:54:35+00:00,MeToo,M***4,"@R***a, igual vosotros también podéis ayudarme: ¿""#MeToo"" o ""MeToo""? #dudaRAE","['After the hashtags #MeTooInceste and #MeTooGay started trending, @E***n promised stricter laws to combat sexual violence against minors. But some say what France really needs is a reckoning. Thank you to @G***e @A***3. https://***Tm', '@l***9 @D***r By “sexual revolution” I think he means #metoo. He can’t harass women anymore because it’s taken more seriously and he’s sad.', '@R***a, igual vosotros también podéis ayudarme: ¿""#MeToo"" o ""MeToo""? #dudaRAE', '-']",tweet_A,content_C,reply
t2451,u0865,2022-02-08 00:34:15+00:00,MeToo,J***H,-,"['I’m going to experiment with praying for people I disagree with instead of arguing with them on here. I’m going to pray they open their hearts to see other people with love. I’m praying that for myself too.', '#pengshuai just said ""sport must not be politicised because, when it is,... it goes against the will of the world of sport and of the athletes.” -Isn\'t it strange a person in forced (dis)appearance echos the CCP propaganda? #Beijing2022 #metoo #WhereIsPengShuai #GenocideOlympics', ""During #BlackHistoryMonth, we'll highlight 'Joy Pioneers'—ancestors or leaders who chart a new path forward to live in joy. While our Joy Pioneers may not have identified as survivors, their work and commitment to Black communities make our collective liberation possible. #MeToo https://***s3"", '-']",tweet_B,-,retweet
t3749,u0117,2022-03-03 02:16:06+00:00,MeToo,s***r,WTF! Justice for Nicole Chan! You can't replace the ones you lose. Maybe treat your human resources with dignity and respect. #MeToo #AmINext VPD recruitment video pulled after being compared to Call of Duty | Vancouver Sun https://***aL,"[""WTF! Justice for Nicole Chan! You can't replace the ones you lose. Maybe treat your human resources with dignity and respect. #MeToo #AmINext VPD recruitment video pulled after being compared to Call of Duty | Vancouver Sun https://***aL"", 'https://***vK RT-11 #Metooindia #FeminismIsCancer #Feminism #Patriarchy #GenderBiasedLaws #stopfeminism #feminist #fakefeminism #MensLivesMatter #SaveOurSons #InternationalMensDay #toxicfeminism #genderbiased #women #metoo #rape #womenempowerment #WomensRights #female', '@a***r hey can we be friends? I have some questions about the ego stuff you released back in your Boston crowdfunding days. I am still too kind of #metoo paralyzed to make anything of my clout. 💞🙏🏻🍀✌🏼 I want to use my voice again.', '-']",-,content_A,post
t3217,u1104,2022-02-20 19:52:07+00:00,MeToo,b***e,"Hoofdredacteuren Volkskrant, AD en Trouw wisten maar zwegen over #MeToo-affaire uitgever https://***n5","['@B***f @k***0 @S***n Esta buenismos #ugh #cuerpos #lindos #Spain #Espana #spaniards #accento #meencanta #colombiano #Colombianos #ameriano #americancolombian #colombianamerican #latengogrande #iHAVEaBIGONE #ghinLASVEGAS #ghDANNY9 https://***q5', 'Hoofdredacteuren Volkskrant, AD en Trouw wisten maar zwegen over #MeToo-affaire uitgever https://***n5', '""This is just another press release listing just another bunch of platitudes,” said @g***w a senior staff attorney at the ACLU Women’s Rights Project who represents some of the women suing McDonald\'s over sexual harassment. #metoo, @M***s https://***Fc', '-']",-,content_B,post
t3697,u3274,2022-03-02 09:53:46+00:00,MeToo,F***S,"Yes, #WeNeedToTalkAboutCosby🗣, but #FirstThem👉🏾 Nathan Raymond Bortz, 34, got drunk, crawled into a 6-year-old girl’s bed. He is charged with sexual assault and child rape. #MeToo #WeAsOurselves🤐 #SilenceIsViolence🤬 #H1news🗞 🔗: https://***uQ https://***u0","['Yes, #WeNeedToTalkAboutCosby🗣, but #FirstThem👉🏾 Nathan Raymond Bortz, 34, got drunk, crawled into a 6-year-old girl’s bed. He is charged with sexual assault and child rape. #MeToo #WeAsOurselves🤐 #SilenceIsViolence🤬 #H1news🗞 🔗: https://***uQ https://***u0', '‘De oplossing voor #MeToo-kwesties? Die ligt niet in méér daders straffen, maar in anders gaan denken’ https://***vo', 'December 19 2018 - one day after the Oped was release - She’s smiling during the taping on the James Corden show / Mr. Depp statement Nov 6 2020. #JusticeForJohnnyDepp #hoax #BoycottFantasticBeasts3 #boycottaquaman2 #metoo #media #journalism #Entertainment #AmberHeardIsALiar 😔 https://***R1', '-']",-,content_A,post
t2725,u1849,2022-02-14 05:06:38+00:00,MeToo,r***1,#CorpMedia #Idiocracy #Oligarchs #MegaBanks vs #Union #Occupy #NoDAPL #BLM #SDF #DACA #MeToo #Humanity #DemExit #FeelTheBern America's political establishment isn't in the least troubled by voters' semi-literate paranoia; they're banking on it... https://***51 https://***4s,"['https://***hq RT-11 #Metooindia #FeminismIsCancer #Feminism #Patriarchy #GenderBiasedLaws #stopfeminism #feminist #fakefeminism #MensLivesMatter #SaveOurSons #InternationalMensDay #toxicfeminism #genderbiased #women #metoo #rape #womenempowerment #WomensRights #female', '2015 in Rio - She didn’t seem to be in fear for her life - @L***v @s***1 @r***2 @S***w #JusticeForJohnnyDepp #video #metoo #DomesticViolence #charity #johnnydepp #hollywoodvampires #truth #like #AmberHeard #Throwback #celebrity #neverfeartruth https://***DD', ""#CorpMedia #Idiocracy #Oligarchs #MegaBanks vs #Union #Occupy #NoDAPL #BLM #SDF #DACA #MeToo #Humanity #DemExit #FeelTheBern America's political establishment isn't in the least troubled by voters' semi-literate paranoia; they're banking on it... https://***51 https://***4s"", '-']",-,content_C,post
t2966,u0574,2022-02-17 10:31:53+00:00,MeToo,W***n,"@l***s 1 glaring blind spot of his is not seeming to realize how his good ole boy self-portrayal in his autobiography, A Life In Parts, would've found an actress cancelled for arrogant sluttiness &amp; wanton disregard, while he wallows in wealthy male privilege &amp; double standards. #TimesUp https://***r0","['Wow Pakistani feminists are so powerful and minting money on the side, first through Metoo movement and now through running campaign against Zahir Jaffer 😂 #JusticeForNoor https://***PJ', 'This is a bad conspiracy novel m, except it became my life #MeToo @D***r #IWillNotBeErased #RoomsWithGhosts #bullets #terminations #presidentialTermLimits https://***D1 https://***qM', ""@l***s 1 glaring blind spot of his is not seeming to realize how his good ole boy self-portrayal in his autobiography, A Life In Parts, would've found an actress cancelled for arrogant sluttiness &amp; wanton disregard, while he wallows in wealthy male privilege &amp; double standards. #TimesUp https://***r0"", '-']",tweet_C,content_C,reply
t0002,u0712,2018-06-06 08:58:03+00:00,MeToo,m***r,"Two years ago I was on CNN and @J***n said that while he thought Persky deserved to be recalled, the effort ""would fail"" because we would never be able to sustain voter interest and attention. But nevertheless, we persisted. Perhaps Jeff should invite me back now #metoo, https://***dH","['#RIEurope - “will this be buried or will genuine social change happen”. Our panel on #MeToo and gender diversity in corporates. https://***aP', '@L***o Yes, what so you think about decision? To my mind, somewhat unexpected news, even given new leadership at @M***g and #MeToo etc. Still, I wonder if it matters. No one watches the pageant anymore, partly bc of our fragmented media landscape...', 'Two years ago I was on CNN and @J***n said that while he thought Persky deserved to be recalled, the effort ""would fail"" because we would never be able to sustain voter interest and attention. But nevertheless, we persisted. Perhaps Jeff should invite me back now #metoo, https://***dH', '-']",-,content_C,post
t0161,u1244,2018-11-06 22:57:56+00:00,MeToo,P***s,-,"['When the polls close tomorrow, will you have regrets? Tomorrow is one of the most consequential elections of our lifetimes, #CA21. Make sure you have a plan to vote for @T***s: https://***bs #ElectionDay #IWillVote https://***Zn', ""There's too much at stake to sit out this election, #CA48. Get to the polls (https://***s) and #VOTE for @H***a. #IWillVote https://***Sb"", '@D***e @K***u @P***e Please go vote! ❤️ #metoo', '-']",tweet_B,-,retweet
t0294,u2811,2019-04-30 12:42:39+00:00,MeToo,b***s,AOI WIA 2019 World Illustration Awards Balbusso Twins Shortlisted! https://***2J We are very proud to let you know that our #metoo project has been shortlisted! Our #3 images for 1843 The Economists… https://***iM,"['Hospitals are led by white men in America but don’t look much like America #TIMESUP @c***k https://***66', 'AOI WIA 2019 World Illustration Awards Balbusso Twins Shortlisted! https://***2J We are very proud to let you know that our #metoo project has been shortlisted! Our #3 images for 1843 The Economists... https://***iM', 'To all my senior faculty members friends. I want to share this thread with you. I hope you take this seriously and truly consider the advances it will do to our scientific community. I also hope that just like the #MeToo movement, things will only change if we ALL take stand.', '-']",-,content_B,post
t1939,u2263,2021-11-19 16:22:27+00:00,MeToo,d***d,-,"[""Did you know a cocaine addict's heart can beat for 25 minutes outside their body? #matic #ramos #blackfriday #cavani #putin #wizkid #metoo #austria #mata https://***st"", 'Read the full op-ed on the #TIMESUP reset by interim President and CEO, @M***e @u***n. https://***md', '1/ The Governing Board of Directors of #TIMESUP today announced a major reset of the women’s rights organization. The decision follows the completion of an initial phase in a comprehensive management review by an independent consultant.', '-']",tweet_A,-,retweet
t2236,u1543,2022-01-25 04:09:31+00:00,MeToo,S***D,🟨 Get your #vaccine and #booster to protect yourself from a serious case of #Covid… and to protect those at high-risk from serious complications and possible death. #IHaveAPreexistingCondition #SDG3 #Health What do the high-risk look like? A thread 👇 https://***M5,"[""I'll spare you my face, but I am a 37 yr old civil rights lawyer. I have ulcerative colitis w/inflammatory arthritis. I have to take immunosuppressants. #IHaveAPreexistingCondition and I matter. https://***Sb"", '🟨 Get your #vaccine and #booster to protect yourself from a serious case of #Covid... and to protect those at high-risk from serious complications and possible death. #IHaveAPreexistingCondition #SDG3 #Health What do the high-risk look like? A thread 👇 https://***M5', '@G***e #ihavenotseen majority of nicholas cage movies- srry he just so one note to me. Though i did like him in that movie where he was a mute janitor being hunted by five nights at freddys ripoffs', '-']",-,content_B,post
t2388,u2576,2022-02-04 16:49:53+00:00,MeToo,t***o,"When politics is against humanity, being apolitical is nothing but political. -Teng Biao [I wrote a similar sentence in Chinese 17 years ago.] shame on #IOC and #Bach #IWillNotWatch #Beijing2022 #Genocide #GenocideGames #China #HumanRights #score4rights2022 #UyghurLivesMatter","['When politics is against humanity, being apolitical is nothing but political. -Teng Biao [I wrote a similar sentence in Chinese 17 years ago.] shame on #IOC and #Bach #IWillNotWatch #Beijing2022 #Genocide #GenocideGames #China #HumanRights #score4rights2022 #UyghurLivesMatter', ""Tsewang Dhondup took part in the 2008 Beijing Olympics protest in Tibet. Chinese police shot him in response to a peaceful demonstration. His left arm is permanently damaged. Tsewang continues to protest China's invasion and repression of Tibet. #iwillnotwatch #genocidegames https://***VS"", 'so viel zu #metoo als schlimmste Cancel Culture der Opferchöre tyrannisch-verklemmter Frauen, die den Spaß an der entgrenzten Lust nicht ertragen https://***GC', '-']",-,content_A,post
t2890,u3141,2022-02-16 12:45:20+00:00,MeToo,w***n,"Instead of holding perpetrators accountable, we allow them to tell lies about women being too drunk or keep confirming the idea women entering into a relationship hand over the rights to their bodies to their partners. #wwpen #SmashThePatriarchy #BelieveSurvivors https://***aV","['Instead of holding perpetrators accountable, we allow them to tell lies about women being too drunk or keep confirming the idea women entering into a relationship hand over the rights to their bodies to their partners. #wwpen #SmashThePatriarchy #BelieveSurvivors https://***aV', 'Proven time and again: power &amp; adoration make people stupid. Cases in point: #HarvardLetter #Comaroff. And #JonStewart', 'To achieve success, determine which people stay close, and which ones you’ll spend less time with. #Question #Ihaveaquestion #TrustedMen #TrustedGroup #SupportGroup #Influence #Power #Factor #Community #IronSharpensIronMastermind #ISIMastermind #AaronWalkerandtheVFTTTeam', '-']",tweet_C,content_A,reply
t3002,u0589,2022-02-17 18:37:38+00:00,MeToo,e***y,"First of all, if #ChurchToo has done nothing else I’m so thankful that it has helped to spread the message that this kind of “relationship” is actually grooming but SECOND OF ALL OH MY GOD THIS IS ALSO THE GUY FROM THE 2025 CHRISTIAN COVID PERSECUTION MOVIE OMG https://***Ry","['First of all, if #ChurchToo has done nothing else I’m so thankful that it has helped to spread the message that this kind of “relationship” is actually grooming but SECOND OF ALL OH MY GOD THIS IS ALSO THE GUY FROM THE 2025 CHRISTIAN COVID PERSECUTION MOVIE OMG https://***Ry', 'How much do you know about the habits of the people in your life? #Question #Ihaveaquestion #TrustedMen #TrustedGroup #SupportGroup #Influence #Power #Factor #Community #IronSharpensIronMastermind #ISIMastermind #IronSharpensIron #AaronWalkerandtheVFTTTeam #ViewFromTheTop', 'Your Honour: Priya Ramani spoke up during 2018’s MeToo movement. A Union minister filed a criminal case against her. The consequences were severe—but also offered hope for the future by @m***o https://***Bs', '-']",-,content_A,post
t2637,u3270,2022-02-11 13:29:52+00:00,MeToo,l***s,Happy #INTERNATIONALDAYOFWOMENINSCIENCE 🥳 Why SHOULD we applaud each other for being here? Recent academic #metoo stories reported in Belgian media make it painfully clear there's still work to be done. But's not enough to not be harassed. 🧵 https://***YW,"['Powerful people like to make dumb mouth sounds about serial abusers requiring infinite due process but this is what the process actually looks like for plaintiffs. #harvardletter https://***5X', 'wHy dOn’T mOrE wOmAn rEpOrT sExUaL hArRaSsMeNt? 🤨 #BelieveWomen #Ibelieveher #StopHarrassingWomen #StopRapingWomen #EnoughIsEnough #IStandWithHer ✊ https://***b8', ""Happy #INTERNATIONALDAYOFWOMENINSCIENCE 🥳 Why SHOULD we applaud each other for being here? Recent academic #metoo stories reported in Belgian media make it painfully clear there's still work to be done. But's not enough to not be harassed. 🧵 https://***YW"", '-']",-,content_C,post
t3281,u0940,2022-02-21 19:56:03+00:00,MeToo,m***r,"Six years ago this month, I became a #MeToo reporter with this investigation in ⁦@S***e⁩. Since then I have been sued (twice), lied about, smeared, kicked off FB groups, etc etc. But brave survivors continue to approach me for help. https://***kD","['@R***r #umm. This one is in #paste #memory. #BecauseHeIsATyrant. #Reasons. #Goodhere, as #anywhereelse. #Iblewit #Ithink #she #blocked #MeToo. https://***21', '#IWillSmileTodayBecause of her 😍😍 https://***D2', 'Six years ago this month, I became a #MeToo reporter with this investigation in \u2066@S***e\u2069. Since then I have been sued (twice), lied about, smeared, kicked off FB groups, etc etc. But brave survivors continue to approach me for help. https://***kD', '-']",-,content_C,post
t3012,u1849,2022-02-17 22:29:59+00:00,MeToo,r***1,#CorpMedia #Idiocracy #Oligarchs #MegaBanks vs #Union #Occupy #NoDAPL #BLM #SDF #DACA #MeToo #Humanity #DemExit #FeelTheBern Counter-Protesters Push Back Against Convoy https://***aS Update on the convoy... https://***E8,"['2/ Some might recall the @A***a story about two professors at @U***d, #AndyOrchard and #PeterThompson, serial sex harassers, ""Degrees of Abuse"": https://***p. Read the print story as well as Part 1 of the podcast, which focuses on Orchard and Thompson. #MeToo', '#CorpMedia #Idiocracy #Oligarchs #MegaBanks vs #Union #Occupy #NoDAPL #BLM #SDF #DACA #MeToo #Humanity #DemExit #FeelTheBern Counter-Protesters Push Back Against Convoy https://***aS Update on the convoy... https://***E8', ""I was on 24,000 pounds a year 7 years ago before I got bullied out of work. I won't chase you for 8 pounds a week I'm entitled to. No further comments. Ernest Agbada offline. #Africa #Ihaveadream #World #privatisation #PublicRelations #Politics #Malpractices #publicinterest #NDC https://***8v"", '-']",-,content_B,post
t1994,u3210,2021-12-07 16:00:10+00:00,MeToo,M***A,"🦵 @c***_ returns in 3⃣ days! 🔥 #CageWarriors131: Bonner vs. Melan 📍 York Hall, London 📅 FRI #MTKMMA #MMA #MMANews #ufc #mazaradelvallo #mma #mmafighter #thefutureisnow #ihaveadream #mmaevent #fightweek . . . @u***c @U***s @C***s https://***EB","['Don put it best. We took on the worlds largest employer and have won. We finally won. #MJIIPA #meTooMilitary #NIMMC', 'alright: here’s mine i have some #metoo stuff related to gaslighting by a former supervisor i don’t really want to discuss it (now or possibly ever), but long story short, i survived and, it’s the reason i think we need to start talking and teaching about gaslighting now https://***An', '🦵 @c***_ returns in 3⃣ days! 🔥 #CageWarriors131: Bonner vs. Melan 📍 York Hall, London 📅 FRI #MTKMMA #MMA #MMANews #ufc #mazaradelvallo #mma #mmafighter #thefutureisnow #ihaveadream #mmaevent #fightweek . . . @u***c @U***s @C***s https://***EB', '-']",-,content_C,post
t3499,u2997,2022-02-25 18:49:19+00:00,MeToo,m***h,Le triste destin d’une plainte pour violence sexuelle c’est d’être classé (lire le livre de @m***i #fautedepreuves sur la judiciarisation après #metoo) https://***6C,"['@j***n I’ve admired Paul Farmer for as long as I can remember. I hate that his first instinct was so off with the #Harvardletter, but I’m grateful he had a chance to retract his support of John Comaroff and to address it directly. Thank you @j***n for creating that opportunity. https://***CQ', 'Le triste destin d’une plainte pour violence sexuelle c’est d’être classé (lire le livre de @m***i #fautedepreuves sur la judiciarisation après #metoo) https://***6C', ""@F***P @j***p Wrong. This atty takes many cases pro bono, so try again. As for me, I get satisfaction knowing I stood up for smthg that wasn't right. AH shouldn't get off just bcuz she's a woman using the #MeToo movement, ACLU....and unfortunately Johnny..... to further her career. 🤷🏻♀️"", '-']",-,content_B,post
t1278,u1579,2020-10-17 13:25:47+00:00,MeToo,S***d,"Three years ago I wrote this, when #MeToo was taking over our feeds, before knowing what it was &amp; what it would become. Been through a lot since &amp; re-reading these words hit me harder than when I first wrote them. https://***hF","['Three years ago I wrote this, when #MeToo was taking over our feeds, before knowing what it was &amp; what it would become. Been through a lot since &amp; re-reading these words hit me harder than when I first wrote them. https://***hF', 'Transformative change comes in many forms. It’s been a very heavy time in my life as I’m thankful that I’ve had the space to reflect on all that has transpired. We must all die someday, &amp; my conscience will not allow me to be silent any longer. #MeToo https://***6u', 'DK har efter 3 år ikke brug for flere opråb, men politisk handling. Vi opfordrer @r***K til at ratificere @i***o konvention mod vold og chikane på arbejdsmarkedet - herunder kønsbaseret vold og chikane. #MeToo #RatifyC190 #dkpol #dkmedier', '-']",-,content_A,post
t0084,u2156,2018-09-19 23:37:42+00:00,MeToo,A***0,“You can’t save people if you don’t serve people.” @T***e #MeToo,"['“You can’t save people if you don’t serve people.” @T***e #MeToo', '@G***_ @k***s So says a man....again. #Metoo #FactsMatter', '#BelieveWomen @L***1 https://***dr', '-']",-,content_A,post
t2628,u2987,2022-02-11 05:59:39+00:00,MeToo,T***e,"This is a thread of stories from @T***e that explore issues of #WomenInScience, from diversity and representation to #MeToo in STEM and gender based discrimination. https://***aY","['@r***s @P***l How many points towards tenure for being a ""gentle seducer?"" #harvardletter', 'It’s been almost 5 years since #MeToo, and we still haven’t figured out what to do with abusers https://***mm', 'This is a thread of stories from @T***e that explore issues of #WomenInScience, from diversity and representation to #MeToo in STEM and gender based discrimination. https://***aY', '-']",tweet_B,content_C,reply
t3674,u1388,2022-03-01 22:29:28+00:00,MeToo,j***9,The latest Insane Nation! https://***0x #superbowl #metoo,"['Do you have people around who have permission to ask you really serious questions? #Question #IHaveAQuestion #TrustedMen #TrustedAdvisor #IronSharpensIronMastermind #ISIMastermind #IronSharpensIron #AaronWalkerandtheVFTTTeam #ViewFromTheTop', 'The latest Insane Nation! https://***0x #superbowl #metoo', '@H***o @E***y @E***C @H***o are committed to growing their campaign with the aim of fostering an ethos in football in which women are welcomed and respected equally 👏 Find our more about the #HerGameToo movement here! https://***SZ', '-']",-,content_B,post
t2624,u2908,2022-02-11 01:05:02+00:00,MeToo,m***1,I remembered really one of the best for the #harvard38 Through their own words They will be exposed They've got a severe case of The emperor's new clothes https://***Fu,"['#harvardletter https://***E5', ""Let's all remember who started these covid conversations while we're at it. #IwillNotWatch #NoBeijing2022 #BoycottBeijingOlympics #BoycottBeijing2022 #CCPLiedPeopleDied #CCPVirus #FreeUyghurs #FreeTibet #Xinjiang #ccp_is_terrorist #BoycottMadeInChina https://***cb"", ""I remembered really one of the best for the #harvard38 Through their own words They will be exposed They've got a severe case of The emperor's new clothes https://***Fu"", '-']",tweet_B,content_C,reply
t2765,u0123,2022-02-14 19:11:53+00:00,MeToo,a***6,-,"['2015 in Rio - She didn’t seem to be in fear for her life - @L***v @s***1 @r***2 @S***w #JusticeForJohnnyDepp #video #metoo #DomesticViolence #charity #johnnydepp #hollywoodvampires #truth #like #AmberHeard #Throwback #celebrity #neverfeartruth https://***DD', ""The #MeToo movement in France could play into the battle to unseat Emmanuel Macron in April's presidential election. The French president was elected with strong support from women, but that support has faltered 👇 https://***nA https://***Lx"", 'Getting ready for @R***e 🔪🔪 #auction #leavemyitemsalone #imeanit #iwillcutyou https://***2Y', '-']",tweet_C,-,retweet
t3866,u1409,2022-03-05 07:19:55+00:00,MeToo,F***a,"Several survivors took to social media to share similar experiences of being sexually assaulted and harassed by the tattoo artist Sujeesh PS. As per latest reports by The Hindustan Times, the accused is currently on the run. (3/3) #MeToo","['Several survivors took to social media to share similar experiences of being sexually assaulted and harassed by the tattoo artist Sujeesh PS. As per latest reports by The Hindustan Times, the accused is currently on the run. (3/3) #MeToo', 'Where are the boundaries, the actual boundaries? When do we determine, enough is enough? https://***tb #metoo #youtoo https://***kx', '@T***d @T***a @T***e Fk you &amp; your bullshit jon. You fkn thugs are worst than those sexual predators you protect. You thugs are the biggest risk to the communities. You are the reason women are suffering. Stop destroying victims lives you fkn pimps. Fuck patriarchy #MeToo https://***fn', '-']",tweet_A,content_A,reply
t2970,u0237,2022-02-17 11:06:20+00:00,MeToo,l***3,-,"[""Just listened(x3) to Dr. @L***g //spoke2 #NPR's @h***w @C***e about #PengShuai and China's #MeToo movement @e***6// We🌐strangers ask #FreePengShuai #MeToo in last wk #Beijing2022, can we save 1 life? #NotGivingUp💞 #救人一命勝造七級浮屠 https://***7r"", 'A year ago, a Delhi court passed judgement on a #MeToo case. @m***o tells the story of the wounds it opened, the women who fought it - and its flicker of hope for the future of Indian justice. “Your Honour” is out today. https://***T8', '#metoo https://***RG', '-']",tweet_A,-,retweet
t3926,u3175,2022-03-07 21:01:48+00:00,MeToo,j***l,"En esta sociedad patriarcal, machista las mujeres han sido atacadas, violentadas, violadas y, para intentar probarlo, han debido sufrir una nueva victimización. No se les cree. Por eso nace #Metoo Yo si les creo y, por ello, me parece lamentable el regreso de Andy Polo a la U","['@P***P Don’t worry: they keep asking me, too #MeToo 🤔', ""@e***m @t***r And even #PromisingYoungWoman was written before #MeToo, Emerald Fennell has said. Which isn't to say it didn't get made because of it? But she'd written it by fall 2017."", 'En esta sociedad patriarcal, machista las mujeres han sido atacadas, violentadas, violadas y, para intentar probarlo, han debido sufrir una nueva victimización. No se les cree. Por eso nace #Metoo Yo si les creo y, por ello, me parece lamentable el regreso de Andy Polo a la U', '-']",-,content_C,post
t1829,u0358,2021-09-12 10:11:30+00:00,MeToo,s***u,"Not all accused men are guilty, do fair justice Not all women are innocent treat them as guilty #498A #DV2021 #dvAct #MeToo #menToo #ParentalAlienation #fakeRape #Crime","['#Brady #Antonio #BrownGreg #NFLKickoff #BB23 #IwillNOTComply #VaccineMandate #RonaldJones #MikeMcCarthy #LeylahFernandez #EdSheeran #Collinsworth #BruceArians #DanBailey #Parsons #AndrewYang get 25%off in total wiz #Code TWRMQX8L https://***Kv https://***bf', 'Not all accused men are guilty, do fair justice Not all women are innocent treat them as guilty #498A #DV2021 #dvAct #MeToo #menToo #ParentalAlienation #fakeRape #Crime', '“We didn’t speak out about our abusers only to have women leaders cater to them in order to retain power.” This piercing article by @G***d nails it - and it’s tragic that so many #metoo survivors know the truth of this betrayal. https://***Do', '-']",-,content_B,post
t2313,u1499,2022-02-01 14:21:07+00:00,MeToo,f***e,"Tomorrow @E***y will vote on whether or not to give *priority status* (= faster permits, access to EU cash) to: 3️⃣0️⃣ massive fossil gas projects in Europe We need our elected representatives to vote NO to the 5th #PCIlist &amp; further #climate chaos! #TimesUpForGas https://***XA","['Tomorrow @E***y will vote on whether or not to give *priority status* (= faster permits, access to EU cash) to: 3️⃣0️⃣ massive fossil gas projects in Europe We need our elected representatives to vote NO to the 5th #PCIlist &amp; further #climate chaos! #TimesUpForGas https://***XA', 'They get it. 🥰 #FreedomtoVoteAct #JohnLewisVotingRightsAct #VotingRightsNow #VotingRights #Tomdaya #iwillharness https://***zj', ""I shouldn't have engaged with social media today. I knew that I would be editing sample chapters of my #MeTooPhD Trauma Memoir today and unsurprisingly, my CPTSD was triggered. I knew better and I'm sorry if I lashed out at anyone. Learning and growing, one day at a time."", '-']",-,content_A,post
t3990,u2898,2018-03-15 21:38:02+00:00,MeToo,j***v,"I wrote about my standup comedy hustle for @E***e. It's my first so I'm nerrrvous. 😆😆😆 ""I'm an Asian American Stand-Up Comedian. What If I Could Just Be A Comedian?"" #MeToo #OscarsSoWhite #HappYangry https://***Ao","['Is this because conservative politicians have higher ethical standards and are better behaved? #MeToo via @k***r https://***V5', '#timesupadvertising https://***5T', 'I wrote about my standup comedy hustle for @E***e. It\'s my first so I\'m nerrrvous. 😆😆😆 ""I\'m an Asian American Stand-Up Comedian. What If I Could Just Be A Comedian?"" #MeToo #OscarsSoWhite #HappYangry https://***Ao', '-']",-,content_C,post
t1977,u2485,2021-11-29 16:17:01+00:00,MeToo,C***K,Last week was #iWillWeek21 and we spent time catching up with some of the young people from our Youth Co-operative Action project. We heard from Deborah about the impact that taking part has had on her skills and her hopes for the future &gt; https://***Qe https://***ZA,"['Last week was #iWillWeek21 and we spent time catching up with some of the young people from our Youth Co-operative Action project. We heard from Deborah about the impact that taking part has had on her skills and her hopes for the future &gt; https://***Qe https://***ZA', 'Gracias por el tiempo y por escuchar nuestras recomendaciones, que vienen de la investigación periodística del libro ""Acoso. #MeToo en la ciencia española"". El registro de la reunión, los temas tratados y las propuestas están aquí: https://***pS', 'Justice, médias, société : 4 ans après le déclenchement de #MeToo, la réponse collective a-t-elle été à la hauteur ? On en débat aujourd’hui au festival @l***s à Genève. https://***Ip', '-']",-,content_A,post
t3096,u1849,2022-02-19 04:56:41+00:00,MeToo,r***1,#CorpMedia #Idiocracy #Oligarchs #MegaBanks vs #Union #Occupy #NoDAPL #BLM #SDF #DACA #MeToo #Humanity #DemExit #FeelTheBern WATCH These are the 6 proposed laws that are leading us towards fascism https://***o1 The Tories are pushing laws that could turn the UK ... https://***2P,"['@P***s @C***J @a***n Al Franken is a legit casualty of the #MeToo movement. Justice served. He\'s not welcomed to the table with that background as a legislator. It\'s bad enough #Harvard has #Comaroff in academia and being PROTECTED. Worse a party willing to protect another Cuomo ""bro"".', 'https://***Mi RT-11 #Metooindia #FeminismIsCancer #Feminism #Patriarchy #GenderBiasedLaws #stopfeminism #feminist #fakefeminism #MensLivesMatter #SaveOurSons #InternationalMensDay #toxicfeminism #genderbiased #women #metoo #rape #womenempowerment #WomensRights #female', '#CorpMedia #Idiocracy #Oligarchs #MegaBanks vs #Union #Occupy #NoDAPL #BLM #SDF #DACA #MeToo #Humanity #DemExit #FeelTheBern WATCH These are the 6 proposed laws that are leading us towards fascism https://***o1 The Tories are pushing laws that could turn the UK ... https://***2P', '-']",-,content_C,post
t2439,u3116,2022-02-07 18:37:42+00:00,MeToo,M***T,"Rosa Parks, Civil Rights Activist &amp; Yogi: Joy in justice. Rosa Parks carried joy in justice. Known for being “the mother of the freedom movement,” she fought to create safer communities where Black folks could live radically in joy and not just survive. #BlackHistoryMonth #MeToo https://***LY","['Rosa Parks, Civil Rights Activist &amp; Yogi: Joy in justice. Rosa Parks carried joy in justice. Known for being “the mother of the freedom movement,” she fought to create safer communities where Black folks could live radically in joy and not just survive. #BlackHistoryMonth #MeToo https://***LY', 'https://***AA #freedom #Ronaldreagan #downwithtyranny #wethepeople #patriotic #iwillnotcomply #americanflag #madeinamerica #forefathers #betsyross #nofascism #donaldtrump #georgewashinton #americanpride #madeinUSA #americaningenuity #redwhiteandblue https://***be', 'This silence needs to be broken #metoo https://***Id', '-']",tweet_B,content_A,reply
t0302,u0299,2019-12-14 06:37:59+00:00,MeToo,J***l,#MeToo - It was awkward ... I lost a game of pool for the first time.,"['#Truth #IWillRiseUp https://***po', 'Ugh. Do we need an entirely new awards show? These 3 movies were outstanding. #timesup. https://***cW', '#MeToo - It was awkward ... I lost a game of pool for the first time.', '-']",-,content_C,post
t0154,u3063,2018-11-01 17:53:02+00:00,MeToo,T***s,The world needs a strong Google. We hope that the #GoogleWalkout leads to positive change and continued awareness across the globe when it comes to leadership and positive workplace culture. #ThursdayThoughts,"['The world needs a strong Google. We hope that the #GoogleWalkout leads to positive change and continued awareness across the globe when it comes to leadership and positive workplace culture. #ThursdayThoughts', 'End forced arbitration #googleWalkout. @G***e you can do better https://***M8', '„Weltpuff Berlin“: Braucht es diesen historischen Porno in Zeiten von #MeToo? https://***kw via @w***t', '-']",-,content_A,post
t2541,u2469,2022-02-09 20:23:26+00:00,MeToo,K***h,#D66 is like Rob Jetten. In een dronken bui flirt hij met een jongen en de volgende dag heb je een 'deugend' #MeToo-schandaal aan je kont kleven. https://***i0,"['Half of the professors who signed the first pro-Comaroff letter retract their support. For a hot second there, academia was really looking like a police union that protects its worst. Speaking of which, where are the signatories of letter 2? https://***WA #MeToo https://***Tv', 'I hate living in a world that places no value on life unless you’re a white male! How many #metoo movements are necessary bf women are valued and believed? How many bf and after this movement? when are these predators accountable? When is the spell broken? Never?! I care 💜', ""#D66 is like Rob Jetten. In een dronken bui flirt hij met een jongen en de volgende dag heb je een 'deugend' #MeToo-schandaal aan je kont kleven. https://***i0"", '-']",-,content_C,post
t2944,u1045,2022-02-17 03:23:06+00:00,MeToo,U***i,"@_***s,‘#whiteness’ as part of the explanation cannot be excised because Blacks cosigned. You hinted at a clue to who actually wrote the Chronicle letter.What about the one(s)who actually wrote the Harvard-38 one?Kennedys? https://***pi @a***y #comaroff","[""🇫🇷 On a background of #MeToo, #womensrights and #feminism weigh on the #French #elections. @v***e's attack on Bourdin could seduce Macron's female electorate while @M***l could be the candidate for far-right women against a sexist #Zemmour 👇 https://***ey"", ""Merci Madame la Secrétaire d'État, je suis à votre disposition (par courriel d’abord, et dans la limite de ce que mon travail très intense pour le GIEC permet en ce moment), si vous le souhaitez. #MeTooUCLouvain #UCLouvain #MeToo #DontLookUp #MeTooAcademia https://***cy"", '@_***s,‘#whiteness’ as part of the explanation cannot be excised because Blacks cosigned. You hinted at a clue to who actually wrote the Chronicle letter.What about the one(s)who actually wrote the Harvard-38 one?Kennedys? https://***pi @a***y #comaroff', '-']",tweet_C,content_C,reply
t2435,u2576,2022-02-07 16:37:37+00:00,MeToo,t***o,"Teng Biao: #Pengshuai's comments were part of a ""forced confession."" Peng has been accompanied by others during her public appearances and the info was often released by China's state media, her public appearance was all arranged. https://***gA #metoo #beijing2022","['Teng Biao: #Pengshuai\'s comments were part of a ""forced confession."" Peng has been accompanied by others during her public appearances and the info was often released by China\'s state media, her public appearance was all arranged. https://***gA #metoo #beijing2022', 'Reminder: the #UyghurGenocide is still happening. So #TurnOfftheOlympics. Take part in the #IWillNotWatch campaign! https://***kL', 'Yesterday I travelled across the North of England, seeing levelling up in action. Wherever you live, wherever you call home, you’ll have the opportunities you need to make the most of your talent and potential. https://***iW', '-']",-,content_A,post
t2046,u2113,2021-12-23 15:31:15+00:00,MeToo,I***s,"""Transformative Media"" traces subsequent developments in technopolitics, revealing the innovative digital efforts of activist groups such as #BlackLivesMatter and #MeToo today. By #IAMCR member Sandra Jeppesen https://***F6 https://***Yf","['International Pain Foundation #iPain recognizes the value of every person who makes up the #chronicpain community. We are guided by our commitment to excellence, leadership &amp; patient empowerment. https://***PK #iPain #iPainLiving #IHaveTheNerveToBeHeard https://***DQ', '""Transformative Media"" traces subsequent developments in technopolitics, revealing the innovative digital efforts of activist groups such as #BlackLivesMatter and #MeToo today. By #IAMCR member Sandra Jeppesen https://***F6 https://***Yf', 'I’m at my following limit, apparently... #arbitrary #IHaveCloseTo5000FollowersSoWhatIsTheFuckingProblem', '-']",-,content_B,post
t2940,u2428,2022-02-17 02:04:47+00:00,MeToo,M***i,"#SriLanka: Important piece by @E***i today on the biggest hurdle to any action on sexual harassment allegations on campuses -- not just in #lka, but elsewhere too, as she illustrates. #MeToo https://***14","['#SriLanka: Important piece by @E***i today on the biggest hurdle to any action on sexual harassment allegations on campuses -- not just in #lka, but elsewhere too, as she illustrates. #MeToo https://***14', '@R***e @l***h @H***d @o***1 @U***h Thank you for speaking about a very important topic. #CSA #CPTSD #Metoo #narcissisticabuse #DomesticViolence #HumanTrafficking', 'Best Picture: ""HERE IS PENG SHUAI"" goes to.... #CHINA #Xijinping. #oscars #oscars2022 #marvle #youtube #news #movies #metoo #twitter #cnn #nbc #jenniferaniston #tomhanks #Hollywood #usa #rtl #sat1 #abc #AngelinaJolie #OscarsFanFavorite https://***OM', '-']",-,content_A,post
t1905,u2587,2021-11-03 07:58:40+00:00,MeToo,i***c,-,"[""On #Gravitas with @p***u: + #MeToo hits Chinese Communist Party: Former vice premier assaulted tennis star + @I***I surrenders to TLP radicals + Trending in Turkey: @R***n's poor health + Ethiopia emergency + The soft power of Diwali https://***Pq"", ""@c***p Investor's Naked Selfies Ignite #MeToo Moment: Female Founder Fights Back https://***bm Highlights by @m***n https://***4y"", 'Peng Shuai, the tennis star, publicly accused a former vice premier of China, Zhang Gaoli, of sexual assault. The allegation takes the country’s #MeToo movement to the top echelons of the Communist Party for the first time. https://***DE', '-']",tweet_C,-,retweet
t3977,u1349,2018-01-24 18:16:29+00:00,MeToo,s***s,Let that fucker Rot. #LarryNassar #metoo #girlpower,"['Let that fucker Rot. #LarryNassar #metoo #girlpower', '14 tolle Frauen erklären, wie es nach #metoo weitergehen muss https://***rV @e***m', 'Being a gentleman involves more than manners, it’s also a matter of morals. Yes, @P***c, you are so right. #MeToo #sexualharassment https://***qG', '-']",-,content_A,post
t3761,u2003,2022-03-03 06:50:00+00:00,MeToo,N***h,🗓AGENDA 🗓️ Esta mañana a las 12:00h se presenta 'Acoso. #MeToo en la ciencia española' con @m***v en la @F***V de la @U***G (📌 Salón de Grados Lise Meitner). #Acoso #Ciencia @P***M https://***YR,"['December 19 2018 - one day after the Oped was release - She’s smiling during the taping on the James Corden show / Mr. Depp statement Nov 6 2020. #JusticeForJohnnyDepp #hoax #BoycottFantasticBeasts3 #boycottaquaman2 #metoo #media #journalism #Entertainment #AmberHeardIsALiar 😔 https://***R1', ""🗓AGENDA 🗓️ Esta mañana a las 12:00h se presenta 'Acoso. #MeToo en la ciencia española' con @m***v en la @F***V de la @U***G (📌 Salón de Grados Lise Meitner). #Acoso #Ciencia @P***M https://***YR"", '#mentoo #ABLANARI #niruparoy #fakecases #womenempowerment #legalterrorism #legalextortion #498A #dowrylawmisuse #Feminism #toxicfeminism #feminazi #metooindia #fraudwatch #blackmail #genderequality #GenderBiasedLaws #crimebywomen #CrimeHasNoGender #MarriageStrike @M***D https://***g1', '-']",-,content_B,post
t3159,u1849,2022-02-20 00:46:56+00:00,MeToo,r***1,"#CorpMedia #Idiocracy #Oligarchs #MegaBanks vs #Union #Occupy #NoDAPL #BLM #SDF #DACA #MeToo #Humanity #DemExit #FeelTheBern WATCH Romani people from Afrin do not leave Shehba despite Turkish attacks https://***wk The Romani people from Afrin, who are targeted by... https://***ku","['#CorpMedia #Idiocracy #Oligarchs #MegaBanks vs #Union #Occupy #NoDAPL #BLM #SDF #DACA #MeToo #Humanity #DemExit #FeelTheBern WATCH Romani people from Afrin do not leave Shehba despite Turkish attacks https://***wk The Romani people from Afrin, who are targeted by... https://***ku', '‘India’s judicial system, in effect, is guided by the sensibilities of a hypothetical eighteenth-century man from a commuter suburb of London.’ @m***o on what #MeToo means in an Indian court, and how Priya Ramani’s defamation trial may have changed that. https://***T8', 'Pastor Tells Men: “The Best Person to Rape is Your Wife” by Sarah Einselen https://***Jj 🤮👎🤮 #Complementarianism #Sexism #MaleHeadship #Marriage #MeToo #ChurchToo #MaritalRape #DomesticAbuse #Misogyny #SeventhDayAdventist #BurnettLRobinson', '-']",-,content_A,post
t1914,u2990,2021-11-05 14:43:53+00:00,MeToo,L***a,"Q7 for @E***_ Last question: you have changed many countries in the past decade, do you see a shift in the #feminist discorse in the humanitarian setting? Have the #MeToo and the #BLM movements had an impact on how we do business today? https://***sz","[""One of our first Squirrel Drays started working towards their Local Superhero Activity Badge with a litter pick-up in their local area. A BIG thank you to the #iwill Fund who've helped make this possible, alongside our other fantastic funders. https://***zX https://***vE"", ""🔔 Mañana jueves a las 19h presentamos 'Acoso. #MeToo en la ciencia española' de @m***v en la librería Crazy Mary (Madrid). Nos acompañarán @l***n y @g***8. ¡Aún estáis a tiempo de reservar plaza! 📩crazymarylibreria@g***l.com https://***rX"", 'Q7 for @E***_ Last question: you have changed many countries in the past decade, do you see a shift in the #feminist discorse in the humanitarian setting? Have the #MeToo and the #BLM movements had an impact on how we do business today? https://***sz', '-']",-,content_C,post
t0160,u2517,2018-11-05 22:54:46+00:00,MeToo,a***a,"When the polls close tomorrow, will you have regrets? Tomorrow is one of the most consequential elections of our lifetimes, #CA21. Make sure you have a plan to vote for @T***s: https://***bs #ElectionDay #IWillVote https://***Zn","['When the polls close tomorrow, will you have regrets? Tomorrow is one of the most consequential elections of our lifetimes, #CA21. Make sure you have a plan to vote for @T***s: https://***bs #ElectionDay #IWillVote https://***Zn', '@D***e @K***u @P***e Please go vote! ❤️ #metoo', 'The Society for Neuroscience Meeting @N***8, one of the largest meetings of scientists in the world &amp; the first conference to offer a #MeTooSTEM safe room on-site to work, talk or just sit quietly. Located in Show Office D, directly above the SFN booth. @S***s', '-']",-,content_A,post
t1624,u0483,2021-02-02 19:16:11+00:00,MeToo,S***2,-,"['Not gonna lie, really thought we’d be back above the 5k follower mark (and maybe beyond) with this latest and most triumphant return. Apparently not. Apparently not. ☹️ #outofanabundanceofsadness #ItsFineImFine #IWillAlwaysBeHereForYou https://***9S', 'Me watching the “winter time abundance of caution update” followers tick up and up and up .... #welcomeback #IHaveMissedYou https://***x1', 'To all survivors of sexual assault: We believe you. We’re here for you. It’s not your fault. #MeToo https://***TD', '-']",tweet_B,-,retweet
t1616,u0492,2021-01-20 18:30:00+00:00,MeToo,T***h,"What would you do to stop your rapist from becoming one of the most powerful people on earth? Would you go to any length to speak up? Tara would, and Tara has. - @r***n #IBelieveTaraReade #InaugurationDay","[""“Life’s most persistent and urgent question is, 'What are you doing for others?'” — Martin Luther King, Jr. #mlk #ihaveadream #BelieveInTomorrow https://***0f"", 'What would you do to stop your rapist from becoming one of the most powerful people on earth? Would you go to any length to speak up? Tara would, and Tara has. - @r***n #IBelieveTaraReade #InaugurationDay', ""This list includes books about or by @s***s, @R***s, @T***s, @a***a, @m***_, @K***a, @Z***l, @I***o, @I***N &amp; @S***s. A sampling of Black women's political literature and its vitality. 2/2 https://***67"", '-']",-,content_B,post
t3780,u2402,2022-03-03 16:13:04+00:00,MeToo,s***h,-,"['Credit to the Digital Expert with 35+ years experience in spotting these inconsistencies. And to @s***y for all her hard work in cataloging these results. For more on how #HouseofEffie / #Effie duped the media, #RAINN and the #MeToo movement: https://***S9', '#MeToo Anthropology and the Case Against Harvard https://***D1 via @s***g', '#με_την_Γεωργια #metooGR #MeToo', '-']",tweet_A,-,retweet
t2003,u3133,2021-12-09 16:11:40+00:00,MeToo,s***M,"Our support and solidarity to these women, and to everyone who is feeling very heavy as they're reading this today 😔 #STEMtoo #ScienceToo #MeToo #MeTooPhD https://***IQ","['Invisibilisation des femmes de plus de 50 ans, clichés racistes, surreprésentation des classes sociales supérieures... Une enquête du @C***0 souligne le manque de diversité dans le cinéma français. #MeToo https://***KU https://***qs', 'alright: here’s mine i have some #metoo stuff related to gaslighting by a former supervisor i don’t really want to discuss it (now or possibly ever), but long story short, i survived and, it’s the reason i think we need to start talking and teaching about gaslighting now https://***An', ""Our support and solidarity to these women, and to everyone who is feeling very heavy as they're reading this today 😔 #STEMtoo #ScienceToo #MeToo #MeTooPhD https://***IQ"", '-']",-,content_C,post
t1832,u3021,2021-09-15 08:15:40+00:00,MeToo,s***a,"Following my professional update as CAIS fellow, may I request my media industry colleagues willing to speak to me on #MeTooIndia to DM/email (smitmehta9591@g***l.com). Anonymity guaranteed.","['性暴力を揉み消した人が警察のトップに出世できるの大丈夫ですか?警察には他に適任の人がいないんですか? #中村格氏の警察庁長官就任に抗議します #metoo', ""Looking forward to today's Political Hackathon with the Sixth Form at @C***y in Nottingham #trainbound #politics #politicsmatters #ihaveavoice https://***ug https://***1V"", 'Following my professional update as CAIS fellow, may I request my media industry colleagues willing to speak to me on #MeTooIndia to DM/email (smitmehta9591@g***l.com). Anonymity guaranteed.', '-']",-,content_C,post
t3828,u1517,2022-03-04 12:45:28+00:00,MeToo,S***n,Last night's #Optimalist chat has me thinking that deep down we know education has to change. How do we encourage Ss to take risks? How do we put the focus on the process of learning? How do we teach how to learn rather than a catalog of stuff? #IHaveQuestions #RelationSHIFT https://***D6,"['🗣 «La formación continua ayudaría a conocer la existencia de recursos para prevenir el #acoso». Entrevista a @m***v, autora de 📗 Acoso. #MeToo en la ciencia española publicada en el último número de la revista #Profesiones (✏️ Elisa McCausland / Esther Plaza) https://***hD', ""Last night's #Optimalist chat has me thinking that deep down we know education has to change. How do we encourage Ss to take risks? How do we put the focus on the process of learning? How do we teach how to learn rather than a catalog of stuff? #IHaveQuestions #RelationSHIFT https://***D6"", 'Forced Arbitration Ban in #MeToo Cases: What’s Next for Employers? https://***1F', '-']",-,content_B,post
t2680,u0369,2022-02-13 03:56:12+00:00,MeToo,K***a,"Why do these feel more relevant than ever? I’ve seen too much of this response to harassment &amp; bullying lately, from both men &amp; women academics: #9ReplyGuys #AcademicTwitter #BelieveSurvivors https://***qv https://***nl","['Why do these feel more relevant than ever? I’ve seen too much of this response to harassment &amp; bullying lately, from both men &amp; women academics: #9ReplyGuys #AcademicTwitter #BelieveSurvivors https://***qv https://***nl', 'I’m sending love to @s***s today and wondering: Why are we still platforming unrepentant abusers? Does #MeToo matter? And if #BlackLivesMatter why did artists in the #SuperBowl HalfTimeShow take a knee with @K***7 only to rock the mic for an unrepentant NFL? https://***k6', 'https://***H6 #freedom #Ronaldreagan #downwithtyranny #wethepeople #patriotic #iwillnotcomply #americanflag #madeinamerica #forefathers #betsyross #nofascism #donaldtrump #georgewashinton #americanpride #madeinUSA #americaningenuity #redwhiteandblue https://***RD', '-']",-,content_A,post
t3998,u3077,2018-05-25 12:23:28+00:00,MeToo,e***b,Harvey Weinstein Surrenders To Police In NYC &amp; Is Awaiting Official Charges https://***vU https://***Kj #eddictionceleb #entertainmentnews #entertainment #celebrity #metoo,"['#cwcon #b9 @D***n showing off some amazon student work on trying to represent tags like #metoo in analog form', 'Harvey Weinstein Surrenders To Police In NYC &amp; Is Awaiting Official Charges https://***vU https://***Kj #eddictionceleb #entertainmentnews #entertainment #celebrity #metoo', 'Movie Review continued: He can’t go to a bar w/o getting hit on, he can’t walk down a street w/o getting cat-called, he wears a plaid flannel shirt &amp; he gets comments like, “what’s with the lumberjane look?” This movie is hilarious especially in a time of the #metoo movement. https://***ww', '-']",-,content_B,post
t2022,u1562,2021-12-16 09:44:52+00:00,MeToo,R***_,-,"['🚀👊🚀 @E***r #endharassmentEP #MeToo #MeTooEP https://***T2', ""Hard truths here. These behaviors are so pervasive that by the time you have some power, you've been conditioned to believe things will never change. That's a lie. Change can happen, &amp; we all - regardless of gender &amp; career stage - need to work for it #MeTooSTEM https://***FY"", '!!️👊#2 VICTORY at #EPlanery: The resolution ""#MeToo &amp; harassment – the consequences for the EU institutions"" is ADOPTED! 516 MEPs in favour! We wish to thank everyone who has supported, lobbied &amp; shared our calls for this resolution! The message is clear: #zeroharassmentEP ♀️ https://***vV', '-']",tweet_B,-,retweet
t3361,u2697,2022-02-23 00:59:32+00:00,MeToo,B***1,-,"['@T***a What about these bullies? What are you doing about these fkn woman abusing thugs? What about you complicit cowards who turn a blind eye to violence against Women? Shove that pink shirt down your fkn bullshit holes where verbal diarrhea keeps coming out! Fuck patriarchy #MeToo https://***6e', 'ACP #BlackLivesMatter #Blackhistorymonth2022 #blackhistory #blackhistory365 #metootheatre #metoomovement #BlackGirlTragic #BlackGirlTragic #blackgirlscode rapists, serial killers, cop killers, human sex traffic, etc. etc U just ""DON\'T KNOW"" bcuz I am AA BLACK COLOR POOR HOMELESS', 'Castro is latest higher ed leader to depart amid scandal [Could @u***a Chancellor Henry Yang be next?] #MeToo https://***eu', '-']",tweet_A,-,retweet
t3986,u1641,2018-03-08 10:25:54+00:00,MeToo,m***_,Some #MeToo insights around the globe Varpu Rantala #WiDS2018 #widshelsinki2018 https://***jN,"['Some #MeToo insights around the globe Varpu Rantala #WiDS2018 #widshelsinki2018 https://***jN', 'On Comedy: She Speaks Truth to the Funny Men in Power - Nell Scovell is the rare woman in TV comedy writers’ rooms, and while she welcomes the current reckoning brought on by #MeToo, she is wary of change. https://***tD', 'London alert: I will be here 11 March talking about #Metoomovement with a bunch of awesome women. https://***Od https://***nx', '-']",-,content_A,post
t3821,u1037,2022-03-04 07:40:03+00:00,MeToo,r***3,Biden signs landmark #MeToo bill https://***G8 | https://***ms,"['Biden signs landmark #MeToo bill https://***G8 | https://***ms', '#AfricanAmerican women use #poetry, #dance, and #animation to explore #selfempowerment and accountability. https://***aP #BLM #MeToo #SexualHarrassment @B***e @C***9 https://***Fk', '@i***e #MeToo', '-']",-,content_A,post
t3992,u1577,2018-03-21 19:07:18+00:00,MeToo,c***z,"Follow your CREATOR only, not man #WorldOralHealthDay #NowPlaying #ALDUBForALifetime #RETURN_OF_THE_KING #MeToo #WANNAONE #NationalAgDay #DeleteFacebook #InternationalDayOfHappiness #quote #HappySpring #blockchain #MaineRemarkableAt23 #SchoolShooting #GreatMillsHighSchool https://***Gn","[""My friend Finchie would like you to know you're not alone #TimesUp https://***Jf"", 'New Date (26/03): Machteld De Metsenaere - Lecture ""#MeToo Revisited"" + panel discussion! On Monday 26th March, 18h https://***z0 https://***dy', 'Follow your CREATOR only, not man #WorldOralHealthDay #NowPlaying #ALDUBForALifetime #RETURN_OF_THE_KING #MeToo #WANNAONE #NationalAgDay #DeleteFacebook #InternationalDayOfHappiness #quote #HappySpring #blockchain #MaineRemarkableAt23 #SchoolShooting #GreatMillsHighSchool https://***Gn', '-']",-,content_C,post
t1663,u1675,2021-03-06 01:39:36+00:00,MeToo,p***o,"""the abuser tends to deny that they abused, and they do that typical thing, which is, you know, 'I'm sorry you feel that way.' 'I'm sorry if you feel harmed by my actions.' It puts the onus on the victim."" @T***r on sexual harassment, IPV, and #MeToo https://***KR","['1) The death of #MeToo is because it never was. It is a communication tool. It is truth. Me &amp; Tara Reade are a movement. Liars like you @m***n &amp; Alyssa Milano are classist frauds who shame others who don’t pass your twisted standards of purity. #Liars #NYT https://***7m', '""the abuser tends to deny that they abused, and they do that typical thing, which is, you know, \'I\'m sorry you feel that way.\' \'I\'m sorry if you feel harmed by my actions.\' It puts the onus on the victim."" @T***r on sexual harassment, IPV, and #MeToo https://***KR', 'I told you my words were coming. Thank you for bearing with me and giving me the time I needed to put them together. #TIMESUP #TIMESUPHC #BelieveSurvivors https://***fv', '-']",-,content_B,post
t2922,u1701,2022-02-16 20:37:16+00:00,MeToo,B***3,Hey @P***n @u***w and #BreakingCodeSilence I have an idea! Why don't we let rapists take over the #MeToo movement! Ya! Maybe we can get rapists to reform the industry! You know? Whose a powerful rapist we could suck up to. @m***z or maybe Trump. SMH.,"[""Hey @P***n @u***w and #BreakingCodeSilence I have an idea! Why don't we let rapists take over the #MeToo movement! Ya! Maybe we can get rapists to reform the industry! You know? Whose a powerful rapist we could suck up to. @m***z or maybe Trump. SMH."", '#IHaveAPreexistingCondition', 'Wow Pakistani feminists are so powerful and minting money on the side, first through Metoo movement and now through running campaign against Zahir Jaffer 😂 #JusticeForNoor https://***PJ', '-']",-,content_A,post
t1931,u0055,2021-11-15 21:55:06+00:00,MeToo,S***k,"Powerful lines (from a piece on T Swift?!): “All Too Well parallels the emotion work many women have been privately undertaking in the wake of #MeToo: Looking back on past encounters/relationships, wondering what constitutes exploitation/emotional abuse.” https://***OD","['Il faut « écarter les auteurs de violences sexuelles et sexistes » de la vie politique, réclament 285 femmes travaillant dans le milieu politique et universitaire. #MeToo https://***i9', 'Powerful lines (from a piece on T Swift?!): “All Too Well parallels the emotion work many women have been privately undertaking in the wake of #MeToo: Looking back on past encounters/relationships, wondering what constitutes exploitation/emotional abuse.” https://***OD', '#Gravitas | Peng Shuai claimed a former Vice Premier of China sexually assaulted her. Apparently, she has now gone missing. International tennis stars are raising concerns. @p***u asks #WhereIsPengShuai? #MeToo #PengShuai https://***Z1', '-']",-,content_B,post
t1794,u1682,2021-07-19 07:04:12+00:00,MeToo,R***b,"India Today does not fire a journalist over #MeToo allegations, it does not fire journalists over hate speech but fires a journalist for putting out two tweets against Narendra Modi. https://***WX","['Our events for this summer is here. Mark your calendar and join us ❗🌻 For more information: https://***PJ #globalpotential #summer2021 #ihavepotential #events https://***8j', 'Who remembers #MeToo? How’s the collective memory serving us? Current landscape: little to no cumulative progress, no justice, no systemic change. via @N***s https://***DR', 'India Today does not fire a journalist over #MeToo allegations, it does not fire journalists over hate speech but fires a journalist for putting out two tweets against Narendra Modi. https://***WX', '-']",-,content_C,post
t1917,u2991,2021-11-06 22:40:02+00:00,MeToo,S***e,Just in case you wondered. #sexism #harrassement #metoo #womeninscience https://***8I,"['¡Empezamos la presentación de 📗 ‘#Acoso, #MeToo en la ciencia española’ de @m***v en la librería Crazy Mary con el aforo completo! 😍 https://***WO https://***WG', 'Just in case you wondered. #sexism #harrassement #metoo #womeninscience https://***8I', 'Sexual abuse accusations reach the top of the Chinese Communist Party and are quickly shut down. Here’s my \u2066@s***r\u2069 piece on limits of #MeToo in #china. https://***Um', '-']",-,content_B,post
t2604,u1354,2022-02-10 18:35:57+00:00,MeToo,b***e,"On vous le met en contexte... Via @R***c un article sur la place des femmes en politique, notamment après #MeToo « Moi, président·e » : Règle n°10, sortir du sexisme https://***Lg via @F***n","['#IBelieveTaraReade https://***BH', 'The lawsuit filed against Harvard by students is horrifying. The detailed allegations against Comaroff make it clear how ignorant the #HarvardLetter is. Hopefully this is the last we ever have to hear from Janet Halley. https://***Ip', 'On vous le met en contexte... Via @R***c un article sur la place des femmes en politique, notamment après #MeToo « Moi, président·e » : Règle n°10, sortir du sexisme https://***Lg via @F***n', '-']",-,content_C,post
t3771,u2326,2022-03-03 12:33:40+00:00,MeToo,d***i,-,"['Rocío Jurado: el icono feminista que llegó décadas antes del #MeToo (y no fuimos capaces de ver) https://***zf', 'It\'s out! My new op-ed at @S***g. Check out ""#MeToo Anthropology and the Case Against Harvard"" at the link below. https://***pv', '#MondayMotivation #cloudsecurity #fridayfeeling #sxsw #science #deeplearning #metoo #womenintech #fintech #datascience #predictiveanalytics Congratulations to Carl Booth in having yet another tune featured by a person of importance David Penn https://***XB', '-']",tweet_A,-,retweet
t3346,u2539,2022-02-22 21:50:00+00:00,MeToo,e***s,El #MeToo destapa el acoso de estrellas de la televisión francesa tras décadas de impunidad https://***M8 Por @A***o,"['🙋♀️ Former leader of the House @a***m was the primary architect of the original reforms in the wake of #MeToo 🤝 She oversaw the cross-party working group of MPs and staff that helped establish the Independent Complaints and Grievance Scheme (ICGS) /3 https://***V4', 'El #MeToo destapa el acoso de estrellas de la televisión francesa tras décadas de impunidad https://***M8 Por @A***o', 'It may be goodbye @S***b but you won’t get rid of me that easily!! #IWillNeverLeave #BringTheMerry #ThanksToTheRealManagers https://***19', '-']",-,content_B,post
t3935,u2461,2022-03-08 16:38:10+00:00,MeToo,I***u,"Un hombre explicándome lo que es mejor para las mujeres, en el día de los derechos de la mujer. #DiaInternacionalDeLasMujeres #InternationalWomensDay #MeToo https://***fy","[""We have seriously lost the plot. On the one hand we keep talking about #MeToo and #Consent and how we need to approach sex carefully least we hurt and traumatize others. But then we say it's fine if a woman is enthusiastic about sex as cleaning toilets... cause she's paid for it."", 'Un hombre explicándome lo que es mejor para las mujeres, en el día de los derechos de la mujer. #DiaInternacionalDeLasMujeres #InternationalWomensDay #MeToo https://***fy', 'A tattoo artist has been accused of sexual assault by several women. This has started a #MeToo wave in Kerala. I hosted a discussion with Arsha, a complainant, Varsha an ally and my colleague @g***i. Do watch https://***tA https://***nO', '-']",-,content_B,post
t3270,u2218,2022-02-21 16:35:24+00:00,MeToo,V***z,📖 Un article intéressant à relire : A quand un #MeToo des femmes transgenres ? ( Mise à jour 24.12.2021) @T***E @k***e https://***ea,"['Misogyny unites PTI, JUI-F https://***kG ( by @a***9 ) #AuratMarch2022 #Women #MeToo #Rape #Molestation #SexualHarassment #EveTeasing #HonourKilling #JUIF #PTI #Misogyny https://***Zx', '📖 Un article intéressant à relire : A quand un #MeToo des femmes transgenres ? ( Mise à jour 24.12.2021) @T***E @k***e https://***ea', 'https://***dM RT-11 #Metooindia #FeminismIsCancer #Feminism #Patriarchy #GenderBiasedLaws #stopfeminism #feminist #fakefeminism #MensLivesMatter #SaveOurSons #InternationalMensDay #toxicfeminism #genderbiased #women #metoo #rape #womenempowerment #WomensRights #female', '-']",-,content_B,post
t0097,u0722,2018-09-26 22:08:19+00:00,MeToo,G***v,".@C***y: Listen to survivors of sexual violence. Reject Brett Kavanaugh’s nomination, and call for it to be withdrawn immediately. Shame on you if you let this nomination proceed. We're watching, and we won't forget what you do. #StopKavanaugh #BelieveSurvivors","["".@C***y: Listen to survivors of sexual violence. Reject Brett Kavanaugh’s nomination, and call for it to be withdrawn immediately. Shame on you if you let this nomination proceed. We're watching, and we won't forget what you do. #StopKavanaugh #BelieveSurvivors"", '@M***k #BelieveWomen', '#StopKavanaughNow Standing in solidarity today on the steps of the Massachusetts state house with other voters who have had #enough and are standing with survivors of sexual assault. #BelieveSurvivors #TrustWomen https://***zk', '-']",-,content_A,post
t2379,u1722,2022-02-04 14:06:18+00:00,MeToo,m***l,"I’ve always loved watching our athletes who have worked so hard to get to the Olympics, but I condemn the Trudeau government and the Canadian Olympic Committee for failing to apply pressure to have them moved to an acceptable host country. #BoycottBeijingOlympics #IwillNotWatch https://***hO","['Football&amp;#39;s #MeToo has gone unnoticed - now could be the moment that changes https://***n3 via @M***t', 'I’ve always loved watching our athletes who have worked so hard to get to the Olympics, but I condemn the Trudeau government and the Canadian Olympic Committee for failing to apply pressure to have them moved to an acceptable host country. #BoycottBeijingOlympics #IwillNotWatch https://***hO', '""In a post-#MeToo climate, it’s hard to imagine any streamer green-lighting a series about the 2014 leak of nude celebrity images—let alone if the photos had been taken in the midst of an abusive relationship. Why should this be any different?""', '-']",-,content_B,post
t3453,u0888,2022-02-24 18:12:00+00:00,MeToo,S***k,"The officers responsible for #JusticeforBreonnaTaylor death were not charged for her homicide on a no-knock warrant, with the exception of Brett Hankison charged with wanton endangerment for firing into a neighboring apartment wall.The officers' commander was demoted. #MeTooVoter","['If you hate FL then vote for Simpson, Big Sugar says he is the sweetest. #RetireSimpson #VoteBlue22 #MoralesForFLorida #TeamMorales #RyanMorales #RyanForFlorida #BigSugar #IWIllStopThem https://***ji', 'Arden W. Vanhorn, pleads guilty to attempted criminal sodomy, attempted rape, criminal threat and sexual battery, lewd and lascivious behavior. But, of course #WeNeedToTalkAboutCosby #FirstThem👉🏾#MeToo #WeAsOurselves🤐 #SilenceIsViolence🤬 #H1news🗞 🔗 https://***F3 https://***To', ""The officers responsible for #JusticeforBreonnaTaylor death were not charged for her homicide on a no-knock warrant, with the exception of Brett Hankison charged with wanton endangerment for firing into a neighboring apartment wall.The officers' commander was demoted. #MeTooVoter"", '-']",-,content_C,post
t3865,u0608,2022-03-05 06:20:46+00:00,MeToo,B***y,-,"['@H***t #MeToo quite a few took it badly combined with the rise of entitled incels', '@T***d @T***a @T***e Fk you &amp; your bullshit jon. You fkn thugs are worst than those sexual predators you protect. You thugs are the biggest risk to the communities. You are the reason women are suffering. Stop destroying victims lives you fkn pimps. Fuck patriarchy #MeToo https://***fn', 'We\'ve seen this with recent scandals first raised on Chinese platforms but later covered by intl media. MeToo movement used by West to ""incite gender antagonism."" Criticising Chinese embassy in Ukraine\'s slow evacuation ""handing a knife"" to enemies of Beijing.', '-']",tweet_A,-,retweet
t3873,u2142,2022-03-05 13:41:04+00:00,MeToo,c***h,JV's Story - healing from sexual abuse. You can too. #men #metoo Listen https://***j2 #podcast success #coaching,"['I can’t over this shit! The biggest enabler/bully in policing makes officers sick by refusing to clean out his own house and than shows up to the medical facility that’s supposed to help officers heal?Do these fkn clowns not understand how stupid this is? Don’t let him in! #MeToo https://***aE', 'Forced arbitration clauses are the still-silenced part of the #MeToo movement, denying survivors their day in court and shielding abusers in the shadows. Today, when @P***S Biden signs @R***i’s Ending Forced Arbitration Act, we will make sure survivors’ voices can be heard. https://***hL', ""JV's Story - healing from sexual abuse. You can too. #men #metoo Listen https://***j2 #podcast success #coaching"", '-']",-,content_C,post
t2991,u1507,2022-02-17 16:55:33+00:00,MeToo,S***3,"A richly-written piece by @m***o on the colonial legacy that is the defamation law, &amp; the many ways in which the Priya Ramani case changed the legal narrative in course of #MeToo. https://***xq","['A richly-written piece by @m***o on the colonial legacy that is the defamation law, &amp; the many ways in which the Priya Ramani case changed the legal narrative in course of #MeToo. https://***xq', 'https://***PI RT-11 #Metooindia #FeminismIsCancer #Feminism #Patriarchy #GenderBiasedLaws #stopfeminism #feminist #fakefeminism #MensLivesMatter #SaveOurSons #InternationalMensDay #toxicfeminism #genderbiased #women #metoo #rape #womenempowerment #WomensRights #female', ""@a***l #believeallwomen Snoop Dogg and Don 'Magic' Juan accused of sexual assault, battery in new lawsuit https://***48 via @u***y"", '-']",-,content_A,post
t1846,u3083,2021-09-24 17:07:00+00:00,MeToo,R***g,Come see the tour Ethan has to do. Tickets ON SALE NOW ➡️ https://***Hd ➡️ Kansas City and Austin will go on sale Oct. 1! For more info check out the @c***s new youtube video about his upcoming tour! #Ihavetodothistour #RGT #RealGoodTouring #Crankgameplays https://***OK,"['“Protect your daughters”... No, no, no! #EducateYourSons! Women are objectified, beaten, raped, murdered... largely by the hands of men. I am continually outraged how normalised it has become. I want to be able to walk home without fear #SayHerName #MeToo https://***eW', ""So #MeToo is officially dead. It suited #Democrats but hurts political figures in the party. ‘The View’ co-host Joy Behar claims Hillary Clinton was 'real victim’ of Monica Lewinsky affair https://***jF"", 'Come see the tour Ethan has to do. Tickets ON SALE NOW ➡️ https://***Hd ➡️ Kansas City and Austin will go on sale Oct. 1! For more info check out the @c***s new youtube video about his upcoming tour! #Ihavetodothistour #RGT #RealGoodTouring #Crankgameplays https://***OK', '-']",-,content_C,post
t2153,u2012,2022-01-17 13:35:13+00:00,MeToo,S***r,Happy Martin Luther King Jr. Day from SAPinsider! #MLKDay #IHaveADream #MartinLutherKingJr https://***q9,"['Today we remember #MartinLutherKingJr He was an influential #civilrights leader best known for his work on #racialequality &amp; ending racial segregation in the US. His life &amp; achievements are remembered &amp; celebrated on this day. #MLKDAY #MLK #IHaveADream, #MartinLutherKing https://***h4', ""Née en 81, forcément bcp aimé #LesStrates de .@P***B, même si je suis plutôt #teamchiens que chats. #metoo comme quasi nous toutes, j'ai pas ouvert ma gueule. Et moi aussi mon plus grand combat est contre les #piedsgelés (chiant qd on essaie d'être ecolo)."", 'Happy Martin Luther King Jr. Day from SAPinsider! #MLKDay #IHaveADream #MartinLutherKingJr https://***q9', '-']",-,content_C,post
t2551,u1021,2022-02-10 01:24:19+00:00,MeToo,d***e,"@n***e Oh, yes. Ohhhhhh, yes. NYU was similar, especially when the prof was tenured. For untenured not in a tenure track line it was a little different. Not a lot different, but different enough to be notable. #MeToo","['@n***e Oh, yes. Ohhhhhh, yes. NYU was similar, especially when the prof was tenured. For untenured not in a tenure track line it was a little different. Not a lot different, but different enough to be notable. #MeToo', "".@c***o responds by saying that it's not always easy to have a good balance between the problems you're trying to address and the methods used. For example, there was a cryptography-based project attempting to help the metoo movement."", '@w***s @R***n @c***v @o***e @Y***e @U***S @I***n @C***e It happens to people -- established people -- on the tenure track and in industry, too. Down with #sexualharassment #discrimination #bullying #retaliation in any workplace #MeToo', '-']",tweet_B,content_A,reply
t1985,u2749,2021-12-02 17:45:49+00:00,MeToo,W***s,#Gravitas | Can powerful men get away with sexual harassment? Not anymore. @M***t has made corporate history. Its shareholders have rebelled against the management. This comes after the company hid the findings of a probe on @B***s' affair. @p***u tells you more #MeToo https://***cZ,"['Everyone who wants change within our scene: Open Letter to the Dance Music Industry in light of Sexual Assault and Rape Allegations #MeTooForTheMusic --&gt; https://***1p', ""#Gravitas | Can powerful men get away with sexual harassment? Not anymore. @M***t has made corporate history. Its shareholders have rebelled against the management. This comes after the company hid the findings of a probe on @B***s' affair. @p***u tells you more #MeToo https://***cZ"", '‘Safe Harbor’ laws protect child sex-trafficking victims. I want to share with you my comments on Washington Post article on human trafficking#humantrafficking#DOL#HHS#USDOJ#UNWOMEN#USCongress#metoo https://***Jl', '-']",-,content_B,post
t3562,u2631,2022-02-27 06:30:08+00:00,MeToo,e***3,-,"['#LITTLE #MIRACLE #LITTLEMIRACLES #Snuggle #Snuggling #MeToo #SnuggleMeToo #LittleMiraclesSnuggleMeToo #Elephant #Gray #GrayElephant #Animals #StuffedAnimal #PLUSH #PILLS #PILLOW #TOY #PLUSHTOY #eBay #SALE #eBaySale #TOYSFORSALE #PILLOWSFORSALE https://***Fl via @e***y', '#determination #youcandoit #yougotthis #justdoit #success #beyourself #dreams #dedication #selfdiscipline #effort #believe #believeinyourself #love #ican #iwill #energy #succeed #passion #consistent #persistent #imagination #determination #loveyourself #loveyourselffirst https://***A7', '@p***7 #Metoo 😂', '-']",tweet_C,-,retweet
t2208,u1788,2022-01-22 03:21:49+00:00,MeToo,b***y,Just in case anybody was wondering…….. Please listen to Mother Jenkins convey the sentiments of my heart. 😇 BLOCKING IS WHAT I DO WHEN I WANT TO GET RID OF YOU 🎵🎵🎵🤣😂🤣😂 #IWillBlockYou #IntheNameoftheBlock #TooOldToBeArguingWith #IAINTGOINGBACKANDFORTHWITHYALL https://***xw,"['This started a spiral of content across platforms where hoards of women came out to complain this guy had ghosted them after lovebombing. NB, this is (at least until now), NOT a #metoo scandal, but rather naming and shaming a hipster fboy.', 'Dank @P***f voor je sterke standpunt en begrip dat het gaat over de mánnen! #metoo #thevoice. En @J***1 je snapt er werkelijk echt níets van. Je bent een triest vb van #whitemaleprivilige. Precies jouw teksten maken dat we niets durven te zeggen.', 'Just in case anybody was wondering........ Please listen to Mother Jenkins convey the sentiments of my heart. 😇 BLOCKING IS WHAT I DO WHEN I WANT TO GET RID OF YOU 🎵🎵🎵🤣😂🤣😂 #IWillBlockYou #IntheNameoftheBlock #TooOldToBeArguingWith #IAINTGOINGBACKANDFORTHWITHYALL https://***xw', '-']",-,content_C,post
t3371,u2100,2022-02-23 08:48:06+00:00,MeToo,t***g,You think Jews are safe? Hitler worship is dead? #Antisemitism isn’t a real threat? Think again. #NeverAgain shut down @t***r handles with overtly #nazi profiles &amp; help #endhate. #timesuptwitter https://***uD,"['#StopExpectingMeTo #StopExpecting #ChangeYourExpectations #DontDimYourLight #CulturalBiasKills #Racism #Bigotry #Oppression #CanYouHandleTheTruth #KnowBetterDoBetter #IWillNotBeSilent #Counseling #Therapy #MentalHealth #SelfLove #ForMyAncestors #VeraciousCounseling https://***X4', '@s***y @T***e #Metoo', 'You think Jews are safe? Hitler worship is dead? #Antisemitism isn’t a real threat? Think again. #NeverAgain shut down @t***r handles with overtly #nazi profiles &amp; help #endhate. #timesuptwitter https://***uD', '-']",-,content_C,post
t1882,u1670,2021-10-19 04:38:18+00:00,MeToo,l***s,Joining me tonight is the founder of the #metoo movement @T***e @a***0,"['Joining me tonight is the founder of the #metoo movement @T***e @a***0', 'This is very big news in the field of #archaeology. It’s the first time the National Academy of Sciences has ousted an intl member. This is a win for victims, but also shows how difficult achieving accountability still is in the field. #metoo https://***7P', 'There is more #MeToo stories out there. Go find them, and tell them if you can.', '-']",-,content_A,post
t0306,u2441,2020-01-13 04:42:50+00:00,MeToo,h***w,"Harvard University, which has a $41 billion endowment, admits that many students &amp; student workers here are food insecure. But instead of agreeing to fair compensation in a union contract, they're offering discounted muffins. Shameful. #TimesUpHarvard #ContractNow https://***nV","[""Pepé Le Pew would've been seriously #MeToo'ed. OMG. The cartoons of my childhood were messed up."", ""Harvard University, which has a $41 billion endowment, admits that many students &amp; student workers here are food insecure. But instead of agreeing to fair compensation in a union contract, they're offering discounted muffins. Shameful. #TimesUpHarvard #ContractNow https://***nV"", 'Radical Practice Conference 2020 is on! Lets reimagine 21st Century Design Practice. #SurveillanceCapitalism #HousingCrisis #Brexit #Automation #OpenData #ClimateEmergency #MeToo #GreenNewDeal #AlgorithmicJustice @R***e @D***s https://***Ek', '-']",-,content_B,post
t3319,u1941,2022-02-22 14:50:30+00:00,MeToo,d***x,What a surprise. #MeToo CPS head Max Hill severely criticised over record low in rape convictions https://***Nd,"[""#BlackHistoryMonth Rare Footage Of All-Black Towns In The 1920's. #BHM #BLM #TheShadeRoom #WorldStar #PressPlay #Facebook #Instagram #Twitter #BlackTwitter #SocialMedia #Internet #NowThis #OnwardTogether #CivilRights #CivilRightsMovement #IHaveADream #MakingHistory #News https://***nF"", 'The frontman of Noori, Ali Noor has been called out for sexual harassment by a journalist. Ali addressed the accusations on Instagram. https://***MG #AliNoor #Noori #MeToo #SexualHarassment #Journalist', 'What a surprise. #MeToo CPS head Max Hill severely criticised over record low in rape convictions https://***Nd', '-']",-,content_C,post
t0004,u1533,2018-06-12 19:13:12+00:00,MeToo,e***i,"“Given the current climate around #MeToo, women’s stories are being broadcast more and more. But there’s still a way to go. These campaigns haven’t yet given a voice to everyone.” @P***m on @s***y https://***yh","['“Given the current climate around #MeToo, women’s stories are being broadcast more and more. But there’s still a way to go. These campaigns haven’t yet given a voice to everyone.” @P***m on @s***y https://***yh', 'It takes until 2018 for a report like this to come out? Time for change. #metoo Half of women in science experience harassment, a sweeping new report finds https://***Eh', ""It's finally out: Landmark @t***M study finds sexual #harassment is rife in US science, and offers solutions. By me https://***pk #ScienceToo"", '-']",-,content_A,post
t2672,u2663,2022-02-12 17:16:11+00:00,MeToo,C***d,"Three years ago | Feb. 12, 2019 2018-19 CASBS fellows @j***e &amp; @V***n provided tremendous illumination &amp; inspiration that few will forget ""Betrayal and Courage in the Age of #MeToo"" Coverage, video, photos, links: https://***LC https://***r9","['#BelieveAllWomen https://***Xm', 'Three years ago | Feb. 12, 2019 2018-19 CASBS fellows @j***e &amp; @V***n provided tremendous illumination &amp; inspiration that few will forget ""Betrayal and Courage in the Age of #MeToo"" Coverage, video, photos, links: https://***LC https://***r9', '@Y***s great choppin it up w/u bro! #bigbenisinbrooklyn #timesup', '-']",-,content_B,post
t2288,u1918,2022-01-30 14:55:25+00:00,MeToo,S***z,No sé si es casualidad o intención que el antifeminismo del @P***l lleve a sus candidatos a apoyar ciegamente a agresores. Ya ni respeto tienen por la víctima ni por sus garantías en un proceso penal no concluido. El #MeToo de @A***H es #YoTambienLeCreoAlAcusado https://***wU,"['#BelieveMackenzie #TimesUpPenn #fostercare #childwelfare #agingout #survivorship https://***gG https://***3G', 'No sé si es casualidad o intención que el antifeminismo del @P***l lleve a sus candidatos a apoyar ciegamente a agresores. Ya ni respeto tienen por la víctima ni por sus garantías en un proceso penal no concluido. El #MeToo de @A***H es #YoTambienLeCreoAlAcusado https://***wU', 'New Unboxing! #mastersoftheuniverse #motu #faker #fakerheman #mattel #actionfigures #toys #toycollector #vintagetoys #stoys #eternia #hemanandthemastersoftheuniverse #toyphotography #shera #motuc #ihavethepower #castlegrayskull #grayskull #toycommunity #filmation #motuclassics https://***ay', '-']",-,content_B,post
t1844,u2916,2021-09-23 18:37:58+00:00,MeToo,e***n,"“Protect your daughters”… No, no, no! #EducateYourSons! Women are objectified, beaten, raped, murdered… largely by the hands of men. I am continually outraged how normalised it has become. I want to be able to walk home without fear #SayHerName #MeToo https://***eW","[""So #MeToo is officially dead. It suited #Democrats but hurts political figures in the party. ‘The View’ co-host Joy Behar claims Hillary Clinton was 'real victim’ of Monica Lewinsky affair https://***jF"", '“Protect your daughters”... No, no, no! #EducateYourSons! Women are objectified, beaten, raped, murdered... largely by the hands of men. I am continually outraged how normalised it has become. I want to be able to walk home without fear #SayHerName #MeToo https://***eW', '#mapmyfitness #underarmour #underarmourwomen #protectthishouse #iwill #treadmill #walk https://***Fo', '-']",-,content_B,post
t2845,u0708,2022-02-15 18:05:56+00:00,MeToo,A***t,"Un puissant #MeToo de la mode peut-il avoir lieu ? Au milieu du turn-over impitoyable des mannequins et leurs agences, les difficultés à défendre ses droits face aux violences sexuelles et abus économiques se cumulent. Je vous en parlais sur @M***e : https://***cn","['@D***T @w***2 #Ghandi #satyagraha #civildisobedience #noncompliance #JustSayNo #IWillNotBackDown', ""#CorpMedia #Idiocracy #Oligarchs #MegaBanks vs #Union #Occupy #NoDAPL #BLM #SDF #DACA #MeToo #Humanity #DemExit #FeelTheBern America's political establishment isn't in the least troubled by voters' semi-literate paranoia; they're banking on it... https://***51 https://***rA"", 'Un puissant #MeToo de la mode peut-il avoir lieu ? Au milieu du turn-over impitoyable des mannequins et leurs agences, les difficultés à défendre ses droits face aux violences sexuelles et abus économiques se cumulent. Je vous en parlais sur @M***e : https://***cn', '-']",tweet_C,content_C,reply
t3918,u2804,2022-03-07 16:27:05+00:00,MeToo,f***o,"#MeToo: Cosby resta libero, Corte Suprema non accetta il caso: Attore in galera per molestie, poi rilasciato per vizio di forma https://***Wn","[""Someday the truth behind that Pa Supreme Court decision has to come out. Because it certainly wasn’t based on the law. Read @c***y for the truth about the case. #metoo #timesup High court won't review decision freeing Cosby from prison (from @A***P) https://***Go"", 'We are already united with victims&amp; those who truly want change,so if you think we are being “divisive”for calling out racism/sexism, it’s bc you are benefiting off it &amp; are exactly who we are dividing ourselves from!The time to sit on the fence is up! #WomensHistoryMonth #MeToo', '#MeToo: Cosby resta libero, Corte Suprema non accetta il caso: Attore in galera per molestie, poi rilasciato per vizio di forma https://***Wn', '-']",-,content_C,post
t2904,u0263,2022-02-16 16:12:44+00:00,MeToo,C***e,What's your biggest secret? :) - #Ihaveherpes.,"['#IhaveaDream', '✨💞💚💞✨💛💕.#WSLM 💞✨🌿📺🍃🎴💞🌿#LOVE🌹🌿💞✨🎶❤🙏🌹💃🌿💚#EveryDayPeople2022💙🌿🏃🌹✌❤🎶✨🍃...❤💰#MoneyMatters...✌...✨🍃💰✨💞🌿💛🌿💞✨💕💸...🌹💞🎶💛📻 #IHaveSpoken🎴💜🎶💞...#B4✨💞💙🎓😊💚🎩💞✨📺✨👀🎶🌿✨💸 https://***n4', ""What's your biggest secret? :) - #Ihaveherpes."", '-']",-,content_C,post
t3787,u3263,2022-03-03 18:39:54+00:00,MeToo,i***n,-,"['In ""Sincerely"" he says he likes company and didn\'t want to masturbate alone. He got kink-shamed is all. Awful for him, the world knowing what his ""thing"" is. He says, even if you get consent, check again. He\'s clever. He knows that isn\'t what he wanted. 2/5', '@S***C A1. #Ageism is also one of the forms of discrimination that still seems to be tolerated. In recent years, there have been big steps make in calling out racism #BlackLivesMatter and misogyny #MeToo. But we are still too dismissive and mocking of elders. #AgeWithRights', 'PSA! EVERYONE deserves to feel safe using social media! #psa #nasty #enoughisenough #realtalk #besafe #Equality #respect #Disgusting #NoThankYou #MeToo https://***hv', '-']",tweet_B,-,retweet
t2877,u2268,2022-02-16 07:55:56+00:00,MeToo,a***a,Li Qiaochu e il #MeToo cinese: la storia della coraggiosa attivista https://***N6 #Cina,"['Li Qiaochu e il #MeToo cinese: la storia della coraggiosa attivista https://***N6 #Cina', 'In case you missed this morning’s piece about #IWillAlwaysBeMe on #BBCBreakfast you can catch up below. Watch from 1:13:30 to hear from Diana, who is living with MND, Stuart, whose dad died of MND and Richard, a Speech and Language Therapist. Watch below. https://***ux', ""@g***y @M***t #believeallwomen Snoop Dogg and Don 'Magic' Juan accused of sexual assault, battery in new lawsuit https://***48 via @u***y"", '-']",-,content_A,post
t3275,u0112,2022-02-21 18:12:47+00:00,MeToo,E***u,ok so #metoo 🙃 Wordle 247 4/6 🟨🟨⬜⬜⬜ 🟨⬜🟨🟩⬜ ⬜⬜🟨🟩🟨 🟩🟩🟩🟩🟩,"['ok so #metoo 🙃 Wordle 247 4/6 🟨🟨⬜⬜⬜ 🟨⬜🟨🟩⬜ ⬜⬜🟨🟩🟨 🟩🟩🟩🟩🟩', 'Contractor Finds Child Pornography Stash in Psychologist’s Secret Room https://***X7 - #ChildAbuse #Psychologist #Psychologists #Psychology #MeToo #SexAbuse', '""This is just another press release listing just another bunch of platitudes,” said @g***w a senior staff attorney at the ACLU Women’s Rights Project who represents some of the women suing McDonald\'s over sexual harassment. #metoo, @M***s https://***Fc', '-']",-,content_A,post
t2895,u3241,2022-02-16 14:00:28+00:00,MeToo,P***e,"**TW: SA**#MetooPhd Sexual assualt is common in academia but it is not talked about. But talking and creating awareness is the only way to do better. If you want to read amazing stories shared and find out more, check out the hashtags #STEMtoo #strongertogether #PhdBalance https://***cX","['**TW: SA**#MetooPhd Sexual assualt is common in academia but it is not talked about. But talking and creating awareness is the only way to do better. If you want to read amazing stories shared and find out more, check out the hashtags #STEMtoo #strongertogether #PhdBalance https://***cX', '@e***y would love if you could share the word with the broader #churchtoo and #exvangelical community 🙏🏻', 'DIRECT @r***r https://***f8 Ce mercredi, Martin s’intéresse au mouvement #JusticePourGuillaume qui a largement participé à la libération de la parole concernant les #violencessexuelles au sein de la communauté #LGBT avec la création du #MeTooGay...', '-']",-,content_A,post
t2477,u0833,2022-02-08 13:06:39+00:00,MeToo,m***b,"#ThomasBach unterdrückt nicht nur #PengShuai, sondern auch die Stimmen aller anderen Frauen, die in #China sexuelle Gewalt erleben mussten. Er stützt eine KP, die die Entstehung einer chinesischen #MeToo-Bewegung offenbar schon im Keim ersticken will. https://***4Q","['This ... #IBelieveTaraReade', '(Falls ihr den Trick nicht kennt, die FT Paywall umgeht man, indem man den Titel ""Women spoke up, men cried conspiracy: inside Axel Springer’s #MeToo moment "" in eine Suchmaschine einfügt und darüber dann durchclickt) https://***Gh', '#ThomasBach unterdrückt nicht nur #PengShuai, sondern auch die Stimmen aller anderen Frauen, die in #China sexuelle Gewalt erleben mussten. Er stützt eine KP, die die Entstehung einer chinesischen #MeToo-Bewegung offenbar schon im Keim ersticken will. https://***4Q', '-']",-,content_C,post
t1998,u2206,2021-12-08 17:56:25+00:00,MeToo,c***a,E ancora con 'sta goliardia. Ma vi scrivono regolarmente su un lavagna di mostrare il ca**o per un cocktail? Ma basta che schifo #metoo https://***1J,"[""E ancora con 'sta goliardia. Ma vi scrivono regolarmente su un lavagna di mostrare il ca**o per un cocktail? Ma basta che schifo #metoo https://***1J"", '...support for moving toward a declaration of support for the Republic of Taiwan. The US must be careful not to violate its commitments to the PRC. Particularly worrisome is the current enthusiasm for expanding the presence of official US military groups on the island. 2/n', 'I wonder what the “quiet diplomacy” touted by the IOC and the ITF amounts to and what kind of response it will elicit from the PRC. I suppose that those organizations and the PRC are hoping that international concern for Ms. Peng and the #MeToo Movement will soon fade. 2/2', '-']",-,content_A,post
t0301,u0173,2019-11-08 13:09:49+00:00,MeToo,J***r,"One week from today: 11/15 at 3pm EST, join us for ""Do You Qualify as an Ally"" to help build workplace integrity. The Power Shift Project webinar is free. Register here: https://***WV #powershiftpro #MeToo https://***5c","[""Check out my recent publication on the incidence and impact of sexual harassment in academic medicine among physicians. #MeToo #MedToo @u***e Our findings here: https://***ky Check out Michigan's blog post: https://***DO"", 'DIREKTE: Se #metoo-debatten under Svarte Natta https://***uE @s***a', 'One week from today: 11/15 at 3pm EST, join us for ""Do You Qualify as an Ally"" to help build workplace integrity. The Power Shift Project webinar is free. Register here: https://***WV #powershiftpro #MeToo https://***5c', '-']",-,content_C,post
t3810,u0321,2022-03-04 01:06:23+00:00,MeToo,k***9,Jarryd Hayne to face third trial on sexual assault allegations - The Sydney Morning Herald 👇👇👇👇👇👇👇👇👇👇 WHY WOMEN DO NOT SPEAK 🗣 UP #MeToo #EnoughisEnough #Auspol #Abuse ⁦@D***s⁩ ⁦@J***o⁩ https://***QH,"['@T***a @R***C What about rapey cops you’ve been protecting while you refuse to give women in policing equal representation? Does our mental health matter or are you thugs just going to keep being silent about systemic sexual violence? Why don’t you acknowledge women too assholes? #MeToo #NDA https://***mp', 'i feel like this is really at the heart of many struggles of the past decade or so. #metoo, for instance, appears to be a reckoning over the fact that sexual abuses (of power) is unethical. really, it is a question of what to do with the abusers.', 'Jarryd Hayne to face third trial on sexual assault allegations - The Sydney Morning Herald 👇👇👇👇👇👇👇👇👇👇 WHY WOMEN DO NOT SPEAK 🗣 UP #MeToo #EnoughisEnough #Auspol #Abuse \u2066@D***s\u2069 \u2066@J***o\u2069 https://***QH', '-']",-,content_C,post
t2581,u1254,2022-02-10 14:13:15+00:00,MeToo,A***e,"I've pasted it in a googledoc (the original is paywalled). Everyone who signed this pro-harassment, retaliatory letter can and should retract their support. To date, two people have withdrawn and that's it. https://***RY #MeToo #highereducation #Harvard #Comaroff","[""It's finally out! Our three months investigation into Axel Springer's #MeToo scandal, led by the amazing @E***n and jointly with @k***s and @A***i https://***5r"", ""I've pasted it in a googledoc (the original is paywalled). Everyone who signed this pro-harassment, retaliatory letter can and should retract their support. To date, two people have withdrawn and that's it. https://***RY #MeToo #highereducation #Harvard #Comaroff"", '#Timesup! No more business as usual. #Women say #EnoughsEnough https://***oo', '-']",tweet_C,content_B,reply
t2678,u0287,2022-02-13 02:41:17+00:00,MeToo,W***a,#FreedomIsNonNegotiable That debt has been paid. #EndTheCharade #TimesUpJustin Thank you for continuing to serve #Freedom https://***Nv,"['#FreedomIsNonNegotiable That debt has been paid. #EndTheCharade #TimesUpJustin Thank you for continuing to serve #Freedom https://***Nv', '#HonkHonk #FreedomConvoy #Unity #metoo #whyididntreport #whistleblowersmovement #bringthemtotheirkneez #awakening #love #CIA https://***1v', 'https://***sf RT-11 #Metooindia #FeminismIsCancer #Feminism #Patriarchy #GenderBiasedLaws #stopfeminism #feminist #fakefeminism #MensLivesMatter #SaveOurSons #InternationalMensDay #toxicfeminism #genderbiased #women #metoo #rape #womenempowerment #WomensRights #female', '-']",-,content_A,post
t3505,u1224,2022-02-25 20:41:07+00:00,MeToo,b***n,Here's a Taste of what on the short list at #paraToken#XCGIF #ParaToken #NFT #NFTs #Crypto #XCGIFoundation #paratoken #Iwilloutlastyou #cryptocurrency #crypto @b***n @s***e @L***n @0***m @K***Q @C***e https://***L1,"[""Here's a Taste of what on the short list at #paraToken#XCGIF #ParaToken #NFT #NFTs #Crypto #XCGIFoundation #paratoken #Iwilloutlastyou #cryptocurrency #crypto @b***n @s***e @L***n @0***m @K***Q @C***e https://***L1"", ""@J***s @S***a Yup, it's all about geostrategy. #Ihavethedotcom"", 'Men Will Have to Go Through Five Govt Agencies When Coming On to Women https://***Ij ""By addressing a female with a male tone of voice, you are impinging on her rights"" #FEMINISM FEMINAZI #METOO YOUTOO PC SOVIET EMASCULATION TESTOSTERONE MEN UK https://***lg', '-']",-,content_A,post
t1870,u2176,2021-10-06 06:57:33+00:00,MeToo,y***l,"El #AbusoSexual es un abuso de poder. Un hombre inseguro, con rasgos de depredador/adicto al sexo en un cargo de poder es la receta para el desastre. Niñas y mujeres merecemos espacios seguros #MeToo","['El #AbusoSexual es un abuso de poder. Un hombre inseguro, con rasgos de depredador/adicto al sexo en un cargo de poder es la receta para el desastre. Niñas y mujeres merecemos espacios seguros #MeToo', 'JHSPH friends - swing by our NAMI @N***e #iwilllisten table today in the Wolfe St building (second floor near the Daily Grind) from 11:30-1:30 to say hello and score some free NAMI swag!', ""Do you think #JudgeBrianBurns paying a woman's rent in exchange for oral sex in #NeahwaPark qualifies as a violation of N.Y Penal Law § § 230.00, 230.03? Yeah, #MeToo @M***T"", '-']",-,content_A,post
t2155,u3030,2022-01-17 13:43:12+00:00,MeToo,S***8,"HIS LEGACY LIVES ON Today, we honor the great civil rights leader, Dr. Martin Luther King, Jr. Take time to pause and reflect on his words and wisdom this Martin Luther King Day. He continues to guide us. #MLKDay #IHaveADream https://***Cf","['You’ll find streets in almost every city named after #martinlutherkingjr, but our journey still has a long way to go. Happy birthday, Dr. King. #blackhistorymonth #freedom #justice #ihaveadream https://***S5', 'HIS LEGACY LIVES ON Today, we honor the great civil rights leader, Dr. Martin Luther King, Jr. Take time to pause and reflect on his words and wisdom this Martin Luther King Day. He continues to guide us. #MLKDay #IHaveADream https://***Cf', '""Life\'s most persistent and urgent question is: What are you doing for others?"" -Martin Luther King Jr. #MLK #IHaveADream #MLKDay https://***Vz', '-']",-,content_B,post
t2992,u0820,2022-02-17 16:59:17+00:00,MeToo,T***s,"FOLLOW NOW MINT DATE, WL INFO &amp; WEBSITE COMING SOON Hand Drawn, Hilarious, Disgusting, Collectible Cards to #HODL 2000 Minted, Ranging in Rarity 1:1 to 1:200 #NFT #NFTs #nftcollector #NFTCommunity #NFTCollection #NFTartist #KevinSpacey #MeToo #NFTDrop @K***y https://***TV","['#PrinceAndrew #BelieveWomen #VirginiaGiuffre #Buckinghamshire #princeAndrewguilty #BritishMonarchy #QueenElizabeth https://***b6', 'FOLLOW NOW MINT DATE, WL INFO &amp; WEBSITE COMING SOON Hand Drawn, Hilarious, Disgusting, Collectible Cards to #HODL 2000 Minted, Ranging in Rarity 1:1 to 1:200 #NFT #NFTs #nftcollector #NFTCommunity #NFTCollection #NFTartist #KevinSpacey #MeToo #NFTDrop @K***y https://***TV', 'https://***hx RT-11 #Metooindia #FeminismIsCancer #Feminism #Patriarchy #GenderBiasedLaws #stopfeminism #feminist #fakefeminism #MensLivesMatter #SaveOurSons #InternationalMensDay #toxicfeminism #genderbiased #women #metoo #rape #womenempowerment #WomensRights #female', '-']",-,content_B,post
t3120,u0838,2022-02-19 16:52:26+00:00,MeToo,H***n,"""Van Thillo bekent leugen over gigantisch geval van #metoo in zijn persbedrijf DPG: de eigen kranten schreven jarenlang niets"" https://***hG","['#mentoo #ABLANARI #niruparoy #fakecases #womenempowerment #legalterrorism #legalextortion #498A #dowrylawmisuse #Feminism #toxicfeminism #feminazi #metooindia #fraudwatch #blackmail #genderequality #GenderBiasedLaws #crimebywomen #CrimeHasNoGender #MarriageStrike @M***D https://***NG', '""Van Thillo bekent leugen over gigantisch geval van #metoo in zijn persbedrijf DPG: de eigen kranten schreven jarenlang niets"" https://***hG', '4) Wang: A person supposedly w/ a PhD from @Y***e, yet is totally ignorant with the concepts of sexual assaults, will only prove to the world #China is a barbaric regime, and they should distance or even oppose it. #217HK #Pangshuai #Metoomovement #HongKong #BoycottBeijing2022', '-']",-,content_B,post
t3009,u1538,2022-02-17 20:47:15+00:00,MeToo,H***2,-,"[""@t***t #believeallwomen Snoop Dogg and Don 'Magic' Juan accused of sexual assault, battery in new lawsuit https://***48 via @u***y"", 'Yes, #WeNeedToTalkAboutCosby 🗣 but #FirstThem👉🏾 Mee Reh, 30, raped a now-13yr-old girl, she told investigators Reh has been continuously raping and sexually abusing her since she was 6 years old. #MeToo #WeAsOurselves🤐 #SilenceIsViolence🤬 #H1news🗞 🔗:https://***sF https://***2N https://***SK', ""@J***a @h***x @J***n Please @J***a support #VAWA Sign and RT! Tell Majority Leader @S***r: Domestic &amp; sexual violence are up during the pandemic. Survivors can't wait. Bring Violence Against Women Act #VAWA to a Floor vote now! #VAWA4All #VAWA21 #MeToo #TimesUp https://***7e"", '-']",tweet_C,-,retweet
t2112,u2366,2022-01-08 19:52:41+00:00,MeToo,B***i,یادمان کوچکی برای هوگر هفت‌ماهه که در دل مادرش بود در آن پرواز. #من_هم_شمعی_روشن_خواهم_کرد #IWillLightACandleToo #PS752 #هواپیمای_اوکراینی https://***A4 https://***zu,"['Remembering the victims of the January 8, 2020 tragedy of downing the Ukrainian Airlines Flight PS752 by the Iranian IRGC, carrying 176 innocent crew and passengers 🖤 #WeWillNeverForget 💔 #PS752 ✈️ #IWillLightACandleToo 🕯️ https://***Vd', 'یادمان کوچکی برای هوگر هفتماهه که در دل مادرش بود در آن پرواز. #من_هم_شمعی_روشن_خواهم_کرد #IWillLightACandleToo #PS752 #هواپیمای_اوکراینی https://***A4 https://***zu', 'There’s no end to this pain, and there’s no word that can properly capture the depth of our sorrow. Two years after the downing of PS752 flight, we’re still waiting for justice. #IWillLightACandleToo #ps752justice #من_هم_شمعی_روشن_میکنم https://***Ev', '-']",-,content_B,post
t2669,u1386,2022-02-12 15:37:28+00:00,MeToo,N***l,"“I find the letter fascinating because it demonstrates how some of the most revered writers and scholars in America are deeply anxious about what they see as #MeToo overreach, student hypersensitivity and campus kangaroo courts.” https://***Ay","['US Congress approves sexual harassment bill in #MeToo milestone | US Congress | The Guardian https://***Fp', '“I find the letter fascinating because it demonstrates how some of the most revered writers and scholars in America are deeply anxious about what they see as #MeToo overreach, student hypersensitivity and campus kangaroo courts.” https://***Ay', ""2/2 Bridget, now mid-50s, has a considerable drinking problem. Mark Darcy is drawing the pension and has taken a vow of permanent silence and Daniel Cleaver can't understand what all the fuss over #MeToo is about."", '-']",-,content_B,post
t2458,u1167,2022-02-08 05:16:40+00:00,MeToo,FT,"Women spoke up, men cried conspiracy: inside Axel Springer’s #MeToo moment https://***l4","['Women spoke up, men cried conspiracy: inside Axel Springer’s #MeToo moment https://***l4', 'Important message. Watch on YouTube now. Ari Shaffir: Joe Rogan Hurt #MeToo | Skeptic Tank Clips https://***Kq via @Y***e', 'https://***H6 #freedom #Ronaldreagan #downwithtyranny #wethepeople #patriotic #iwillnotcomply #americanflag #madeinamerica #forefathers #betsyross #nofascism #donaldtrump #georgewashinton #americanpride #madeinUSA #americaningenuity #redwhiteandblue https://***RH', '-']",-,content_A,post
t1946,u1826,2021-11-19 21:16:31+00:00,MeToo,U***l,Professor Deepa Das Acevedo recently published an article in the @A***S titled From Mythic Saviours to #MeToo at the Indian Supreme Court. Click the link below to access the article! https://***KE https://***bx,"['Did you know Pope Leo XIII carried a hip flask full of wine infused with cocaine? #matic #cavani #ramos #putin #BlackFriday #Austria #Wizkid #MeToo #Davido #ferlandmendy https://***sz', 'Professor Deepa Das Acevedo recently published an article in the @A***S titled From Mythic Saviours to #MeToo at the Indian Supreme Court. Click the link below to access the article! https://***KE https://***bx', 'Did you know a gram of cocaine costs €207 in Australia but just €9 in Brazil? #matic #cavani #ramos #putin #BlackFriday #Austria #Wizkid #MeToo #mata #Davido https://***NL', '-']",-,content_B,post
t2415,u1660,2022-02-06 10:04:51+00:00,MeToo,B***e,-,"['@y***v @K***b AAAAA: American Association Against the Abuse of Acronyms.', '#MeToo Case Resurfaces Against Minister As Punjab Rebel Crisis Escalates - NDTV https://***U9', '#keeptrying #yourbodyisyourtemple #onlyone #putinthework #educateyourself #fitnessqt #activeqt #workoutqt #qthealthythighs #qthealtheyes #stayactive #behealthy #dedication #empowerment #discipline #commitment #determination #iwill #youcandoit #underarmour #protectthishouse https://***ZW', '-']",tweet_A,-,retweet
t3298,u3046,2022-02-22 06:44:41+00:00,MeToo,p***n,Paul Farmer was one of my heroes. This is devastating news for the global health community and for medical anthropology. I’m saddened that he didn’t live to accomplish even more and frustrated that one of his final acts was signing the #harvardletter in support of John Comaroff. https://***PW,"['Paul Farmer was one of my heroes. This is devastating news for the global health community and for medical anthropology. I’m saddened that he didn’t live to accomplish even more and frustrated that one of his final acts was signing the #harvardletter in support of John Comaroff. https://***PW', '@M***p @n***r @S***e @s***s @O***n And ALSO how they completely defied the principles of the #MeToo movement just to elevate Joe Biden and smear Tara, who is STILL widely hated by liberals.', 'What a surprise. #MeToo CPS head Max Hill severely criticised over record low in rape convictions https://***Nd', '-']",-,content_A,post
t2910,u1430,2022-02-16 16:44:37+00:00,MeToo,C***f,Prince Andrew: Questions over payout after settlement with Virginia Giuffre via @B***s https://***mE #UK #RoyalFamily #royals #HumanTrafficking #sexualabuse #sexualassault #femicide #rape #violence #courts #justice #equity #MeToo #CallItFemicide #Cestunfémicide,"['Looks like the Central Indiana Presbytery decided to pull a fast one while the rest of you were distracted by Overtures 23 and 37. Are they going to get away with it? #MeToo #ChurchToo #PCAtoo https://***Hz', 'Prince Andrew: Questions over payout after settlement with Virginia Giuffre via @B***s https://***mE #UK #RoyalFamily #royals #HumanTrafficking #sexualabuse #sexualassault #femicide #rape #violence #courts #justice #equity #MeToo #CallItFemicide #Cestunfémicide', 'https://***RF RT-11 #Metooindia #FeminismIsCancer #Feminism #Patriarchy #GenderBiasedLaws #stopfeminism #feminist #fakefeminism #MensLivesMatter #SaveOurSons #InternationalMensDay #toxicfeminism #genderbiased #women #metoo #rape #womenempowerment #WomensRights #female', '-']",-,content_B,post
t0140,u1109,2018-10-23 14:48:20+00:00,MeToo,s***n,And if you are wondering ... yes he is the screenwriter of the classic kannada movie #Thithi . #eregowda - your #Timesup . Such behaviour should never be forgiven . #Ekta more strength your way .,"['My senior citizen immigrant mom: I thought #metoo got rid of Patrick Brown... Yep, straight over to Brampton.', 'And if you are wondering ... yes he is the screenwriter of the classic kannada movie #Thithi . #eregowda - your #Timesup . Such behaviour should never be forgiven . #Ekta more strength your way .', '#EXCLUSIVE: The British #MeToo scandal which cannot be revealed https://***TI', '-']",-,content_B,post
t2160,u1768,2022-01-17 15:52:04+00:00,MeToo,i***a,"In honor of MLK Day 2022, we ask: “What are we doing for others?” Share this post with others and encourage conversation around how we each honor MLK’s memory. #MLK #IHaveADream https://***nF","['@S***Q Λίγο τολμηρό να γράφεις τέτοιο τουίτ μία μέρα μετά τον ομαδικό βιασμό προσφύγισσας από Πακιστανούς στο Κιλκίς. Αλλά ξέχασα αν το θύμα δεν είναι Ελληνίδα καλλονή και ο θύτης ινφλουένσερ, στα τέτοια σου. #metooGR #cancel_influencers', 'In honor of MLK Day 2022, we ask: “What are we doing for others?” Share this post with others and encourage conversation around how we each honor MLK’s memory. #MLK #IHaveADream https://***nF', 'Good Morning #MondayMorning #Breakfast #Coffee #MartinLutherKing #MartinLutherKingJrDay #MLKDay #IHaveADream #Unity https://***dH', '-']",-,content_B,post
t1665,u1487,2021-03-07 09:11:26+00:00,MeToo,P***e,You will serve God till the end. You will finish well. Your end will be glorious in Jesus Name. Thanksgiving Service March 2021 Special Holy Ghost Service #IWillLiftUpMyEyes #GodBlessYou3 #HGSAt35,"['You will serve God till the end. You will finish well. Your end will be glorious in Jesus Name. Thanksgiving Service March 2021 Special Holy Ghost Service #IWillLiftUpMyEyes #GodBlessYou3 #HGSAt35', 'Um Piano ao cair da tarde 💻🎹 🎼 #musica #music #piano #pianobranco #bateria #umpianoaocairdatarde #quarentena #dancemusic #covid_19 #desafiodaquarentena #pop #violao #disco #auladepianoonline #athousandyears #safe #donna #christinaperri #crepusculo #iwillsurvive #iwillwin https://***jI', '""the abuser tends to deny that they abused, and they do that typical thing, which is, you know, \'I\'m sorry you feel that way.\' \'I\'m sorry if you feel harmed by my actions.\' It puts the onus on the victim."" @T***r on sexual harassment, IPV, and #MeToo https://***KR', '-']",-,content_A,post
t3333,u0888,2022-02-22 18:12:00+00:00,MeToo,S***k,"The officers responsible for #JusticeforBreonnaTaylor death were not charged for her homicide on a no-knock warrant, with the exception of Brett Hankison charged with wanton endangerment for firing into a neighboring apartment wall.The officers' commander was demoted. #MeTooVoter","['#INDIA: According to the National Crime Records Bureau (NCRB) data, 88 rape cases were reported on an average daily in 2019 https://***oi #Rape #SexualAssault #MeToo #VAW', ""The officers responsible for #JusticeforBreonnaTaylor death were not charged for her homicide on a no-knock warrant, with the exception of Brett Hankison charged with wanton endangerment for firing into a neighboring apartment wall.The officers' commander was demoted. #MeTooVoter"", 'Why are institutions not held #accountable when they neglect to immediately report allegations of abuse to authorities? #theyknew #Churchtoo #keepkidssafe https://***pB', '-']",-,content_B,post
t3765,u2524,2022-03-03 08:40:00+00:00,MeToo,m***c,#IWillAlwaysBeMe: The Book That Banks Your Voice. It's a book that banks your voice when read aloud designed for people living with motor neurone disease. The service is free thanks to funding from MND Association. Find out more 📖 https://***ux #WorldBookDay,"['On the \'stack: ""Ironically, movements like the 2017 #MeToo insurgency merely enhance the policing of sex when what we need is greater insight into the nature of power."" https://***QL', '#determination #youcandoit #yougotthis #justdoit #success #beyourself #dreams #dedication #selfdiscipline #effort #believe #believeinyourself #love #ican #iwill #energy #succeed #passion #consistent #persistent #imagination #determination #loveyourself #loveyourselffirst https://***R9', ""#IWillAlwaysBeMe: The Book That Banks Your Voice. It's a book that banks your voice when read aloud designed for people living with motor neurone disease. The service is free thanks to funding from MND Association. Find out more 📖 https://***ux #WorldBookDay"", '-']",-,content_C,post
t2671,u2445,2022-02-12 16:44:06+00:00,MeToo,W***m,Read the op-ed in @s***t from @w***m board member @S***s on how silencing harassment survivors allows illegal behavior in the workplace to continue for decades: https://***Gm #MeToo,"['This is great news for workers everywhere! Ending forced arbitration will prevent the silencing of workplace survivors of sexual harassment and assault. #MeToo #TimesUp https://***6K', ""this is hacking the matrix... this is breaking through bread and circuses ... this is the truth... they don't want to come out. #mindcontrolcamps #itgetsworse #letsbringitdown #campsurvivor #whyididntreport #MeToo #honkhonk #freedom #FredomConvoy2022 #freedomofspeach #LFG"", 'Read the op-ed in @s***t from @w***m board member @S***s on how silencing harassment survivors allows illegal behavior in the workplace to continue for decades: https://***Gm #MeToo', '-']",-,content_C,post
t2452,u0492,2022-02-08 00:41:39+00:00,MeToo,T***h,“So we can come forward unless it’s a Democrat? Is that the message we’re sending?” - Tara Reade @R***a #IBelieveTaraReade #InvestigateBiden https://***6N https://***Z3,"['“So we can come forward unless it’s a Democrat? Is that the message we’re sending?” - Tara Reade @R***a #IBelieveTaraReade #InvestigateBiden https://***6N https://***Z3', 'Kaleidoscope Sky . . . #FromWhereIRide #cyclingshots #cyclingphotos #ridesnapshare #ihavethisthingwithbikes #Specialized #SWorks #tarmac #velo #instacycle #strava #stravacycling #WYMTM #MelBAAWn @ Kew, Victoria https://***oP', 'Laten we elke man die ergens vertrekt vanwege “ongepast” gedrag vervangen door een leuke vrouw. Dan is een quotum niet meer nodig lijkt me. Win-win. #metoo', '-']",-,content_A,post
t2774,u1849,2022-02-14 21:35:40+00:00,MeToo,r***1,"#CorpMedia #Idiocracy #Oligarchs #MegaBanks vs #Union #Occupy #NoDAPL #BLM #SDF #DACA #MeToo #Humanity #DemExit #FeelTheBern Raymond V. Mariano: I wish we weren’t always talking about race https://***JL I wish that we weren’t always talking about race. But, when ... https://***yw","[""At Least 10 Million Targets Were Stalked and Were in Forced Arbitration. The Senate has passed #EndForcedArbitration Act, but Stalking was Not included. All survivors' voices need to be centered. #MeTooVoter #EndForcedArbitrationForAllSurvivors https://***Rv"", ""We're with @g***g @a***n discussing the milestone #metoo legislation that recently passed Congress. 📻91.5 FM or 💻 https://***LC https://***Zx"", '#CorpMedia #Idiocracy #Oligarchs #MegaBanks vs #Union #Occupy #NoDAPL #BLM #SDF #DACA #MeToo #Humanity #DemExit #FeelTheBern Raymond V. Mariano: I wish we weren’t always talking about race https://***JL I wish that we weren’t always talking about race. But, when ... https://***yw', '-']",-,content_C,post
t1957,u1975,2021-11-23 16:06:50+00:00,MeToo,m***d,"A new metaLAB project on the situatedness of #MeToo by @k***y, @k***a, Cole Martin, @M***s in collaboration with @h***a and @R***e: https://***RZ https://***5e","['To foster a safe environment for Black women and to counter rape culture, we need accountability that does not depend on the criminal justice system. @V***s, 2021 Communications Institute Fellow, writes about #MeToo post-#RKelly conviction https://***Qk https://***Em', 'A new metaLAB project on the situatedness of #MeToo by @k***y, @k***a, Cole Martin, @M***s in collaboration with @h***a and @R***e: https://***RZ https://***5e', 'In #BizLaw they taught us sexual harassment must be continuous &amp; pervasive to prove a hostile working environment. Employers must prove they acted accountably to provide safety. How many #MeToo’s, whistleblower’s &amp; lives lost to change this toxic org culture &amp; motivate action?!', '-']",-,content_B,post
t3794,u0171,2022-03-03 20:15:49+00:00,MeToo,R***i,-,"['Yes, #WeNeedToTalkAboutCosby🗣, but #FirstThem👉🏾 Justin Nevitt, 36, indicted and arrested for sodomy and incest on a child under the age of 12. #MeToo #WeAsOurselves🤐 #SilenceIsViolence🤬 #H1news🗞 ✏️: FTNstaff 📸: Hopkins Co. Jail 🔗: https://***xK https://***3X', ""@M***1 @C***N Yes, it must be #TimesUp for Putin. We must protect all of Ukraine now including Kyiv &amp; their heroic champion of democracy — President Zelenskyy — with more defensive support, intelligence, aid, help in arresting Putin's gang, etc. #StopPutin globally! https://***3I"", 'https://***xr ##ilovethebeach #bohemiansoul #sandbetweenmytoes #Oceanlove #oceanlover #mermaidsoul #mermaidgoals #mermaidlifestyle #mermaidtail #earringstyle #seedbeadfringeearrings @O***T @M***s @S***s #springjewelry #colorfuljewelry #ihavethisthingwithcolor https://***kC', '-']",tweet_C,-,retweet
t3648,u1072,2022-03-01 06:21:21+00:00,MeToo,g***e,"Hey, I saw that French serial killer flick TITANE at an AMC, so I think I'm up for ANYTHING Batman has got up his cowl. F-ing French are cray-cray (no #metoo in gay Paree that's for damn sure). Tho I don't expect Catwoman to get nekkid b4 she kills her prey :O :O https://***in","[""Hey, I saw that French serial killer flick TITANE at an AMC, so I think I'm up for ANYTHING Batman has got up his cowl. F-ing French are cray-cray (no #metoo in gay Paree that's for damn sure). Tho I don't expect Catwoman to get nekkid b4 she kills her prey :O :O https://***in"", 'Hallelujah! #ready #iwilltestify https://***OS', 'Boaty Mc . . . #FromWhereIRide #cyclingshots #cyclingphotos #ridesnapshare #ihavethisthingwithbikes #strava #stravacycling #WYMTM #veloclub #veloclubcc #BAAW #MelBAAWn @ Mordialloc Sailing Club https://***5E', '-']",-,content_A,post
t3739,u2290,2022-03-02 22:22:55+00:00,MeToo,A***s,"Indigenous voices, #MeToo and disrupting genre: how the tenth Stella longlist reflects its mission of creating change https://***PY via @C***U","['@T***e was founded as a reaction to the under-representation of women in #OzLit culture. @v***n @D***d explains how the 2022 longlist, incl. #Indigenous voices, #MeToo &amp; disruptive genres, continues to create change @C***U: https://***7S', '🟣 La periodista científica Ángela Bernardo hablará mañana en la Facultad de Física de la @U***G sobre el #MeToo en la ciencia española https://***z4 https://***F4', 'Indigenous voices, #MeToo and disrupting genre: how the tenth Stella longlist reflects its mission of creating change https://***PY via @C***U', '-']",-,content_C,post
t3089,u1849,2022-02-19 02:30:10+00:00,MeToo,r***1,#CorpMedia #Idiocracy #Oligarchs #MegaBanks vs #Union #Occupy #NoDAPL #BLM #SDF #DACA #MeToo #Humanity #DemExit #FeelTheBern America's political establishment isn't in the least troubled by voters' semi-literate paranoia; they're banking on it... https://***51 https://***Rv,"[""🇫🇷 C'est le 1er grand scrutin depuis #metoo. Jamais il n'y a eu autant de #femmes candidates. Les violences #sexistes sont devenues un thème de campagne, comme l'#EgaliteFH #Presidentielle2022 : un changement de genre politique? av @C***a @V***z 16h15 @F***4 https://***yV"", ""#CorpMedia #Idiocracy #Oligarchs #MegaBanks vs #Union #Occupy #NoDAPL #BLM #SDF #DACA #MeToo #Humanity #DemExit #FeelTheBern America's political establishment isn't in the least troubled by voters' semi-literate paranoia; they're banking on it... https://***51 https://***Rv"", ""@B***g @P***1 Here's some of what #BeenRapedNEVERreported co-founder, &amp; Montreal #Unitarian #ClergyAbuse #CoverUp enabler, Sue Montgomery has said about @U***A #ClergySexAbuse that includes #ChildSexAbuse post-Weinstein: https://***K8 &amp; https://***6G #UUA #ChurchToo #MeToo https://***3V"", '-']",-,content_B,post
t2163,u0746,2022-01-17 18:52:03+00:00,MeToo,K***g,"Today, we honor the life of trailblazing Civil Rights activist and leader, Dr. Martin Luther King, Jr. #MLKDay2022 #mlkday2022 #MLKDay #mlkday #civilrights #martinlutherkingjr #ihaveadream https://***gm","['Sharing this as it is so important &amp; massive kudos to @P***0 &amp; colleagues to speaking out about this truth that is sadly hidden by many #MeToo #SpeakUp #surgery #harassmentisunacceptable https://***P8', ""📢 Call for abstracts: 'Patriarchal Worlds, #Feminist Networks, and the Conjuncture' @i***q 📍 Paris 🇫🇷 📆 26 May 2022 ➡️ Deadline: 15 March 2022 i️ More info: https://***De @U***g @s***r @l***o #Patriarchy #Feminism #misogynoir #MeToo #ICA22"", 'Today, we honor the life of trailblazing Civil Rights activist and leader, Dr. Martin Luther King, Jr. #MLKDay2022 #mlkday2022 #MLKDay #mlkday #civilrights #martinlutherkingjr #ihaveadream https://***gm', '-']",-,content_C,post
t3969,u1920,2017-12-07 20:18:17+00:00,MeToo,A***S,"A must-read from SIS's @n***l on the open letter on #sexualharassment. ""I signed because I want back all the time and energy that I had to devote to thinking about and armoring myself for these and countless other gender-driven issues..."" https://***gG #metoo https://***Gd","['#metoo and #Amen https://***ng', 'A must-read from SIS\'s @n***l on the open letter on #sexualharassment. ""I signed because I want back all the time and energy that I had to devote to thinking about and armoring myself for these and countless other gender-driven issues..."" https://***gG #metoo https://***Gd', 'Terrific piece by my co-author and colleague @n***l on why she recently signed the #metoonatsec letter. Points out in strikingly personal terms how pervasive this problem is in the nat sec field. A must read for men, especially! https://***3y @W***s', '-']",-,content_B,post
t3197,u1104,2022-02-20 12:42:07+00:00,MeToo,b***e,"Opvallend. DPG-top loog over #MeToo-misbruik door DPG-topman, maar alle DPG-kranten zwijgen https://***Q5","['The frontman of Noori, Ali Noor has been called out for sexual harassment by a journalist. Ali addressed the accusations on Instagram. https://***MG #AliNoor #Noori #MeToo #SexualHarassment #Journalist', 'Singer Ali Noor accused of sexual harassment #AliNoor #ayesha #MeTooMovement #sexualharassemnt @A***r @a***e @P***o https://***dD', 'Opvallend. DPG-top loog over #MeToo-misbruik door DPG-topman, maar alle DPG-kranten zwijgen https://***Q5', '-']",-,content_C,post
t3937,u0264,2022-03-08 21:17:11+00:00,MeToo,d***a,"Happy #IWD2022 to the ultimate intersectional feminist, @l***a! Thank you for giving all women, especially victims of #MeToo, a voice when no one dared to speak up for them #WHM #IWD #WomensHistoryMonth #OwnIt #FièresEtDiverses #EmpodereSe #가져봐 #AngkininMo #她力量 #EsTuyo https://***nk","['Happy #IWD2022 to the ultimate intersectional feminist, @l***a! Thank you for giving all women, especially victims of #MeToo, a voice when no one dared to speak up for them #WHM #IWD #WomensHistoryMonth #OwnIt #FièresEtDiverses #EmpodereSe #가져봐 #AngkininMo #她力量 #EsTuyo https://***nk', 'Arrested tattoo artist Sujeesh PS remanded for 14 days https://***qZ #TattooArtists #MeToo #Kochi', ""Suite à l'appel à témoin lancé ici, les abus de pouvoir dans la #recherche sont à la Une de @L***x (aux côtés du combat Ukrainien et de la lutte contre les féminicides). Projet Vies de thèse, comité de suivi et nouveaux témoignages pour lutter contre l'impunité #MeTooRecherche https://***2s"", '-']",-,content_A,post
t2655,u1047,2022-02-11 20:15:03+00:00,MeToo,p***s,"A spectacularly daring novel of the culture wars and cancel culture and the #MeToo movement, VLADIMIR by @J***s explores issues of sex and desire from its own unique perspective. Now available on to request on NetGalley: https://***RV https://***qG","['#China’s law means just a tool of #Communist to maintain stay in power, in reality China is a #Lawlessness Country, here they demonstrated #EileenGu #ZhuYi #GuAiling cases reflect this. #FreeTibet #XiJinping #CCP #US #EU #UK #UN #BoycottBeijing2022 #GenocideGames #IWillNotWatch https://***mJ', 'A spectacularly daring novel of the culture wars and cancel culture and the #MeToo movement, VLADIMIR by @J***s explores issues of sex and desire from its own unique perspective. Now available on to request on NetGalley: https://***RV https://***qG', 'Court filing makes for harrowing reading (TW x 1000). Defended by scores of his colleagues. Burn this all down. #TimesUpAcademia https://***0b', '-']",-,content_B,post
t2339,u3035,2022-02-02 15:18:26+00:00,MeToo,e***3,Don't you just love it when only 18 decision makers give a flying f*** about our future. #PCIlist #TimesUpForGas https://***Rw,"['Not a day goes by that I don’t think of my beloved beautiful Babcha. She Left us today in 2013 love you forever. This woman was ❤️ Mary Stephanie Eurke 1924- 2013 #MaryEurke #babcha #imissyou #youaresoloved #iwillkeepyourmemoryalive #grandmother https://***yW', ""Don't you just love it when only 18 decision makers give a flying f*** about our future. #PCIlist #TimesUpForGas https://***Rw"", ""🗣🗣HAPPENING NOW: We're kicking off #BlackHistoryMonth digging into how colonialism + white supremacy fuel rape culture. If you're an #HBCU alumni + looking to disrupt rape culture, don't miss this convo—RSVP + hop on now👉🏿👉🏿👉🏿https://***Kk #metoo #BlackLivesMatter https://***S3"", '-']",-,content_B,post
t3314,u0269,2022-02-22 13:21:14+00:00,MeToo,D***r,"Ondernemers zijn wakker geschud door nieuwe #MeToo-affaires, er is veel behoefte aan advies: hoe creëer je sociale veiligheid op de werkvloer? #ondernemen #werkplek #bedrijven https://***EG","[""@J***C Anyone who makes fun of dismisses or questions this behavior has their head up their ass. This is sadly normal and expected. Any male that says they won't mentor a woman because of the #Metoomovement has been caught."", 'Ondernemers zijn wakker geschud door nieuwe #MeToo-affaires, er is veel behoefte aan advies: hoe creëer je sociale veiligheid op de werkvloer? #ondernemen #werkplek #bedrijven https://***EG', '#WHYNOTTILAWATMERIJAAN Join The Trend - Surah Baqarah Ch: 2, Verses: 285-286 SUBSCRIBE{https://***n} #whynotmerijan #iwillnotdance #WhyNotDanceMeriJaan #WhyNot #PepsiHalftime #PepsiMicDrop #Pepsi #pepsihalftimeshow #youthclub #Alhamdulillah @a***m @y***k https://***E2', '-']",-,content_B,post
t3978,u0107,2018-01-31 03:53:30+00:00,MeToo,j***y,"“You bravely say, #metoo. You steadfastly say, #blacklivesmatter.” #SOTUResponse","['“You bravely say, #metoo. You steadfastly say, #blacklivesmatter.” #SOTUResponse', ""Whether or not you agree with @R***a, condemn the appalling hate and trolling she's receiving for 'voicing an opinion'. Note the hypocrisy of Bollywood elite, the deafening silence of female actors. And then we wonder why we don't have our Meryl Streeps and #MeToo movement."", '""But while the #MeToo movement may be altering some aspects of the VC landscape, it hasn’t yet translated into many more dollars for female founders."" Another way of saying this is absolutely nothing in the VC landscape has changed in any way. https://***4J', '-']",-,content_A,post
t2188,u0336,2022-01-20 18:43:19+00:00,MeToo,V***e,"Nouveau témoignage : ""Je témoigne aujourd’hui pour montrer à l’extrême à quel point le/la directeur/trice de thèse et l’Université peuvent être juge et partie: ils tirent profit d’un travail gratuit sous un prétexte pédagogique"" @u***e que faites-vous ? #MeTooRecherche https://***ic","['Estudiantes, académicas, activistas y legisladoras recuerdan las acusaciones contra el historiador Pedro Salmerón en el #MeToo México y promueven la tendencia #UnAcosadorNoDebeSerEmbajador. https://***JF', '#SMSociety via NodeXL https://***GU @s***f @s***o @e***1 @a***o @j***n @t***0 @p***i @j***l @h***7 @r***c Top hashtags: #smsociety #cfp #featuredpanel #socialmedia #metoo #newpaper #socmed /', 'Nouveau témoignage : ""Je témoigne aujourd’hui pour montrer à l’extrême à quel point le/la directeur/trice de thèse et l’Université peuvent être juge et partie: ils tirent profit d’un travail gratuit sous un prétexte pédagogique"" @u***e que faites-vous ? #MeTooRecherche https://***ic', '-']",-,content_C,post
t3318,u1269,2022-02-22 14:46:35+00:00,MeToo,m***e,That's So Black VOL 3: #MeToo: Black women have never waited to be given justice—instead using media to keep safe from patriarchal violence. 🌐Tarana Burke &amp; social media 📺Anita Hill &amp; broadcast TV 📰Rosa Parks &amp; newspapers 📚Harriet Jacobs &amp; books https://***f1,"[""#CorpMedia #Idiocracy #Oligarchs #MegaBanks vs #Union #Occupy #NoDAPL #BLM #SDF #DACA #MeToo #Humanity #DemExit #FeelTheBern America's political establishment isn't in the least troubled by voters' semi-literate paranoia; they're banking on it... https://***51 https://***mQ"", 'Justice for Johnny Depp 😔🧐 #johnnydeppisinnocent #justice #proof #AbuseHasNoGender #mentoo #AmberHeard #video #truth #media #media #EntertainmentNews #johnnydepp #metoo #HollywoodStudios #boycottwarnerbros #AmberHeardIsALiar #peoplemagazine #karma #gossip #activism #industry https://***Dc', ""That's So Black VOL 3: #MeToo: Black women have never waited to be given justice—instead using media to keep safe from patriarchal violence. 🌐Tarana Burke &amp; social media 📺Anita Hill &amp; broadcast TV 📰Rosa Parks &amp; newspapers 📚Harriet Jacobs &amp; books https://***f1"", '-']",tweet_C,content_C,reply
t3681,u2639,2022-03-02 03:05:03+00:00,MeToo,t***m,"DMK Faces Flak For Giving Platform To #MeToo Accused Poet-Lyricist Vairamuthu, Again “If you are a woman – please pray you don’t get molested by a politician’s friend in India"": @C***i tweeted. https://***VN","['#MeToo #metooGR https://***v0', 'DMK Faces Flak For Giving Platform To #MeToo Accused Poet-Lyricist Vairamuthu, Again “If you are a woman – please pray you don’t get molested by a politician’s friend in India"": @C***i tweeted. https://***VN', '#Metoo in de psychiatrie. Delphine Lecompte getuigt over zeventien helse maanden: ‘Ik werd meermaals verkracht in een isoleercel, het was traumatisch en onvergeeflijk’ https://***8a https://***ov', '-']",-,content_B,post
t3869,u1103,2022-03-05 08:50:33+00:00,MeToo,m***e,-,"['@j***s @R***C @T***e Guess what james?? Shove that 1.3 down your bullshit hole &amp; resign. You racist misogynistic fks think Women are disposable so you hide behind your fkn daughter while you abuse Women like a low life pimp! We ain’t for sale james! Fuck patriarchy #MeToo #NDA https://***fn', '@j***s @R***C @T***e Hey james, here’s something interesting for you to read! You can’t protect that Sexual predator Hoeller anymore james! You don’t own our voices and we will go wherever we want if it means exposing police violence and corruption! Resign james #NDA #MeToo https://***8n', 'Biden signs landmark #MeToo bill https://***2f', '-']",tweet_A,-,retweet
t2645,u1693,2022-02-11 16:11:50+00:00,MeToo,P***s,"Svezia, l`uguaglianza di genere fa esplodere la criminalità femminile: i grandi traguardi del MeToo #svezia #luguaglianza #genere #esplodere #criminalità #femminile #grandi #traguardi #metoo https://***Lp","["".@c***o responds by saying that it's not always easy to have a good balance between the problems you're trying to address and the methods used. For example, there was a cryptography-based project attempting to help the metoo movement."", 'We would never abandon captive people to starve after arresting their captor. So why do we approach #MeToo cases this way? They relied on their abuser for funding. For emotional support. For careers. You\'re no hero if you leave victims to starve after taking the ""bad guy"" away.', 'Svezia, l`uguaglianza di genere fa esplodere la criminalità femminile: i grandi traguardi del MeToo #svezia #luguaglianza #genere #esplodere #criminalità #femminile #grandi #traguardi #metoo https://***Lp', '-']",-,content_C,post
t2211,u0300,2022-01-22 15:42:47+00:00,MeToo,M***3,-,"['Ο βιασμός είναι χυδαίο κ ειδεχθές έγκλημα. Με βάση στοιχεία της Νομικής Υπηρεσίας, το 2021 εξετάστηκαν 36 υποθέσεις σεξουαλικής κακοποίησης. Ολοκληρώθηκαν 28, 22 καταχωρήθηκαν στο Δικαστήριο, ενώ υπήρξαν 48 καταδίκες. Η δίωξη κ τιμωρία δίνουν θάρρος κ δύναμη #metoo #metooGR https://***KH', '#IWillStillWearAMask https://***K1', 'Hide behind the mask #IHaveNoIdea https://***20', '-']",tweet_C,-,retweet
t2911,u1373,2022-02-16 16:52:01+00:00,MeToo,L***s,"[VIDEO] #WorkforceWednesday: Whistleblower Regulations Increasing, #MeToo Bill Passes, Cyberfraud Risk Mitigation - Employment Law This Week® https://***MK | by @e***w","['Throwback to the divorce settlement #peoplemagazine #truth #Hollywood #BehindTheScenes #JohnnyDepp #media #JusticeForJohnnyDepp #abusehasnogender #aclu #chla #karma #wow #video #metoo #justice #law #perjury https://***d8', '[VIDEO] #WorkforceWednesday: Whistleblower Regulations Increasing, #MeToo Bill Passes, Cyberfraud Risk Mitigation - Employment Law This Week® https://***MK | by @e***w', 'Trained in Great Britain. No further comments. Ernest Agbada offline. #HappyValentinesDay2022 #privatisation #LabourParty #mertoncouncil #World #Ihaveadream #AgbadaHonfii https://***H9', '-']",-,content_B,post
t1885,u2325,2021-10-20 14:50:19+00:00,MeToo,m***0,-,"['@e***r #IWillTakeComplimentsFromYouAnyDay ❤️❤️❤️', 'How Boardroom Diversity Has Evolved in the #MeToo Era https://***FX by @J***n and @M***k for @b***y #boardroomdiversity #5050wob', 'There is more #MeToo stories out there. Go find them, and tell them if you can.', '-']",tweet_A,-,retweet
t1894,u0200,2021-10-25 13:44:18+00:00,MeToo,M***e,"#IHaveOnlyJustAMinute - Rev. Dr. Delman Coates ‘95 “In life, you’ve got to keep pressing, keep pushing, keep working, keep chewing, until you get to the good part.” - @i***s @m***t Watch the full message: https://***e… https://***VH","['#IHaveOnlyJustAMinute - Rev. Dr. Delman Coates ‘95 “In life, you’ve got to keep pressing, keep pushing, keep working, keep chewing, until you get to the good part.” - @i***s @m***t Watch the full message: https://***e... https://***VH', ""It's like #MeToo never happened https://***VY #SNP"", 'Both FB employees and the author wants to have circuit breakers, and more moderation (of effects, of harmful content), less positive feedback loops, and a more homeostatic (self-balancing) approach instead.', '-']",-,content_A,post
t3959,u2814,2017-10-17 20:40:49+00:00,MeToo,o***n,"#metoo Groped, called names, my pay withheld unless I gave a 'goodbye kiss'. Many years ago now but I wish I'd confronted him. I was scared.","[""Here's a list of 20 things men who don't know what to do about #metoo and #harveyweinstein and #ughfuckingeverything can do RIGHT THIS SECOND to support women https://***ia"", ""#metoo Groped, called names, my pay withheld unless I gave a 'goodbye kiss'. Many years ago now but I wish I'd confronted him. I was scared."", 'Why is #MeToo trending on social media? #SNT https://***yr', '-']",-,content_B,post
t2504,u0551,2022-02-09 01:01:59+00:00,MeToo,i***m,-,"['I stand with #PengShuai - who courageously shared her truth at great personal risk. The IOC has chosen to look the other way, but the world is watching. We heard you, Peng, and we believe you. #metoo https://***b5', '@e***r And if he’s found to be not guilty and the woman was lying I can Guarantee they won’t admit their fault. #metoo is trash.', '@J***o #Metoo', '-']",tweet_A,-,retweet
t2875,u3064,2022-02-16 07:29:42+00:00,MeToo,c***s,@S***D “#GenderHarassment is about pushing #women out of careers where they are seen not to fit &amp; out of places where they could encroach on men’s territory.” –@L***a May be tip of iceberg. #SexualHarassment #ZeroTolerance #WomenInMedicine #MedTwitter #MedEd #HarvardLetter #DEI https://***Sg,"[""man, last week was a doozy at @B***s and i'm finally finding some time to look back on it. on top of our usual stellar reporting, we published 4️⃣ major stories and i'm so proud of my team for knocking each one out of the park! going to highlight some great threads below 🧵"", 'https://***4L RT-11 #Metooindia #FeminismIsCancer #Feminism #Patriarchy #GenderBiasedLaws #stopfeminism #feminist #fakefeminism #MensLivesMatter #SaveOurSons #InternationalMensDay #toxicfeminism #genderbiased #women #metoo #rape #womenempowerment #WomensRights #female', '@S***D “#GenderHarassment is about pushing #women out of careers where they are seen not to fit &amp; out of places where they could encroach on men’s territory.” –@L***a May be tip of iceberg. #SexualHarassment #ZeroTolerance #WomenInMedicine #MedTwitter #MedEd #HarvardLetter #DEI https://***Sg', '-']",tweet_C,content_C,reply
t3461,u0182,2022-02-24 21:52:59+00:00,MeToo,W***c,"LATE DID YOU PIERCE, LITTLE BIRD [#MeToo]!.. #JerryLewis co-stars accuse late #star of #sexual abuse... “They said, ‘Well, how big is your pussy? #Jerry has a salami and will use it on a girl’,” #Taylor said. https://***Q4","['Never ask the institution to love you. It literally doesn’t know how, even if it wanted to. #HarvardLetter', 'Weatherproof Vinyl Decals in 4 Different Colors @e***y #Freedom #ImpeachBiden #UkraineRussia #UkraineConflict #worldwar3 #WWIII #BidenIsAFailure #BidensWar #Texas #Florida #Rights #DoNotComply #IWillNotComply #PrayForUkraine #PrayingForUkraine #PrayForPeace #TrumpWasRight #Putin https://***Z4 https://***x2', 'LATE DID YOU PIERCE, LITTLE BIRD [#MeToo]!.. #JerryLewis co-stars accuse late #star of #sexual abuse... “They said, ‘Well, how big is your pussy? #Jerry has a salami and will use it on a girl’,” #Taylor said. https://***Q4', '-']",-,content_C,post
t0148,u0885,2018-10-29 18:17:35+00:00,MeToo,a***e,"...and Florida makes 36! In 36 states and Washington, DC, voters have already begun casting their ballots. Find out if you can #VOTE early at https://***j. #IWillVote https://***iB","['.@H***e answers FAQs on #sexualharassment inside and away from the workplace. Please read, RT, share #MeToo https://***rF', '...and Florida makes 36! In 36 states and Washington, DC, voters have already begun casting their ballots. Find out if you can #VOTE early at https://***j. #IWillVote https://***iB', '#IAm a black woman and a chemist #IWill become a full professor at a top research institution #Inst2018 The road to #PhinisheD', '-']",-,content_B,post
t3734,u0888,2022-03-02 21:30:00+00:00,MeToo,S***k,"At Least 10 Million Targets Were Stalked and Were in Forced Arbitration. The Senate has passed #EndForcedArbitration Act, but Stalking was Not included. All survivors' voices need to be centered. #MeTooVoter #EndForcedArbitrationForAllSurvivors https://***Rv","[""At Least 10 Million Targets Were Stalked and Were in Forced Arbitration. The Senate has passed #EndForcedArbitration Act, but Stalking was Not included. All survivors' voices need to be centered. #MeTooVoter #EndForcedArbitrationForAllSurvivors https://***Rv"", 'Watched Finding neverland this week 1st time seeing it. Grew up when MJackson was at peak fame &amp; the denial was absolutely incredible. Many parallels with how the Catholic church here treated survivors. Abusers are expert groomers. Explained well in the doc #BelieveSurvivors', 'Well there certainly zero chemistry between Charlotte and Nobourne. None! #SidlotteForever #JASanditon #SaveSidneyParker #LastAustenHero #SidlotteSavedSanditon #SidLove #TrueSanditon @m***s @P***R @R***V @B***K @E***W @e***s #IWillNotAbandonSidlotte https://***X2 https://***O2', '-']",-,content_A,post
t3797,u2595,2022-03-03 21:18:00+00:00,MeToo,O***w,"ICYMI: Professor @s***e was a guest on @W***s Ann Fisher, discussing the recent arbitration legislation that resulted from the #metoo movement. https://***hh","['@I***I https://***Uw Do you care about these Muslim men and women? Cair lost a lawsuit to one of them. #Cair @W***o #metoo', 'This applies to #NHS staff too, you don’t have to accept any kind of behavior from HCP’s that you wouldn’t accept in other walks of life #prioritisepatientconsent #violatedbyourNHS #traumainformed #powerandcontrol #abusecoverup #MeToo', 'ICYMI: Professor @s***e was a guest on @W***s Ann Fisher, discussing the recent arbitration legislation that resulted from the #metoo movement. https://***hh', '-']",-,content_C,post
t2574,u1693,2022-02-10 13:01:36+00:00,MeToo,P***s,"l’università di harvard si spacca sull’antropologo john comaroff, accusato da tre studentesse di... - Cronache #luniversità #harvard #spacca #sullantropologo #john #comaroff #accusato #studentesse #cronache https://***5D","['Oh @R***a I finally can send you one of these if you want one. I think you deserve it. #IBelieveTaraReade https://***cz', 'l’università di harvard si spacca sull’antropologo john comaroff, accusato da tre studentesse di... - Cronache #luniversità #harvard #spacca #sullantropologo #john #comaroff #accusato #studentesse #cronache https://***5D', ""How this happened I can't imagine in my wildest: “During the process, Harvard obtained Ms. Kilburn’s private therapy records without her consent and disclosed them to Professor Comaroff.” #Comaroff #Harvard"", '-']",-,content_B,post
t3016,u1229,2022-02-18 00:01:00+00:00,MeToo,s***2,Pastor Tells Men: “The Best Person to Rape is Your Wife” by Sarah Einselen https://***Jj 🤮👎🤮 #Complementarianism #Sexism #MaleHeadship #Marriage #MeToo #ChurchToo #MaritalRape #DomesticAbuse #Misogyny #SeventhDayAdventist #BurnettLRobinson,"['https://***eO RT-11 #Metooindia #FeminismIsCancer #Feminism #Patriarchy #GenderBiasedLaws #stopfeminism #feminist #fakefeminism #MensLivesMatter #SaveOurSons #InternationalMensDay #toxicfeminism #genderbiased #women #metoo #rape #womenempowerment #WomensRights #female', 'This is a message boys need to hear as well, &amp; that\'s why we wrote, ""What is a Little Boy Worth?""However, perhaps the most surprising response to this book has been from grown men. Men &amp; boys often suffer in shame and silence &amp; feel that movements like #metoo are not for them.', 'Pastor Tells Men: “The Best Person to Rape is Your Wife” by Sarah Einselen https://***Jj 🤮👎🤮 #Complementarianism #Sexism #MaleHeadship #Marriage #MeToo #ChurchToo #MaritalRape #DomesticAbuse #Misogyny #SeventhDayAdventist #BurnettLRobinson', '-']",-,content_C,post
t3330,u0338,2022-02-22 17:21:11+00:00,MeToo,s***y,I’m listening to a testimony of a policewoman!Sexual violence is destroying our lives&amp;well being yet no police chief &amp; no police union wants to acknowledge this atrocity!They continue to abuse Women after we go to them for help!I’m fkn angry today. This is war on ALL Women #MeToo,"['I’m listening to a testimony of a policewoman!Sexual violence is destroying our lives&amp;well being yet no police chief &amp; no police union wants to acknowledge this atrocity!They continue to abuse Women after we go to them for help!I’m fkn angry today. This is war on ALL Women #MeToo', 'Rebecca Solnit, la femme qui a prédit #Metoo? https://***WZ (abonnement)', '@a***2 He wanted to start a #MeToo trend with regards to trauma faced by cricketers due to journalists', '-']",-,content_A,post
t3659,u1269,2022-03-01 16:00:00+00:00,MeToo,m***e,"Did y’all catch all the episodes of “That’s So Black” this month? If not, learn about why we made the series and watch them all here. VOL 1: Ballroom Slang VOL 2: AfroNet VOL 3: #MeToo VOL 4: Influencers https://***dA","['Hallelujah! #ready #iwilltestify https://***OS', '#determination #youcandoit #yougotthis #justdoit #success #beyourself #dreams #dedication #selfdiscipline #effort #believe #believeinyourself #love #ican #iwill #energy #succeed #passion #consistent #persistent #imagination #determination #loveyourself #loveyourselffirst https://***SI', 'Did y’all catch all the episodes of “That’s So Black” this month? If not, learn about why we made the series and watch them all here. VOL 1: Ballroom Slang VOL 2: AfroNet VOL 3: #MeToo VOL 4: Influencers https://***dA', '-']",-,content_C,post
t2649,u2052,2022-02-11 18:04:57+00:00,MeToo,Y***g,"""In China, people like me are called 'domestic hostile forces,"" said Hu Jia, a prominent Chinese human rights activist and a friend to late Nobel Peace Prize winner and dissident #LiuXiaobo. #IWillNotWatch #GenocideGames2022 https://***Og","['Great to be collaborating on this project led by @L***a supported by the #iwillFund @i***n @C***n @i***o @C***1 @C***s @I***I @r***e &amp; a team of #youngpeople bereaved by #suicide. Co-design workshops start 22/02/22 https://***95', 'Kunga from Free Tibet will not be watching #Beijing2022. Will you join him? Tell us why you will be switching off this year, and make sure to use the hashtag #IWillNotWatch! https://***9q', '""In China, people like me are called \'domestic hostile forces,"" said Hu Jia, a prominent Chinese human rights activist and a friend to late Nobel Peace Prize winner and dissident #LiuXiaobo. #IWillNotWatch #GenocideGames2022 https://***Og', '-']",-,content_C,post
t3988,u0801,2018-03-08 12:00:06+00:00,MeToo,k***i,-,"['Wendys Board Chair Nelson Peltz has the power to end sexual violence against women in the fields. Yet, he does nothing. March with @c***w farmworkers in NYC on March 15 to say #TimesUpWendys, join the Fair Food Program! #BoycottWendys https://***dA', 'On Comedy: She Speaks Truth to the Funny Men in Power - Nell Scovell is the rare woman in TV comedy writers’ rooms, and while she welcomes the current reckoning brought on by #MeToo, she is wary of change. https://***tD', 'Before hit by rape allegation, the good-looking governor #AnHeeJung @s***t had been renowned for his respect for social minorities. #MeToo https://***1d', '-']",tweet_A,-,retweet
t1656,u1809,2021-03-02 19:06:46+00:00,MeToo,B***h,"In her latest column, @m***n blames Tara Reade for the end of the MeToo movement (!!), not a partisan media class that radically and abruptly shifted its standards and approach on this issue to protect the politician it favoured. Appalling beyond words.. https://***9A","['In her latest column, @m***n blames Tara Reade for the end of the MeToo movement (!!), not a partisan media class that radically and abruptly shifted its standards and approach on this issue to protect the politician it favoured. Appalling beyond words.. https://***9A', 'My latest, for @t***y, is a difficult story about the fierce backlash several women received after they spoke out against a powerful man in the ghost town of Terlingua. This is what #MeToo looks like in a remote West Texas town. https://***gH', 'CW: sexual harassment, sexual misconduct, physician harassment Some pretty awful allegations. I believe the survivor. #Believesurvivors https://***nD', '-']",-,content_A,post
t3574,u0727,2022-02-27 16:54:04+00:00,MeToo,K***2,@P***t This is one of the HOTTEST only fans accounts available!!!!!! My pussy is an oil slick just thinking about they. #blm #gash #soaked #pubes #RussiaUkraineWar #sexy #iHaveTransKids,"['OH at breakfast: Flatboat is the best coffee creamer #IHaveConvertedHim', '@K***3 @D***g I love Menand but this bit - ""Wouldn’t it be important to distinguish people who ultimately don’t want differences to matter, like the people involved in #MeToo and Black Lives Matter"" - is a very sloppy generalisation. Ironic because he criticises Fukuyama for looseness.', '@P***t This is one of the HOTTEST only fans accounts available!!!!!! My pussy is an oil slick just thinking about they. #blm #gash #soaked #pubes #RussiaUkraineWar #sexy #iHaveTransKids', '-']",tweet_A,content_C,reply
t3580,u0531,2022-02-27 18:46:35+00:00,MeToo,k***n,"Why should the myopic misadventures of one man reek so much havoc on his own people, the people of #Ukraine, and the rest of the world? #TimesUp #RussianUkraineWar https://***xL","['Deborah Peterson Small has long worked to make drug policy fairer and less punitive, especially for communities of color and poorer people. #JusticeRisingAwards https://***Tb https://***CI', 'Why should the myopic misadventures of one man reek so much havoc on his own people, the people of #Ukraine, and the rest of the world? #TimesUp #RussianUkraineWar https://***xL', 'When you exposed #narcissist psychotic insanity they stop hiding anymore. Just an observation. Be very careful. #narcissisticabuse #MentalHealthAwareness #mentalhealthmatters #metoo #safetyfirst #nocontact #noreaction https://***zS https://***vN', '-']",-,content_B,post
t2408,u0853,2022-02-06 00:19:24+00:00,MeToo,b***d,-,"['I’ve always loved watching our athletes who have worked so hard to get to the Olympics, but I condemn the Trudeau government and the Canadian Olympic Committee for failing to apply pressure to have them moved to an acceptable host country. #BoycottBeijingOlympics #IwillNotWatch https://***hO', '@y***v @K***b AAAAA: American Association Against the Abuse of Acronyms.', '#BoycottBeijing2022 #IwillNotWatch @i***a https://***ZK', '-']",tweet_A,-,retweet
t2874,u2329,2022-02-16 06:43:41+00:00,MeToo,a***z,Your dreams are worth pursuing. #ihaveadream,"['This is a big deal! AND companies need to exclude racial discrimination cases as well. #Congress approves sexual harassment bill in #MeToo milestone https://***nv', 'Your dreams are worth pursuing. #ihaveadream', 'I did promised on my honour never to betray our #Values. Let us pray please. Ernest Agbada on air. #privatisation #ICO #HMRC #mertoncouncil #LabourParty #jounalist #Politics #Love #World #Ihaveadream #NDC #NHS https://***iL', '-']",-,content_B,post
t2139,u2620,2022-01-13 09:33:31+00:00,MeToo,i***n,I Frankrig er #MeToo nået til pornobranchen – det har fået feminister og sexarbejdere til at skændes igen. https://***62,"['¿Por qué en España ha habido un #MeToo en el teatro, en la ópera, etc. pero no en la ciencia? Aquí va una entrevista con @m***v con algunos datos y reflexiones alarmantes y sugerencias de acciones a emprender cuanto antes mejor. Destaco algunos en el hilo.', 'I Frankrig er #MeToo nået til pornobranchen – det har fået feminister og sexarbejdere til at skændes igen. https://***62', 'Want to connect to #HEPro colleagues with shared interests? Check out what the SRVPER KC has to offer! Link up with us at https://***mR and sign-up at https://***9f to stay updated on events &amp; resources. #naspastrategies22 #SAPro #BelieveSurvivors https://***y0', '-']",-,content_B,post
t1951,u0667,2021-11-21 17:47:36+00:00,MeToo,G***y,-,"['Pancartes vues dans la marche #NousToutes #MeToo https://***DS', 'Did you know research has found that fathers who use cocaine prior to conceiving a child have sons who struggle to make new memories? #MATIC #cavani #ramos #wizkid #BlackFriday #putin #MeToo #austria #mata #Putin https://***Z6', 'Did you know Pope Leo XIII carried a hip flask full of wine infused with cocaine? #matic #cavani #ramos #putin #BlackFriday #Austria #Wizkid #MeToo #Davido #ferlandmendy https://***sz', '-']",tweet_C,-,retweet
t0299,u3152,2019-07-17 18:14:00+00:00,MeToo,T***W,Former attorney and Miss USA @C***t is using her platform to discuss sexism in the workplace and offer advice for working women. (#TIMESUP X @n***s) https://***Xe,"['Day 2 in the books! Thanks @w***o @J***3 @s***3 and @W***o for having @t***s in today! #iwillfearnomore https://***x9', 'Former attorney and Miss USA @C***t is using her platform to discuss sexism in the workplace and offer advice for working women. (#TIMESUP X @n***s) https://***Xe', 'Where in Michigan are @t***s? 🤚 #iwillfearnomore https://***vO', '-']",-,content_B,post
t2243,u0617,2022-01-25 17:19:11+00:00,MeToo,m***_,"Glad to see #IHaveAPreexistingCondition trending, but remember that even those of us who look disabled, who can't work, whose conditions are visible, who are on benefits or have limited life expectancies deserve care, deserve support, and deserve to live. #MyDisabledLifeIsWorthy","[""Glad to see #IHaveAPreexistingCondition trending, but remember that even those of us who look disabled, who can't work, whose conditions are visible, who are on benefits or have limited life expectancies deserve care, deserve support, and deserve to live. #MyDisabledLifeIsWorthy"", ""En #Grèce, les premières affaires du mouvement #metoo, lancé tardivement dans le pays l'année dernière, sont jugées dans les semaines à venir. Beaucoup reste à faire, mais la parole des femmes s'est libérée, les plaintes augmentent... https://***9X"", '#cybersecurity #devops #100DaysOfCode #datascience #machinelearning #DEVCommunity #Python #Serverless #womenintech #flutter #WomenWhoCode #JavaScript #shopify #Fiverr https://***Yk #FiverrGig #fiverrgigpromotion #GauriKhan #PayTmIPO #IHaveNotSeen #BLEACH_anime https://***yy', '-']",-,content_A,post
t3719,u1370,2022-03-02 17:23:46+00:00,MeToo,S***s,Overcoming and Healing After an Assault https://***GZ via @Y***e #mentalhealth #metoo,"['Overcoming and Healing After an Assault https://***GZ via @Y***e #mentalhealth #metoo', 'Indigenous voices, #MeToo and disrupting genre: how the tenth Stella longlist reflects its mission of creating change https://***PY via @C***U', ""ALSO TO BE CLEAR- it's not jsut men who come at me - I got some women with the flare of twatitis coming at #Metoo"", '-']",-,content_A,post
t3916,u0834,2022-03-07 15:34:11+00:00,MeToo,p***s,"🗣️ @A***z habla con @e***m sobre su novela «Las herederas de la Singer», una emocionante saga familiar que rinde homenaje a la resiliencia y la solidaridad femenina. 👇 'Las herederas de la Singer', de las modistas y mineras, al #MeToo https://***aI","[""🗣️ @A***z habla con @e***m sobre su novela «Las herederas de la Singer», una emocionante saga familiar que rinde homenaje a la resiliencia y la solidaridad femenina. 👇 'Las herederas de la Singer', de las modistas y mineras, al #MeToo https://***aI"", 'This is a permanent war that unfolds every single day. #JLF #MeToo https://***6j', 'Harvey Weinstein sounds way more sorry for smuggling Milk Duds in jail than for abusing &amp; raping women for decades 🤨 #MeToo https://***0h', '-']",-,content_A,post
t3230,u2984,2022-02-21 00:38:49+00:00,MeToo,i***y,Na item bij #VIVandaag en het artikel in Belgische BusinessAM is de Nederlandse MSM ook wakker over de #metoo doofpot bij #DPG en dat brengen ze dan 's nachts om 1:33uur in de hoop dat het artikel in de ochtend tussen het andere nieuws verdwijnt @D***k @y***h https://***zE,"['Την σκότωσε στο ξύλο επειδή την θεωρούσε κτήμα του. Άλλη μία αδελφή μας δολοφονείται από την πατριαρχία. Καμία ανοχή. #γυναικοκτονια #MeToo', 'Where are the boundaries, the actual boundaries? When do we determine, enough is enough? https://***tb #metoo #youtoo https://***FQ', ""Na item bij #VIVandaag en het artikel in Belgische BusinessAM is de Nederlandse MSM ook wakker over de #metoo doofpot bij #DPG en dat brengen ze dan 's nachts om 1:33uur in de hoop dat het artikel in de ochtend tussen het andere nieuws verdwijnt @D***k @y***h https://***zE"", '-']",-,content_C,post
t3993,u3258,2018-04-06 08:54:34+00:00,MeToo,I***y,"The #MeToo movement has raised hackles and many more questions. A 22-year-old student, Purvai Aranya, discusses the debate on campuses in India. https://***CY","['We reached our initial signature goal in the petition about anti-#metoo law firm arbitration clauses and NDAs. The @G***w Dean of Career Services was receptive. More signatures will help push for a strong stance. https://***56 @i***l @L***n @N***n https://***t8', 'In the #MeToo Era, Men Learn How to Be ‘Allies,’ Without Fear, to Female Colleagues https://***kT via @W***J', 'The #MeToo movement has raised hackles and many more questions. A 22-year-old student, Purvai Aranya, discusses the debate on campuses in India. https://***CY', '-']",-,content_C,post
t3717,u0796,2022-03-02 15:55:53+00:00,MeToo,j***a,-,"['#YesterdaywasaverybadandblackDay #MyAuntieisdead #sosadthatsheisgone #BereavementInTheFamily #InLovingMemory #DearAuntieBärbel #Iwillmissyouforever #Iamverysadthatyouhadtogo #ily #RIP #WithLove #February28th2022 @b***1 😞😢🖤✝️😭🕊🥀😥👼🙏🤧🕯💔☁️🌈👨👩👧🏡0️⃣2️⃣/2️⃣8️⃣/2️⃣0️⃣2️⃣2️⃣📷🆕 https://***Nb', ""@M***1 @C***N Yes, it must be #TimesUp for Putin. We must protect all of Ukraine now including Kyiv &amp; their heroic champion of democracy — President Zelenskyy — with more defensive support, intelligence, aid, help in arresting Putin's gang, etc. #StopPutin globally! https://***3I"", '@I***I https://***Uw Do you care about these Muslim men and women? Cair lost a lawsuit to one of them. #Cair @W***o #metoo', '-']",tweet_C,-,retweet
t3958,u2600,2017-10-17 18:23:44+00:00,MeToo,J***d,#metoo Let's break the cycle. https://***bR,"['Sexual assault movement #MeToo reaches nearly 500,000 tweets https://***iE https://***ud', '.@T***r told me that #MeToo has been tweeted nearly half a million times in the last 24 hours. https://***Fz', ""#metoo Let's break the cycle. https://***bR"", '-']",-,content_C,post
t1611,u1946,2021-01-18 15:01:19+00:00,MeToo,A***e,"Today we celebrate the life and legacy of Martin Luther King, Jr. #mlk #mlkday #martinlutherkingjr #ihaveadream #history #mlkday2021 #inspiration #createchange #changemaker #blackhistory #unity #acceptance https://***JU","['In honor of #MartinLutherKingJr day and the everyday activists who are doing the hard work that is still relevant today. #MLK #HealthEquity #blacklivesmatter #civilrights #ihaveadream #wellness #equality #selfcare #healthycommunity https://***HY', 'April 4th 2019, the day my mother and her ex-boyfriend pleaded guilty for what they did to us. The day justice was served. #MeTooInceste https://***dG', 'Today we celebrate the life and legacy of Martin Luther King, Jr. #mlk #mlkday #martinlutherkingjr #ihaveadream #history #mlkday2021 #inspiration #createchange #changemaker #blackhistory #unity #acceptance https://***JU', '-']",-,content_C,post
t1886,u1566,2021-10-20 15:09:06+00:00,MeToo,p***a,-,"['Academia writ large has largely avoided implementing real change post #metoo. Stories like this one are not as rare as we would like to pretend they are. We need to support independent journalists like @m***r who serve as the public’s watchdog. #pressfreedom', ""#MeToo is more than a hashtag. It’s a movement powered by survivors telling their stories and fighting for justice. Join @M***T's efforts to move #BeyondTheHashtag, support survivors, and bring an end to sexual violence. https://***RQ https://***KR"", 'Joining me tonight is the founder of the #metoo movement @T***e @a***0', '-']",tweet_A,-,retweet
t2254,u3116,2022-01-26 21:38:27+00:00,MeToo,M***T,"Join us for our virtual workshop, Essentials for Survivor Justice, on February 1, 2022, at 5 PM EST—space is limited, register today: https://***Kk *Essential workshops are free + open to all students attending HBCUs* #metoo https://***y5","[""'The Voice' taken off air as #MeToo scandal hits Dutch television https://***WM"", 'Join us for our virtual workshop, Essentials for Survivor Justice, on February 1, 2022, at 5 PM EST—space is limited, register today: https://***Kk *Essential workshops are free + open to all students attending HBCUs* #metoo https://***y5', 'I wrote about #MeToo in #Netherlands with thanks to @c***b from @V***e Dutch media mogul meets government leaders over #MeToo allegations https://***uo', '-']",tweet_C,content_B,reply
t2719,u2123,2022-02-14 03:00:33+00:00,MeToo,B***s,"Get out of victim mode and get into victory mode! #IHavePermission to be my best! Rewatch on https://***tn and join me for our 2022 @T***S virtually or in person in Charlotte, NC, from March 31 to April 2 at https://***Rw #TDJOnline https://***Rr","['✨💞💚💞✨💛💕.#WSLM 💞✨🌿📺🍃🎴💞🌿#LOVE🌹🌿💞✨🎶❤🙏🌹💃🌿💚#EveryDayPeople2022💙🌿🏃🌹✌❤🎶✨🍃...❤💰#MoneyMatters...✌...✨🍃💰✨💞🌿💛🌿💞✨💕💸...🌹💞🎶💛📻 #IHaveSpoken🎴💜🎶💞...#B4✨💞💙🎓😊💚🎩💞✨📺✨👀🎶🌿✨💸 https://***aH', 'Get out of victim mode and get into victory mode! #IHavePermission to be my best! Rewatch on https://***tn and join me for our 2022 @T***S virtually or in person in Charlotte, NC, from March 31 to April 2 at https://***Rw #TDJOnline https://***Rr', '#emotionalabuse #abuse #narcissisticabuse #survivor #gaslighting #toxicrelationships #ptsd #healing #selflove #mentalhealth #love #trauma #sociopath #womenempowerment #narcissisticabusesurvivor #psychologicalabuse #traumabonding #metoo #manipulation #abusiverelationship #bhfyp https://***CV', '-']",-,content_B,post
t2785,u1849,2022-02-15 02:51:37+00:00,MeToo,r***1,#CorpMedia #Idiocracy #Oligarchs #MegaBanks vs #Union #Occupy #NoDAPL #BLM #SDF #DACA #MeToo #Humanity #DemExit #FeelTheBern Democrats’ 2022 Message? Attack Corporate Greed Head-On https://***7L The message that could galvanize voters in the midterms is at ... https://***Fw,"['@T***7 I can. I was raised in it. #metoo #whyididntreport', '#CorpMedia #Idiocracy #Oligarchs #MegaBanks vs #Union #Occupy #NoDAPL #BLM #SDF #DACA #MeToo #Humanity #DemExit #FeelTheBern Democrats’ 2022 Message? Attack Corporate Greed Head-On https://***7L The message that could galvanize voters in the midterms is at ... https://***Fw', ""If this is any indication of tomorrow's crowd for the super bowl @f***y then #boerne is gonna be hoppin!!! #ihaveafeelingthattonightsgonnabeagoodnight #wegotthis #boom! @ Free Roam Brewing Company https://***Vg"", '-']",-,content_B,post
t0291,u2281,2018-12-06 19:19:48+00:00,MeToo,c***i,There is a long way from #metoo and never again. Amal Clooney keynote #MassWomen https://***LR,"['Seriously, the “burqa” segregation tactic is our response to #MeToo?! https://***eE', '@c***o Hello Caught (12/5/2018) your Radio program (97.5 In Michigan, the program is a CBC Ottawa program) on Locker room metoo movement, Hazing in the Northern Michigan area (St. Mary’s Scandal) you had a Guest Mark Allan and if I could I get more info about his problem.', 'There is a long way from #metoo and never again. Amal Clooney keynote #MassWomen https://***LR', '-']",-,content_C,post
t2335,u1499,2022-02-02 10:00:43+00:00,MeToo,f***e,"TODAY @E***y's vote on the 5th #PCIlist will send an important message. 🍃 Will our decision-makers deliver the fast, #Justtransition to renewables we need? 🔥 Or will they support more dirty, dangerous, &amp; climate-wrecking gas?! #TimesUpForGas https://***F5","[""🤎 WE'RE GOING LIVE 🤎 Join us this evening at 6:30 PM ET on #metoo's @I***m to laugh + chat it up with some folks from the me too. International team. We'll be discussing Black joy, #BlackHistoryMonth, + so much more. You don't want to miss this 👉🏿 https://***DW https://***Lc"", ""TODAY @E***y's vote on the 5th #PCIlist will send an important message. 🍃 Will our decision-makers deliver the fast, #Justtransition to renewables we need? 🔥 Or will they support more dirty, dangerous, &amp; climate-wrecking gas?! #TimesUpForGas https://***F5"", 'Following #MeToo what more needs to be done to tackle sexual harassment in the workplace? Join our panel event with @d***d of @r***n, Dame Heather Rabbatts of @T***K and Fawcett CEO @J***i. Details and registration ➡ https://***u1 https://***QK', '-']",-,content_B,post
t2281,u0277,2022-01-30 00:34:05+00:00,MeToo,w***i,"#IWillNotWatch the Beijing 2022 Olympic Games, and cannot do so in good moral conscience considering the ongoing human rights abuses and genocide against the Uyghurs and other minorities in NW China. We express disappointment in CBC for their sponsorship of the Games. https://***GT","['#metoo https://***a1', '@S***t @J***6 @d***r #MeToo', '#IWillNotWatch the Beijing 2022 Olympic Games, and cannot do so in good moral conscience considering the ongoing human rights abuses and genocide against the Uyghurs and other minorities in NW China. We express disappointment in CBC for their sponsorship of the Games. https://***GT', '-']",tweet_C,content_C,reply
t3781,u0914,2022-03-03 16:27:50+00:00,MeToo,m***o,-,"['Just in case you thought #metoo fixed everything in one fell swoop, I’m currently reading an account of assault and harassment in a vibrant community by an influential leader and the survivor doesn’t want to name names bc they can’t afford (literally) to lose that community. https://***Gt', 'What #HR leaders need to know about #MeToo bill https://***xM by @H***a #HumanResources #CHRO #HRDirector #HRExectuive https://***6V', 'Done with #Ukraine &amp; #Russia,wake me up when #NATO #OustPutin. #TimesUp.', '-']",tweet_B,-,retweet
t2681,u1849,2022-02-13 03:59:37+00:00,MeToo,r***1,"#CorpMedia #Idiocracy #Oligarchs #MegaBanks vs #Union #Occupy #NoDAPL #BLM #SDF #DACA #MeToo #Humanity #DemExit #FeelTheBern WATCH Thousands in Strasbourg https://***Co Participants of the long march organised by Kurdish youth organizations in Sierentz, France ... https://***2R","['#CorpMedia #Idiocracy #Oligarchs #MegaBanks vs #Union #Occupy #NoDAPL #BLM #SDF #DACA #MeToo #Humanity #DemExit #FeelTheBern WATCH Thousands in Strasbourg https://***Co Participants of the long march organised by Kurdish youth organizations in Sierentz, France ... https://***2R', ""@K***m fear is what they fed me... my entire life. I am a mind control camp survivor. #metoo #whyididntreport when you've nothing left to loose and everything to gain. and you know their secrets. it's not a whislte love. it's a TRUMPET. I'm blowing it and HERE I AM. #mynameisalice"", 'Svezia, l`uguaglianza di genere fa esplodere la criminalità femminile: i grandi traguardi del MeToo #svezia #luguaglianza #genere #esplodere #criminalità #femminile #grandi #traguardi #metoo https://***Lp', '-']",-,content_A,post
t0303,u2242,2019-12-30 03:34:10+00:00,MeToo,A***a,What can you do to become truly powerful? https://***PM What do you do to emancipate yourself? #feminism #metoo https://***Fo,"['What can you do to become truly powerful? https://***PM What do you do to emancipate yourself? #feminism #metoo https://***Fo', 'The latest Dynamic Leadership This Week! https://***kz #workhappy #metoo', 'All you iNnoCent UnTiL PrOveN GuiLTy warriors who showed up to deligitimise the #MeToo movement are woefully silent as an ENTIRE COMMUNITY is being criminalised across an ENTIRE STATE without so much as framed charges, hearings or convictions. #CAAProtest', '-']",-,content_A,post
t2612,u1460,2022-02-10 20:05:21+00:00,MeToo,D***o,"Go @G***n &amp; thanks @R***n &amp; others for supporting! Time to act in MA to prevent the most powerful amongst us from abusing taxpayer funds to force silence on victims. As Auditor, I’ll work to expose where &amp; how we’ve abused taxpayer-funded NDAs! #MeToo #mapoli https://***Zg","[""This is an extraordinary story by @k***r on the afterlives of #MeToo, the possibilities and limits of contrition, the importance of apology, the power of friendship, and much more. You won't want to miss this. https://***Cm"", 'Go @G***n &amp; thanks @R***n &amp; others for supporting! Time to act in MA to prevent the most powerful amongst us from abusing taxpayer funds to force silence on victims. As Auditor, I’ll work to expose where &amp; how we’ve abused taxpayer-funded NDAs! #MeToo #mapoli https://***Zg', 'l’università di harvard si spacca sull’antropologo john comaroff, accusato da tre studentesse di... - Cronache #luniversità #harvard #spacca #sullantropologo #john #comaroff #accusato #studentesse #cronache https://***5D', '-']",-,content_B,post
t3955,u0699,2017-10-16 16:21:39+00:00,MeToo,a***n,-,"['@A***o #MeToo', ""#MeToo and I don't know if I personally know many women who haven't"", '“...And as the dawn began to break, they let her go...the woman came and fell down at the door... until it was light.” #MeToo (2/2)', '-']",tweet_C,-,retweet
t3321,u0338,2022-02-22 15:24:25+00:00,MeToo,s***y,This woman abusing SOB has been hiding behind his daughter while he silences and punishes Policewomen for reporting sexual violence.These police chiefs are the reason why women aren’t safe. Fuck patriarchy to hell Fuck abusers to hell Stop gagging victims with NDAs. #MeToo #NDA https://***YL,"['ACP #BlackLivesMatter #Blackhistorymonth2022 #blackhistory #blackhistory365 #metootheatre #metoomovement #BlackGirlTragic #BlackGirlTragic #blackgirlscode PROTECT myself pay attention male directors &amp; producers if society would just give me a chance. Imagine utilizing my', 'This woman abusing SOB has been hiding behind his daughter while he silences and punishes Policewomen for reporting sexual violence.These police chiefs are the reason why women aren’t safe. Fuck patriarchy to hell Fuck abusers to hell Stop gagging victims with NDAs. #MeToo #NDA https://***YL', 'Super excited to do my first virtual book club appearance of 2022 tonight at 9 pm! Also, i think I need to take a nap first. 😀 #IWillBeFine #ImJustOld', '-']",-,content_B,post
t2736,u0318,2022-02-14 10:43:03+00:00,MeToo,P***Q,The latest Appreciative Inquiry Daily! https://***sy Thanks to @l***0 @m***d @p***k #metoo #appreciativeinquiry,"['@X***s #IwillNotWatch #NoBeijing2022 #BoycottBeijingOlympics #BoycottBeijing2022 #CCPLiedPeopleDied #CCPVirus #FreeUyghurs #FreeTibet #Xinjiang #ccp_is_terrorist #BoycottMadeInChina', 'Stop saying they are ignorant, or they don’t know. Stop saying they are incompetent / have bad judgment. Many choose to ignore what’s happening. Some like to fill their pockets... But we, as taxpayers, pay them to do a job,they (practically?) cheated to get! #TimesUp #YoureFired https://***aQ', 'The latest Appreciative Inquiry Daily! https://***sy Thanks to @l***0 @m***d @p***k #metoo #appreciativeinquiry', '-']",-,content_C,post
t2834,u2034,2022-02-15 16:16:32+00:00,MeToo,G***p,📷 “This is some bullshit right here…” 😂😂😂 #stonerhumor #420humor #humor #dankmemes #weedmemes #weedhumor #high_larry_us #budporn #maryjane #420life #weedstagram420 #weedstagram #hightimes #highsociety #iwillmarrymary #stoner #gethigh... https://***EJ,"['#HIghRiskCovid19 #IHaveAPreexistingCondition #Immunosuppressed Protecting the Vulnerable We offer a guide to protecting the elderly, immunocompromised and unvaccinated from Covid. https://***Rl', '#MeTooPolitique Rendez-vous à 15h00, ce jour, à #Châtelet. https://***It', '📷 “This is some bullshit right here...” 😂😂😂 #stonerhumor #420humor #humor #dankmemes #weedmemes #weedhumor #high_larry_us #budporn #maryjane #420life #weedstagram420 #weedstagram #hightimes #highsociety #iwillmarrymary #stoner #gethigh... https://***EJ', '-']",-,content_C,post
t0297,u2458,2019-06-11 22:07:56+00:00,MeToo,A***s,"Excited for Lauren Taylor from @s***s S*Marts Associates is facilitating this workshop! #NoMeansNo: How to Stop #Harassment and #Bullying. Intro by @c***e, chair of the Subcommittee of #WomenInMicrobiology (#FreeBreakfast) (https://***0) #MeToo #WomenInSTEM https://***6I","[""Rose reveals that former president Barack Obama's daughter was an intern at Harvey Weinstein's office before the #MeToo story broke https://***Ey"", 'Excited for Lauren Taylor from @s***s S*Marts Associates is facilitating this workshop! #NoMeansNo: How to Stop #Harassment and #Bullying. Intro by @c***e, chair of the Subcommittee of #WomenInMicrobiology (#FreeBreakfast) (https://***0) #MeToo #WomenInSTEM https://***6I', ""I'm excited and honored to be in #Rome teaching #metoo workshops for @O***s at @O***M this year! https://***ut"", '-']",-,content_B,post
t2847,u0721,2022-02-15 18:13:09+00:00,MeToo,K***y,Zoë Kravitz had to rewrite directorial debut ‘Pussy Island’ after #MeToo https://***JW #SM https://***DI,"['Zoë Kravitz had to rewrite directorial debut ‘Pussy Island’ after #MeToo https://***JW #SM https://***DI', ""⚡️ “The #MeToo movement in France may hurt Emmanuel Macron's chance of being re-elected” by @F***s https://***Nt"", '3 - Advocate Ms Amna Usman explains the flaw in #QandeelBaloch Case decision @W***n @Z***o &amp; @X***t Full 👉 | https://***fc | #Women #Woman #Rape #HonourKilling #MinarePakistan #Misogyny #Molestation #SexualHarassment #EveTeasing #MeToo https://***iP', '-']",-,content_A,post
t3693,u3274,2022-03-02 09:03:01+00:00,MeToo,F***S,"Yes, #WeNeedToTalkAboutCosby🗣, but #FirstThem👉🏾 Justin Nevitt, 36, indicted and arrested for sodomy and incest on a child under the age of 12. #MeToo #WeAsOurselves🤐 #SilenceIsViolence🤬 #H1news🗞 ✏️: FTNstaff 📸: Hopkins Co. Jail 🔗: https://***xK https://***3X","['#MeTooMédias #classementSansSuite Je vous recommande ce thread de @m***r https://***1j', 'Yes, #WeNeedToTalkAboutCosby🗣, but #FirstThem👉🏾 Justin Nevitt, 36, indicted and arrested for sodomy and incest on a child under the age of 12. #MeToo #WeAsOurselves🤐 #SilenceIsViolence🤬 #H1news🗞 ✏️: FTNstaff 📸: Hopkins Co. Jail 🔗: https://***xK https://***3X', ""@M***1 @C***N Yes, it must be #TimesUp for Putin. We must protect all of Ukraine now including Kyiv &amp; their heroic champion of democracy — President Zelenskyy — with more defensive support, intelligence, aid, help in arresting Putin's gang, etc. #StopPutin globally! https://***3I"", '-']",-,content_B,post
t3972,u1293,2018-01-01 18:03:49+00:00,MeToo,m***s,"#TIMESUP on silence. #TIMESUP on waiting. #TIMESUP on tolerating discrimination, harassment or abuse. Sign the solidarity letter &amp; donate to the @T***W Legal Defense Fund: https://***Lc https://***92","['#timesup ⏱ 💪🏻💪🏼💪🏽💪🏾💪🏿 https://***lb', '#TIMESUP on silence. #TIMESUP on waiting. #TIMESUP on tolerating discrimination, harassment or abuse. Sign the solidarity letter &amp; donate to the @T***W Legal Defense Fund: https://***Lc https://***92', 'What “Maoz Tzur” Has To Do With Our #MeToo Moment https://***nz by @r***e #hanukkah', '-']",-,content_B,post
t3854,u0957,2022-03-05 00:00:34+00:00,MeToo,n***o,"She named a predator whose torture she had described publicly for years, even before the #MeToo movement took hold. https://***AV","['PSA! EVERYONE deserves to feel safe using social media! #psa #nasty #enoughisenough #realtalk #besafe #Equality #respect #Disgusting #NoThankYou #MeToo https://***hv', 'She named a predator whose torture she had described publicly for years, even before the #MeToo movement took hold. https://***AV', 'Hey @j***s @T***d @T***d @J***y you fkn abusive SOB think Policewomen are disposable. You are the reason Women in policing are suffering. Fk you for protecting sexual predators &amp; for silencing US. Stop being complicit cowards. #MeToo #NDA https://***fn', '-']",-,content_B,post
t3897,u2875,2022-03-06 08:55:32+00:00,MeToo,S***r,"Die @F***N tritt aus dem @B***e aus, weil es keine Mehrheit für die Absetzung sines obersten Repräsentanten #doepfner gibt, maßgeblich für den Fall #reichelt verantwortlich. Und dann fragen immer alle, wie so was wie #MeToo bei @B***D möglich ist https://***uE","[""I think changing this happens case by case, because women have clear reasons for distrusting our (men's) expressions of platonic love. So, we have to build trust individually/ask women for clear consent for the expression of platonic love. But doing so is a radical social action."", '@f***3 #MeToo', 'Die @F***N tritt aus dem @B***e aus, weil es keine Mehrheit für die Absetzung sines obersten Repräsentanten #doepfner gibt, maßgeblich für den Fall #reichelt verantwortlich. Und dann fragen immer alle, wie so was wie #MeToo bei @B***D möglich ist https://***uE', '-']",-,content_C,post
t2920,u2828,2022-02-16 20:22:14+00:00,MeToo,V***1,-,"[""We're sharing 5 reminders you need to hear this #ValentinesDay: 1. Love is not transactional. 2. You can say no, even if you've said yes before. 3. No amount of self-work qualifies you to be loved. #metoo #ValentinesDay2022 https://***Ol"", 'Playboy Bunnies Blast ‘Predator’ Hugh Hefner’s Bestiality, ‘Cult’ Sex and Worse https://***xc - #Sexism #Pornography #Playboy #HughHefner #Feminism #SexPositive #Misogyny #MeToo #AnimalAbuse', 'Wall Street faces end of arbitration secrecy over #MeToo cases and it is about time! Long an impediment to women getting the protection that they need AND deserve from the companies where they work, forced arbitration of sexual ha...https://***Fs https://***2k', '-']",tweet_B,-,retweet
t2924,u1229,2022-02-16 21:24:00+00:00,MeToo,s***2,"Playboy Bunnies Blast ‘Predator’ Hugh Hefner’s Bestiality, ‘Cult’ Sex and Worse https://***xc - #Sexism #Pornography #Playboy #HughHefner #Feminism #SexPositive #Misogyny #MeToo #AnimalAbuse","[""How does an amendment to the Federal Arbitration Act affect #MeToo cases? In her latest blog post, Partner Amanda Van Hoose Garofalo addresses how the new bill will and won't affect harassment claims. #LaborLaw #Blog https://***JY"", '@d***C #believeallwomen', 'Playboy Bunnies Blast ‘Predator’ Hugh Hefner’s Bestiality, ‘Cult’ Sex and Worse https://***xc - #Sexism #Pornography #Playboy #HughHefner #Feminism #SexPositive #Misogyny #MeToo #AnimalAbuse', '-']",-,content_C,post
t3347,u3087,2022-02-22 22:04:55+00:00,MeToo,M***7,-,"[""#BlackHistoryMonth Rare Footage Of All-Black Towns In The 1920's. #BHM #BLM #TheShadeRoom #WorldStar #PressPlay #Facebook #Instagram #Twitter #BlackTwitter #SocialMedia #Internet #NowThis #OnwardTogether #CivilRights #CivilRightsMovement #IHaveADream #MakingHistory #News https://***nF"", 'Την σκότωσε στο ξύλο επειδή την θεωρούσε κτήμα του. Άλλη μία αδελφή μας δολοφονείται από την πατριαρχία. Καμία ανοχή. #γυναικοκτονια #MeToo', 'https://***KA #bible #Christian #adventist #adventistteams #bibletruth #biblefacts #sda #sdachurch #IWillGo', '-']",tweet_A,-,retweet
t0147,u1951,2018-10-29 07:28:24+00:00,MeToo,j***i,".@H***e answers FAQs on #sexualharassment inside and away from the workplace. Please read, RT, share #MeToo https://***rF","['.@H***e answers FAQs on #sexualharassment inside and away from the workplace. Please read, RT, share #MeToo https://***rF', '#IAm a black woman and a chemist #IWill become a full professor at a top research institution #Inst2018 The road to #PhinisheD', '...and Florida makes 36! In 36 states and Washington, DC, voters have already begun casting their ballots. Find out if you can #VOTE early at https://***j. #IWillVote https://***iB', '-']",-,content_A,post
t3285,u0705,2022-02-21 20:36:33+00:00,MeToo,F***1,"@l***i Visto che il #Femminismo in #QuoteRosa 🌈 di supercazzole #Gender made in #Biden vuole l' #Ucraina nella #NATO a costo della #TerzaGuerraMondiale , non dimenticate di mandare al fronte #Azov #NonUnaDiMeno &amp; #LGBT #MeToo de sinistra ... https://***Rk","[""@K***o How is this equal to sexual harassment? The reasons behind someone not exposing this journalist in question and the trauma of sexual abuse is NOT the same. That's poor..sorry. The #MeToo movement has had enough of problems as is. This is trivialising the whole point of it."", ""@l***i Visto che il #Femminismo in #QuoteRosa 🌈 di supercazzole #Gender made in #Biden vuole l' #Ucraina nella #NATO a costo della #TerzaGuerraMondiale , non dimenticate di mandare al fronte #Azov #NonUnaDiMeno &amp; #LGBT #MeToo de sinistra ... https://***Rk"", 'Why are institutions not held #accountable when they neglect to immediately report allegations of abuse to authorities? #theyknew #Churchtoo #keepkidssafe https://***pB', '-']",tweet_C,content_B,reply
t3391,u0201,2022-02-23 16:26:31+00:00,MeToo,J***i,When I was 10 yrs old .. I told him to stop and he put a pillow over my face suffocating me and he didn’t #MeToo https://***jX,"['@C***1 @s***n But then, ironically, after #MeToo in 2017 there was a huge backlash and suddenly there were False Accusation Police everywhere yelling at you that you can\'t just say shit like this to ""smear a dead man\'s reputation"" without proof etc', 'Li Qiaochu e il #MeToo cinese: la storia della coraggiosa attivista https://***N6 #Cina', 'When I was 10 yrs old .. I told him to stop and he put a pillow over my face suffocating me and he didn’t #MeToo https://***jX', '-']",-,content_C,post
t2710,u0465,2022-02-13 20:24:18+00:00,MeToo,L***0,-,"['But why did the partygate scandal break only now? Scandals erupt not at the point people discover the behaviour, but at the point that enough people decide it is wrong. https://***ag', '#VisualRebellioN #BuzzLightYear #2R1 #ToInfinityAndBeyond #FLY #HIGH #SKY #WIND #SOAR #SAIL #ONE #WE #WE #MileHighMadness #Art4Kids #RainbowGang #Disney #Pixar #TimAllen #Moon #Stars #OurLoveCanTouchTheStars #Galaxy #Infinity #DisneyPlus #Space #Survivor #IWillSurvive #DianaRoss https://***Z6', ""@s***7 Let's all remember who started these covid conversations while we're at it. #IwillNotWatch #NoBeijing2022 #BoycottBeijingOlympics #BoycottBeijing2022 #CCPLiedPeopleDied #CCPVirus #FreeUyghurs #FreeTibet #Xinjiang #ccp_is_terrorist #BoycottMadeInChina"", '-']",tweet_C,-,retweet
t3206,u0694,2022-02-20 16:16:32+00:00,MeToo,B***e,-,"[""@l***i Non è che #Odongo ha preso male la strategia #EU4LGBTIQ della @v***n di accusare di #OmoFobia #Fascismo #Razzismo ecc. Polonia, Ungheria, e chiunque non creda al culto #Gender ? Nemmeno l' #Uganda di #Museveni vuole essere schiava del #PoliticamenteCorretto #MeToo ? https://***Cw"", ""Stærkt initiativ fra @s***h med en liste over 'ubehagelige oplevelser'. En ny måde af afdække #sexisme, seksuel chikane og overgreb på #MeToo. https://***GX"", '@M***3 &lt;--? @T***r #Seriously #TimsTwitterListeningParty #TimeBomb #TimnasIndonesia #TIMETOTWICE #timeprincess #timelapse #TimesUp #Italktothedead #iseenodifference #Iseedeadpeople https://***p6', '-']",tweet_A,-,retweet
t2535,u1485,2022-02-09 18:40:49+00:00,MeToo,L***r,"Yes the federal #judge in my #newbook Code of Silence regularly got drunk on the job. That and more on #metoo, #whistleblowers and the #fedcourts in this thread of highlights from @S***a #ladylawyers https://***E2","['Hey there @E***E @M***a now would be a great time to implement a policy for customers affected by domestic abuse #CorporateAccountability #CorporateResponsibility #DoSomething #victimblaming #SurvivorShaming #MeToo #CoerciveControl #FinancialAbuse #DomesticAbuse #Day1003', 'Oh @R***a I finally can send you one of these if you want one. I think you deserve it. #IBelieveTaraReade https://***cz', 'Yes the federal #judge in my #newbook Code of Silence regularly got drunk on the job. That and more on #metoo, #whistleblowers and the #fedcourts in this thread of highlights from @S***a #ladylawyers https://***E2', '-']",-,content_C,post
t2723,u1849,2022-02-14 04:45:26+00:00,MeToo,r***1,#CorpMedia #Oligarchs #MegaBanks vs #Union #Occupy #NoDAPL #BLM #SDF #DACA #MeToo #Humanity West could have prevented deadly ISIS prison breakout in northeast Syria https://***cX New petition launched to remove Kurds from terrorist list https://***cX https://***lT,"[""'Before the metoo movement, where were the buddhist teachers who were speaking out about the situation of and abuse of women on this planet?'. - Himalayan Yogi"", '#CorpMedia #Oligarchs #MegaBanks vs #Union #Occupy #NoDAPL #BLM #SDF #DACA #MeToo #Humanity West could have prevented deadly ISIS prison breakout in northeast Syria https://***cX New petition launched to remove Kurds from terrorist list https://***cX https://***lT', '#keeptrying #yourbodyisyourtemple #onlyone #putinthework #educateyourself #fitnessqt #activeqt #workoutqt #qthealthythighs #qthealtheyes #stayactive #behealthy #dedication #empowerment #discipline #commitment #determination #iwill #youcandoit #underarmour #protectthishouse https://***4O', '-']",-,content_B,post
t2786,u1849,2022-02-15 03:00:29+00:00,MeToo,r***1,#CorpMedia #Idiocracy #Oligarchs #MegaBanks vs #Union #Occupy #NoDAPL #BLM #SDF #DACA #MeToo #Humanity #DemExit #FeelTheBern America's political establishment isn't in the least troubled by voters' semi-literate paranoia; they're banking on it... https://***51 https://***0C,"['The FT investigates Axel Springer’s #MeToo moment https://***qD', '« Séducteur respectueux » is the new « Agresseur sexuel » #MeTooMedia #MeToo https://***yQ', ""#CorpMedia #Idiocracy #Oligarchs #MegaBanks vs #Union #Occupy #NoDAPL #BLM #SDF #DACA #MeToo #Humanity #DemExit #FeelTheBern America's political establishment isn't in the least troubled by voters' semi-literate paranoia; they're banking on it... https://***51 https://***0C"", '-']",-,content_C,post
t0125,u2027,2018-10-16 10:23:31+00:00,MeToo,t***H,"“And even as Mr Frog escaped into the wilderness – cries of #MeToo came from the bushes. Ms Bee-eater, Ms Kingfisher, no one had been spared...” #MeTooIndia https://***um","['[OPINIÓN] Aniversario del #MeToo: El año en el que las mujeres perdimos el miedo https://***Xj | Por Hinde Pomeraniec https://***o4', 'https://***Qw #MeTooIndia #MeToo #MeeTooIndia #MeTooControversy #MeTooDebate', '“And even as Mr Frog escaped into the wilderness – cries of #MeToo came from the bushes. Ms Bee-eater, Ms Kingfisher, no one had been spared...” #MeTooIndia https://***um', '-']",-,content_C,post
t3160,u1849,2022-02-20 01:42:18+00:00,MeToo,r***1,#CorpMedia #Idiocracy #Oligarchs #MegaBanks vs #Union #Occupy #NoDAPL #BLM #SDF #DACA #MeToo #Humanity #DemExit #FeelTheBern SDF frees young Yazidi woman before ISIS mercenaries managed to take her to Turkey https://***3o A young woman named Roza Emin Bereket... https://***oS,"['#MONGOLIA: 60% of women who first had sex before age 15 were mainly forced, while 14% did so even though they didn’t want to https://***8o #VAW #MeToo #Rape #RapeCulture', '#CorpMedia #Idiocracy #Oligarchs #MegaBanks vs #Union #Occupy #NoDAPL #BLM #SDF #DACA #MeToo #Humanity #DemExit #FeelTheBern SDF frees young Yazidi woman before ISIS mercenaries managed to take her to Turkey https://***3o A young woman named Roza Emin Bereket... https://***oS', '#8μαρτιου #παγκοσμια_μερα_γυναικας #InternationalWomensDay #metoo #metooGR #MeToogreece #volos https://***Rc', '-']",-,content_B,post
t3721,u0888,2022-03-02 18:12:00+00:00,MeToo,S***k,"The officers responsible for #JusticeforBreonnaTaylor death were not charged for her homicide on a no-knock warrant, with the exception of Brett Hankison charged with wanton endangerment for firing into a neighboring apartment wall.The officers' commander was demoted. #MeTooVoter","[""The officers responsible for #JusticeforBreonnaTaylor death were not charged for her homicide on a no-knock warrant, with the exception of Brett Hankison charged with wanton endangerment for firing into a neighboring apartment wall.The officers' commander was demoted. #MeTooVoter"", '@s***e I wonder what donald jarvis learned at this gathering! These lawyers are trying to figure out how to close the cracks so women wouldn’t be able to speak up like we have! Donald was so angry like he didn’t want the gravy train to end! They are going to learn from US! #MeToo https://***BT', 'Overcoming and Healing After an Assault https://***GZ via @Y***e #mentalhealth #metoo', '-']",-,content_A,post
t3252,u2777,2022-02-21 11:52:35+00:00,MeToo,E***V,Singer-former TV judge @C***i reacts to netizen slamming Indian Idol Telugu makers for 'picking #MeToo accused @s***k as judge' https://***64 #IndianIdolTelugu #Chinmayi #MeToo #Karthik https://***um,"['1ère Présidentielle post #Metoo : Un changement de genre politique ? https://***ZH https://***F9', '#CorpMedia #Idiocracy #Oligarchs #MegaBanks vs #Union #Occupy #NoDAPL #BLM #SDF #DACA #MeToo #Humanity #DemExit #FeelTheBern Workers Have Made Shocking Allegations of Racism at One of Elon Musk’s California Factories https://***Ys California has filed a civil ... https://***LY', ""Singer-former TV judge @C***i reacts to netizen slamming Indian Idol Telugu makers for 'picking #MeToo accused @s***k as judge' https://***64 #IndianIdolTelugu #Chinmayi #MeToo #Karthik https://***um"", '-']",-,content_C,post
t2727,u0615,2022-02-14 05:36:24+00:00,MeToo,V***c,-,"[""'Before the metoo movement, where were the buddhist teachers who were speaking out about the situation of and abuse of women on this planet?'. - Himalayan Yogi"", 'Day 11/16 of #Beijing2022 #Olympics #BoycottBeijing2022 #BoycottBeijingOlympics #NoGenocideGames #iwillnotwatch #NoBeijing2022 #NoRightsNoGames #UyghurGenocide #HongKongers #Tibet #FreeTibet #StopGenocide #Uyghurs #China #WinterOlympics2022 #WhereIsPengShuai #FreeHongKong https://***FS', ""It's a lesson to me. The Deltas and the East and the Freeze. The ABC's we all think of and try to keep a little love. #IWillGetBy #IWillSurvive #WeWillGetBy #WeWillSurvive https://***xV"", '-']",tweet_B,-,retweet
t1990,u0899,2021-12-05 13:46:11+00:00,MeToo,j***r,"Debra Katz, the alleged victim’s attorney, said her client “came forward because she was disgusted by Chris Cuomo’s on-air statements"" in the wake of his brother's scandal. The anchor had said that he had always cared deeply about #metoo violations.","['a #MeToo but for bullying in Nigerian high schools would be a catastrophic calamari', 'Being a professor has been a dream of mine for much of my life. However, lately I have questioned my desire to pursue an academic career, partly due to the way the pandemic and social justice movements like #BLM and #metoo have highlighted many of academia’s toxic aspects. 1/n', 'Debra Katz, the alleged victim’s attorney, said her client “came forward because she was disgusted by Chris Cuomo’s on-air statements"" in the wake of his brother\'s scandal. The anchor had said that he had always cared deeply about #metoo violations.', '-']",tweet_C,content_C,reply
t0159,u2802,2018-11-04 12:44:07+00:00,MeToo,c***e,-,"['“You are not just the future, you are the present. Vote for what you believe in.” - @c***n. Young people, rise up! Vote November 6th. Our lives depend on it. #NAACP #Turnout18 #IWillVote https://***Qu', 'Omg! What is going on with the @B***e campaign? Is someone going to jail? Is that fraud or embezzlement or something? Idk the law...just common sense...#BetoForTexas needs to fire someone and show he is serious about #Truth! #TXSen #Beto2018 #Beto4Texas #metoo #women', 'According to the national academy, sexual harassment in science is second only to the military. This is a crisis #metooSTEM #SfN18', '-']",tweet_C,-,retweet
t2158,u1599,2022-01-17 15:00:02+00:00,MeToo,S***t,“The function of education is to teach one to think intensively and think critically. Intelligence plus character - that is the goal of true education.” -Dr. Martin Luther King Jr. #MLKDay #MLK #IHaveADream #MartinLutherKingJr #Education #EducationEquity #SLNetwork #TYWLS https://***34,"['Today we honor the life and legacy of Dr. Martin Luther King Jr. #MLKDay #LifeExtension #martinlutherking #martinlutherkingjr #ihaveadream #civilrights #equality #peace #quote #martinlutherkingday #blacklivesmatter #mlkjr #humanrights #drking https://***J4', '“The function of education is to teach one to think intensively and think critically. Intelligence plus character - that is the goal of true education.” -Dr. Martin Luther King Jr. #MLKDay #MLK #IHaveADream #MartinLutherKingJr #Education #EducationEquity #SLNetwork #TYWLS https://***34', 'El #BlueMonday son los padres. Yo estoy más contento que cualquier otro lunes. Mejor celebremos el #MartinLutherKingDay y soñemos con ese mundo que nos merecemos. #MLKDay2022 #IHaveADream', '-']",-,content_B,post
t2200,u0306,2022-01-21 15:21:40+00:00,MeToo,C***U,"In “The Face of a Movement: Colorism &amp; Racism in the Evaluation of Black ♀ Leaders,” @N***U PhD cands @_***y &amp; @_***V ask: How do skin tone &amp; hair variation affect perceived capabilities of Black ♀ leading social mmts like #BlackLivesMatter &amp; #MeToo? https://***Ks","['In “The Face of a Movement: Colorism &amp; Racism in the Evaluation of Black ♀ Leaders,” @N***U PhD cands @_***y &amp; @_***V ask: How do skin tone &amp; hair variation affect perceived capabilities of Black ♀ leading social mmts like #BlackLivesMatter &amp; #MeToo? https://***Ks', 'Dank @P***f voor je sterke standpunt en begrip dat het gaat over de mánnen! #metoo #thevoice. En @J***1 je snapt er werkelijk echt níets van. Je bent een triest vb van #whitemaleprivilige. Precies jouw teksten maken dat we niets durven te zeggen.', 'https://***H6 #freedom #Ronaldreagan #downwithtyranny #wethepeople #patriotic #iwillnotcomply #americanflag #madeinamerica #forefathers #betsyross #nofascism #donaldtrump #georgewashinton #americanpride #madeinUSA #americaningenuity #redwhiteandblue https://***lG', '-']",tweet_B,content_A,reply
t2701,u1444,2022-02-13 17:28:25+00:00,MeToo,R***a,-,"[""'The Will to Succeed' (Kindle E-book/James Langston/$6.25) [ https://***HJ ] What do you do when all else fails? Others have failed, but you were made for greatness. #inspiration #motivation #IWillMakeIt #NeverGiveUp #WinnersNeverQuit #SuccessIsSweet #BeALeader #nomas https://***iY"", '“I find the letter fascinating because it demonstrates how some of the most revered writers and scholars in America are deeply anxious about what they see as #MeToo overreach, student hypersensitivity and campus kangaroo courts.” https://***Ay', 'https://***Tn RT-11 #Metooindia #FeminismIsCancer #Feminism #Patriarchy #GenderBiasedLaws #stopfeminism #feminist #fakefeminism #MensLivesMatter #SaveOurSons #InternationalMensDay #toxicfeminism #genderbiased #women #metoo #rape #womenempowerment #WomensRights #female', '-']",tweet_B,-,retweet
t2865,u2528,2022-02-15 22:31:52+00:00,MeToo,M***r,« J’obtiens toujours ce que je veux. » Une phrase qui « a ponctué [ses] cauchemars pendant des années ». Et qu’elle a vécu « comme une menace de la part de quelqu’un qui avait un ascendant hiérarchique sur [elle] » #Mediapart #MeToo #MeTooMedias https://***yW,"['« J’obtiens toujours ce que je veux. » Une phrase qui « a ponctué [ses] cauchemars pendant des années ». Et qu’elle a vécu « comme une menace de la part de quelqu’un qui avait un ascendant hiérarchique sur [elle] » #Mediapart #MeToo #MeTooMedias https://***yW', 'I did promised on my honour never to betray our #Values. Let us pray please. Ernest Agbada on air. #privatisation #ICO #HMRC #mertoncouncil #LabourParty #jounalist #Politics #Love #World #Ihaveadream #NDC #NHS https://***iL', ""@W***m #believeallwomen Snoop Dogg and Don 'Magic' Juan accused of sexual assault, battery in new lawsuit https://***48 via @u***y"", '-']",-,content_A,post
t3203,u2460,2022-02-20 14:07:29+00:00,MeToo,b***s,"I refused to watch any of #Beijing2022 #GenocideGames and I did not watch the closing ceremony. #NeverAgain should @i***a hold #Olympics in a country whose regime is committing #Genocide, #CrimesAgainstHumanity &amp; other grave #HumanRights violations. #IWillNotWatch https://***VD","['our #moralduty #asoneworld #isto #healnature... #Iwillexplain #sothat #allmen #mayunderstand....', 'I refused to watch any of #Beijing2022 #GenocideGames and I did not watch the closing ceremony. #NeverAgain should @i***a hold #Olympics in a country whose regime is committing #Genocide, #CrimesAgainstHumanity &amp; other grave #HumanRights violations. #IWillNotWatch https://***VD', '#mentoo #ABLANARI #niruparoy #fakecases #womenempowerment #legalterrorism #legalextortion #498A #dowrylawmisuse #Feminism #toxicfeminism #feminazi #metooindia #fraudwatch #blackmail #genderequality #GenderBiasedLaws #crimebywomen #CrimeHasNoGender @M***D @U***a @h***w https://***PG', '-']",-,content_B,post
