id,author_id,created_at,event_type,username,action_content,content_option,action_object_answer,action_content_answer,action_type_answer
t1001,u1026,2020-09-16 14:17:10+00:00,Wildfire,a***e,"As wildfires rage in the west, I know that we can save our planet. The solutions are within reach. That’s why I’m taking part in @T***n - a free, live, global event to fight the climate crisis. Taking place on 10.10.20. Learn more: https://***lz #JoinTheCountdown","['@_***g That is tricky question. It all depends on the location. Each land management agency has different but similar rules and regulations. If a person is seen shooting and it starts a wildfire, call 911.', 'I got the front row 😅 OUT THE BOX @f***g @ Los Angeles, California https://***BP', 'As wildfires rage in the west, I know that we can save our planet. The solutions are within reach. That’s why I’m taking part in @T***n - a free, live, global event to fight the climate crisis. Taking place on 10.10.20. Learn more: https://***lz #JoinTheCountdown', '-']",-,content_C,post
t0048,u2654,2018-08-21 03:32:38+00:00,Wildfire,S***w,It's absurd for ministers to meet in a province where nearly 600 wildfires are burning and to leave climate change off the agenda. #cdnpoli #bcpoli https://***rQ,"['A must read for California recruiting leaders https://***ED', ""It's absurd for ministers to meet in a province where nearly 600 wildfires are burning and to leave climate change off the agenda. #cdnpoli #bcpoli https://***rQ"", 'Glacier Park 2018: What’s Open and What’s Closed https://***Fd Some of the latest trail, road and area closures in @G***S as of Aug. 20 #MTnews #MTfire #HoweRidgeFire', '-']",-,content_B,post
t1415,u3251,2020-11-11 21:27:52+00:00,Wildfire,P***z,Excited to see this article on fire in CA focus on the collaborative governance approaches that will help us meet our fire and forest management goals. From @C***b https://***sB,"['Mom &amp; Dad. 💙 @ Malibu, California https://***Kj', 'Excited to see this article on fire in CA focus on the collaborative governance approaches that will help us meet our fire and forest management goals. From @C***b https://***sB', 'Designing a tiny pocket booklet for #NextLevelUX here’s a shot at the paper prototype first pass. #racetothedraft #ux #prototype @ Alameda, California https://***SE', '-']",-,content_B,post
t0787,u0284,2020-09-09 10:56:56+00:00,Wildfire,c***A,"UVA ENGINEERS DESIGN A SENSOR NETWORK, ALLOWING RAPID RESPONSE TO WILDFIRES https://***co","[""Europe's largest refugee camp has destroyed by fire overnight https://***SG"", 'UVA ENGINEERS DESIGN A SENSOR NETWORK, ALLOWING RAPID RESPONSE TO WILDFIRES https://***co', 'Wildfire nightmare unfolding tonight in Oregon. https://***VK', '-']",-,content_B,post
t1187,u2746,2020-10-05 21:05:48+00:00,Wildfire,U***e,-,"['The ECFD and ECPD responded to a fire in the Hillside Nature Area on October 4, 2020. https://***2v', '🆙 @ Los Angeles, California https://***zC', 'Officially fire pit season🔥🔥🔥 https://***yV', '-']",tweet_A,-,retweet
t1403,u1435,2020-11-09 13:32:06+00:00,Wildfire,L***1,"Congratulations to Alana Neville, this week's randomly selected #winner of a Light ‘n Go #Bonfire! Thank you to everyone that entered! The next #giveaway will start again on Friday! #campfire #outdoors #family #camping #firepit #fireplace #WINNER #BBQ https://***46","['Acabou de publicar um vídeo em San Diego , California https://***t2', ""Congratulations to Alana Neville, this week's randomly selected #winner of a Light ‘n Go #Bonfire! Thank you to everyone that entered! The next #giveaway will start again on Friday! #campfire #outdoors #family #camping #firepit #fireplace #WINNER #BBQ https://***46"", '@m***s @P***n They’re still counting in California too but a State is ‘called’ when trends and statistics are established by a certain percentage of reported votes and there’s some degree of mathematical certainty. These 4 States are close and the trends swung so they have to count every vote', '-']",-,content_B,post
t1035,u2823,2020-09-17 19:36:14+00:00,Wildfire,M***r,-,"['A7. #IoT sensors can detect &amp; report on #Wildfire hazards or rising floodwaters, and #AI can automatically take protective measures to mitigate or stop the risk in its tracks. #MMCChat https://***2T', 'Just posted a photo @ Los Angeles, California https://***3J', ""@N***K @N***s @P***o What a provocative argument, Pat! If only it weren't undercut by the facts. Bottom line: we don’t want this content on our platform. It is not to our benefit. And while our enforcement is not perfect, we work aggressively to identify and remove it. (1/3)"", '-']",tweet_A,-,retweet
t1493,u2640,2020-11-30 01:18:33+00:00,Wildfire,N***a,"Going to be up late tonight? If so, you may want to check out the partial lunar eclipse, which will peak at 1:42 AM early Monday morning. Thin high clouds overnight may obscure views of the moon to some extent, but the partial eclipse should still be visible. #CAwx https://***Wu","['Going to be up late tonight? If so, you may want to check out the partial lunar eclipse, which will peak at 1:42 AM early Monday morning. Thin high clouds overnight may obscure views of the moon to some extent, but the partial eclipse should still be visible. #CAwx https://***Wu', '@O***K @G***a The first pipe that delivers purified smoke to your lips without any contact Release date Dec 1st https://***Ud https://***Jr', 'Just posted a photo @ San Diego, California https://***Xp', '-']",-,content_A,post
t1348,u1035,2020-10-28 02:43:23+00:00,Wildfire,d***b,“The United States Geological Survey has previously listed Arctic hydrate destabilisation as one of four most serious scenarios for abrupt climate change.” https://***Ip,"['“The United States Geological Survey has previously listed Arctic hydrate destabilisation as one of four most serious scenarios for abrupt climate change.” https://***Ip', 'In new article, Kit Rodolfa @m***u and colleagues in Adhoc California COVID-19 Working Group explain how they quickly built epidemic models that guided state policy to contain the virus and help allocate critical resources like ICU beds and ventilators. https://***dU https://***eb', ""Newsom's Thanksgiving rules offer Californians little to give thanks for https://***BX"", '-']",-,content_A,post
t0209,u1162,2018-11-11 13:58:09+00:00,Wildfire,p***r,-,"['House gone. But I am grateful for the many great years Malibu has given me and my children. Now, trying to help neighbors save their homes. #woolseyfire #malibu #malibufires #fires @... https://***YF', 'View of camp fire taken from Chico California that just destroyed the nearby town of Paradise. Thoughts go out to our @A***s colleagues at Cal State Chico@C***e @p***k and stewart oakley. @C***s https://***3T', 'SOUTHERN CALIFORNIA! Anybody near #Malibu with a horse trailer, SYCAMORE FARM needs to evacuate 40 horses from 3661 Cross Creek Road before the fires get there! #WoolseyFire https://***Bo', '-']",tweet_B,-,retweet
t1377,u0824,2020-11-02 23:47:25+00:00,Wildfire,s***a,...Remnants of the chemicals given off by a house fire can linger for several weeks after the clouds of billowing smoke are gone. #Wildfire #ColoradoWildfires #FireRestoration #CAWildfire #FireDamage https://***tt,"['Fire them shots Barack! 😂 🇺🇸 https://***kT', 'I feel like I am going to combust from all the stress this week and just be a puff of blue smoke 💨 into the air. 😭', '...Remnants of the chemicals given off by a house fire can linger for several weeks after the clouds of billowing smoke are gone. #Wildfire #ColoradoWildfires #FireRestoration #CAWildfire #FireDamage https://***tt', '-']",-,content_C,post
t1176,u2880,2020-10-05 01:07:49+00:00,Wildfire,a***g,A smoky sunset tonight- no filter or editing #sundaysunset #frasercolorado #williamsforkfire #smokeandsunset #coloradowildfire #byerspeak #weneedrain #beon9 #grandcounty https://***CK,"[""I repeat: Fire Bill O'Brien https://***7U"", '🤷🏻♂️Posted for a second time with the same title. The #NeffsFire is NOT “contained, controlled and out”... its 65% contained per @U***F. https://***dw', 'A smoky sunset tonight- no filter or editing #sundaysunset #frasercolorado #williamsforkfire #smokeandsunset #coloradowildfire #byerspeak #weneedrain #beon9 #grandcounty https://***CK', '-']",-,content_C,post
t1286,u3097,2020-10-19 06:31:57+00:00,Wildfire,J***n,"@R***h TIL a wildfire smoke particle is 1/100th the diameter of human hair, and Zika virus is 1/10th the diameter of the smoke particle.","['Had my first green smoothie just now and will go for a bike ride and when will California make me an honorary resident ?', '@R***h TIL a wildfire smoke particle is 1/100th the diameter of human hair, and Zika virus is 1/10th the diameter of the smoke particle.', '@L***e You smoke now?', '-']",tweet_B,content_B,reply
t1311,u2102,2020-10-22 13:51:03+00:00,Wildfire,P***o,12 destructive hours of wildfire exposed Oregon's resource crisis https://***VI,"[""12 destructive hours of wildfire exposed Oregon's resource crisis https://***VI"", 'They will rather set the country on fire than do the right thing ! 💔,the world is watching .', 'Today, I chaired 11th session of #CBF. The meeting focussed on COVID19 PROOFING THE BUSINESS ENVIRONMENT. The various presentations brought a diagnosis of the impact #COVID__19 has had on the economy in general and the business climate in particular. #CBFConference2020 #Cameroon https://***Vm', '-']",-,content_A,post
t0164,u0869,2018-11-08 11:43:09+00:00,Wildfire,f***s,"“I grabbed a chair and I broke it through the glass”: 19-year-old Mitchell Hunter describes how he escaped the Borderline Bar &amp; Grill where a gunman opened fire in Thousand Oaks, CA https://***DK","['“I grabbed a chair and I broke it through the glass”: 19-year-old Mitchell Hunter describes how he escaped the Borderline Bar &amp; Grill where a gunman opened fire in Thousand Oaks, CA https://***DK', 'What do you know about home fires? @R***v has resources and tips to keep your home fire safe: https://***63 #FireSafety https://***6k', '""We have all seen these circus elephants complete with tusks, ivory in their head and thick skins, who move around the circus ring and grab the tail of the elephant ahead of them."" --Speech at the Cow Palace, San Francisco, California, 2 November 1960. Papers of John F. Kennedy.', '-']",-,content_A,post
t1255,u0598,2020-10-14 23:42:48+00:00,Wildfire,L***o,-,"['He is her secret, her vice She is his weakness, his dream A wildfire tests their will &amp; exposes their secret Can they survive the HEAT? All ebooks► https://***Qh Amazon► https://***0G #newadult #contemporaryromance #booklovers https://***yh', '@T***e Northern California https://***el', 'Let your voice be heard and your vote counted! Everything you need to know about voting in California can be found here: https://***3... #vote #vote2020 #voterregistration #votebymail #votecalifornia #voteearly #everyvotecounts https://***Dv', '-']",tweet_B,-,retweet
t1142,u0950,2020-09-30 04:13:45+00:00,Wildfire,W***e,"#RobertParkerWineAdvocate &amp; our parent company The MICHELIN Group sends our heartfelt condolences to all chefs, winemakers, restaurateurs &amp; emergency services working tirelessly in these very difficult circumstances. We will get through this together #strongertogether💪 #CALFIRE https://***3d","['#RobertParkerWineAdvocate &amp; our parent company The MICHELIN Group sends our heartfelt condolences to all chefs, winemakers, restaurateurs &amp; emergency services working tirelessly in these very difficult circumstances. We will get through this together #strongertogether💪 #CALFIRE https://***3d', 'California Condors, and Bengal Tigers Oh My! What do we have here? Common cause leading to animals becoming endangered is Humans! We need to be more responsible and do our parts as stewards of the planet! https://***8m', '@C***n Danielle DeSouza, California USA, pain researcher', '-']",-,content_A,post
t0172,u2957,2018-11-09 12:38:55+00:00,Wildfire,S***e,"My heart &amp; prayers go out to these communities. Dry &amp; gusty weather made this wildfire explode to 10,000 acres in hours. Very dangerous for evacuees and first responders. Conditions continuing today. Please be extra aware of fire possibilities. https://***pa","['“I don’t want thoughts. I don’t want prayers. I want gun control.” Her son didn’t come home. He died in California’s mass shooting. https://***7Q', 'My heart &amp; prayers go out to these communities. Dry &amp; gusty weather made this wildfire explode to 10,000 acres in hours. Very dangerous for evacuees and first responders. Conditions continuing today. Please be extra aware of fire possibilities. https://***pa', 'California bar shooting victims include police officer, aspiring Army service member https://***yj', '-']",-,content_B,post
t1052,u2455,2020-09-18 18:15:17+00:00,Wildfire,J***d,"From Jackie Berkowitz @T***S in the @N***t of @T***r describes the consequences of Bolsonaro’s denial of the Amazon wildfires, particularly during #COVID19 @C***c @C***s @Y***m @M***C @b***e @G***i #ClimateCrisis #wildfires https://***RF","['NHS Spitfire plane to fly over Scotland today — when and where to see it https://***aQ', 'A7. #IoT sensors can detect &amp; report on #Wildfire hazards or rising floodwaters, and #AI can automatically take protective measures to mitigate or stop the risk in its tracks. #MMCChat https://***2T', 'From Jackie Berkowitz @T***S in the @N***t of @T***r describes the consequences of Bolsonaro’s denial of the Amazon wildfires, particularly during #COVID19 @C***c @C***s @Y***m @M***C @b***e @G***i #ClimateCrisis #wildfires https://***RF', '-']",-,content_C,post
t1568,u1947,2020-12-16 01:01:42+00:00,Wildfire,c***r,Did you know there are #coral #reefs on the shores of one of the most densely populated cities? #HongKong is a biodiversity hot spot in the northern Asian region. This is the outer edge for many #tropical species as our climate here is sub-tropical. 1/4 https://***YA,"['Check out @R***q with @W***X at @E***s! Have you registered yet? #JasonGann #Wilfred #WilfedCBDSmokes #emerge #CannabisCommunity #Cannafest #cannabis #ARMedia https://***8a', 'Talk about owning a premium domain name! Hurry up and outbid the others now. The auction ends in 5 days. For details visit - https://***Ou . . . . #catched #domainauction #expireddomain #firees https://***6Z', 'Did you know there are #coral #reefs on the shores of one of the most densely populated cities? #HongKong is a biodiversity hot spot in the northern Asian region. This is the outer edge for many #tropical species as our climate here is sub-tropical. 1/4 https://***YA', '-']",-,content_C,post
t1072,u2746,2020-09-21 12:57:07+00:00,Wildfire,U***e,"Yesterday, there were ZERO wildfires reported to Utah's interagency dispatch centers. This marks the first day Utah has not had at least one new ignition SINCE APRIL 17TH. https://***Iw","[""Yesterday, there were ZERO wildfires reported to Utah's interagency dispatch centers. This marks the first day Utah has not had at least one new ignition SINCE APRIL 17TH. https://***Iw"", 'These are the different types of Fire Weapons for the game ""Crystal Squad"" that I am making with friends. Projectile design by https://***q. https://***7u', 'Earth, Wind &amp; Fire - September (Official Video) https://***7Q via @Y***e', '-']",-,content_A,post
t1124,u0925,2020-09-28 17:09:07+00:00,Wildfire,C***y,-,"['Chilling photos show the destruction and devastation the #GlassFire has left behind in Napa County. Fire crews are working to contain the wildfire that has already burned more than 2,000 acres and forced hundreds to evacuate. (AP Photos) Latest here: https://***p0 https://***qz', 'Staff Editor Austin C. Strohacker on the future of ridesharing in California: https://***53', 'Smart walls, wildfire cocktail, robot responders, and seismic signs. Watch “4 Awesome Discoveries You Probably Didn’t Hear About” that are standing up to Mother Nature: https://***xa Here’s one ⬇️ https://***bd', '-']",tweet_A,-,retweet
t0092,u2160,2018-09-22 23:15:12+00:00,Wildfire,N***a,Happy to share my FT article on how China can work with Africa to embrace a low carbon future centered around sustainable infrastructure investments. Also check out the CNN interview clip that talks of the $26 trillion opportunity by 2030 that comes with bold climate action. https://***C2,"['Happy to share my FT article on how China can work with Africa to embrace a low carbon future centered around sustainable infrastructure investments. Also check out the CNN interview clip that talks of the $26 trillion opportunity by 2030 that comes with bold climate action. https://***C2', 'Look at the #PoleCreekFire respecting the Juab County line https://***Q0', 'In 1 hour! #Wildfire Webinar: ""We bring fire with us: the role of people in changing modern U.S. fire regimes."" Presented by @D***h of @C***r Sep. 20, 2-3pm Eastern time. Free registration here: https://***qN #fireecology #environmental #WomenInScience https://***Ul', '-']",-,content_A,post
t0132,u0750,2018-10-20 14:33:05+00:00,Wildfire,P***n,Stay fire safe in your home or office. Don’t overload power strips and risk an electrical fire #FireSafetyTip. Get more fire safety information here @U***e: https://***PM https://***O6,"['Adam Horovitz paid more than the asking price for a more than 100-year-old house in Southern California. https://***Sj', 'MY LIL RALSTON JR FIRE PATROL!! @r***e https://***TF', 'Stay fire safe in your home or office. Don’t overload power strips and risk an electrical fire #FireSafetyTip. Get more fire safety information here @U***e: https://***PM https://***O6', '-']",-,content_C,post
t0150,u2084,2018-10-30 15:32:32+00:00,Wildfire,w***x,"The political turn to parochialism leaves no bandwidth for climate change, which transcends borders. *enter stage left* business case for corporate climate action from threats of losing a) customers to start-ups with a purpose b) productivity of uninspired workers to the internet https://***iq","['https://***ud cheers to women like her- #FIRE #ICC #SpeakUp #nofear', 'The political turn to parochialism leaves no bandwidth for climate change, which transcends borders. *enter stage left* business case for corporate climate action from threats of losing a) customers to start-ups with a purpose b) productivity of uninspired workers to the internet https://***iq', 'Hey #CALIFORNIA: Have you cast your ballot yet? No need to wait for #ElectionDay—you can make your voice heard NOW. Find out how you can #VOTE early at https://***s.', '-']",-,content_B,post
t1299,u0977,2020-10-20 13:48:36+00:00,Wildfire,N***y,What did typhoons in the Pacific have to do with wildfires in the Western US? NOAA climatologist Tom Di Liberto answers this question and more as he takes us on a trip across the Pacific and Atlantic Ocean to explore this very active hurricane season. https://***Tt https://***hn,"['Saturday Night Live. @ San Diego, California https://***6L', ""Armed men open fire at #EndSARS protest site in Nigeria's Lagos as curfew imposed, according to witnesses. Follow the developing story: https://***hj https://***1C"", 'What did typhoons in the Pacific have to do with wildfires in the Western US? NOAA climatologist Tom Di Liberto answers this question and more as he takes us on a trip across the Pacific and Atlantic Ocean to explore this very active hurricane season. https://***Tt https://***hn', '-']",-,content_C,post
t1421,u1193,2020-11-12 16:40:04+00:00,Wildfire,F***e,"#Wildfire safety tip: With Autumn bringing seasonal debris to yards, make sure to clean up your lawn. It will look good too! Learn more: https://***jE #fireadapted #firewise #defensiblespace https://***9u","['California Is Trying to Jump-Start the Hydrogen Economy https://***14', '#Wildfire safety tip: With Autumn bringing seasonal debris to yards, make sure to clean up your lawn. It will look good too! Learn more: https://***jE #fireadapted #firewise #defensiblespace https://***9u', 'File uploads, if they can be beaten, are a surefire path to shell. https://***vH', '-']",-,content_B,post
t1440,u2512,2020-11-17 20:25:36+00:00,Wildfire,M***n,Fantastic to see #BezosEarthFund's v generous funding to fight climate change and impact on communities. We're working @n***a to support nature's own processes to limit our impact on our planet. #NaturalClimateSolutions could give 37% of emissions cuts for &lt;2 deg warming https://***4o,"['Recap of Open Climate Dialogue 6: Scaling Climate Finance https://***BE', ""Fantastic to see #BezosEarthFund's v generous funding to fight climate change and impact on communities. We're working @n***a to support nature's own processes to limit our impact on our planet. #NaturalClimateSolutions could give 37% of emissions cuts for &lt;2 deg warming https://***4o"", '""Dorsey, under fire from both parties, defends labeling tweets."" https://***EN #NYT #Technology https://***Vq', '-']",-,content_B,post
t1159,u0593,2020-10-02 10:04:48+00:00,Wildfire,s***n,-,"['It was a hot mess inside a dumpster fire inside a train wreck.', 'It’s world smile day - really? Temperatures are beginning to fall as autumn takes hold. Damp days are upon us once again. It’s a time of year we normally hunker down around a cozy fire (gas or electric :) ) so don’t let Covid-19 ruin the autumn feeling. #worldsmileday https://***bZ', 'For #WorldSmileDay Cooper, our rescued California Sea Lion is showing off his not-so-pearly-whites and his adorable smile! Sea lions don’t have enamel on their teeth, but a protective layer of healthy bacteria from the fish that they eat, resulting in brown or even black teeth! https://***52', '-']",tweet_C,-,retweet
t1027,u1090,2020-09-17 03:20:55+00:00,Wildfire,O***F,"Glad to be moderating this top-notch transatlantic science, innovation &amp; policy panel on “#Climate Urgency: The Stakes are Rising &amp; Viable Solutions are Growing."" How do we scale climate solutions &amp; job creation quickly? @G***a @A***n @H***s @B***s","['Day 2 of the #CITERASM20 is about to begin and we have an exciting start with the CITER Fire Talks 🔥 Each speaker will have 2 minutes to present their posters and there’s a lot of amazing science to fit into that time! The chairs are @B***r and @S***l', 'A1.1. #urbanexpansion in wildlands causing more human caused ignition #extendedwildfireseasons due to #climatechange https://***3t #MMCChat', 'Glad to be moderating this top-notch transatlantic science, innovation &amp; policy panel on “#Climate Urgency: The Stakes are Rising &amp; Viable Solutions are Growing."" How do we scale climate solutions &amp; job creation quickly? @G***a @A***n @H***s @B***s', '-']",-,content_C,post
t0217,u1423,2018-11-12 02:37:12+00:00,Wildfire,b***7,-,"[""Melinda Leigh kicks up the heat with an Amazon Fire for WHAT I'VE DONE #giveaway #win https://***zZ"", '‘Global SuperTanker’ deployed to fight California fires https://***qt', '#TheSpoilsOfDust :Reinventing the Lake that Made Los Angeles, reviewed by @n***e! ""Lake Lazarus: the strange rebirth of a Californian ecosystem"" #OwensLake @a***n @o***s @U***e @U***C @U***I #firstreview #!!! #almostout #owensvalley https://***Px', '-']",tweet_C,-,retweet
t1145,u0207,2020-09-30 14:01:20+00:00,Wildfire,a***a,Join @T***p product manager Jessica Cahail for a lunch talk with @e***e today at 12 EDT. She'll discuss how climate adaptation and resilience support tools help fill knowledge gaps in the workforce. RSVP here: https://***xg https://***27,"[""You can see the gig shots in my Fiverr's profile: Attractive #WordPress #website #design using #Elementor pro https://***qF #Website #design #Camping #marketing #market #WordPress #WordPressTheme #fiverrgigs #USA #Canada #Germany #Italy #California #Alaska #France https://***hN"", 'Want to learn more about great new \u2066@B***C\u2069 \u2066@O***s\u2069 book Adaptation under Fire by \u2066@D***6\u2069 \u2066@n***l\u2069 ? Read their column here: https://***8m', ""Join @T***p product manager Jessica Cahail for a lunch talk with @e***e today at 12 EDT. She'll discuss how climate adaptation and resilience support tools help fill knowledge gaps in the workforce. RSVP here: https://***xg https://***27"", '-']",-,content_C,post
t1355,u1959,2020-10-28 15:51:46+00:00,Wildfire,t***e,"https://***CO Fire modeling was born in the 1940s, against the backdrop of World War II, the looming Cold War, and a fire-phobic Forest Service. 🔥💻🗺️🌩️🚒👩‍🚒🧑‍🚒🌲 #fires #wildfires #science #history #engineering #softwareengineering #gis #datascience","['Smoke your smoke in peace', 'I would like to welcome the announcement regarding the signing of a complete country-wide and permanent cease-fire agreement between rival forces in Libya.', 'https://***CO Fire modeling was born in the 1940s, against the backdrop of World War II, the looming Cold War, and a fire-phobic Forest Service. 🔥💻🗺️🌩️🚒👩🚒🧑🚒🌲 #fires #wildfires #science #history #engineering #softwareengineering #gis #datascience', '-']",-,content_C,post
t1524,u1056,2020-12-07 19:04:30+00:00,Wildfire,e***z,"Rebecca Elliott, Underwater: Loss, Flood Insurance, and the Moral Economy of Climate Change in the United States. @R***E @F***R @C***P #ReadUP #NewReleases https://***T7","[""@c***e Conference continues tomorrow! Check out the schedule and join in! Here's some of our MANY Southern California volunteers catching up in a breakout room today! 😊🌻🌎🌻 https://***XM"", ""Eyes on👁 You've two hours to move within 200 metres of the observers &amp; fire your first round. You start 1km out, give or take. You can't be seen. If you're seen, you fail. Hear from our badged snipers on what it takes to join their ranks ➡️ https://***ZF #NZArmy https://***4S"", 'Rebecca Elliott, Underwater: Loss, Flood Insurance, and the Moral Economy of Climate Change in the United States. @R***E @F***R @C***P #ReadUP #NewReleases https://***T7', '-']",-,content_C,post
t0744,u2640,2020-09-06 18:54:22+00:00,Wildfire,N***a,"San Francisco hit 93F by 1145am this morning, breaking the previous record of 92 set in 1904 before stopping for lunchtime! Now how hot will we be by dinner? #cawx","['Looks like the Cameron Fire blew up again today. Looking forward to the rain and snow Tuesday!!! @9***S @C***X @N***r https://***Lq', ""@B***n @R***U Fire and snowflakes don't go well together 🤠"", 'San Francisco hit 93F by 1145am this morning, breaking the previous record of 92 set in 1904 before stopping for lunchtime! Now how hot will we be by dinner? #cawx', '-']",-,content_C,post
t1399,u0078,2020-11-08 06:40:54+00:00,Wildfire,A***d,"At dawn, groupings of enemy equipment and personnel were observed in the south-eastern and northeastern parts of the front line. Our army is in full control of the tactical situation, suppressing enemy fire 3/3","['At dawn, groupings of enemy equipment and personnel were observed in the south-eastern and northeastern parts of the front line. Our army is in full control of the tactical situation, suppressing enemy fire 3/3', ""Second wave of #EndSARS Second wave of #EndSARS Second wave of #EndSARS Second wave of #EndSARS Let's go! Fire This intimidation must stop. #EndBadGovernanceinNigeria Copy and Paste. https://***sB"", ""#KamalaHarris, the Vice President-elect of the US made history as the first Black woman &amp; the first person of South Asian descent. Harris also served as San Francisco's district attorney &amp; California's attorney general. So, what else makes Harris special? #NewsMo #Vertical #RE https://***t0"", '-']",tweet_A,content_A,reply
t1218,u2378,2020-10-09 17:59:24+00:00,Wildfire,E***o,"#EndSARS is now trending like wildfire. If reforming @P***G is the last thing PMB can do before he leaves the stage. It's a onerous task, a MUST! #EndSARS #EndPoliceBrutalitynow","['Fire &amp; Ice !! https://***uL', 'Still quite tasty, smoke and chocolate followed by figs. Lively and bright, this Beer still has it #davesnothereman #alphaomega #lightwithoutshadow #beginingwithoutend https://***G2', ""#EndSARS is now trending like wildfire. If reforming @P***G is the last thing PMB can do before he leaves the stage. It's a onerous task, a MUST! #EndSARS #EndPoliceBrutalitynow"", '-']",-,content_C,post
t1002,u1454,2020-09-16 14:20:00+00:00,Wildfire,T***y,"A3. Government can reduce loss by discouraging risk taking from building in areas at risk of #flood or #wildfire. In addition, governments can put aside money into an ongoing fund specifically designed to assist in offsetting economic loss. #economy #MMCChat https://***sM","['@F***e @h***r @b***s @B***B Nah, they only sacked the QB 8 times and came back from a 17-0 deficit to win the game !!!!!!', 'Just posted a photo @ Dana Point, California https://***sH', 'A3. Government can reduce loss by discouraging risk taking from building in areas at risk of #flood or #wildfire. In addition, governments can put aside money into an ongoing fund specifically designed to assist in offsetting economic loss. #economy #MMCChat https://***sM', '-']",-,content_C,post
t1250,u0973,2020-10-14 14:55:10+00:00,Wildfire,b***o,5/ The superficial political debate about the cause of growing fire damage (forest management vs climate change) is a red herring. It is BOTH.,"[""Always appreciate the ease of NZ's brand of bureaucracy - where I can simply renew a passport and vote in an election, from the other side of the world. Anyways, party vote Green and a massive YES to the cannabis referendum. Can't wait to smoke weed and eat the rich!"", '5/ The superficial political debate about the cause of growing fire damage (forest management vs climate change) is a red herring. It is BOTH.', 'I was bombarded w/ messages about Trump’s claims about California water &amp; a “certain little tiny fish,” the delta smelt, the topic of my dissertation &amp; current book project. I wrote a short reaction piece but was unable to get it published as an oped. Here it is a thread 🧵 1/25 https://***dq', '-']",tweet_A,content_B,reply
t0808,u1366,2020-09-09 18:01:11+00:00,Wildfire,W***t,"Extremely intense fire updrafts have injected vast amounts of smoke &amp; ash into upper atmosphere as high as 50,000 feet--20,000 above cruising altitude of jet airliners. Dense smoke throughout entire atmospheric column is blocking nearly all sunlight at surface. #CAwx #CAfire https://***bz","['Under continued fire for allegedly mocking fallen service members, the president tried to drag The Atlantic’s billionaire owner into the fight. https://***Be', 'Six Rivers National Forest fire from 31000 feet. I have never seen anything like it. https://***Ij', 'Extremely intense fire updrafts have injected vast amounts of smoke &amp; ash into upper atmosphere as high as 50,000 feet--20,000 above cruising altitude of jet airliners. Dense smoke throughout entire atmospheric column is blocking nearly all sunlight at surface. #CAwx #CAfire https://***bz', '-']",-,content_C,post
t1323,u2640,2020-10-23 23:22:44+00:00,Wildfire,N***a,🚨🚨#GOESWest satellite picking up the #PopeFire 🔥near Angwin in Napa County. #cawx #cafire https://***Xq,"[""Rapid fire around Alausa. Been going on for some minutes now. I wonder who they're shooting at or killing #NIGERIAPREVAILS"", '🚨🚨#GOESWest satellite picking up the #PopeFire 🔥near Angwin in Napa County. #cawx #cafire https://***Xq', '@d***e @t***_ My thoughts are with the fire at this time 💔💔', '-']",-,content_B,post
t1151,u2422,2020-10-01 16:42:03+00:00,Wildfire,j***3,"How wildfires in the American west are upending life in wine country for agricultural workers, growers and vintners. https://***lB w/ @D***6","['Our next speaker @S***u begins by sharing how the practice of anticipating catastrophe in Africa does important and dangerous work, politically and socially. How do we look more carefully about what happens on the ground? #HSGdecoloniseafrica #HSGafricanfutures https://***Az', 'How wildfires in the American west are upending life in wine country for agricultural workers, growers and vintners. https://***lB w/ @D***6', 'Important 2020 review by #ClimateChangeAdvisoryCouncil, recommending: €35 carbon tax in #Budget2021 (w/ redistribution to poorest); climate-conscious #CAP payment structure; support homeworking; carefully targetted #EV incentives; #ICE disincentives; close Moneypoint ASAP #CCAC', '-']",-,content_B,post
t0853,u2738,2020-09-10 23:44:40+00:00,Wildfire,j***e,@j***m You been licking wildfire ash off of parked cars again?,"[""#Bobcat fire, here's a link to SCE https://***dh on the best oriented camera (Axis-Hardvard2) or (Axis-Arcadia1) INSTR: Right-side, click arrow, click icon to view. Colocated cam is reverse view. https://***Am #CaliforniaFires #CaliforniaWildFires #CAFires"", 'there’s a lot of animals fleeing due to wildfires pls help them if u see them and u can :(', '@j***m You been licking wildfire ash off of parked cars again?', '-']",tweet_B,content_C,reply
t1180,u3026,2020-10-05 05:25:08+00:00,Wildfire,M***a,-,"['A Falcon Heavy side booster that will support the USSF-44 mission for the @S***D next year completed a full-duration static fire test last week at SpaceX’s rocket development facility in McGregor, Texas https://***xG', 'FIRE UP THE JET SKIS I’m all yours, @T***g.', ""Congratulations to Emily Wilson, this week's randomly selected #winner of a Light ‘n Go #Bonfire! Thank you to everyone that entered! The next #giveaway will start again on Friday! #campfire #outdoors #family #camping #firepit #fireplace #WINNER #BBQ https://***Ze"", '-']",tweet_C,-,retweet
t0860,u3071,2020-09-11 03:54:09+00:00,Wildfire,K***e,Took this picture of the #BobcatFire tonight from my front yard looking up at the mountains! #Thankyou to #firefighters &amp; #Police your all hero’s! #StaySafe @M***A @C***e @c***a @f***s @N***s @U***g @T***A @B***A @w***r @r***r https://***Ir,"['Took this picture of the #BobcatFire tonight from my front yard looking up at the mountains! #Thankyou to #firefighters &amp; #Police your all hero’s! #StaySafe @M***A @C***e @c***a @f***s @N***s @U***g @T***A @B***A @w***r @r***r https://***Ir', 'I was in Manhattan 19 years ago and witnessed extraordinary leadership, bravery, and community. Today we honor all those who sacrificed and extend our deepest gratitude to all who keep us safe including our first responders. @M***s @M***D @M***e https://***JE', 'Just going over all the jobs I’ve ever had, looking for the one that wouldn’t fire me after I admitted that I killed 190,000 people for kicks.', '-']",-,content_A,post
t0789,u0183,2020-09-09 14:27:22+00:00,Wildfire,l***l,The wildfire reports from OR and CA this week are absolutely staggering. I grew up in Corvallis and spent a lot of my childhood around many of the places listed here. Anxiously hoping for everyone's safety as the states work to control the fires. https://***Y1,"['@a***c Good luck and careful with that fire there’s already a climate crisis 😂', ""The wildfire reports from OR and CA this week are absolutely staggering. I grew up in Corvallis and spent a lot of my childhood around many of the places listed here. Anxiously hoping for everyone's safety as the states work to control the fires. https://***Y1"", 'California politics https://***EX', '-']",-,content_B,post
t1310,u1627,2020-10-22 06:30:16+00:00,Wildfire,C***l,"Went through an old hard drive today and found this painting of our beloved river, recently devastated by the Santiam Wildfire roiling down both banks of the river. #Oregon #home #northfork #Santiam #river #love #loss #sadness #family #love https://***fb","['Went through an old hard drive today and found this painting of our beloved river, recently devastated by the Santiam Wildfire roiling down both banks of the river. #Oregon #home #northfork #Santiam #river #love #loss #sadness #family #love https://***fb', 'Igando is on fire now #LekkiMassacre #Lekki #LekkiTollGateProtest #igando #EndPoliceBrutality #EndPoliceBrutalityinNigeraNOW #Kaduna #BuhariHasBeenABadBoy #SARSMUSTENDNOW https://***BF', 'This brutal wildfire season is taking a mental toll on the people keeping communities safe. Via @s***s and @P***s. https://***Zk https://***mC', '-']",-,content_A,post
t1272,u2746,2020-10-16 17:30:00+00:00,Wildfire,U***e,Take Utah's Wildfire Prevention Pledge at https://***Sh https://***El,"[""@S***6 And there's my dentist with three forms of facial covering on the other day for my cleaning! Report her. She can do what she wants in her own time, but we all have a duty of care to each other in public. May as well tell you to smoke heavily and eat 10 cakes a day too!"", ""Take Utah's Wildfire Prevention Pledge at https://***Sh https://***El"", '@g***e That’s a great point. I’m early in my journey here but eager to learn more', '-']",-,content_B,post
t1507,u0243,2020-12-03 19:48:58+00:00,Wildfire,j***e,It’s snowing ash today in the OC. 😕#CaliforniaFires,"['Enter to WIN a Kindle Fire + $120 in https://***Xk Gift Cards! Perfect for Christmas! #giveaway #win https://***xi', ""Days like these lead to Nights like this lead to Love like ours You light the spark in my bonfire heart People like us, we don't Need that much just someone that starts Starts the spark in our bonfire hearts"", 'It’s snowing ash today in the OC. 😕#CaliforniaFires', '-']",-,content_C,post
t0986,u1736,2020-09-15 22:17:48+00:00,Wildfire,R***t,"My crude gif showing growth of the #BobcatFire near @M***s, and San Gabriel valley cities (and safely near me) in California using screen shots I took of LA County fire maps spanning Sept. 9 to 15th at https://***wb https://***Zf","['My crude gif showing growth of the #BobcatFire near @M***s, and San Gabriel valley cities (and safely near me) in California using screen shots I took of LA County fire maps spanning Sept. 9 to 15th at https://***wb https://***Zf', '@t***l love this. i lived at my buddies walk up squatter loft on the 5th floor on lower broadway. throwing down the keys from the fire escape was the only way to let in guests pre cells, pre anything working.', 'We are grateful that our officers were not critically injured during last night’s officer involved shooting in the College Hill Neighborhood. This is the officers’ vehicle that was struck by gunfire while both officers were still inside. https://***KJ', '-']",-,content_A,post
t0948,u0406,2020-09-14 18:56:24+00:00,Wildfire,k***z,"The devastating 1910 wildfires led to forest policies and the creation of the U.S. Forest Service. But will the 2020 wildfires also spark necessary changes to forest, fire and climate policy? https://***Qz","[""@K***D @M***T @n***s @c***z @b***n However, given that so many are unable to run outside due to wildfires at the moment, I'll take a little humidity and rain."", '@r***p @P***S California has been burning for weeks. We get it though you are afraid of the boogie men all dressed in black with masks on. 🙄', 'The devastating 1910 wildfires led to forest policies and the creation of the U.S. Forest Service. But will the 2020 wildfires also spark necessary changes to forest, fire and climate policy? https://***Qz', '-']",-,content_C,post
t0801,u2501,2020-09-09 16:59:17+00:00,Wildfire,D***n,-,"[""“This climate-change connection is straightforward: Warmer temperatures dry out fuels. In areas with abundant and very dry fuels, all you need is a spark,” @L***h's @p***a told the @n***s about California's wildfires. https://***Hk"", 'I was supposed to be backpacking in @I***F this past weekend—my big socially distant pandemic adventure. Spent last week poring over wildfire maps and air-quality forecasts and then, fortunately, canceled the trip. 2020, man. https://***5M', '“Fire thunderstorms”! This is the morning to get outside to film all your post apocalyptic TikToks. The sky is a sickly orange, ash is falling like snow. My iPhone’s auto white balance keeps taking the orange hue out but it is eerie AF. https://***Pd', '-']",tweet_B,-,retweet
t1036,u0898,2020-09-17 20:11:01+00:00,Wildfire,s***s,"California: Welfare state? Nah. Wildfire state? Yes. #covid19 has shown, though, humanity can change how it thinks, works and lives when it needs to save itself, and unlike the #ClimateCrisis that's not the end of the world as we know it. There is cause for hope. #sustainability","[""California: Welfare state? Nah. Wildfire state? Yes. #covid19 has shown, though, humanity can change how it thinks, works and lives when it needs to save itself, and unlike the #ClimateCrisis that's not the end of the world as we know it. There is cause for hope. #sustainability"", 'The good thing is the markets closed as per the analysis. But, attempted the bad practice however ended up with minimal losses after fire fighting. #OptionsTrading #Nifty #banknifty #intraday https://***nh', 'California filed its brief defending its #netneutrality law SB 822 in lawsuit by the US &amp; ISPs. At stake: whether states can adopt net neutrality laws &amp; whether states can regulate any online services, including enacting online privacy laws. My thoughts: https://***yh', '-']",-,content_A,post
t1062,u0539,2020-09-20 01:19:44+00:00,Wildfire,H***a,"Herb: Fire Herb Areas-Inside the physical body Food, Air ,Water Flow areas. Wood Herb Areas-Blood &amp; Blood flow areas in inside the Organs. Fire Herb can work Metal&amp; Earth area also. Wood Herb can work Fire,Metal, Earth Areas also.","[""💫We've got another VALORANT one for you. Brimstone attack smoke tips on all maps. Let us know what you think! 💨💨💨https://***34"", 'Herb: Fire Herb Areas-Inside the physical body Food, Air ,Water Flow areas. Wood Herb Areas-Blood &amp; Blood flow areas in inside the Organs. Fire Herb can work Metal&amp; Earth area also. Wood Herb can work Fire,Metal, Earth Areas also.', 'call your senators and scream ""Merrick FUCKING Garland"" into their voicemail boxes until they catch on fire https://***OE', '-']",-,content_B,post
t1307,u0781,2020-10-21 18:56:50+00:00,Wildfire,U***m,"Videos for media: @U***S wildfire expert Stephanie Pincetl, founding dir. of California Ctr for Sustainable Communities, on: 🔥urban encroachment 🔥aging electrical infrastructure 🔥forest management 🔥climate change 🔥social justice 🔥facts vs. myths https://***Ii","['Toll gate on fire 🔥 😭. God please🙏🏾 we need you now 💔🇳🇬 https://***Mo', 'Can we prevent the annual fire season wreaking so much havoc by developing a better understanding of the pressure points where homes meet forests? https://***qP', 'Videos for media: @U***S wildfire expert Stephanie Pincetl, founding dir. of California Ctr for Sustainable Communities, on: 🔥urban encroachment 🔥aging electrical infrastructure 🔥forest management 🔥climate change 🔥social justice 🔥facts vs. myths https://***Ii', '-']",-,content_C,post
t0961,u0400,2020-09-14 21:50:39+00:00,Wildfire,m***n,#bobcatfire there is currently a battle going on to stop the fire from climbing towards the Mt. Wilson Observatory (Source: https://***M) https://***lL,"['#bobcatfire there is currently a battle going on to stop the fire from climbing towards the Mt. Wilson Observatory (Source: https://***M) https://***lL', 'California State University to keep teaching online into spring https://***F3 https://***oK', 'This smoke is really getting me today. Typically I can barely get up and walk around anyway but my whole body seems to be extra messed up from it. Laura went out searching for an air purifier. Hope she finds one.', '-']",-,content_A,post
t1095,u2907,2020-09-23 18:14:05+00:00,Wildfire,R***r,"Between Oregon wildfires and Nova Scotia hurricane, @V***b defended his thesis on brain development and mental health/illness #BrainAge @P***W Thank you @d***s for examining! https://***bh","['This is a really important part of the wildfire story that should be getting more attention. Plus @r***a did a fabulous job reporting on it. https://***Ej @y***e', '#China’s Trial by Fire | Phillip Orchard, @G***s: https://***sr', 'Between Oregon wildfires and Nova Scotia hurricane, @V***b defended his thesis on brain development and mental health/illness #BrainAge @P***W Thank you @d***s for examining! https://***bh', '-']",-,content_C,post
t0233,u1483,2018-11-13 01:34:03+00:00,Wildfire,t***a,-,"['Spread the word to people in Southern California who may be displaced from the fires: if you are in need of a place to stay, Airbnb is offering free stays to evacuees, emergency workers, and volunteers. https://***Wf', 'Livrés à eux-mêmes, des dizaines de sinistrés du feu #CampFire vivent désormais sous des tentes, sur un parking de supermarché de #Chico parfois avec des enfants en bas âge https://***Ge', '#woolseyfire #malibufire #malibustrong @ Malibu, California https://***2s', '-']",tweet_A,-,retweet
t1103,u0199,2020-09-25 04:00:00+00:00,Wildfire,B***b,"Hub webinar: Options for bushfire risk mitigation in the future starts in half an hour, 2.30pm AEST. @S***l @t***n @O***e @U***S @w***e @u***b https://***BA","['Hub webinar: Options for bushfire risk mitigation in the future starts in half an hour, 2.30pm AEST. @S***l @t***n @O***e @U***S @w***e @u***b https://***BA', '@t***e Is he selling the the car? 😅', 'Completed a full duration test fire of the Raptor Vacuum engine at SpaceX’s rocket development facility in McGregor, Texas https://***nn', '-']",-,content_A,post
t1297,u2318,2020-10-19 23:00:00+00:00,Wildfire,C***2,"He is her secret, her vice She is his weakness, his dream A wildfire tests their will &amp; exposes their secret Can they survive the HEAT? All ebooks► https://***eR Amazon► https://***98 #newadult #contemporaryromance #booklovers https://***dI","['I found this old fire truck I fell in love with.... I couldn’t sleep thinking about the possibilities for restoration and get this badass machine on the road again #restoration #garage #covidproject2020 https://***DO', '@q***a Like the fire idiom. Social networks can be a good tool but a bad master.', 'He is her secret, her vice She is his weakness, his dream A wildfire tests their will &amp; exposes their secret Can they survive the HEAT? All ebooks► https://***eR Amazon► https://***98 #newadult #contemporaryromance #booklovers https://***dI', '-']",-,content_C,post
t0756,u2201,2020-09-07 19:39:35+00:00,Wildfire,R***L,"#CA #CaliforniaHeatWave During a heat wave, practice heat safety wherever you are. Heat related deaths and illnesses are preventable! #WeatherReady https://***7p #blackberryreact #Heat @M***D @M***e @m***l @S***v @W***s ^kp https://***iQ","['I’m so excited to open this Food Bank soon and fire up the charity vlog (100% of all rev from the channel will go towards running my food bank and opening more!!) I’m DYING to see how big we can grow this :)', ""I've never seen a club with this much drip, absolute fire man. https://***xF"", '#CA #CaliforniaHeatWave During a heat wave, practice heat safety wherever you are. Heat related deaths and illnesses are preventable! #WeatherReady https://***7p #blackberryreact #Heat @M***D @M***e @m***l @S***v @W***s ^kp https://***iQ', '-']",-,content_C,post
t0912,u0203,2020-09-13 07:01:05+00:00,Wildfire,s***z,"Controversial theory: these wildfires are a cheap and 'blameless' way to prepare land for farming. Given the staggering loss of forests globally for industrial agriculture, why prevent these first when nature does the work for us (I hope this is wildly wrong)","[""Controversial theory: these wildfires are a cheap and 'blameless' way to prepare land for farming. Given the staggering loss of forests globally for industrial agriculture, why prevent these first when nature does the work for us (I hope this is wildly wrong)"", 'Tonight OCC will light our spires teal and purple to help bring awareness to and support #WorldSuicidePreventionDay in partnership with @L***e, a regional non-profit dedicated to preventing substance abuse and suicide. To learn more, visit https://***Yk https://***KZ', 'Awesome working with actress Holly Russo. She seems to be ticking all the boxes; actress, fire breather, stunt and fight performer and, last but not least, personal trainer! Keep an eye out! https://***Jx #headshot #headshots #actor #actorslife #actorsheadshot #a... https://***Iq', '-']",tweet_C,content_A,reply
t0827,u2274,2020-09-10 04:10:23+00:00,Wildfire,E***m,-,"[""Californian wildfires now. Just a reminder this year has seen 38 degrees in Siberia, record ice melt in the Canadian Arctic, successive days above 40 in Japan, 52 degrees in Baghdad &amp; wildfires killing 3 billion animals in Australia. Climate change isn't the future, it's here. https://***za"", 'This is how it looked outside today, never seen something like this before #californiafires . Natural set for the Martian movie. https://***cv', ""The wildfire reports from OR and CA this week are absolutely staggering. I grew up in Corvallis and spent a lot of my childhood around many of the places listed here. Anxiously hoping for everyone's safety as the states work to control the fires. https://***Y1"", '-']",tweet_A,-,retweet
t1547,u1589,2020-12-11 15:19:29+00:00,Wildfire,J***h,"Pretending I’m in Nags Head, NC for a meeting on climate change and onsite wastewater treatment. To stay covid safe, we are physically apart. Similarly to keep our coastal ecosystems safe, we need sufficient vertical separation distance btw the septic drainfield and groundwater. https://***mX","['Pretending I’m in Nags Head, NC for a meeting on climate change and onsite wastewater treatment. To stay covid safe, we are physically apart. Similarly to keep our coastal ecosystems safe, we need sufficient vertical separation distance btw the septic drainfield and groundwater. https://***mX', ""@j***2 I think it depends who the audience is. Typically a great business model in the climate space is one where you solve a customers pain in a way that benefits the planet. And to be honest, their pain isn't climate - it is surviving and thriving as a business."", '@p***a I dug out space and purchased a fire pit and furniture, hauled 300lbs of rocks up a hill and it’s changed my life. And we even get some weird art out of it too @S***0 https://***zJ', '-']",-,content_A,post
t0859,u1273,2020-09-11 01:47:52+00:00,Wildfire,o***c,OCC is proud to support our community in this tremendous time of need! #OregonFires2020 #oregonwildfires,"['OCC is proud to support our community in this tremendous time of need! #OregonFires2020 #oregonwildfires', 'Join us Sept. 19 for the California Anesthesiology Medical Student Symposium. Stanford anesthesiologist Phillip Wang and anesthesia residents Katie Speirs and Vivek Vallurupalli will lead an advanced airway and lung isolation workshop. https://***Ra', 'I want to open up a place where you can smoke cigarettes indoors during fire season. #yimformayor', '-']",tweet_B,content_A,reply
t0941,u3144,2020-09-14 17:32:45+00:00,Wildfire,M***i,-,"['@p***e huge patio too, pretty good for covid distancing (smoke notwithstanding)', '@_***g That is tricky question. It all depends on the location. Each land management agency has different but similar rules and regulations. If a person is seen shooting and it starts a wildfire, call 911.', 'Olive oil banana bread with walnuts, cardamom, cinnamon #nobutter #bakingfromscratch #bananabread🍌🍞😋 @ San Francisco, California https://***jW', '-']",tweet_C,-,retweet
t1484,u2205,2020-11-26 08:08:23+00:00,Wildfire,C***n,-,"['@c***c I recently discovered that opening the shutters fully, not just the slats, increases the natural light significantly! Results may vary, remember I’m in California:)', ""On 12/3 – Join Lynx's own Aric Perminter and Gina Mahin for Our ISE Cocktails &amp;Conversations on A Ceasefire in the War Between IT and Security Operations – RSVP Requested https://***hq https://***b1"", 'Great video shoot yesterday with my friend, Emmy Award winning @s***y! #SomedayWellAllBeFree #GoGo #KorgKromeEX88 #Emmys @ Los Angeles, California https://***JM', '-']",tweet_A,-,retweet
t1066,u2759,2020-09-20 09:44:43+00:00,Wildfire,a***p,"NASA Global Modeling and Assimilation Office forecasts extremely high aerosol optical depth (AOD) over Finland 🇫🇮 for tomorrow evening. This is due to smoke from the US West Coast wildfires. With these AOD values clearly over 1, the smoke will be very clearly visible... 1/2 https://***oQ","['Cooler weather does not mean less wildfire risk. A record dry year is why much of Utah has fire restrictions in effect. Before lighting a fire, check fire restrictions at https://***y, to put it out, drown, stir, feel, repeat until it is cold. https://***8U', 'NASA Global Modeling and Assimilation Office forecasts extremely high aerosol optical depth (AOD) over Finland 🇫🇮 for tomorrow evening. This is due to smoke from the US West Coast wildfires. With these AOD values clearly over 1, the smoke will be very clearly visible... 1/2 https://***oQ', 'Win a 7"" Kindle Fire and 7 Signed Paperbacks from Carissa Andrews Check out the OFFICIAL book trailer too &gt;&gt;&gt; https://***pF https://***Yk We\'re too good to you 😛', '-']",-,content_B,post
t0857,u2112,2020-09-11 01:14:06+00:00,Wildfire,G***o,"You know who’s probably thrilled about all these wildfires? Booger eaters. I bet they’re out there right now, breathing deeply and stockpiling cedar-smoked nostril nuggets so they won’t go hungry this winter","['You know who’s probably thrilled about all these wildfires? Booger eaters. I bet they’re out there right now, breathing deeply and stockpiling cedar-smoked nostril nuggets so they won’t go hungry this winter', 'We woke up to a yellow/orange sky (probably due to wild fire ash/smoke in the high altitudes). Some ash is falling but the PM2.5 index is around 25 μg/m3, so the air quality is not too bad. I measured the spectrum of the light for the records. Color temperature is ~2100K. https://***IO', 'Sunny California 😅 https://***rp', '-']",-,content_A,post
t0967,u1379,2020-09-15 01:17:14+00:00,Wildfire,t***a,-,"['Just posted a photo @ Los Angeles, California https://***Oq', 'Beneficial wasps released in Southern California to help reduce Asian #Citrus Psyllid populations https://***Vc #InvasiveSpecies #Agriculture', 'Join Shawn Bethel FTS Wildfire Mitigation Specialist, as EUCI hosts part 2 of their free webinar on Wildfire Mitigation: Wildfire Risk, Safety Culture &amp; Innovations for Utility Operations on September 17, 2pm PST. Register at: https://***pw #wildfiremonitoring', '-']",tweet_B,-,retweet
t1470,u1733,2020-11-23 18:43:31+00:00,Wildfire,a***n,so pleased to hear of this appointment!!! @J***y please lead side-by-side with the young climate activists who have been working their lifetimes to see real aggressive political action on climate change. I would love to be one of them :) https://***Oi,"['Central Valley communities struggle for drinking water. A Q&amp;A with Felicia Marcus, California water expert via https://***ye via @w***r', 'so pleased to hear of this appointment!!! @J***y please lead side-by-side with the young climate activists who have been working their lifetimes to see real aggressive political action on climate change. I would love to be one of them :) https://***Oi', 'California to Decriminalize Magic Mushrooms https://***52', '-']",-,content_B,post
t1239,u0530,2020-10-13 11:37:02+00:00,Wildfire,o***w,Building Back Better: Risk-informed COVID-19 Recovery and Rehabilitation and Strengthening Resilience to Climate Change-Related Disasters in Africa and the Caribbean - Zoom On Disasters Risk Reduction Day let us focus on # Africa and the #Caribbean https://***Qn,"['Building Back Better: Risk-informed COVID-19 Recovery and Rehabilitation and Strengthening Resilience to Climate Change-Related Disasters in Africa and the Caribbean - Zoom On Disasters Risk Reduction Day let us focus on # Africa and the #Caribbean https://***Qn', 'This story is incredibly alarming. California Republicans are allegedly creating fake drop boxes and tricking voters into depositing their ballots in them. Apparently they’re trying to prove voter fraud is real by committing actual election fraud. https://***No', '""It detects sounds like the doorbell, a barking dog, running water, baby sounds, smoke and fire alarms, and knocks on a door. It is targeted towards people with hearing loss, it can also alert you to incidents if you’re wearing headphones"" https://***XP', '-']",-,content_A,post
t1338,u0400,2020-10-26 19:08:17+00:00,Wildfire,m***n,#bobcatfire Looks like a new flare up (image from GOES-17 Satellite 30 mins ago) https://***Ss,"['@C***d @L***e @A***D Thank you Chief Goddard!!!', '@r***p the world is watching and waiting! Innocent people need your help, yet again another ceasefire has been violated! Shame on #Aliyev Shame on #Erdogan #SanctionAzerbaijan #SanctionTurkeyNOW #TurkeyOutOfNato @c***k @C***N @F***s', '#bobcatfire Looks like a new flare up (image from GOES-17 Satellite 30 mins ago) https://***Ss', '-']",-,content_C,post
t0936,u1703,2020-09-14 16:48:12+00:00,Wildfire,d***s,"1/ Shakespearean sonnet about the #wildfires. You might like this @P***a and @C***s: As folks moved west to California's dream its two-named city-states both drew a crowd. Love fog? SF. Love heat, beach, and sunbeam? LA. Yet both loved one thing not shared 'loud.","['#bobcatfire burning up the western slope of Big Santa Anita Canyon towards Chantry Flat and Mt. Wilson this afternoon https://***q8', ""1/ Shakespearean sonnet about the #wildfires. You might like this @P***a and @C***s: As folks moved west to California's dream its two-named city-states both drew a crowd. Love fog? SF. Love heat, beach, and sunbeam? LA. Yet both loved one thing not shared 'loud."", '#solar #hydrogen #systems have a lot in #common with this #picture !!! #babes4hydrogen #beachbabes4hydrogen #sustainability #ecofriendly #water #model #4 #h2 @ California https://***mK', '-']",-,content_B,post
t0267,u1498,2018-11-16 20:30:25+00:00,Wildfire,C***s,"Topical Q from earlier this week: In a forest fire, do the burning embers get sucked up into the sofit vents, and into the attic? CR4 argues over how wildfires spread. Read and join in here: https://***7C","['Do you dare... ? Spending a night in a Ghost Town?👻 #USA #America #TravelTips #GhostTown #Mustvisit #Sightseeing #Arizona #California #Colorado #Idaho #Montana #Nevada #Tennessee #Texas #DoYouDare #RT #Retweet #Share #Follow #DreamTravel2America #blog https://***UB', 'Topical Q from earlier this week: In a forest fire, do the burning embers get sucked up into the sofit vents, and into the attic? CR4 argues over how wildfires spread. Read and join in here: https://***7C', 'WNYC is a longtime media partner of this immersive musical experience from @G***C. Their Urban Campfire event is this Sunday 11/18, featuring the likes of @A***o, @K***g @D***e &amp; @D***a!', '-']",-,content_B,post
t1505,u1230,2020-12-03 16:53:02+00:00,Wildfire,U***e,"UCI is closely monitoring the status of the Bond Fire. While the campus is not in the path of the wildfire, we are monitoring the situation and urge all members of our community to stay indoors due to poor air quality. Info: https://***9k","['ACM Transactions on Algorithms (TALG) has named Edith Cohen as Editor-in-Chief, for the term December 1, 2020 to November 30, 2023. Edith is a Research Scientist at Google in Mountain View, California and visiting professor at Tel Aviv University in Israel. https://***WZ', 'UCI is closely monitoring the status of the Bond Fire. While the campus is not in the path of the wildfire, we are monitoring the situation and urge all members of our community to stay indoors due to poor air quality. Info: https://***9k', '""When you say that the Amazon is not burning, we do not need satellite images to prove you wrong; we are choking on the smoke of the fruit orchards that our ancestors planted centuries ago."" https://***ec Thanks @m***o.', '-']",-,content_B,post
t0223,u0074,2018-11-12 16:00:28+00:00,Wildfire,k***5,-,"['How do you start the day? @o***i #bonfire#camping#woodsman#breakfast#bannock#coffeetime #forest #IPAs #Pilsners #Stouts #Porters #Lagers #DIPA https://***Dl', 'All my thoughts are going to friends and the people of #California with these wild fires. Hope you are safe @J***y ????', 'The smoke from the Butte Fire 180 miles north of San Francisco is blanketing the Bay Area. Look at the comparison to my normal view. The air is stifling but at least I have my home. God... https://***ba', '-']",tweet_B,-,retweet
t0274,u1232,2018-11-17 07:34:48+00:00,Wildfire,b***r,"Trump is coming to California to check on the wildfire situation. He says he can relate because, last Tuesday, he also lost a House. https://***rx","['Trump is coming to California to check on the wildfire situation. He says he can relate because, last Tuesday, he also lost a House. https://***rx', 'Me gustó un video de @Y***e https://***47 Major Lazer - Blow That Smoke (Feat. Tove Lo) (Official Dance Video)', 'As is so often the case during disasters, the majority of victims of the most deadly fire in California history were older adults, reports the San Francisco Chronicle. https://***eJ', '-']",-,content_A,post
t0252,u1590,2018-11-15 19:39:01+00:00,Wildfire,d***t,@b***t Is… Is Wildfire Nosebleed a thing?,"['Israeli defense minister Avigdor Liberman resigns from his post due to the ceasefire with #Gaza. He wanted bloodshed!', ""Here's what California's wildfires look like from space https://***ld https://***B1"", '@b***t Is... Is Wildfire Nosebleed a thing?', '-']",tweet_A,content_C,reply
t0060,u0389,2018-08-27 17:05:19+00:00,Wildfire,s***e,"Climate change report: California is likely to see a 50 percent increase in wildfires, while Southern California will lose beaches. https://***oS https://***7z","['Climate change report: California is likely to see a 50 percent increase in wildfires, while Southern California will lose beaches. https://***oS https://***7z', 'There is pretty nice scenery behind those clouds somewhere @ Topanga, California https://***b0', ""Happy National Dog Day to my 2 bug's 💖 #zebramermaidhairdesigns #nationaldogday @ Orange, California https://***7L"", '-']",-,content_A,post
t1201,u2768,2020-10-07 08:32:14+00:00,Wildfire,G***l,🚨BREAKING🚨 The European Parliament just agreed on a climate target of 60% reduction. 🎉 One of the groups that made this possible was the climate youth who fought the fight. ✊🏾 Generation climate spoke to us on the political change they envisage. 👇🏽 https://***bs,"['Critical Fire Weather Monday Red Flag Warnings in effect 12-8 PM MDT Monday for portions of northeast Utah and southwest Wyoming, including the Wasatch and Uinta mountains. #utwx Humidity: Down to 8-10% Winds: Westerly gusting to 30 mph https://***68', ""The world's on fire and I'm just sitting here computing the gradient of various policy parameterizations."", '🚨BREAKING🚨 The European Parliament just agreed on a climate target of 60% reduction. 🎉 One of the groups that made this possible was the climate youth who fought the fight. ✊🏾 Generation climate spoke to us on the political change they envisage. 👇🏽 https://***bs', '-']",-,content_C,post
t1053,u1515,2020-09-18 19:23:43+00:00,Wildfire,a***f,Prevent the next wildfire catastrophe: Allow housing to be built in Bay Area cities https://***lB,"['You are full of fire but their eyes couldn’t handle the light. @f***s https://***yK', '@D***b @n***s @S***a worth noting that in our efforts to remove content attributing the wildfires to certain groups that we removed many instances on our platforms of people sharing images of that Scarsdale Antifa tweet', 'Prevent the next wildfire catastrophe: Allow housing to be built in Bay Area cities https://***lB', '-']",-,content_C,post
t0982,u1653,2020-09-15 17:09:40+00:00,Wildfire,B***a,Isn't it time for XR creators to unitedly speak up against Facebook's privacy practices in the XR world? They will rule the market so we cannot decide to not use their products until we create a climate where there's a real need ($$$) for ethical products by ethical companies. https://***sz,"[""Isn't it time for XR creators to unitedly speak up against Facebook's privacy practices in the XR world? They will rule the market so we cannot decide to not use their products until we create a climate where there's a real need ($$$) for ethical products by ethical companies. https://***sz"", '@F***e @h***r @b***s @B***B Nah, they only sacked the QB 8 times and came back from a 17-0 deficit to win the game !!!!!!', ""1/ Shakespearean sonnet about the #wildfires. You might like this @P***a and @C***s: As folks moved west to California's dream its two-named city-states both drew a crowd. Love fog? SF. Love heat, beach, and sunbeam? LA. Yet both loved one thing not shared 'loud."", '-']",-,content_A,post
t0968,u0274,2020-09-15 01:17:37+00:00,Wildfire,t***d,Music to the ears of anyone in #BearFire #NorthComplexWestZone from CalFire official at nightly briefing: “The fire behavior is looking fantastic.” Only time you’ll ever hear those words together. There is hope.,"['Music to the ears of anyone in #BearFire #NorthComplexWestZone from CalFire official at nightly briefing: “The fire behavior is looking fantastic.” Only time you’ll ever hear those words together. There is hope.', '🟠 #SQFComplex #wildfire🔥, #California, #USA🇺🇸 13 Sep 2020 - Near-infrared/Shortwave-infrared view 3d rendering with exaggerated elevation #Copernicus #Sentinel-2🛰️ Full-size ➡️ https://***x8 #scicomm #OpenData #CAwx #CAFires #CaliforniaFires Image is 26 km wide https://***AF', 'Join me in our #MMCChat on 9/16 at 10AM EDT on the state of natural catastrophes, #risk and resilience featuring @S***g, @d***c, @C***3, @A***2, @T***y, @T***d and @P***y. #wildfire #naturaldisaster https://***ym', '-']",-,content_A,post
t0069,u0953,2018-09-07 12:08:21+00:00,Wildfire,D***e,Lester Electrical Recalls Links Series Chargers Due to Fire and Burn Hazards https://***hz,"['#JoburgFire The South African Airforce Fire Service has just arrived to render assistance. https://***m2', ""80% of gunfire incidents aren't reported to police. But gunshot sensors tell us where and when they occurred. You can find gunshot sensor data from 15 cities on our website (with 6 more cities being added soon): https://***y3"", 'Lester Electrical Recalls Links Series Chargers Due to Fire and Burn Hazards https://***hz', '-']",-,content_C,post
t0015,u2555,2018-08-05 09:00:10+00:00,Wildfire,a***a,"Pray: **Every evil conspiracy,gathering against my prosperity,promotion,life,may God of Elijah scatter them by fire in Jesus name.... #Cacnca #BreakthroughPrayers","[""It's time to talk about California's aging farmers and the future of organic farming! Please join me &amp; my good friends @C***A for a panel at the Ferry Building this Monday evening! @n***o @C***k. Tickets: https://***Lf https://***k9"", 'Pray: **Every evil conspiracy,gathering against my prosperity,promotion,life,may God of Elijah scatter them by fire in Jesus name.... #Cacnca #BreakthroughPrayers', 'Sunday looks great, but a warm is on the way with heightened fire concerns! https://***qk', '-']",-,content_B,post
t1222,u1163,2020-10-10 18:04:10+00:00,Wildfire,n***f,"Our Stewardship Coordinator, Alyssa Pun, has written a post for our NTC Field Notes Blog about the ecological impacts and benefits of fire in California. Check it out! https://***SK https://***FC","[""You can see the gig shots in my Fiverr's profile: #design highest #converting #landingpage or #squeeze page by #wordpress #Website #design #marketing #market #WordPressTheme #fiverrgigs #USA #Canada #Germany #Italy #California #Alaska #France #Fiverr #FiverrBuyer https://***9p"", 'Our Stewardship Coordinator, Alyssa Pun, has written a post for our NTC Field Notes Blog about the ecological impacts and benefits of fire in California. Check it out! https://***SK https://***FC', '@D***r Taliban have to show by Ceasefire that they are honestly running for peace.', '-']",-,content_B,post
t0747,u1712,2020-09-07 01:38:14+00:00,Wildfire,j***o,-,"['A #FlexAlert is in effect from 3 p.m. to 9 p.m. https://***nP', 'After a water drop of 2,650 gallons of water at the #ValleyFire on Saturday, SkyMaverick heads back to fill up https://***Uz', '@S***2 @c***1 @s***0 @G***s @m***5 @R***e @I***r @p***l @K***I @j***v @e***k @T***a Here are some better examples to stimulate concepts you may have perceptually grounded: Remembering what a camp fire looks, sounds, and smells like on a cool summer night, or what it feels like to get a bee sting on your finger, or what it’s like to eat a rack of baby back ribs.', '-']",tweet_B,-,retweet
t1139,u2778,2020-09-30 01:03:11+00:00,Wildfire,S***o,"#WildFires around the World, today in Central Argentina a large smoke cloud is moving towards the city of #BuenosAires , a metropolis (and surroundings) with +15 mill. #AirQuality @N***h @m***l @C***U https://***vF","['From @C***N “It was a hot mess inside a dumpster fire during a train wreck” #debates #Debate2020 #PresidentialDebate2020 #PresidentialDebate', '#WildFires around the World, today in Central Argentina a large smoke cloud is moving towards the city of #BuenosAires , a metropolis (and surroundings) with +15 mill. #AirQuality @N***h @m***l @C***U https://***vF', 'Scary situation tonight in Santa Rosa, CA &amp; surrounding communities. This is a rapidly growing fire complex. https://***c1', '-']",-,content_B,post
t0977,u1655,2020-09-15 14:22:12+00:00,Wildfire,C***n,"This is such a sad story. Horrific. Terrifying for the family. ""‘I am your wife,’ badly burned woman whispers to man who found her in Oregon wildfire."" https://***S0","['Pictures and videos don’t do it justice 😭💔 #battlecreekfire https://***cq', 'Because is a map of *US* fire data, you absolute imbecile.', 'This is such a sad story. Horrific. Terrifying for the family. ""‘I am your wife,’ badly burned woman whispers to man who found her in Oregon wildfire."" https://***S0', '-']",-,content_C,post
t1241,u0529,2020-10-13 21:00:21+00:00,Wildfire,L***r,Education is not only for the young. It is critical to preserving our competitive advantages. Educated citizens are entrepreneurs who start businesses and scientists who develop solutions to complex problems like climate change &amp; COVID19.,"['Education is not only for the young. It is critical to preserving our competitive advantages. Educated citizens are entrepreneurs who start businesses and scientists who develop solutions to complex problems like climate change &amp; COVID19.', ""@F***e If any adult even pretend to go for a kid he would growl at them and show you his teeth!! They are just so playful and just want attention. Use to love bonfire night when he would jump into my bed and hide under the covers 🤗. Twice we had him 'dogknapped'!!"", ""@t***y Show some respect!! Not like u really lit the music world on fire believe me I've heard your music!! Not worth a crap"", '-']",-,content_A,post
t0103,u2734,2018-10-03 11:00:27+00:00,Wildfire,m***I,"Prof. Emer. Francesco Chiappelli is guest editing a very interesting Special Issue on ""Climate Crisis-Related Medical Emergencies"". Interested in contributing? More info here: https://***M5 #climatechange #EmergencyMedicine https://***w4","[""2 daily followers. 0 unfollowers. Crowdfire doesn't miss a trick -via https://***3L"", 'An unexpected stop at @t***e gets me in trouble. Vintage Costume National @ Los Angeles, California https://***u4', 'Prof. Emer. Francesco Chiappelli is guest editing a very interesting Special Issue on ""Climate Crisis-Related Medical Emergencies"". Interested in contributing? More info here: https://***M5 #climatechange #EmergencyMedicine https://***w4', '-']",-,content_C,post
t1204,u1064,2020-10-07 14:59:12+00:00,Wildfire,p***t,"A new pilot powered by Planet, @M***D &amp; @U***y, with support from @M***d, showed that on-the-ground sensors can trigger satellite imagery collection, helping emergency management teams better understand the extent of #wildfire. https://***K6 https://***Ls","['@k***i @S***k @T***i @m***y @D***n @d***l @L***s @J***D @E***s @c***p @l***m @U***s @S***e @e***y @A***w Resuscitationalist?', ""@K***o @J***r True although technically in the UK the leader who is not up to it plays with fire &amp; resigns over it, so the party replaces them with someone who is also not up to it &amp; who then gets kicked out &amp; replaced with a columnist/comedian who isn't up to it either 😏"", 'A new pilot powered by Planet, @M***D &amp; @U***y, with support from @M***d, showed that on-the-ground sensors can trigger satellite imagery collection, helping emergency management teams better understand the extent of #wildfire. https://***K6 https://***Ls', '-']",-,content_C,post
t0929,u1435,2020-09-14 13:47:16+00:00,Wildfire,L***1,"Congratulations to Meghan Kovachevich, this week's randomly selected #winner of a Light ‘n Go #Bonfire! Thank you to everyone that entered! The next #giveaway will start again on Friday! #campfire #outdoors #family #camping #firepit #fireplace #WINNER #BBQ https://***O6","['@c***y Close the strip clubs and massage parlours, close the bars and indoor dining, put the problem areas back to stage 2. Or u can do absolutely nothing and keep tweeting updates till we are back to 500+ cases a day. Have we not learned anything from the dumpster fire down south??', ""Climate scientists agree: The link between climate change and California's worsening fires is crystal clear. Yet Trump continues to deny science and reject experts. https://***O7"", ""Congratulations to Meghan Kovachevich, this week's randomly selected #winner of a Light ‘n Go #Bonfire! Thank you to everyone that entered! The next #giveaway will start again on Friday! #campfire #outdoors #family #camping #firepit #fireplace #WINNER #BBQ https://***O6"", '-']",-,content_C,post
t0894,u0643,2020-09-12 14:10:23+00:00,Wildfire,P***t,"In #BerryCreek, California, people had to leave so quickly when the #NorthComplexFire came that they left behind beach toys and lounge chairs. This picture taken yesterday shows how fast wildfires can spread. #CaliforniaFires #ButteCounty https://***eN","['Did some patch-clamp experiments today. All of the pipettes that I pulled had black particles at the tip - even when using brand new glass capillaries. I guess that these particles come from the smokey air in the lab - I have never seen this in my 8 years of patching #wildfires', 'Monday, Tuesday, Wednesday, Thursday, Today, from Top to bottom here in #Portland. (Photo by Reddit user ‘thisisn0tbillgates’) #OregonWildfires2020 #OregonIsBurning https://***qH', 'In #BerryCreek, California, people had to leave so quickly when the #NorthComplexFire came that they left behind beach toys and lounge chairs. This picture taken yesterday shows how fast wildfires can spread. #CaliforniaFires #ButteCounty https://***eN', '-']",-,content_C,post
t1063,u1891,2020-09-20 01:27:35+00:00,Wildfire,N***y,"Wildfire Smoke Update Areas of haze from wildfire smoke to our west will increase a bit tomorrow, especially later in the day. Note, this will be less dense than the smoke we saw this morning. Periods of haze will remain possible into the upcoming week. #utwx https://***7p","['@w***_ Hey my guy! If you are interested let me know in the DMs. I think i got some fire for you!', 'Wildfire Smoke Update Areas of haze from wildfire smoke to our west will increase a bit tomorrow, especially later in the day. Note, this will be less dense than the smoke we saw this morning. Periods of haze will remain possible into the upcoming week. #utwx https://***7p', '@T***5 @S***x Yes, the firing operation will establish a necessary control line between the fire &amp; values at risk including communities. The goal is to eliminate fuels so the fire cannot progress further in that direction in preparation for strong winds forecast for the fire area tomorrow.', '-']",-,content_B,post
t0837,u2205,2020-09-10 10:59:45+00:00,Wildfire,C***n,-,"['Just spoke with \u2066@C***O\u2069 and was told this is a flare up, but due to the location- no homes are at risk. \u2066@1***s\u2069 https://***Iu', 'A new pinned post! Hi there! I’m Carlette! I really love Fire Emblem, but I do love other things too! I’m married to @a***d and together we do sappy cosplay under the name Raptors in Rhythm! 📸 Celica and Alm by Headphonestudios Ninian and Eliwood by @R***s https://***Lu', 'Today I live on Mars. #calfires #nofilter @ Menlo Park, California https://***Rp', '-']",tweet_A,-,retweet
t1494,u2799,2020-11-30 13:57:33+00:00,Wildfire,M***8,Interested in #climate #resilience #adaptation #independence #sand ???? @r***r @k***r and I are looking for a student from #Greenland to join our project to learn about 'Local Perspectives on Emerging Greenlandic Sand Exploration &amp; Climate Adaptation' Please RT! https://***ah,"['@T***e @s***s so so cool xx', '@o***k The pipe that delivers purified smoke to your lips without any contact Release date Dec 1st https://***Ud https://***vR', ""Interested in #climate #resilience #adaptation #independence #sand ???? @r***r @k***r and I are looking for a student from #Greenland to join our project to learn about 'Local Perspectives on Emerging Greenlandic Sand Exploration &amp; Climate Adaptation' Please RT! https://***ah"", '-']",-,content_C,post
t0905,u2243,2020-09-12 22:33:37+00:00,Wildfire,a***e,We are removing false claims that the wildfires in Oregon were started by certain groups. This is based on confirmation from law enforcement that these rumors are forcing local fire and police agencies to divert resources from fighting the fires and protecting the public. (1/2),"[""It's time to enter our weekly #giveaway for a #free Light 'n Go #Bonfire! Simply like this post and comment where you'd like to try one! #firepit, #fireplace,#camping, #tailgating, #lake, #beach (U.S. Residents Only please) #outdoors #outdoorliving #Fall2020 #fire #BBQ #bbqlife https://***tH"", 'My response to almost everyone this week. Catch up all weekend! @b***v @b***l @ Los Angeles, California https://***t0', 'We are removing false claims that the wildfires in Oregon were started by certain groups. This is based on confirmation from law enforcement that these rumors are forcing local fire and police agencies to divert resources from fighting the fires and protecting the public. (1/2)', '-']",-,content_C,post
t1010,u3040,2020-09-16 14:48:25+00:00,Wildfire,a***g,"A7. #IoT sensors can detect &amp; report on #Wildfire hazards or rising floodwaters, and #AI can automatically take protective measures to mitigate or stop the risk in its tracks. #MMCChat https://***2T","[""As part of our Sporting Upsets series I looked back on the only major Tiger has lost with a 54-hole lead. Three months later he'd crash into a fire hydrant... https://***4h"", 'Don’t smoke 💕 https://***XZ', 'A7. #IoT sensors can detect &amp; report on #Wildfire hazards or rising floodwaters, and #AI can automatically take protective measures to mitigate or stop the risk in its tracks. #MMCChat https://***2T', '-']",-,content_C,post
t1416,u0355,2020-11-12 00:47:17+00:00,Wildfire,C***p,"""FTI’s work is the latest chapter in a long history of campaigns by the fossil fuel industry, political strategists and public relations professionals to influence climate policy."" Monetizing ignorance and fake news at the expense of people and the environment https://***t1","['Fire In The Pulpit Amen in The Pew by PAUL B THOMAS https://***X7 via @A***K', ""You might be from California if you complain when it's hot and also complain when it's cold."", '""FTI’s work is the latest chapter in a long history of campaigns by the fossil fuel industry, political strategists and public relations professionals to influence climate policy."" Monetizing ignorance and fake news at the expense of people and the environment https://***t1', '-']",tweet_C,content_C,quote
t0227,u1879,2018-11-12 20:55:06+00:00,Wildfire,j***s,The worst part of the wildfires is my mom watching sensational news coverage and freaking out,"['The worst part of the wildfires is my mom watching sensational news coverage and freaking out', '#Timelapse of the 🔥👩🚒👨🚒 #MalibuFire #WoolseyFire #HillFire as seen #Sentinel2 🛰️ (10 November 2018) 🎬 @C***U https://***sf', ""1 weekly unfollower. Crowdfire doesn't miss a trick - via https://***fv"", '-']",-,content_A,post
t0940,u1985,2020-09-14 17:17:26+00:00,Wildfire,d***t,Trump will visit California today to be briefed on the catastrophic wildfires that have killed at least 33 across the American West. Today's Daily Pnut features a must-read on Trump's Trial By Fire. Read more: https://***DQ (Photo: Josh Edelson via Getty Images) https://***Ks,"[""Trump will visit California today to be briefed on the catastrophic wildfires that have killed at least 33 across the American West. Today's Daily Pnut features a must-read on Trump's Trial By Fire. Read more: https://***DQ (Photo: Josh Edelson via Getty Images) https://***Ks"", 'Oh wow - the @C***b (PI excluded, has zero dance skills) is on fire in this #MosquitoClapChallenge dance video! Thanks for organizing @K***o. @R***c @i***D. @A***y, @C***b answering your challenge! https://***Uu', 'Keeping up @ Forestville, California https://***0s', '-']",-,content_A,post
t1259,u2546,2020-10-15 15:45:20+00:00,Wildfire,U***m,Here is how you can contribute to the next US National Climate Assessment: Nominate yourself to write it or provide technical input: https://***zK @u***p @N***n @U***B @g***t @N***A @N***A @U***A @d***e @E***A @U***S @U***D @N***T @D***s @A***x https://***EQ,"['I watched one video on YouTube a while ago on people leaving California and suddenly my every ~10th video recommendation is that. Now I can’t tell if this is common or if it’s just the recommendation algorithm bubbling it up. ML breaking my inner availability heuristics 🤦♂️', 'Here is how you can contribute to the next US National Climate Assessment: Nominate yourself to write it or provide technical input: https://***zK @u***p @N***n @U***B @g***t @N***A @N***A @U***A @d***e @E***A @U***S @U***D @N***T @D***s @A***x https://***EQ', 'Don\'t miss the #CamFest2020 in November and hope you can join our session on ""#ClimateChange and #Finance"" on Friday 13th of Nov with the amazing @M***a (@B***t), @c***o (@D***S @C***G @Q***m) &amp; @S***l (@C***h @J***m). https://***bp', '-']",-,content_B,post
t0888,u2711,2020-09-12 04:35:54+00:00,Wildfire,c***s,The scale of destruction is scary. #OregonFires #OregonWildfires2020 #OregonIsBurning https://***ZK,"[""Odisha: 2 jawans of the Special Operation Group (SOG) martyred in exchange of fire betwn security forces n Maoists at Kalahandi-Kandhmal border on Wednesday, police confirmed this morning. 5 Maoists, including 4 women were gunned down y'day by the security forces @I***s"", 'In addition to the terrifying pictures, are you looking for something in-depth to read about the wildfires in the Western U.S.? Here our model highlighted a piece from @M***n on the ""Smoke Belt,"" the dangers of PM 2.5 particles and what it all means https://***by', 'The scale of destruction is scary. #OregonFires #OregonWildfires2020 #OregonIsBurning https://***ZK', '-']",-,content_C,post
t1173,u0159,2020-10-04 16:34:05+00:00,Wildfire,G***a,-,"[""Wildfire ravaged this rancher's cattle and maybe his family legacy. He blames politics https://***oX"", '🆙 @ Los Angeles, California https://***zC', ""THE BEACONS ARE LIT!!!! Any night that might seem 'chilly', I can assure you we will have these fire towers out here to keep y'all nice and toasty until December 1st!! https://***rD"", '-']",tweet_C,-,retweet
t1317,u1368,2020-10-22 23:37:47+00:00,Wildfire,N***t,"Massive burn scar from the August Complex fire in Northern California as seen by #Landsat 8 on Oct. 19, 2020. The fires in this area had consumed 1,032,264 acres by the morning of October 21 and were still burning (though 91% contained). https://***bD https://***Hi","['Value for human life is the bane of any sane society Every life is valuable Every life is valuable Every life is valuable Every life is valuable Every life is valuable How do you open fire on UNARMED CITIZENS YOU TOOK AN OATH TO PROTECT? HOW? How did we get here?', 'Massive burn scar from the August Complex fire in Northern California as seen by #Landsat 8 on Oct. 19, 2020. The fires in this area had consumed 1,032,264 acres by the morning of October 21 and were still burning (though 91% contained). https://***bD https://***Hi', 'They opened fire on Peaceful protesters in Lekki who were out, singing, dancing, cleaning the same grounds Daily post protest! Protesting #BadGovernanceInNigeria &amp; #PoliceBrutalityInNigeria #EndSARS whilst Terrorists Get Pardon and rehabilitation! #LekkiMassacre https://***Cc', '-']",-,content_B,post
t0130,u2143,2018-10-19 15:27:30+00:00,Wildfire,W***1,Good piece here on #architects and the climate crisis by @c***d arguing that profession needs to respond with political advocacy as well as design skills https://***9O @A***l,"['Good piece here on #architects and the climate crisis by @c***d arguing that profession needs to respond with political advocacy as well as design skills https://***9O @A***l', '* breaking * I’m now licensed in California! We’ve been busy setting up shop in Los Angeles and traveling back and forth since the summer - and finally ready to announce this exciting... https://***cW', 'Even our @p***j newsroom/staff had to evac out of Norton Building due to major @S***e response to gas leak just North of @p***e. Nearly 2 hours later, reponse assets slowly returning to homestations. #photojournalism https://***PI', '-']",-,content_A,post
t0980,u2603,2020-09-15 14:55:04+00:00,Wildfire,n***s,"On the same day Joe Biden warned about increasing climate disasters around the country, President Trump denied the reality of climate change, telling a top California official at a roundtable that ""I don't think science knows."" https://***o8","['On the same day Joe Biden warned about increasing climate disasters around the country, President Trump denied the reality of climate change, telling a top California official at a roundtable that ""I don\'t think science knows."" https://***o8', 'This is such a sad story. Horrific. Terrifying for the family. ""‘I am your wife,’ badly burned woman whispers to man who found her in Oregon wildfire."" https://***S0', 'OMG I WROTE AN ARTICLE FOR THE WASHINGTON POST. OMG. Perspective | I’m from a long line of California ranchers. Now we flee fires all the time. https://***ZQ', '-']",-,content_A,post
t1552,u0858,2020-12-13 04:10:02+00:00,Wildfire,B***y,"“We need people who understand the problem and how to work with our legal and political systems so that we can respond appropriately to climate change."" - Professor Nick James, Executive Dean of Bond's Faculty of Law. https://***pH","['Is it hot in here or is it just me? No wait it’s just climate and ocean scientist @p***y dropping some fire knowledge heating this place up for #SciQFriday! Please join us tonight as we discuss our rapidly changing world and the ways we can produce solutions! #ScienceTwitter https://***vy', ""@w***l @A***c @K***e @F***8 I wouldn't disagree, but in that case starting pts for ml folks in such scaling problems can be existing stat knowledge. They don't need to reinvent the wheel."", '“We need people who understand the problem and how to work with our legal and political systems so that we can respond appropriately to climate change."" - Professor Nick James, Executive Dean of Bond\'s Faculty of Law. https://***pH', '-']",-,content_C,post
t0246,u2437,2018-11-14 22:29:52+00:00,Wildfire,I***n,-,"['Makes me so mad when smart, ethical scientists I know are accused of publishing climate papers for “grant money”. They earn 🥜 vs their other opportunities, but give that up to help world. But their accusers make billions by slowing down clean energy. Which is more credible?', 'TTG 😤 @ Los Angeles, California https://***zf', ""Here's what California's wildfires look like from space https://***ld https://***B1"", '-']",tweet_B,-,retweet
t0886,u2757,2020-09-12 00:14:59+00:00,Wildfire,_***_,Fire Tornadoes in California May God have mercy on the people of California 🥺🙏🏽 CLIMATE CHANGE IS REAL❗❗❗ https://***aT,"['#Portland #Oregon right now #wildfires half a million people under evac orders in this state https://***RY', 'Fire Tornadoes in California May God have mercy on the people of California 🥺🙏🏽 CLIMATE CHANGE IS REAL❗❗❗ https://***aT', 'NEW: Major League Baseball is planning four postseason ""bubbles"" in Texas and California beginning with the divisional rounds. First round games are expected to be played at home ball parks, a source tells me. https://***Ju', '-']",-,content_B,post
t0198,u2339,2018-11-10 21:39:16+00:00,Wildfire,e***k,"Makes me so mad when smart, ethical scientists I know are accused of publishing climate papers for “grant money”. They earn 🥜 vs their other opportunities, but give that up to help world. But their accusers make billions by slowing down clean energy. Which is more credible?","['Makes me so mad when smart, ethical scientists I know are accused of publishing climate papers for “grant money”. They earn 🥜 vs their other opportunities, but give that up to help world. But their accusers make billions by slowing down clean energy. Which is more credible?', 'Check out my Gig on Fiverr: design an amazing professional logo for branding in 24 hours https://***10 via @f***r Thousand Oaks #GunControlNow Ruth Bader Ginsburg #CaliforniaShooting #BorderLineShooting #NationalSTEMDay Ian David Tucker Carlson #ThursdayThoughts', '@M***6 @A***u @K***S Singapore is greater than Manhattan, Los Angeles, California, New York.', '-']",tweet_A,content_A,reply
t1580,u2106,2020-12-17 17:33:51+00:00,Wildfire,D***l,"Red Cross thanks DI for supporting western wildfire relief efforts. DI, recently acquired by @a***p is pleased to assist. https://***GZ https://***4A","['Red Cross thanks DI for supporting western wildfire relief efforts. DI, recently acquired by @a***p is pleased to assist. https://***GZ https://***4A', 'Talk about owning a premium domain name! Hurry up and outbid the others now. The auction ends in 5 days. For details visit - https://***Ou . . . . #catched #domainauction #expireddomain #firees https://***6Z', ""Ehhh what the heck. We're gonna squeeze ONE MORE podcast in for the year. Last chance to fire away with your Q&amp;A submissions in the replies and we'll read them on the show 👀 https://***7z"", '-']",-,content_A,post
t1530,u1061,2020-12-08 15:30:40+00:00,Wildfire,i***s,"We're 3 days away from INK Tribe 2020! A CONFLUENCE of thoughts and insights from the 'Breakdowns and Breakthroughs' of 2020. On 12/12, for 12 hours, join us at the biggest INK campfire! Register: https://***yS https://***MC","[""We're 3 days away from INK Tribe 2020! A CONFLUENCE of thoughts and insights from the 'Breakdowns and Breakthroughs' of 2020. On 12/12, for 12 hours, join us at the biggest INK campfire! Register: https://***yS https://***MC"", 'AEVEX Aerospace supports cockpit and data link upgrades such as the @P***y MPU5 Wave Relay. This enhancement gets critical, real-time fire data and airborne products into the hands of ground-based GIS teams and firefighters during a forest fire. Contact hardware@a***x.com https://***75', 'California contact tracing is out, which is great. However I wonder when there can be one unified app works for the whole country. So much segmentation on effort to fight covid-19. Download the app here: https://***UI https://***pF', '-']",-,content_A,post
t0210,u0195,2018-11-11 14:01:50+00:00,Wildfire,a***r,-,"['Trying to get my mind off of this fire and snuggling with my niece. We are all safe and that’s all that matters https://***d6', 'California wildfire ‘destruction is catastrophic,’ Trump says, urges people to evacuate https://***Y4', 'CAN’T FATHOM THE TERROR IN CALI RIGHT NOW UP ALL NIGHT PRAYING FOR THE VICTIMS #campfireparadise', '-']",tweet_B,-,retweet
t1489,u3235,2020-11-28 09:03:16+00:00,Wildfire,w***a,"Hawking asked what breaths fire into equations, which meant what makes given mathematical equations realize the physics of a universe. Similarly, I wonder what breaths fire into computation - what makes given computation conscious.","['GOP finds silver lining in Trump’s landslide California loss - POLITICO https://***5l', ""@e***k Hey. That's what the Germans said after losing in WW1 too. Weimar was a newborn baby that got burnt in a mysterious fire before it got working"", 'Hawking asked what breaths fire into equations, which meant what makes given mathematical equations realize the physics of a universe. Similarly, I wonder what breaths fire into computation - what makes given computation conscious.', '-']",-,content_C,post
t1154,u3036,2020-10-01 20:47:09+00:00,Wildfire,s***6,"Was grateful to have the opportunity to contribute to this @n***s story, and to speak w/ people in CA about how wildfires are impacting their lives. For some folks I talked to, it's their second evacuation in a month — and the threat is not going away: https://***OK","[""Was grateful to have the opportunity to contribute to this @n***s story, and to speak w/ people in CA about how wildfires are impacting their lives. For some folks I talked to, it's their second evacuation in a month — and the threat is not going away: https://***OK"", '@j***y @D***s @t***s It’s more drinkable alone than most ryes, I think. Not as exciting as their campfire whiskey, though!', ""'Cross your fingers for us': Napa Valley wineries report property damages amid Glass Fire https://***Wi"", '-']",-,content_A,post
t1298,u2318,2020-10-20 05:00:00+00:00,Wildfire,C***2,"For years, they kept their love secret...but a wildfire showed them what matters and what never did. Now the world is testing them...does their young love have what it takes to survive? https://***iH HEAT and FLICKER, a two-part #newadult #bookseries #NewReleases https://***TO","['Meanwhile, when a company has been mismanaged into bankruptcy and disaster, they fire the CEO. You don\'t expect reform from the same person that allowed things to get this bad. You fire the CEO. In our case, that ""CEO"" is the IG. The IG must go. Pls resign, Sir. #EndSARS #5for5', 'Digicom Electronics Expands Bay area California EMS Facility, read more on @T***t &gt;&gt; https://***UN https://***tF', 'For years, they kept their love secret...but a wildfire showed them what matters and what never did. Now the world is testing them...does their young love have what it takes to survive? https://***iH HEAT and FLICKER, a two-part #newadult #bookseries #NewReleases https://***TO', '-']",-,content_C,post
t0972,u0850,2020-09-15 05:17:55+00:00,Wildfire,l***k,-,"[""We shouldn't let CA leadership get away with blaming the fires on climate change. We knew long ago it was coming. We knew we needed large scale prescribed burns and prevention. They were too afraid of NIMBYs and did nothing. They failed us."", 'I got the front row 😅 OUT THE BOX @f***g @ Los Angeles, California https://***BP', ""Climate scientists agree: The link between climate change and California's worsening fires is crystal clear. Yet Trump continues to deny science and reject experts. https://***O7"", '-']",tweet_C,-,retweet
t1365,u1433,2020-10-30 07:41:04+00:00,Wildfire,m***y,-,"['Saludos desde Silicon Valley en California a los organizadores de @I***y #INCmty #INCmty2020 https://***gz', 'In new article, Kit Rodolfa @m***u and colleagues in Adhoc California COVID-19 Working Group explain how they quickly built epidemic models that guided state policy to contain the virus and help allocate critical resources like ICU beds and ventilators. https://***dU https://***eb', 'Our new @A***s episode released today investigates how a disastrous prison transfer led to one of the worst COVID-19 outbreaks in the country, in California’s oldest prison, San Quentin. https://***Jp', '-']",tweet_A,-,retweet
t1210,u0789,2020-10-08 16:50:34+00:00,Wildfire,i***s,Wildfire is a paradox we must learn to live with https://***s4 by Glenn McGillivray @I***a,"['DO YOU KNOW? Secondhand smoke accounts for over $10 billion in medical cost annually in the US. 😷🌍 . . . #aqiindia #pollution #youreflectwhatyoubreathe #CleanAirForAll #aqi #savetheearth #airpollutants #airquality #breathe #air #smoke #smoking #healthbill #airqualityindex https://***Zk', '@m***n I don’t think it reduces how extraordinary Spitfire is, but it should be pointed out that the dog lands about 1.5-2 feet lower than the jump-off point. Striking how similar the maximum performance is between such different physiques.', 'Wildfire is a paradox we must learn to live with https://***s4 by Glenn McGillivray @I***a', '-']",-,content_C,post
t1003,u0464,2020-09-16 14:20:16+00:00,Wildfire,T***d,"A3. Many wildfires occur on government land (national forests, national parks), so the government has the responsibility to manage that land. #MMCChat #wildfires @S***g @a***g @T***y @P***y @A***2 @C***3 @d***c @g***d @M***l https://***Xi","[""Ok so now wildfires are Trump's fault too? The left gets dumber everyday."", 'The mounting economic losses due to catastrophes (including #covid, #hurricanes, #wildfires, etc.) should serve as a wake-up call to the public and policymakers alike that action must be taken now to limit future losses. #MMCChat https://***ix', 'A3. Many wildfires occur on government land (national forests, national parks), so the government has the responsibility to manage that land. #MMCChat #wildfires @S***g @a***g @T***y @P***y @A***2 @C***3 @d***c @g***d @M***l https://***Xi', '-']",-,content_C,post
t0166,u1267,2018-11-08 18:42:14+00:00,Wildfire,m***y,I added a video to a @Y***e playlist https://***dd Campfire Harmonica Tablature for Beginners : Harmonicas,"['#IDENTIFY2018 NYC is almost here &amp; the team is working hard to put the finishing touches for tomorrow. 🙌 Join us at @n***s at 8:30am to hear from @C***e @D***a, Grand Canyon Education, @m***k @p***l @W***e + more! Agenda: https://***Rs https://***Ti', 'I added a video to a @Y***e playlist https://***dd Campfire Harmonica Tablature for Beginners : Harmonicas', ""I've seen first-hand how the #antivax antivaccine lobby disrupts (and damages) political processes and governance in our state of #Texas. It would be equally tragic if this were to happen in #California. Wishing the very best to @D***D https://***nM"", '-']",-,content_B,post
t0955,u2960,2020-09-14 19:27:03+00:00,Wildfire,C***n,"Thank you @W***t for working hard alongside @C***r @G***m to protect California from climate change effects, today and every day. 2020 has demonstrated painfully how much the US needs to rejoin this work https://***95","['can we just fire Adam Gase at the end of the game today and get it over with', 'It appears the #bobcatfire is burning within 1.5 miles of Mt. Wilson, possibly closer (Source: https://***K) https://***RU', 'Thank you @W***t for working hard alongside @C***r @G***m to protect California from climate change effects, today and every day. 2020 has demonstrated painfully how much the US needs to rejoin this work https://***95', '-']",-,content_C,post
t0033,u1810,2018-08-13 11:15:47+00:00,Wildfire,A***C,RACE AGAINST TIME: Bodycam footage shows police racing to evacuate 60 cats and dogs from SPCA building as California wildfire nears. All animals were safely placed in foster homes. https://***tH https://***05,"['Found a new reason to use Twitter... checked the fire map this afternoon, but my data was out of date by the time we hit the road and we ended up driving by one of Cali’s newest fires along the highway. New realities. :(', 'Awesome outting w/ my Sam-Sam today! After a bit of a late start and an unfortunate detour, we hit #californiahighway1 for some great weather and #oceanviews 💜 @ Highway 1 https://***I1', 'RACE AGAINST TIME: Bodycam footage shows police racing to evacuate 60 cats and dogs from SPCA building as California wildfire nears. All animals were safely placed in foster homes. https://***tH https://***05', '-']",-,content_C,post
t0287,u2998,2018-11-20 06:25:52+00:00,Wildfire,D***6,We would love to see more and more companies solve problems like #agriculture #cognitivelearning #climate #geological They should also become part of this 2/3rd because there lies a tremendous value. #datasciencebeginners. Do you agree ? @B***i https://***xk,"['We would love to see more and more companies solve problems like #agriculture #cognitivelearning #climate #geological They should also become part of this 2/3rd because there lies a tremendous value. #datasciencebeginners. Do you agree ? @B***i https://***xk', '@T***l Unfortunately that smoke contains the souls of 1000 perished. Sad times for NorCal', 'Smoke Beer? It’s a thing! And Jesse wants your Thanksgiving to be like a perfect night around a Vermont campfire, so he suggests you drink this with your holiday dinner. What is he talking... https://***fc', '-']",-,content_A,post
t0129,u0784,2018-10-18 19:41:58+00:00,Wildfire,U***g,-,"[""@g***t THANK YA, DR. GUNTER. ANY CHANCE @N***r MIGHT PLAY 'HOME ON THE RANGE', ROUND THE FIRE TONIGHT? #ASHG18"", 'I liked a @Y***e video https://***OD How to Make a Fire Tornado (A Wee One)', 'The ‘Leo and Mac’ Reader Roundup #3: CleanMyMac 3 Met with Fire &amp; Fury https://***NR https://***Hn', '-']",tweet_A,-,retweet
t0220,u1546,2018-11-12 14:07:07+00:00,Wildfire,R***T,-,"['Meeting one of our school colleagues Tito Zayed in LA after 17 year. #amicalesaintmarc @ Redondo Beach, California https://***wb', 'CAL-FIRE Firefighter from the Paradise, CA wildfire finds missing dog, helps reunite with family. https://***5i', 'Michelle and I are heartbroken for everybody who’s lost so much in California, and grateful for the heroism of the firefighters who’ve been risking their lives around the clock to save others. Please do what you can to help our fellow Americans in need: https://***wk', '-']",tweet_A,-,retweet
t1076,u2293,2020-09-21 16:42:00+00:00,Wildfire,c***e,"Don't miss this free talk on climate and wildfires by Park Williams, one of our 2016 Climate and Life Fellows! https://***ZN","['Herb: Fire Herb Areas-Inside the physical body Food, Air ,Water Flow areas. Wood Herb Areas-Blood &amp; Blood flow areas in inside the Organs. Fire Herb can work Metal&amp; Earth area also. Wood Herb can work Fire,Metal, Earth Areas also.', ""Don't miss this free talk on climate and wildfires by Park Williams, one of our 2016 Climate and Life Fellows! https://***ZN"", 'California is testing Canadian startup e-Zinc’s long-duration technology to keep businesses powered through wildfires and outages Jordan Savage-my brilliant advisee &amp; member of my Integrated Sci Club worked here in summer. So proud! \u2066\u2066@c***e\u2069 https://***YW', '-']",-,content_B,post
t0108,u0999,2018-10-08 15:17:25+00:00,Wildfire,1***b,"After the devastating wildfires that struck Portugal in October 2017, the community in the mountains surrounding Benfeita transform an old traditional Olive press building into a community and education center to rise from the ashes again. https://***kE https://***BE","['Beautiful and Trash. #KateBeckinsale is the Chick of the Week. #chickoftheweek #theWiilds #smoke https://***3c', 'After the devastating wildfires that struck Portugal in October 2017, the community in the mountains surrounding Benfeita transform an old traditional Olive press building into a community and education center to rise from the ashes again. https://***kE https://***BE', '.@r***p I Have No Plans to Fire Rod Rosenstein https://***kw', '-']",-,content_B,post
t1182,u1567,2020-10-05 14:01:54+00:00,Wildfire,R***m,"When, not if, a wildfire happens, are you ready? Are you in an ember zone? Is your home defensible? Use our Ready, Set, Go! Action Plan now to prepare your house and property well in advance of a threat. https://***mh #FirePreventionWeek #ReadySetGo https://***yB","['When, not if, a wildfire happens, are you ready? Are you in an ember zone? Is your home defensible? Use our Ready, Set, Go! Action Plan now to prepare your house and property well in advance of a threat. https://***mh #FirePreventionWeek #ReadySetGo https://***yB', 'Just posted a video @ Los Angeles, California https://***4l', 'So incredibly grateful to all of the firefighters - from 20 neighboring states and several countries - who have been battling CA’s historic wildfires. Many have have been away from their families for weeks. 17,000 remain on the lines here in the Golden State this morn. Pic: AP https://***rh', '-']",-,content_A,post
t1316,u2589,2020-10-22 20:32:09+00:00,Wildfire,J***z,This brutal wildfire season is taking a mental toll on the people keeping communities safe. Via @s***s and @P***s. https://***Zk https://***mC,"['Let it be known that on this day 20th October 2020, the Nigerian government disconnected cctv cameras at the lekki toll gate. Waited till dark, switched off lights &amp; opened fire with live ammunition on its citizens. #Lekkitollgategenocide #lagosgenocide #EndSARS https://***un', 'This brutal wildfire season is taking a mental toll on the people keeping communities safe. Via @s***s and @P***s. https://***Zk https://***mC', 'Two “masked” intruders broke into a California bank using a method straight out of the movies: crawling along air ducts – only to fall through the ceiling tiles and onto the floor. https://***Hj', '-']",-,content_B,post
t0155,u0750,2018-11-02 18:04:14+00:00,Wildfire,P***n,"Are you signed up to receive our weekly #preparedness eBriefs? Get the latest on winter weather, fire safety, and critical infrastructure: https://***jy https://***kd","['I got some DMV kids that want the smoke ! https://***xp', '@F***l @l***p what is the plan to resolve the horrendous parking at Pitreavie. Fire station next door https://***1A', 'Are you signed up to receive our weekly #preparedness eBriefs? Get the latest on winter weather, fire safety, and critical infrastructure: https://***jy https://***kd', '-']",-,content_C,post
t0114,u2566,2018-10-11 06:48:47+00:00,Wildfire,A***y,"Steve terrorising the new recruits with quickfire PLU code drills. That biochemical engineering degree won’t save you now young man, in the adrenaline-fuelled world of Front end retail You’ll get chewed up and spat out faster than your can say ‘Conference Pear: 2961’","[""Watch the strangely delightful Richard Linklater-directed 'Fire Ted Cruz' ad that's gone viral https://***Np https://***Io"", 'Steve terrorising the new recruits with quickfire PLU code drills. That biochemical engineering degree won’t save you now young man, in the adrenaline-fuelled world of Front end retail You’ll get chewed up and spat out faster than your can say ‘Conference Pear: 2961’', 'In honor of Fire Prevention week Vermilion Fire Department came out this week to teach our preschool, and toddlers class about fire safety. They even got to see the equipment our firefighters use, and their fire trucks.', '-']",-,content_B,post
t1261,u0973,2020-10-15 16:55:17+00:00,Wildfire,b***o,-,"['Building Back Better: Risk-informed COVID-19 Recovery and Rehabilitation and Strengthening Resilience to Climate Change-Related Disasters in Africa and the Caribbean - Zoom On Disasters Risk Reduction Day let us focus on # Africa and the #Caribbean https://***Qn', 'We like to have fun around here. #killbrand #fuckeverything #dontforgettovote @ Newport Beach, California https://***4d', 'I ordered a new box of @Y***a and when I got the delivery notification, I bounced excitedly to the front door and flung it open. Nothing. A moment later, from 10 states away in California, my sister texted me with this photo. ""Did you order me some tea?"" 😭😭😭\U0001fad6💔 https://***Er', '-']",tweet_B,-,retweet
t1313,u1691,2020-10-22 16:42:46+00:00,Wildfire,m***n,"Great job alert Six years ago at Prime we set out to address critical climate finance gaps with catalytic capital. Now it’s time to look at what can be done in project finance. We’re looking for a badass to take the reins of this initiative, take a look! https://***Nx","['@m***g just wanted to say congratulations on getting resigned with the Woods Brothers. How could that not be special your back in the 21 in 2021. I also have a question, what do you do with old fire suits and helmets? I would love to get hold of one especially one of the', 'Great job alert Six years ago at Prime we set out to address critical climate finance gaps with catalytic capital. Now it’s time to look at what can be done in project finance. We’re looking for a badass to take the reins of this initiative, take a look! https://***Nx', 'Yesterday, @j***u &amp; @A***u disconnect the CCTV @H***y barricaded protesters in Lekki before cutting power &amp; opening fire on unarmed protesters! FG @N***v &amp; state @f***g jointly with the support of Bourdillon killed our youth. #LekkiMassacre', '-']",-,content_B,post
t1275,u1223,2020-10-16 18:30:51+00:00,Wildfire,g***m,NEW: @k***c announces the DEBATE topics for next week: Fighting COVID-19 American Families Race in America Climate Change National Security Leadership,"[""The world continues to slide into dumpster fire oblivion, but at least Sturgill Simpson &amp; Tom Petty have new albums out. Petty's re-release of 1 of my lifetime Top 20 albums, Wildflowers, has a bunch of unreleased stuff too. Small rays of light in the dark https://***Vw"", '@j***k @n***t All this is going to backfire hard. Trump will easily win the election regardless.', 'NEW: @k***c announces the DEBATE topics for next week: Fighting COVID-19 American Families Race in America Climate Change National Security Leadership', '-']",-,content_C,post
t0823,u2582,2020-09-10 02:31:45+00:00,Wildfire,A***i,#SouthBayStrong Thanks to @C***s for the in-kind donation! https://***g0,"['Does my throat hurt because i have covid or because i have been inhaling smoke and ash for the last 2 weeks', 'Wildfires are raging across California. @f***r’s California #Wildfires Recovery Fund will prioritize medium- to long-term recovery, while also making targeted investments in wildfire mitigation &amp; risk reduction. Learn more &amp; donate: https://***k0 #CDP4Recovery', '#SouthBayStrong Thanks to @C***s for the in-kind donation! https://***g0', '-']",-,content_C,post
t1564,u2743,2020-12-15 15:03:15+00:00,Wildfire,e***s,By how much has the world warmed already? Several different groups use historical measurements of air &amp; sea temperatures to monitor how the climate is changing and inform policy discussions on emissions reductions. One of the datasets (HadCRUT) has just been updated. A THREAD. https://***6N,"[""Congratulations to Shannon Marie Morton, this week's randomly selected #winner of a Yule Log! Thank you to everyone that entered! The next #giveaway will start again on Friday! #campfire #outdoors #family #camping #firepit #fireplace #WINNER #Christmas2020 https://***5v"", 'Sunsets of California 🌴🌅 https://***nj', 'By how much has the world warmed already? Several different groups use historical measurements of air &amp; sea temperatures to monitor how the climate is changing and inform policy discussions on emissions reductions. One of the datasets (HadCRUT) has just been updated. A THREAD. https://***6N', '-']",-,content_C,post
t1389,u0824,2020-11-04 21:30:16+00:00,Wildfire,s***a,Affected by wildfires and looking for temp housing in Colorado bc of the East Troublesome fire?: https://***Py,"['Win, lose, or draw, celebrating American democracy with a fine steak and wine dinner... @ Menlo Park, California https://***8u', 'Affected by wildfires and looking for temp housing in Colorado bc of the East Troublesome fire?: https://***Py', 'They hate democracy and love smoke filled rooms. Just so much contempt for their own base. https://***CG', '-']",-,content_B,post
t1556,u1435,2020-12-14 14:13:57+00:00,Wildfire,L***1,"Congratulations to Shannon Marie Morton, this week's randomly selected #winner of a Yule Log! Thank you to everyone that entered! The next #giveaway will start again on Friday! #campfire #outdoors #family #camping #firepit #fireplace #WINNER #Christmas2020 https://***5v","[""Congratulations to Shannon Marie Morton, this week's randomly selected #winner of a Yule Log! Thank you to everyone that entered! The next #giveaway will start again on Friday! #campfire #outdoors #family #camping #firepit #fireplace #WINNER #Christmas2020 https://***5v"", '@D***t @D***s @A***a @d***e @y***y @m***m 🤣🤣', '“‘Humans code these systems. Humans are encoding their own biases into these algorithms,’ said Yasmeen Musthafa, a Ph.D. student in particle physics at the University of California, Irvine” #ai #machinelearning #education #whowritestherules https://***Xg', '-']",-,content_A,post
t1256,u1839,2020-10-15 02:18:06+00:00,Wildfire,M***i,-,"['Less than a week until California’s deadline to register online! Make sure you are registered to vote today! Your vote matters 🗳 https://***0K', ""Just in case any Californians are wondering how you can express your thoughts about @S***n's actions this week: https://***TW"", 'I was bombarded w/ messages about Trump’s claims about California water &amp; a “certain little tiny fish,” the delta smelt, the topic of my dissertation &amp; current book project. I wrote a short reaction piece but was unable to get it published as an oped. Here it is a thread 🧵 1/25 https://***dq', '-']",tweet_A,-,retweet
t0746,u0565,2020-09-06 20:58:31+00:00,Wildfire,p***0,La scuola nella crisi climatica. Assemblea nazionale studentesca al Venice Climate Camp | Global Project https://***AX,"['La scuola nella crisi climatica. Assemblea nazionale studentesca al Venice Climate Camp | Global Project https://***AX', 'National #Preparedness Month Topic for 6-12: Build A Kit. https://***f3 #LA #CA #Laura #Wildfire @R***s @A***a @S***S @h***d ^KP @L***v #DAFN @R***l @R***7 @R***W @M***3 @f***a @R***v @P***S @F***S', 'something they pour small on the ground for the gods to fight war, why won’t she turn to sango and start spitting fire 🤣🤣🤣 https://***dQ', '-']",-,content_A,post
t0909,u2521,2020-09-13 02:41:27+00:00,Wildfire,c***e,-,"['BREAKING: Gov. Newsom signs law allowing incarcerated people who are firefighters in California to have records expunged, clearing the way for them to become professional firefighters once they are released from prison. https://***JF', 'Fire Destroys Most of Europe’s Largest #Refugee Camp, on #Greek Island of Lesbos by @P***y via @n***s https://***kp https://***ok', 'Set your tastebuds on fire with 1 weeks stay at this gorgeous eco-retreat in San Sebastian. 7 nights with car hire @£580 pp https://***jV #sansebastian #spain #basquecountry #pintxos #callingallfoodies #culture #bookwithme #trustedagents #beachandcitybreak https://***G8', '-']",tweet_C,-,retweet
t1284,u2000,2020-10-17 23:41:00+00:00,Wildfire,s***i,-,"['#ÚLTIMAHORA Salvador Cienfuegos, exsecretario de la Defensa Nacional, fue detenido en Aeropuerto de Los Ángeles, California. En un momento más información en https://***fR', '@I***m @C***g @S***s @S***n @R***o @J***a We out here every Friday 3-5pm Hwy 1 South in our beautiful beach town! #GOTV #BidenHarris2020 #California #democracy #Indivisible #honk #SaveAmerica #VOTE #RBGRevolution https://***sy', 'PCFD has been dispatched to assist NSFD on 2 brush fires located on the East side of Henefer. PCFD Units responding: 237, 631, BC 3 and Back Country 33 #PCFD #parkcityfire #brushfire https://***p6', '-']",tweet_C,-,retweet
t0963,u1595,2020-09-14 22:49:37+00:00,Wildfire,C***k,"If you use a medical device at home and live in a high-fire threat area and have been impacted by Public Safety Power Shutoffs in San Mateo County, you may access free or low-cost batteries to keep your essential medical device(s) going during a PSPS https://***p3 https://***Vz","['Gorgeous evening in front of the fire https://***Xl', 'If you use a medical device at home and live in a high-fire threat area and have been impacted by Public Safety Power Shutoffs in San Mateo County, you may access free or low-cost batteries to keep your essential medical device(s) going during a PSPS https://***p3 https://***Vz', 'Dr. Kristin Aquilino - @K***o spoke to @N***s on how heat, #wildfires &amp; #redskies have put a national spotlight on #climatechange: https://***3X 📸: Kent Porter / The Press Democrat https://***sr', '-']",-,content_B,post
t0848,u3075,2020-09-10 20:40:45+00:00,Wildfire,u***e,"Just landed in SF and already feeling the effects of the wildfires. This is absolutely mad. SF vs Charlotte, NC https://***Ys","[""“It was world-firsts on every single vector.” In their documentary Pulling Power from the Sky, follow Makani's journey through California and Hawai’i — to the coast of Norway, where they achieved the first offshore energy-generating flight in the world. https://***C6 https://***sE"", 'Just landed in SF and already feeling the effects of the wildfires. This is absolutely mad. SF vs Charlotte, NC https://***Ys', 'I’m going to let my children set their own wildfire when they’re old enough to decide for themselves', '-']",-,content_B,post
t1344,u2913,2020-10-27 12:55:54+00:00,Wildfire,c***g,new spiritualities and contemporary therapeutic cultures combining theoretical and empirical work. She currently develops a project on the politics of imagined climate futures.,"['North Irvine fire https://***Ev', 'Smoke &amp; Meditate🧘🏽♂️', 'new spiritualities and contemporary therapeutic cultures combining theoretical and empirical work. She currently develops a project on the politics of imagined climate futures.', '-']",tweet_C,content_C,reply
t1559,u0324,2020-12-14 23:16:45+00:00,Wildfire,c***c,This island experiences a tropical maritime climate with little seasonal variation in temperature experiencing warm and sunny conditions for most parts of the year. That’s over 300 days of sunshine! #Dominican Republic https://***fi https://***bL,"['This island experiences a tropical maritime climate with little seasonal variation in temperature experiencing warm and sunny conditions for most parts of the year. That’s over 300 days of sunshine! #Dominican Republic https://***fi https://***bL', ""Congratulations to Shannon Marie Morton, this week's randomly selected #winner of a Yule Log! Thank you to everyone that entered! The next #giveaway will start again on Friday! #campfire #outdoors #family #camping #firepit #fireplace #WINNER #Christmas2020 https://***5v"", 'Hey I’m getting used to Twitter yayyy check out my fans link if you dare !!! 😈 #gaysofcalifornia #homo #love #lgbtq🌈 #gayinspeedo #gaymen #speedolad #speedogay #bear #gaysingle #gayfollow #gayhot #gayspeedodad #gaylife #grindr #speedobody #gayselfie #gaysocks #gaystagram https://***Ua', '-']",-,content_A,post
t0979,u2312,2020-09-15 14:40:20+00:00,Wildfire,J***n,Noticed the weird hazy skies in DC this week? It's smoke from West Coast wildfires. https://***QR,"[""Noticed the weird hazy skies in DC this week? It's smoke from West Coast wildfires. https://***QR"", 'Here is a visible satellite image valid at 2pm PDT showing the vast extent of the wildfire smoke. The area in the orange contour is smoke in the mid-upper levels of the atmosphere that has reached as far east as Michigan! The red contour is the dense smoke near the West Coast. https://***oD', 'Death toll rises in US as wildfires continue in West Coast states https://***ah', '-']",-,content_A,post
t1318,u0113,2020-10-23 04:34:31+00:00,Wildfire,K***i,"https://***Vc Among many of the backwards claims @r***p spewed in tonight's debate, my favorite was his claim of being for the environment. Here's a list of his environmental destruction, for those that believe him. #climate #TrumpIsNotAmerica #Biden2020","['Just posted a photo @ Sausalito, California https://***QZ', ""https://***Vc Among many of the backwards claims @r***p spewed in tonight's debate, my favorite was his claim of being for the environment. Here's a list of his environmental destruction, for those that believe him. #climate #TrumpIsNotAmerica #Biden2020"", 'Does anyone know any fire fighters that can get to Spar immediately? People looting have started a fire inside the building... It’s the Spar in Lekki', '-']",-,content_B,post
t0749,u0871,2020-09-07 09:49:17+00:00,Wildfire,P***s,"Here are all the ways you can watch it (US only so far): https://***us your local PBS station the PBS KIDS 24/7 Channel the PBS KIDS YouTube Channel PBS KIDS Video App (for phones, tablets, Apple TV, Roku, Amazon Fire TV, etc.) Amazon Prime Video PBS Kids Channel","['#Fire Broke out at Shri Balaji Car Accessories, M block Kavi Nagar, #Ghaziabad near Ramlila Ground around 10 a.m morning, fire brigade &amp; police were informed to take over the situation within time! Exact reason of fire still not known! @G***5 @O***b @g***n @O***b https://***7M', 'Here are all the ways you can watch it (US only so far): https://***us your local PBS station the PBS KIDS 24/7 Channel the PBS KIDS YouTube Channel PBS KIDS Video App (for phones, tablets, Apple TV, Roku, Amazon Fire TV, etc.) Amazon Prime Video PBS Kids Channel', 'something they pour small on the ground for the gods to fight war, why won’t she turn to sango and start spitting fire 🤣🤣🤣 https://***dQ', '-']",tweet_C,content_B,reply
t1083,u2810,2020-09-22 09:39:42+00:00,Wildfire,H***G,"Moray Firth Coastal Partnership are hosting an online chef skills event tonight. Learn how to fillet, cure and smoke along with Cullen skink and gravlax demos. Session is free and will be approx. 45 mins. Enjoy delicious seafood and support your local fishing industry 🐟🍲 https://***q6","['Moray Firth Coastal Partnership are hosting an online chef skills event tonight. Learn how to fillet, cure and smoke along with Cullen skink and gravlax demos. Session is free and will be approx. 45 mins. Enjoy delicious seafood and support your local fishing industry 🐟🍲 https://***q6', 'Check us out on Instagram dominictodd450 #420friendly #420smoke #greensmoke #weedexotics #weedflorida #weed #smokeweed #WeedAustin #Australianstoners #weedaustralian #Newyorkweed #seattle420 #Weedmiami #shrooms #Cartsusa #Cartsaustralia #Magicshrooms https://***10', 'Just posted a photo @ Los Angeles, California https://***uP', '-']",-,content_A,post
t0266,u1022,2018-11-16 17:58:02+00:00,Wildfire,J***n,Grace and destruction dances together. These were the only things that survived from our house. A Noah’s ark of survivors. #woolseyfire #fire #malibufire #malibustrong #malibufoundation… https://***eQ,"['#like4likes #smoker #smokers #smokersonly #smokersclub #cigaroftheweek #montecristo #cigarbar #cigarsocialclub #cigar #cigarcase #cigaraficionada #cuban #cohiba #cigaroftheday #cigarsmoke #cigarsmoker #enjoycigars #cigarlover #cigarlovers #cigarian #cigarians #cigarporn https://***FR', 'i’m making a personal donation to support the brave firefighters risking their lives keep neighborhoods and people safe in California. please go to https://***j0 to help buy supplies and support first responders.', 'Grace and destruction dances together. These were the only things that survived from our house. A Noah’s ark of survivors. #woolseyfire #fire #malibufire #malibustrong #malibufoundation... https://***eQ', '-']",-,content_C,post
t0854,u3157,2020-09-10 23:53:31+00:00,Wildfire,l***e,Are the people that had serious property damage from that California gender reveal wild fire suing?,"['Our country is in a dumpster fire that Trump is incapable of putting out. 7 months into Covid- no plan. Climate change- no plan. Women’s rights- take them away. Brown, Black, indigenous people-let then die from covid and prevent them from voting. Trump signs are sickening.', 'Are the people that had serious property damage from that California gender reveal wild fire suing?', 'The smoke is heavy in the air today. 😭', '-']",-,content_B,post
t0945,u1813,2020-09-14 18:13:38+00:00,Wildfire,a***r,"""They can explode"" -- Trump's attempt to explain how poor forest management leads to wildfires is totally beyond parody https://***8O","['We are grateful that our officers were not critically injured during last night’s officer involved shooting in the College Hill Neighborhood. This is the officers’ vehicle that was struck by gunfire while both officers were still inside. https://***KJ', 'California State University to keep teaching online into spring https://***F3 https://***oK', '""They can explode"" -- Trump\'s attempt to explain how poor forest management leads to wildfires is totally beyond parody https://***8O', '-']",tweet_A,content_C,reply
t0182,u2179,2018-11-10 05:47:49+00:00,Wildfire,J***n,-,"['My goodness... My heart is in pieces. In pieces for the 250,000 people evacuated. For the animals and critters. For the people of Thousand Oaks suffering this unrelenting tragedy. Deepest and most profound gratitude for our heroic firefighters risking their lives. #woosleyfires', 'Teylor Whittler describes what she witnessed at California bar shooting https://***z0 https://***YY', '4TH Biennial Conference of the Society for Renaissance and Baroque Hispanic Poetry: ""El poder de la palabra poética en Espa?a y el Nuevo Mundo"" (University of California, Irvine, 17-19 October 2019). Thanks Felipe Valencia. https://***Ge', '-']",tweet_C,-,retweet
t0077,u1396,2018-09-15 18:54:03+00:00,Wildfire,j***r,China Should Match California’s Effort to Slow Climate Change https://***Wk,"['China Should Match California’s Effort to Slow Climate Change https://***Wk', '@a***3 @A***e Εν τούτος ο λόγος που τους δίνεται Ελληνοκυπριακή υπηκοότητα 🤔🤔🤔', 'ECCV 2018 Conference is over. I miss California. I miss PyTorching too. But it was good to give a talk at TUM, make new friends, give some Magic Leap One demos, and reconnect with my CMU/MIT colleagues! On September 24th I’ll be speaking at Warsaw University of Technology! https://***4T', '-']",-,content_A,post
t1386,u1360,2020-11-04 17:16:36+00:00,Wildfire,M***s,"We've approved £4m funding for a 3 yr Climate &amp; Ecological Emergency Programme It'll reduce @B***l's carbon emissions &amp; fund 20 new projects on climate action Plus, we're launching an online Climate Hub on 13 Nov to inspire community action 👇 https://***fc","['¿Qué es la Propuesta 24? Recupere el control de su información personal! #Prop24 #California #Vote #Vote2020 https://***I8', ""We've approved £4m funding for a 3 yr Climate &amp; Ecological Emergency Programme It'll reduce @B***l's carbon emissions &amp; fund 20 new projects on climate action Plus, we're launching an online Climate Hub on 13 Nov to inspire community action 👇 https://***fc"", 'LISTEN UP These states offer same-day voter registration TOMORROW: California, Colorado, the District of Columbia, Hawaii, Idaho, Illinois, Iowa, Maine, Maryland, Michigan, Minnesota, Montana, Nevada, New Hampshire, Utah, Vermont, Washington, Wisconsin, and Wyoming. #VOTE', '-']",-,content_B,post
t0259,u0293,2018-11-16 13:49:56+00:00,Wildfire,l***a,-,"['@l***y with the best response to hating on the programming. A strictly fire set of songs that the many of us heard for the first time on KEXP.', 'Some of the devastation in Paradise, CA. The Camp Fire destroyed the town. I’m told this isn’t even the worst of it. https://***8O', 'we want to thank all of the brave influencers who have donated completely unrelated thirst traps to the victims of the california wildfires https://***xT', '-']",tweet_B,-,retweet
t0931,u3003,2020-09-14 14:50:00+00:00,Wildfire,r***k,Addressing climate change is ultimately a behavior change problem - which is almost certainly more difficult to solve than any of the technical problems https://***Sn https://***d8,"['@c***n Since 20% of this fire is considered ""contained"", fire managers are confident that 20% of the perimeter will no longer have growth (the edge closest to the community). But there is still potential on the remaining 80% of the perimeter for growth', ""Join us in California! We're recruiting... https://***5u"", 'Addressing climate change is ultimately a behavior change problem - which is almost certainly more difficult to solve than any of the technical problems https://***Sn https://***d8', '-']",-,content_C,post
t0811,u0729,2020-09-09 19:08:59+00:00,Wildfire,w***c,"Today I live on Mars. #calfires #nofilter @ Menlo Park, California https://***Rp","['Just passed the 3 week mark and Bay Area skies are more ablaze than ever #wildfiresmoke https://***hB', 'Umm best part of the dumpster fire of 2020 so far? I can’t wait! https://***OC', 'Today I live on Mars. #calfires #nofilter @ Menlo Park, California https://***Rp', '-']",-,content_C,post
t0187,u0869,2018-11-10 09:30:04+00:00,Wildfire,f***s,Pacific Gas &amp; Electric says it will aid wildfire investigators after power-line problem near origin of deadly blaze https://***bE,"['View of camp fire taken from Chico California that just destroyed the nearby town of Paradise. Thoughts go out to our @A***s colleagues at Cal State Chico@C***e @p***k and stewart oakley. @C***s https://***3T', 'Pacific Gas &amp; Electric says it will aid wildfire investigators after power-line problem near origin of deadly blaze https://***bE', 'Horrified by the devastation of the #campfire in Paradise, California. My @L***i penpal is from there and I feel so terrible for everyone out there. Trying to figure out ways to help...', '-']",-,content_B,post
t0018,u2275,2018-08-05 20:14:55+00:00,Wildfire,D***S,Smoke forecast through tomorrow. 😞 Expect poor air quality. #CAfires #deathvalley https://***BH,"['Smoke forecast through tomorrow. 😞 Expect poor air quality. #CAfires #deathvalley https://***BH', 'Over a half dozen residents perish in the Californian wild fire outbreak which also burn more a thousand houses and properties. #Califoniafireoutbreak https://***x3 https://***mb', 'Photo By PublicDomainPictures | Pixabay - via @C***e #belly #body #calories #weighttraining #health&amp;fitness https://***zR', '-']",-,content_A,post
t1099,u2806,2020-09-24 02:12:33+00:00,Wildfire,r***r,"At least 26 lives have been lost &amp; thousands more impacted due to what is now the largest fire in California’s history. As a first responder &amp; public health educator, I know what it takes to make sure Oceanside is prepared for fires &amp; other emergencies. https://***eD","['After fire fighting closed near the zero. Good to be in game. #nifty #intradaytrading #OptionsTrading #fatfinger https://***JR', 'Check us out on Instagram dominictodd450 #420friendly #420smoke #greensmoke #weedexotics #weedflorida #weed #smokeweed #WeedAustin #Australianstoners #weedaustralian #Newyorkweed #seattle420 #Weedmiami #shrooms #Cartsusa #Cartsaustralia #CannabisCommunity https://***Dn', 'At least 26 lives have been lost &amp; thousands more impacted due to what is now the largest fire in California’s history. As a first responder &amp; public health educator, I know what it takes to make sure Oceanside is prepared for fires &amp; other emergencies. https://***eD', '-']",-,content_C,post
t1251,u0970,2020-10-14 15:38:34+00:00,Wildfire,r***_,"@b***o Interesting thread! Though I haven’t heard many serious people say that forest management isn’t a cause. The frustration is about one side denying climate change is a cause at all, which has a large impact on issues extending well beyond wildfires and so deserves attention.","['@n***r no - northern california', '@b***o Interesting thread! Though I haven’t heard many serious people say that forest management isn’t a cause. The frustration is about one side denying climate change is a cause at all, which has a large impact on issues extending well beyond wildfires and so deserves attention.', 'Tucked away among the rolling hills of West Marin County California, sits the quaint little village of Nicasio. Nicasio is a town that’s unspoiled and has not been changed too much by time. Great place to see and visit. (link: https://***x)', '-']",tweet_B,content_B,reply
t0829,u2651,2020-09-10 05:10:23+00:00,Wildfire,_***_,-,"['#WaWildfire #Kalama #CowlitzCounty Very smokey atop Green Mountain. Looking east then south toward #Woodland at 8 am on Sept 8. Stay safe! Thank-you to all #FireFighters. https://***S9', 'Fire on the west coast, flood on the east', 'Me defending California to friends pointing out how increasingly unlivable it is becoming https://***3U', '-']",tweet_A,-,retweet
t0987,u1462,2020-09-16 06:51:30+00:00,Wildfire,p***t,#Bobcatfire on the door-step of Mt. Wilson Observatory @M***s. A shout-out to the fire fighters risking their lives and health trying to save the forests and astronomical history. https://***bC,"['Join Shawn Bethel FTS Wildfire Mitigation Specialist, as EUCI hosts part 2 of their free webinar on Wildfire Mitigation: Wildfire Risk, Safety Culture &amp; Innovations for Utility Operations on September 17, 2pm PST. Register at: https://***pw #wildfiremonitoring', '#Bobcatfire on the door-step of Mt. Wilson Observatory @M***s. A shout-out to the fire fighters risking their lives and health trying to save the forests and astronomical history. https://***bC', 'This is NOT climate change. The climate already permanently changed when Wall Street &amp; Corporate America bought off much of our environmental movement, the climate deniers slowed it all down &amp; Trump came in and decimated the EPA. These are not wildfires. These are CLIMATE FIRES! https://***hG', '-']",-,content_B,post
t0928,u2947,2020-09-14 12:52:45+00:00,Wildfire,M***0,@C***O Thank you for your service 🇺🇸stay safe,"['The annual fire drills ended, the existential threat was conquered, and the rest is history. Several years later, Wilke was promoted to CEO of Amazon Retail. Last month he announced he’ll be retiring in January 2021, after the company gets through one more holiday season. Legend.', 'Reports that extremists are setting wildfires in Oregon are untrue. Help us stop the spread of misinformation by only sharing information from trusted, official sources. https://***ep', '@C***O Thank you for your service 🇺🇸stay safe', '-']",tweet_C,content_C,reply
t0790,u1982,2020-09-09 14:56:24+00:00,Wildfire,G***t,-,"['Recent fire view enabled. https://***l1', 'Just wanted to give this some more twitter air: the devastating result of 5 years of EU policy. Lesbos refugee camp fire forces thousands to evacuate https://***gW', '👀did him in 🙌🏾 don’t want no smoke with lil man on da court', '-']",tweet_C,-,retweet
t1265,u2370,2020-10-16 10:06:47+00:00,Wildfire,P***A,"With thanks to the support of @a***a @d***n @M***E and @r***s, the GCA is working hard to insure policies to tackle climate change, food insecurity and poverty across Africa are coordinated. My latest with @B***G https://***mL","['No officer should be able to say “ I go fire you here now and nothing go happen!” #EndPoliceBrutalityinNigeria', 'With thanks to the support of @a***a @d***n @M***E and @r***s, the GCA is working hard to insure policies to tackle climate change, food insecurity and poverty across Africa are coordinated. My latest with @B***G https://***mL', ""RT if you're ready to fire Sens. David Perdue and Kelly Loeffler. https://***eC"", '-']",-,content_B,post
t0255,u2575,2018-11-15 21:37:56+00:00,Wildfire,C***m,Headed to #campfireparadise tomorrow to volunteer. Bringing targeted and requested donations with me. Message me if you want to contribute or help. I know it’s hard to get good info.,"['OAKLAND REPLAY; THE MID CENTURY MONSTER https://***VY #landscape #landscapedesign #landscapearchitecture #design #architecture #midcentury #midcenturymodern #oakland #California #Playground #History https://***t1', 'I saw this video about using herds of goats to clear brush, and help prevent wildfires. I wonder if there’s a fun way we could combine this idea with educational field trips for kids... I know I’d love to spend... https://***jU', 'Headed to #campfireparadise tomorrow to volunteer. Bringing targeted and requested donations with me. Message me if you want to contribute or help. I know it’s hard to get good info.', '-']",-,content_C,post
t1064,u2560,2020-09-20 02:06:10+00:00,Wildfire,a***a,California is testing Canadian startup e-Zinc’s long-duration technology to keep businesses powered through wildfires and outages Jordan Savage-my brilliant advisee &amp; member of my Integrated Sci Club worked here in summer. So proud! ⁦⁦@c***e⁩ https://***YW,"['“Some fear the fire , some simply become it “ 🔥🖤 https://***So', '@p***e @C***e @A***l @T***2 @H***r 💪🏿', 'California is testing Canadian startup e-Zinc’s long-duration technology to keep businesses powered through wildfires and outages Jordan Savage-my brilliant advisee &amp; member of my Integrated Sci Club worked here in summer. So proud! \u2066\u2066@c***e\u2069 https://***YW', '-']",-,content_C,post
t1381,u0031,2020-11-03 03:11:32+00:00,Wildfire,_***_,"This poetry anthology is officially out in Australia today and my poem is in it. FIRE BURN, CAULDRON BUBBLE: MAGICAL POEMS CHOSEN BY PAUL COOKSON, illustrations by Eilidh Muldoon.(Bloomsbury) Ask for it at your favourite bookstore. 🙂 https://***tS","['I’ve known Dr. tony Fauci for decades! He is outstanding! President Trump wants to fire him? Well Trump is the one who needs to be fired! We can do that tomorrow! Vote early!', ""#CaliforniansForAll Just a few hours of helping out can make a big difference to those in need - and it's a great feeling to know you helped. Check it out at https://***g. @C***s @C***s @J***y https://***0G"", 'This poetry anthology is officially out in Australia today and my poem is in it. FIRE BURN, CAULDRON BUBBLE: MAGICAL POEMS CHOSEN BY PAUL COOKSON, illustrations by Eilidh Muldoon.(Bloomsbury) Ask for it at your favourite bookstore. 🙂 https://***tS', '-']",-,content_C,post
t1234,u1435,2020-10-12 13:28:51+00:00,Wildfire,L***1,"Congratulations to Audrey Hale, this week's randomly selected #winner of a Light ‘n Go #Bonfire! Thank you to everyone that entered! The next #giveaway will start again on Friday! #campfire #outdoors #family #camping #firepit #fireplace #WINNER #BBQ https://***N2","[""California Election Twitter - I'm plotting how to vote and I'm finding split endorsements for Prop 14. What are you voting?"", 'Sack Frank Mba for saying these protests are about clout. Fire the IG too! #EndSARS', ""Congratulations to Audrey Hale, this week's randomly selected #winner of a Light ‘n Go #Bonfire! Thank you to everyone that entered! The next #giveaway will start again on Friday! #campfire #outdoors #family #camping #firepit #fireplace #WINNER #BBQ https://***N2"", '-']",-,content_C,post
t0123,u1227,2018-10-16 01:23:37+00:00,Wildfire,S***s,Waiting in the rain for a @m***a campfire cupcake... worth it! https://***KC,"['“Close before you doze.” During last week’s National Fire Prevention Week, the UL Firefighter Safety Research Institute launched a new campaign to remind people that it’s safer to keep your door closed when you’re asleep! Visit the website for... https://***xY', ""Only Texas &amp; Florida send more Republicans to Congress than California. 😱 We're gonna need the highest possible voter turnout to win back the House. Join me in signing up to call the most important California voters. #CaliforniaCounts https://***MG"", 'Waiting in the rain for a @m***a campfire cupcake... worth it! https://***KC', '-']",-,content_C,post
t0962,u2464,2020-09-14 22:18:21+00:00,Wildfire,j***x,"Welp. I can check wildfire evacuation off the list. So very thankful to finally be home and that it's still there. Leaving was nuts... gas stations closed or with insane lines, people screaming and fighting, abandoned vehicles on the side of the road, ash raining from the sky...","['Trump on a purported antifa sympathizer who allegedly killed someone in Portland being killed by federal forces: ""This guy was a violent criminal, and the US Marshals killed him. And I\'ll tell you something -- that\'s the way it has to be. There has to be retribution."" https://***sA', '#bobcatfire it appears the fire reached Arcadia Wilderness Park last night and was maybe 100 yards from the homes on Highland Oaks Dr... (Google Earth view and webcam screenshot of same area from last night). Source video: https://***4Z https://***VH', ""Welp. I can check wildfire evacuation off the list. So very thankful to finally be home and that it's still there. Leaving was nuts... gas stations closed or with insane lines, people screaming and fighting, abandoned vehicles on the side of the road, ash raining from the sky..."", '-']",-,content_C,post
t1060,u0208,2020-09-19 22:28:36+00:00,Wildfire,C***5,-,"['“Some fear the fire , some simply become it “ 🔥🖤 https://***So', '21st Sep 🔥 #Holesh 🛸 T&amp;T 🧨@e***e @ Los Angeles, California https://***LG', 'Reason number 573 for why nobody says ""DEFUND the Fire Department"" :) https://***SS', '-']",tweet_C,-,retweet
t1082,u2114,2020-09-22 00:33:19+00:00,Wildfire,e***n,Roe v. Wade. Health care. Climate change. Dreamers. Voting. The right to join a union. This is not a political game—our basic rights and the future of our democracy are on the line.,"['@H***x Wildfires, heat waves, earthquakes.....I wonder what else Cali has for us this year? We’ve only been here 2 months!', 'Check us out on Instagram dominictodd450 #420friendly #420smoke #greensmoke #weedexotics #weedflorida #weed #smokeweed #WeedAustin #Australianstoners #weedaustralian #Newyorkweed #seattle420 #Weedmiami #shrooms #Cartsusa #Cartsaustralia #CannabisCommunity https://***yj', 'Roe v. Wade. Health care. Climate change. Dreamers. Voting. The right to join a union. This is not a political game—our basic rights and the future of our democracy are on the line.', '-']",-,content_C,post
t1248,u0973,2020-10-14 14:55:10+00:00,Wildfire,b***o,2/ Did you know that the number of wildfires annually in the US has actually declined over the last 35 years? From approximately 80k annually in 1985 to approximately 40k in 2020.,"[""They shut down the funds for protesters and opened fire on them in Abuja. This means, they're daring us to help the new casualties as they have disabled the donations account. This is the Government segalinkedin said was bending over their backs? #SARSMUSTENDNOW"", 'Today, we visited the site of the 3 alarm fire on Virginia Avenue. Currently, we have 5 residents in the hospital with serious injuries and the cause of the fire is still under investigation. Our thoughts are prayers are with them and we hope for a speedy recovery for all. https://***g4', '2/ Did you know that the number of wildfires annually in the US has actually declined over the last 35 years? From approximately 80k annually in 1985 to approximately 40k in 2020.', '-']",tweet_C,content_C,reply
t1401,u1770,2020-11-08 13:20:18+00:00,Wildfire,u***8,Ethiopia Crisis is very dangerous on stability of economic and political climate in horn of africa specially Somalia and Eritrea. Peace and reconciliation is better.,"['Ethiopia Crisis is very dangerous on stability of economic and political climate in horn of africa specially Somalia and Eritrea. Peace and reconciliation is better.', ""Fall 2020 mailers went out TODAY to members.😍Are you getting yours? Come and work with us. ✅California... ✅Florida... ✅Texas. Join https://***JM online right here at Twitter. We'll connect you with a licensed agent in the comfort of your own home. #ContactFree https://***r2"", '@W***L As a TN fan I have lost all faith in this team and will wait till we finally get to the fire talk on sports talk, just like Dooley and just like jones... sigh', '-']",-,content_A,post
t1446,u1347,2020-11-18 17:10:33+00:00,Wildfire,T***f,"Next up, Adam Boffa @a***e will discuss some of the implications of climate change for the future of digital media. Here's more about Adam (he also recommends @U***h and @e***g as great resources on political ecology): https://***ev","['The South Korean government is offering $100 worth of medical and food aid to Korean nationals, Korean American immigrants without US citizenship, residing in Southern California, Arizona, Nevada, and New Mexico. More detail link below: https://***ag https://***5c', 'This was fun -- thanks! #AD #MindsetChat #CaliforniaPsychics https://***Qq', ""Next up, Adam Boffa @a***e will discuss some of the implications of climate change for the future of digital media. Here's more about Adam (he also recommends @U***h and @e***g as great resources on political ecology): https://***ev"", '-']",tweet_C,content_C,reply
t1569,u3172,2020-12-16 04:45:39+00:00,Wildfire,c***t,"i imagine people in 200 years sitting around a campfire, telling stories about RBin Wizard, RAsm Warrior and RAnal Paladin, meanwhile they're trying to reverse engineer ancient firmwares to reboot society","['Today I took a pregnancy and COVID-19 survey for my former healthcare provider (a research hospital) in California, and fully half of the questions were trying to determine if my family had enough food.', ""i imagine people in 200 years sitting around a campfire, telling stories about RBin Wizard, RAsm Warrior and RAnal Paladin, meanwhile they're trying to reverse engineer ancient firmwares to reboot society"", ""Ehhh what the heck. We're gonna squeeze ONE MORE podcast in for the year. Last chance to fire away with your Q&amp;A submissions in the replies and we'll read them on the show 👀 https://***7z"", '-']",tweet_A,content_B,reply
t1138,u2880,2020-09-29 23:24:34+00:00,Wildfire,a***g,A smoky Byers Peak. We need some rain. #williamsforkfire #frasercolorado #coloradowildfire #grandcounty https://***nq,"['Cooking @ Los Angeles, California https://***Eg', 'Logging is not the solution to wildfires or climate change https://***5a', 'A smoky Byers Peak. We need some rain. #williamsforkfire #frasercolorado #coloradowildfire #grandcounty https://***nq', '-']",-,content_C,post
t0212,u2529,2018-11-11 20:24:04+00:00,Wildfire,J***y,Guess who cut the funding for fire management in California then blamed the fires on mismanagement? How do YOU spell infantile?! https://***1x,"[""13 weekly followers. 240 unfollowers. Crowdfire doesn't miss a trick - via https://***sN"", 'Guess who cut the funding for fire management in California then blamed the fires on mismanagement? How do YOU spell infantile?! https://***1x', 'Tell me what you think of this one, just out: Custom hand-wind mechanical watch with California dial on stainless steel Milanese bracelet https://***3F via @E***y #DoubleMbyMark #CustomWatch', '-']",-,content_B,post
t1475,u0944,2020-11-24 18:44:08+00:00,Wildfire,M***s,Our paper on the terrestrial #carbon and #greenhousegas emissions &amp; #wildfire risk impacts of #California land use policy was accepted for publication in Environmental Research Letters! #CALAND 👉🏼https://***Vw @I***g @e***l @B***b @c***s,"['On 12/3 – Join Us and Lynx for Our ISE Cocktails &amp;Conversations on A Ceasefire in the War Between IT and Security Operations – RSVP Requested https://***St https://***3I', 'Our paper on the terrestrial #carbon and #greenhousegas emissions &amp; #wildfire risk impacts of #California land use policy was accepted for publication in Environmental Research Letters! #CALAND 👉🏼https://***Vw @I***g @e***l @B***b @c***s', '2 members of Kansas City fire department die from COVID-19 https://***dU', '-']",-,content_B,post
t1034,u2231,2020-09-17 19:33:55+00:00,Wildfire,D***e,"The wildfires across the US have burnt more than 5m acres, pumping an estimated 110m tonnes of carbon dioxide into the atmosphere, equivalent to the annual emissions of the UK’s entire power sector. Climate change Is a real problem today, vs a predicted problem of tomorrow","['Join me in our #MMCChat on 9/16 at 10AM EDT on the state of natural catastrophes, #risk and resilience featuring @S***g, @d***c, @C***3, @A***2, @T***y, @T***d and @P***y. #wildfire #naturaldisaster https://***ym', 'The wildfires across the US have burnt more than 5m acres, pumping an estimated 110m tonnes of carbon dioxide into the atmosphere, equivalent to the annual emissions of the UK’s entire power sector. Climate change Is a real problem today, vs a predicted problem of tomorrow', 'Yesterday Trump told California to cheer up: “Soon it will start getting colder!” Gov Gavin Newsom then leapt across the table, threw Trump to the floor &amp; told him to take back the claim that it gets cold in California. Newsom then set Trump’s hair on fire, but it wouldn’t burn. https://***Rb', '-']",-,content_B,post
t1120,u2427,2020-09-28 08:41:21+00:00,Wildfire,P***C,This is all too common now. These poor people are just 20 miles from us. #ClimateEmergency is very real. Just look at #California. #GlassFire #Oakmont https://***WZ,"['Off-White x Air Jordan 5 Color: Sail/Fire Red-Muslin-Black Style Code: DH8565-100 Release Date: Holiday 2020 Price: $225 https://***lF https://***am', ""Been covering NorCal fires almost 24 hours straight and decided to take a break and read this and it's devastation on a page. Rancher who lost everything in the Butte County #BearFire. Regardless of your wildfire politics, worth a #longreads. @c***r https://***gk"", 'This is all too common now. These poor people are just 20 miles from us. #ClimateEmergency is very real. Just look at #California. #GlassFire #Oakmont https://***WZ', '-']",-,content_C,post
t1454,u1051,2020-11-20 23:49:11+00:00,Wildfire,S***r,"WATCH: I sat down with @B***e to talk about the wildfires and hurricanes America's faced this year, how we have to listen to the scientists, and how we’re fighting to act on the climate crisis and inequality. Tune in: https://***nt","[""One of California's poorest counties could one day supply the lithium for your car's batteries. And we won't need to rip up the earth to get it. https://***dw via @B***W"", ""WATCH: I sat down with @B***e to talk about the wildfires and hurricanes America's faced this year, how we have to listen to the scientists, and how we’re fighting to act on the climate crisis and inequality. Tune in: https://***nt"", 'Stack Effect Simulation using Fire Dynamics Simulator (FDS) #Flow #Simulation #cfd #turbulence #Engineering #fires #FDS #FDS https://***yL via @Y***e', '-']",-,content_B,post
t0834,u2201,2020-09-10 10:05:34+00:00,Wildfire,R***L,-,"['@t***t Our SoCal skies were yellow yesterday, as if we wore yellow-tinted eyeglasses. Western US is suffering from a tragic loss of trees, homes, and people’s lives. #PTSD #Firestorm2020 #Fire', ""The wildfire reports from OR and CA this week are absolutely staggering. I grew up in Corvallis and spent a lot of my childhood around many of the places listed here. Anxiously hoping for everyone's safety as the states work to control the fires. https://***Y1"", 'It’s 9am and I’m looking outside my window at an ORANGE sky. It’s unbelievable. 2.3 million acres have burned in California, the most acres to burn in one year in record history. Scientists believe the cause is', '-']",tweet_B,-,retweet
t1137,u3023,2020-09-29 20:52:29+00:00,Wildfire,M***a,"There is something deeply ahistoric and structurally racist about all this. Infrequently mentioned is the millennia of living with and using fire in CA prior to the theft of native lands. That's what ""native"" CA was, not the depopulated landscape of John Muir's writings.","['Just posted a photo @ Los Angeles, California https://***tW', 'November 20th is Opening Day and approaching soon, which means snow is getting ready to stack and lifts are getting set to turn. This year we are excited to announce we will be opening for skiing and riding at the CALIFORNIA BASE FIRST this year. https://***k5', 'There is something deeply ahistoric and structurally racist about all this. Infrequently mentioned is the millennia of living with and using fire in CA prior to the theft of native lands. That\'s what ""native"" CA was, not the depopulated landscape of John Muir\'s writings.', '-']",tweet_A,content_C,reply
t1478,u1362,2020-11-25 13:38:55+00:00,Wildfire,g***l,"From wildfires to disease, here are the top 5 ways climate change is already hurting your health - ABC News - https://***hZ via @A***C","['@S***m I don’t know why Twitter always descent into a dumpster fire 🤮', 'From wildfires to disease, here are the top 5 ways climate change is already hurting your health - ABC News - https://***hZ via @A***C', '@a***h @u***s So true! I think in fact this was the biggest change for me as a rhode islander who became a californian', '-']",-,content_B,post
t1444,u2755,2020-11-18 15:26:28+00:00,Wildfire,e***s,Diversified portfolio and financial prudence supports Octodec’s resilience in tough economy climate https://***4S #realestate #property #southafrica #REIT #financialreport,"['Diversified portfolio and financial prudence supports Octodec’s resilience in tough economy climate https://***4S #realestate #property #southafrica #REIT #financialreport', 'PPMD is excited to be working together with @D***K and @M***g to support the development of a novel biomarker by awarding a joint grant of $686,500 to Dr. William Evans at the University of California, Berkeley. https://***E6', 'We are excited to be sponsoring the Transmission &amp; Distribution World Wildfire &amp; Risk Management virtual conference December 8-9, 2020. Visit their website for more information and to register: https://***cS #wildfiremanagement #wildfires #utilities https://***7r', '-']",-,content_A,post
t0256,u2505,2018-11-15 22:14:43+00:00,Wildfire,C***g,"PLEASE SHARE On behalf of the CAMLT Leadership Team: Dear Colleagues, Many of our fellow Californians are currently displaced as they are being affected by one of the most widespread and deadliest wildfires in the history... https://***LL","['@B***3 @V***r @L***n @l***d @C***r 1000x Thank you. We have been evacuated since Friday and haven’t been able to go home. You have been invaluable source of info. Thank you for your posting day and night. 🙏🏻. You all are Heros doing public service for the community in these stressful times.', '#like4likes #smoker #smokers #smokersonly #smokersclub #cigaroftheweek #montecristo #cigarbar #cigarsocialclub #cigar #cigarcase #cigaraficionada #cuban #cohiba #cigaroftheday #cigarsmoke #cigarsmoker #enjoycigars #cigarlover #cigarlovers #cigarian #cigarians #cigarporn https://***rM', 'PLEASE SHARE On behalf of the CAMLT Leadership Team: Dear Colleagues, Many of our fellow Californians are currently displaced as they are being affected by one of the most widespread and deadliest wildfires in the history... https://***LL', '-']",-,content_C,post
t0026,u1006,2018-08-09 12:50:07+00:00,Wildfire,d***w,".@R***R explains why California prisoners fighting wildfires can't apply for firefighting jobs with @C***E after release: Having a criminal record disqualifies many from obtaining a required EMT license, and the training given to prisoners is not considered adequate https://***ee","['Looks like it’s on fire tonight... #Trondheim https://***WH', '@F***3 Wonderful thanks so much. The article says we should donate wood (amongst other things). Do they mean wood to make a fire with, or wooden beams to build houses? 🤔 thanks!', "".@R***R explains why California prisoners fighting wildfires can't apply for firefighting jobs with @C***E after release: Having a criminal record disqualifies many from obtaining a required EMT license, and the training given to prisoners is not considered adequate https://***ee"", '-']",-,content_C,post
t1501,u1478,2020-12-03 09:23:00+00:00,Wildfire,E***i,Join us and @C***i online 10/12 at 1pm for a behind-the-scenes look at the geological collection of Sir Charles Lyell and his connection with Darwin and climate change research. This event is free but ticketed. Book now 👇 https://***sn,"['California PSA: COVID 19 exposure notifications has been launched in pilot mode. To activate it on iOS, go to Settings -&gt; Exposure Notifications, and follow the instructions. To activate it on Android, go to https://***Mn and download the CA COVID Notify App. https://***0U', 'Join us and @C***i online 10/12 at 1pm for a behind-the-scenes look at the geological collection of Sir Charles Lyell and his connection with Darwin and climate change research. This event is free but ticketed. Book now 👇 https://***sn', ""@m***e (or at least seemed to... of course they may always have been there, although the patients certainly didn't seem to think they were)"", '-']",-,content_B,post
t1211,u1815,2020-10-08 18:09:18+00:00,Wildfire,C***k,"Wildfires' severity in US west is affected by multiple factors: fire suppression practices, climate change &amp; increasing population living close to wildlands. Over-simplistic Daily Caller article reviewed by @l***r @L***g @h***h &amp; A Kerr https://***7a","[""Wildfires' severity in US west is affected by multiple factors: fire suppression practices, climate change &amp; increasing population living close to wildlands. Over-simplistic Daily Caller article reviewed by @l***r @L***g @h***h &amp; A Kerr https://***7a"", 'A fruit that makes you think of California would be an evocado', 'Hey California Voters! There are lots of Propositions on our November ballot 🤔 Check out the Details, Pros &amp; Cons for each, in a free 1 hour Virtual Cram Session w/ NPR &amp; LAist, tonight at 6:30p 🧐✏️📓 Info &amp; RSVP: https://***VH #TransformationTuesday #Vote2020', '-']",-,content_A,post
t0101,u1608,2018-10-02 18:23:29+00:00,Wildfire,N***h,"As the size and cost of wildfires increase, how can we learn to live with fire again? @D***h offers answers in her recent @N***h webinar. Watch here: https://***MT #wildfire #fireecology","['Kudos and congrats @S***r for passing #netneutrality protections for California. Hoping this serves as a blueprint for the rest of America. https://***IK', '@T***C Hi there - we are a nonprofit contracted with the State of California to help people with their CalFresh eligibility. Mind sending us a DM so we can chat about your experience?', 'As the size and cost of wildfires increase, how can we learn to live with fire again? @D***h offers answers in her recent @N***h webinar. Watch here: https://***MT #wildfire #fireecology', '-']",-,content_C,post
t1171,u2789,2020-10-04 05:11:28+00:00,Wildfire,d***t,-,"['Up close with Miss California USA Allyshia Gupta: London born, creative artist. Download the Miss USA app to vote her into the Top 16 at the 2020 Miss USA Competition. First vote FREE! https://***TY https://***Jj', 'For #WorldSmileDay Cooper, our rescued California Sea Lion is showing off his not-so-pearly-whites and his adorable smile! Sea lions don’t have enamel on their teeth, but a protective layer of healthy bacteria from the fish that they eat, resulting in brown or even black teeth! https://***52', '👇👇👇👇👇👇👇👇👇👇👇👇👇👇👇👇👇👇👇👇 #GlassFire #Election2020 #SonomaCounty 👇👇👇👇👇👇👇👇👇👇👇👇👇👇👇👇👇👇👇👇', '-']",tweet_A,-,retweet
t0942,u1952,2020-09-14 17:39:43+00:00,Wildfire,u***i,"Dr. Kristin Aquilino - @K***o spoke to @N***s on how heat, #wildfires &amp; #redskies have put a national spotlight on #climatechange: https://***3X 📸: Kent Porter / The Press Democrat https://***sr","['Weather cooling down now in the Gatineau Hills. My wife captures me in the classic ""must be a fire in here somewhere"" pose. For the record, I was blowing on it. Successfully. https://***1X', 'Come on Tornado mates! Quick fire quiz- What do all the buttons do?! @I***e @C***f https://***LD', 'Dr. Kristin Aquilino - @K***o spoke to @N***s on how heat, #wildfires &amp; #redskies have put a national spotlight on #climatechange: https://***3X 📸: Kent Porter / The Press Democrat https://***sr', '-']",-,content_C,post
t0286,u2607,2018-11-20 05:23:03+00:00,Wildfire,d***n,The DXLabs team would like to raise a challenge to our community. What does the future of firefighting look like? What if we could better predict and fight forest fires? #CampFire #CampFireSmoke #CaliforniaFires #CaliforniaFire #firesafety https://***N8,"['Guess all those Thanksgiving salads in California are off the menu! https://***9B', 'The DXLabs team would like to raise a challenge to our community. What does the future of firefighting look like? What if we could better predict and fight forest fires? #CampFire #CampFireSmoke #CaliforniaFires #CaliforniaFire #firesafety https://***N8', 'No adventure is complete without some shopping @j***a @ Los Angeles, California https://***bT', '-']",-,content_B,post
t0020,u2756,2018-08-06 19:08:26+00:00,Wildfire,N***s,-,"['Over a half dozen residents perish in the Californian wild fire outbreak which also burn more a thousand houses and properties. #Califoniafireoutbreak https://***x3 https://***mb', 'California’s Community Colleges: Shelters in a Time of Crisis | The League https://***ud via @A***s', 'Check out ‘Congress’ from our friends in Toska. You can pre-order their new album Fire By The Silos &amp; get tour tickets here: https://***ZG https://***Uc', '-']",tweet_B,-,retweet
t1295,u1134,2020-10-19 21:17:50+00:00,Wildfire,M***t,"This year’s contentious political climate has escalated a longstanding, partisan dispute over election laws and their enforcement. This MPSA blog by @M***h takes a in-depth, deep dive on the issue: https://***uu","['TONS of boats for President \u2066@r***p\u2069 in CALIFORNIA!!️ https://***fz', 'I love this visualization for comparing the human hair to other common particles. The comparison to coronavirus is a bonus. https://***cR https://***ks', 'This year’s contentious political climate has escalated a longstanding, partisan dispute over election laws and their enforcement. This MPSA blog by @M***h takes a in-depth, deep dive on the issue: https://***uu', '-']",-,content_C,post
t1387,u1310,2020-11-04 20:00:00+00:00,Wildfire,E***e,Lashing wire may have caused the devastating October Silverado Fire in southern California. https://***JQ,"['@f***y Yeah, I’m definitely looking forward to when the smoke clears out. I also need to get a decent telescope one of these days! I hope your daughter enjoys the video! :)', 'Lashing wire may have caused the devastating October Silverado Fire in southern California. https://***JQ', '🔥🔥🔥 DAVIDO Edition is fire 🔥', '-']",-,content_B,post
t0810,u1838,2020-09-09 18:53:02+00:00,Wildfire,L***d,The sky today in SF is unlike anything we’ve seen. We’ll keep you updated throughout the day on the quality of the air and the impact of smoke from the wildfires. Stay informed by visiting https://***Dl and sign up for AlertSF by texting your zip code to 888-777. https://***1L,"['The sky today in SF is unlike anything we’ve seen. We’ll keep you updated throughout the day on the quality of the air and the impact of smoke from the wildfires. Stay informed by visiting https://***Dl and sign up for AlertSF by texting your zip code to 888-777. https://***1L', 'In the midst of a chaotic environment with frequent fires from unknown arsonists, the building that the national government is hoping to resettle those who have suffered the fire tragedy is almost done.', '#bobcatfire Looking above Monrovia Canyon Park, the fire is at the top of Monrovia Canyon near Rankin Peak (left), and at the top of Sawpit Canyon near White Saddle (right) (VIIRS data) https://***4m', '-']",-,content_A,post
t0760,u2103,2020-09-08 15:23:44+00:00,Wildfire,S***y,#WaWildfire #Kalama #CowlitzCounty Very smokey atop Green Mountain. Looking east then south toward #Woodland at 8 am on Sept 8. Stay safe! Thank-you to all #FireFighters. https://***S9,"['#WaWildfire #Kalama #CowlitzCounty Very smokey atop Green Mountain. Looking east then south toward #Woodland at 8 am on Sept 8. Stay safe! Thank-you to all #FireFighters. https://***S9', '#CA #CaliforniaHeatWave During a heat wave, practice heat safety wherever you are. Heat related deaths and illnesses are preventable! #WeatherReady https://***7p #blackberryreact #Heat @M***D @M***e @m***l @S***v @W***s ^kp https://***iQ', '@c***1 @r***p Great, keep sending more signs. Make sure they are the expensive signs too. I think you can turn around California. They should advertise too.', '-']",-,content_A,post
t0845,u0274,2020-09-10 18:27:59+00:00,Wildfire,t***d,Editing an interview for @n***s with @w***o and jaw dropped when he says a burning pine cone can travel a mile and still be on fire. #bearfire #wildfires2020 #ButteCounty #NorthComplexFire,"[""I grew up in Northern California in the 70s and 80s. Fires were NOT a part of our life. We didn't think about them much at all.... Now--My heart aches for the wildfire-driven stress that is gripping entire regions of the West from SoCal to Ore to Wash and further inland."", 'Editing an interview for @n***s with @w***o and jaw dropped when he says a burning pine cone can travel a mile and still be on fire. #bearfire #wildfires2020 #ButteCounty #NorthComplexFire', 'When fire meets ice. https://***SH', '-']",-,content_B,post
t0835,u2201,2020-09-10 10:14:23+00:00,Wildfire,R***L,-,"[""Don't miss today's event with Women in Technology at UCI - a virtual panel discussion with @U***T technology leaders and @U***s faculty discussing challenges and opportunities of work in our remote world. Registration: https://***eh"", '@C***s The image is the Dolan Fire. The Creek Fire is in the Sierra National Forrest. Please check before you post.', 'Our country is in a dumpster fire that Trump is incapable of putting out. 7 months into Covid- no plan. Climate change- no plan. Women’s rights- take them away. Brown, Black, indigenous people-let then die from covid and prevent them from voting. Trump signs are sickening.', '-']",tweet_C,-,retweet
t1325,u3012,2020-10-24 14:13:02+00:00,Wildfire,d***m,"Dashing Fire is coming out on the 12th of November! @N***e has been doing amazing work creating this game (as always), and I've been working hard on the soundtrack over the last few months 🎵 https://***Hs","['At least 38 people were killed in Nigeria on Tuesday when the military opened fire on peaceful protesters But the President failed to address the carnage during his speech on Thursday, drawing criticism from protesters who accuse him of failing to show empathy &amp; unify the nation https://***d7', ""Dashing Fire is coming out on the 12th of November! @N***e has been doing amazing work creating this game (as always), and I've been working hard on the soundtrack over the last few months 🎵 https://***Hs"", 'From Daily Californian’s Disability Impact Special Issue https://***Vq @d***l', '-']",-,content_B,post
t0878,u2087,2020-09-11 20:00:09+00:00,Wildfire,F***d,FBI Releases Statement on Misinformation Related to Wildfires: FBI Portland and local law enforcement agencies have been receiving false reports that extremists are responsible for setting wildfires in Oregon. https://***qd,"['a perfect storm of several unlikely things happening all at once. 1. A dry winter 2. Unhealthy forests 3. Lightening 4. Heat waves 5. Climate change California has incarcerated firefighters containing the largest fire in record history during a global pandemic.', ""#Bobcat fire, here's a link to SCE https://***dh on the best oriented camera (Axis-Hardvard2) or (Axis-Arcadia1) INSTR: Right-side, click arrow, click icon to view. Colocated cam is reverse view. https://***Am #CaliforniaFires #CaliforniaWildFires #CAFires"", 'FBI Releases Statement on Misinformation Related to Wildfires: FBI Portland and local law enforcement agencies have been receiving false reports that extremists are responsible for setting wildfires in Oregon. https://***qd', '-']",-,content_C,post
t1462,u3276,2020-11-23 14:06:11+00:00,Wildfire,R***s,@j***q @1***s I love that winery and the campfires.. Did you get any butter tarts while you were there?,"['CIRM-funded study shows how cigarette smoke can worsen COVID-19 infection in the airways https://***u9', '@j***q @1***s I love that winery and the campfires.. Did you get any butter tarts while you were there?', '@N***E Such a great message. I feel the same!', '-']",tweet_B,content_B,reply
t0855,u2502,2020-09-11 00:43:11+00:00,Wildfire,AP,"BREAKING: Authorities say about 500,000 have been forced to evacuate due to Oregon wildfires — roughly 10% of state's population. https://***NG","['This is how it looked outside today, never seen something like this before #californiafires . Natural set for the Martian movie. https://***cv', 'Tonight OCC will light our spires teal and purple to help bring awareness to and support #WorldSuicidePreventionDay in partnership with @L***e, a regional non-profit dedicated to preventing substance abuse and suicide. To learn more, visit https://***Yk https://***KZ', ""BREAKING: Authorities say about 500,000 have been forced to evacuate due to Oregon wildfires — roughly 10% of state's population. https://***NG"", '-']",-,content_C,post
t0800,u1687,2020-09-09 16:46:46+00:00,Wildfire,j***n,"Eli Harik wears a mask while gazing at the Bay Bridge and heavy orange skies due to nearby wildfires hanging over San Francisco on Wednesday, September 9 @s***e https://***Rw","['Eli Harik wears a mask while gazing at the Bay Bridge and heavy orange skies due to nearby wildfires hanging over San Francisco on Wednesday, September 9 @s***e https://***Rw', 'We woke up to a yellow/orange sky (probably due to wild fire ash/smoke in the high altitudes). Some ash is falling but the PM2.5 index is around 25 μg/m3, so the air quality is not too bad. I measured the spectrum of the light for the records. Color temperature is ~2100K. https://***IO', 'Donate $45 to FIRE 45🔥 Go to https://***LF - link in my bio! With your support, we can win in 4 key swing states this November: Texas, North Carolina, Arizona and Georgia. These states have 5 Senate seats and 80... https://***mw', '-']",-,content_A,post
t0952,u1257,2020-09-14 18:58:01+00:00,Wildfire,B***A,"You can now download @C***C fact sheets with information about BC's wildfire smoke, its health impacts and ways to protect yourself and others. #StaySafe https://***ej","['This is NOT climate change. The climate already permanently changed when Wall Street &amp; Corporate America bought off much of our environmental movement, the climate deniers slowed it all down &amp; Trump came in and decimated the EPA. These are not wildfires. These are CLIMATE FIRES! https://***hG', ""You can now download @C***C fact sheets with information about BC's wildfire smoke, its health impacts and ways to protect yourself and others. #StaySafe https://***ej"", ""@p***a @N***T Thanks for the ep! I normally love The Daily but... I just don't buy their argument here 🙈 - it feels too weak and improbable given the frequency and scale of destruction. I can't help but think there's greater powers at play."", '-']",-,content_B,post
t0917,u1204,2020-09-13 17:31:10+00:00,Wildfire,R***u,"An EVACUATION ORDER has been issued within the city of Arcadia. Residents should evacuate immediately. A Red Cross evacuation point is open at Santa Anita Park Gate 5 (285 West Huntington Dr. Arcadia, CA 91007) for those affected by the #BobcatFire. https://***KO","[""Hey so @Y***m has released a new set of my very fav maps that break down US opinion by congressional district + county. Here are two things people's opinions changed a LOT on in just one year, and two where they did NOT. Any guesses on which they are? Here we go ..."", 'An EVACUATION ORDER has been issued within the city of Arcadia. Residents should evacuate immediately. A Red Cross evacuation point is open at Santa Anita Park Gate 5 (285 West Huntington Dr. Arcadia, CA 91007) for those affected by the #BobcatFire. https://***KO', ""BREAKING: Authorities say about 500,000 have been forced to evacuate due to Oregon wildfires — roughly 10% of state's population. https://***NG"", '-']",-,content_B,post
t0070,u2127,2018-09-08 05:00:25+00:00,Wildfire,N***l,"The Seychelles have been deemed “the land of perpetual summer,"" due to their warm, tropical climate all year long and location outside the cyclone belt https://***WK","[""1 weekly unfollower. Crowdfire doesn't miss a trick - via https://***kA"", 'Meet the new ranch hand who landed a cushy job in Lincoln, California. Duties include protecting the sheep and goats, and melting hearts. Is your ranch hand as cute as this? Tag #iamamodernfarmer for your chance to be featured! _ Photo by @t***d.oak... https://***pc https://***mU', 'The Seychelles have been deemed “the land of perpetual summer,"" due to their warm, tropical climate all year long and location outside the cyclone belt https://***WK', '-']",-,content_C,post
t1426,u1640,2020-11-13 19:59:07+00:00,Wildfire,m***s,-,"['I spoke to @E***n yesterday re Nov.10 joint statement &amp; the current situation in the region. President Macron expressed satisfaction over ceasefire &amp; underscored his readiness to contribute to a lasting solution in #Artsakh acceptable to all parties.', ""With respect and gratitude, Thank You Veterans! Here is my father-in-law (plane in the middle and person on the right) as a WWII British RAF Spitfire Pilot. He's 98 years old now, the only one still living from his squadron. https://***D4"", 'Mistry P.I. - Issue 1 - 5 Read full series on Graphic India app. Android - https://***Zy iOS - https://***Po #mistry #of #war #fight #series #animation #today #art #anime #artwork #Graphicindia #webseries #suspense #fire #thunder #will #graphics #india https://***pE', '-']",tweet_A,-,retweet
t0238,u1879,2018-11-13 17:47:36+00:00,Wildfire,j***s,-,"[""For all the mamas who don't have their babies in their arms tonight, and every night - #ThisISMyLane @T***e @E***L @S***5 @M***d @N***G @A***s @C***L @B***e @b***r @S***d @C***O @s***s @R***w https://***xi"", ""Paradise, CA is devastated; razed by wildfire. One of Romance's own, @J***g, is direly affected by the blaze. She is safe, with her cat, family and laptop. Please keep her in your thoughts, and consider helping her rebuild her life. https://***Et"", ""Here's what California's wildfires look like from space https://***ld https://***B1"", '-']",tweet_C,-,retweet
t1240,u2451,2020-10-13 14:58:24+00:00,Wildfire,l***i,Congratulations @W***O on the new #ClimateServices2020 report. It includes a case study on #wildfires presenting the @C***S European Forest Fires Information System #EFFIS and the Global Wildfire Information System #GWIS joint JRC @E***b and @G***5 initiative🛰️ https://***mh,"['Congratulations @W***O on the new #ClimateServices2020 report. It includes a case study on #wildfires presenting the @C***S European Forest Fires Information System #EFFIS and the Global Wildfire Information System #GWIS joint JRC @E***b and @G***5 initiative🛰️ https://***mh', 'California Republican Party placed illegal ballot drop boxes in L.A., Orange and Fresno Counties https://***cD', ""The colossal government of California can't even build a train rail, or keep the streets safe. Yet it is eager for power to uplift others, by repealing the only clause that prohibits state discrimination on race. Who're those others? Just check who paid the $17 million for prop16 https://***Ke"", '-']",-,content_A,post
t0771,u1026,2020-09-08 17:38:43+00:00,Wildfire,a***e,"It reached a record high of 121 degrees F in LA county over the weekend. Extreme heat is fueling a longer, more intense, and more destructive wildfire season in CA. This is what an unabated climate crisis looks like. https://***Ga","['It reached a record high of 121 degrees F in LA county over the weekend. Extreme heat is fueling a longer, more intense, and more destructive wildfire season in CA. This is what an unabated climate crisis looks like. https://***Ga', 'Temperatures during this current #heatwave are expected to peak throughout California today. Do your part to #conserveenergy to prevent or limit expected rotating #poweroutages today. #EveryWattCounts Learn more: https://***z4', 'And if we have so many speed cameras now, why you still still have so many traffic police, you must fire them to save money of Tax payers. Government is lotting from every side.. @P***a @n***i can you help 50/60 why 2 speed limits?', '-']",-,content_A,post
t1043,u0257,2020-09-18 00:53:55+00:00,Wildfire,r***d,-,"['Locked and loading... @ Los Angeles, California https://***If', 'White smoke finally!', 'ReTweet if you will set twitter on fire tomorrow? Tell everyone these 3 hashtags for tomorrow. #राष्ट्रीय_बेरोजगार_दिवस #Remember17Sept #NationalUnemploymentDay https://***Pn', '-']",tweet_C,-,retweet
t1545,u2126,2020-12-10 14:00:03+00:00,Wildfire,C***d,"She’s like Wildfire, but with an extra POP of fun: It’s First Love and she’s 🤤 #CNDReds https://***8a","['A generation that love grace teachings, but hate to live the life that pleases God. A Generation that can Shouts ""HOLY GHOST FIRE 🔥!"" Even on the way to Hell FIRE 🔥🔥🔥 Baba! 🔥 deliver us from this slumber that is waying us down in this generation.😭', ""Watch the full throttle video for @a***c's Demon Fire 😈🔥 #DEMONFIRE https://***tC"", 'She’s like Wildfire, but with an extra POP of fun: It’s First Love and she’s 🤤 #CNDReds https://***8a', '-']",-,content_C,post
t1011,u0464,2020-09-16 14:51:17+00:00,Wildfire,T***d,"@M***l A7.B Personal devices like #smartphones and #smartwatches contain #GPS GPS and other tracking technology that can assist in locating people who are missing or incapacitated, saving lives. #MMCChat #wildfires #incident @S***g @a***g @T***y @P***y https://***Ry","['@f***e @M***F @O***M @O***M @c***y @C***f @c***e @O***y @B***n @F***W @N***o So grateful 🙏🏽 Thank you for your work and for keeping us updated', 'No. #wildfires https://***jr', '@M***l A7.B Personal devices like #smartphones and #smartwatches contain #GPS GPS and other tracking technology that can assist in locating people who are missing or incapacitated, saving lives. #MMCChat #wildfires #incident @S***g @a***g @T***y @P***y https://***Ry', '-']",tweet_C,content_C,reply
t1439,u2079,2020-11-17 19:17:11+00:00,Wildfire,S***X,"Static fire test complete – targeting Saturday, November 21 for Falcon 9 launch of the Sentinel-6 Michael Freilich mission and landing at SLC-4 at Vandenberg Air Force Base in California","['Simple protest hahaha and lagos on fire https://***VV', 'Recap of Open Climate Dialogue 6: Scaling Climate Finance https://***BE', 'Static fire test complete – targeting Saturday, November 21 for Falcon 9 launch of the Sentinel-6 Michael Freilich mission and landing at SLC-4 at Vandenberg Air Force Base in California', '-']",-,content_C,post
t1521,u1928,2020-12-07 11:09:28+00:00,Wildfire,B***r,"New paper from UpGro project BRAVE exploring variability and long term trends in groundwater levels in Burkina Faso, West Africa @U***h @N***e @w***e @W***t https://***Fm","['New paper from UpGro project BRAVE exploring variability and long term trends in groundwater levels in Burkina Faso, West Africa @U***h @N***e @w***e @W***t https://***Fm', 'Captain Samuel G. Fuqua. On board the U.S.S. Arizona and after being knocked down by a large explosion on the quarterdeck directed the fighting of the fire and the rescue of wounded and injured personnel. https://***0D', 'Battle of the Christy’s! Playing @K***y for a playoff spot in our @J***e fantasy football league! Watching @S***n on #NFLRedZone congrats on 200 episodes! #NFLRedZone200', '-']",-,content_A,post
t0847,u1266,2020-09-10 20:09:06+00:00,Wildfire,O***P,-,"['Scary Dooms day sky in California ?? what’s wrong with #2020 ?! https://***ko', 'Wildfires + SF weather = #redSF or a preview of life on some planets once we go out among the stars ????????????. I tried to capture the color, etc., but, as always, the human eye is superior. More photos at https://***E. https://***8g', 'For first time ever, USA is being bombed by enemy aircraft: a Japanese warplane, launched from a submarine, has dropped incendiaries meant to start forest fire in western state of Oregon. https://***lA', '-']",tweet_A,-,retweet
t1487,u0226,2020-11-27 13:35:49+00:00,Wildfire,S***n,I've signed the petition calling on @B***n to tackle the climate emergency with the Climate and Ecological Emergency Bill to drastically reduce our emissions. Will you add your name? @C***W #CEEBill https://***8A,"['""A survey of Asian-American early voters in that district found that 41 percent reported voting for the first time, said Taeku Lee, a political science professor at the University of California, Berkeley, who helped conduct it."" https://***ig', ""I've signed the petition calling on @B***n to tackle the climate emergency with the Climate and Ecological Emergency Bill to drastically reduce our emissions. Will you add your name? @C***W #CEEBill https://***8A"", 'Bought a meat thermometer that will make some real time #DataViz as I smoke this bird https://***Zw', '-']",-,content_B,post
t1437,u0469,2020-11-17 16:29:21+00:00,Wildfire,A***A,"Future Climate for Africa (FCFA) releases a podcast series about climate change and its impact on Africa, and highlights of the key progress being made towards a more resilient future for the continent. https://***Pa https://***Va","['Future Climate for Africa (FCFA) releases a podcast series about climate change and its impact on Africa, and highlights of the key progress being made towards a more resilient future for the continent. https://***Pa https://***Va', '@D***o Happy Diwali to you! Yes many lights! Only a minor fire hazard :)', 'The Great American Smokeout is Thursday! Make a plan, and just start. If you need assistance, call the American Cancer Society at 1-800-227-2345. https://***2N #smokeout #GASO #tobacco #cancer https://***XQ', '-']",-,content_A,post
t0088,u1608,2018-09-20 17:56:01+00:00,Wildfire,N***h,"Starting now! #Wildfire Webinar: ""We bring fire with us: the role of people in changing modern U.S. fire regimes."" Presented by @D***h of @C***r Sep. 20, 2-3pm Eastern time. Free registration here: https://***qN #fireecology #environmental #WomenInScience https://***Oa","['Starting now! #Wildfire Webinar: ""We bring fire with us: the role of people in changing modern U.S. fire regimes."" Presented by @D***h of @C***r Sep. 20, 2-3pm Eastern time. Free registration here: https://***qN #fireecology #environmental #WomenInScience https://***Oa', 'The 125CC SuperBike GT on Sale Now! $1799+ FREE SHIPPING - EZ FINANCE 👍 https://***WR ✅STREET LEGAL ✅FULL SIZE MOTORCYCLE ✅CALIFORNIA CARB LEGAL ✅75+ MPH ✅4-SPEED MANUAL ✅COMES WITH... https://***JR', 'Q7 #Foodiechats via @P***s A California roll is an ""inside-out"" sushi roll with seaweed on the inside and rice on the out with the center staying in the center. How do you think it got the name? https://***oD', '-']",-,content_A,post
t0022,u2089,2018-08-07 11:04:14+00:00,Wildfire,F***G,USA - California - Wildfire Declared 'Largest In State's History' - https://***7j,"[""USA - California - Wildfire Declared 'Largest In State's History' - https://***7j"", 'UPDATE: 2 structures have been lost in the #HilltopFire burning in Sanpete County. Fire crews say so far the fire has burned over 1,000 acres. https://***LG https://***Zg', 'Sheriff: unknown how many shots fired. Suspect did not fire any. Says both deputies were wearing body cameras @r***6', '-']",-,content_A,post
t0782,u1125,2020-09-09 04:19:20+00:00,Wildfire,R***a,-,"['@d***0 @a***s No problem. It seems like the fire would need to take over Clamshell peak, then go all the way down the Santa Anita canyon and then up the west side towards Mt. Wilson. It all depends on the wind direction today and tomorrow I think', 'Smoky #California skies 🎥 #GoldenState #Oakland #SanFrancisco #SanJose @a***a @L***7 https://***IX', ""Congratulations to Caroline Lubinsky, this week's randomly selected #winner of a Light ‘n Go #Bonfire! Thank you to everyone that entered! The next #giveaway will start again on Friday! #campfire #outdoors #family #camping #firepit #fireplace #LaborDay #BBQ https://***pY"", '-']",tweet_A,-,retweet
t0996,u0464,2020-09-16 14:07:36+00:00,Wildfire,T***d,"A1.A A1.A (including people moving into these areas due to COVID), climate change factors like global warming and more fuel due to an abundance of underbrush and dead vegetation. #MMCChat #wildfires #DisasterPreparedness #incident @S***g @a***g @T***y https://***y6","['For some reason, this isn’t getting much play. “The FBI has announced that Steven Carrillo, the Air Force sergeant who murdered law enforcement officers in California during protests earlier this month, is associated with the right-wing Boogaloo movement.”https://***3x', 'Just posted a photo @ Manhattan Beach, California https://***dX', 'A1.A A1.A (including people moving into these areas due to COVID), climate change factors like global warming and more fuel due to an abundance of underbrush and dead vegetation. #MMCChat #wildfires #DisasterPreparedness #incident @S***g @a***g @T***y https://***y6', '-']",-,content_C,post
t0282,u2846,2018-11-18 19:37:10+00:00,Wildfire,k***j,-,"['i’m making a personal donation to support the brave firefighters risking their lives keep neighborhoods and people safe in California. please go to https://***j0 to help buy supplies and support first responders.', 'California: check local advisories and be sure to take precautions when exposing yourself to wildfire smoke. Follow these helpful guidelines from the @E***A and @A***w. https://***JU', 'I liked a @Y***e video https://***QG Policing for Profit? California Towns Bill Residents Thousands for Nuisance', '-']",tweet_C,-,retweet
t1136,u2746,2020-09-29 18:31:36+00:00,Wildfire,U***e,"Weather is cooler but fuels remain dry. Debris burning is still risky. Regardless of the time of year it’s important to evaluate recent precipitation and current fuel conditions. Inform your local fire department before burning, a permit may be required. https://***94","['Weather is cooler but fuels remain dry. Debris burning is still risky. Regardless of the time of year it’s important to evaluate recent precipitation and current fuel conditions. Inform your local fire department before burning, a permit may be required. https://***94', ""@S***y @S***N Yes, it is your 'last place of legal residency' with all the various rules that apply to that. I specifically spent time during the summer before moving reestablishing my U.S. residency at my parent's place in Wisconsin because I felt I had far more ties there than California."", 'Life on the line. #ThisIsCALFIRE #2020Wildfires https://***mo', '-']",-,content_A,post
t1578,u0830,2020-12-17 12:52:58+00:00,Wildfire,n***r,-,"['Coming up: @K***s joins @A***A to talk about her new role as president of #LAUSD. Plus, a new report from @P***s finds that wage gains among low-income Californians have been wiped away by the pandemic. All that + more on Take Two w/ @A***A today at 2pm', ""@j***x Smoke me a kipper I'll be back for breakfast!"", 'My fave burrito joint had a fire this week and closed down. @u***o was a community pillar on our block, they’ll be sorely missed. 🤞for an eventual return. What a crazy end to a crazy year.', '-']",tweet_A,-,retweet
t1074,u2129,2020-09-21 14:10:06+00:00,Wildfire,M***o,-,"['Some farmworker families have lost everything in the Washington wildfires, but state aid has been slow in coming to these communities. Advocacy groups are pleading for help for those affected. https://***DB', '@H***x Wildfires, heat waves, earthquakes.....I wonder what else Cali has for us this year? We’ve only been here 2 months!', 'Laura Rogers-Bennett of @b***b &amp; @C***W will collaborate on exciting new research funded by @N***F, led by @D***o, with additional collaborators from FSU &amp; UCSB, to better understand how #marineheatwaves affect #seaurchins: https://***qF https://***MN', '-']",tweet_A,-,retweet
t0263,u2693,2018-11-16 16:50:12+00:00,Wildfire,k***e,-,"['This morning, Northern California has the worst air quality in the entire world. https://***fQ', ""Free health care for unauthorized immigrants in California? It's being considered https://***w7"", 'Israeli defense minister Avigdor Liberman resigns from his post due to the ceasefire with #Gaza. He wanted bloodshed!', '-']",tweet_B,-,retweet
t0769,u0982,2020-09-08 17:34:47+00:00,Wildfire,l***s,California’s fire season could get much worse in the coming days. Intense diablo winds are forecast for parts of Northern California this week. Santa Ana winds are expected Tuesday night in Southern California. https://***UL,"['Our country is in a dumpster fire that Trump is incapable of putting out. 7 months into Covid- no plan. Climate change- no plan. Women’s rights- take them away. Brown, Black, indigenous people-let then die from covid and prevent them from voting. Trump signs are sickening.', ""#Bobcatfire Hit 'Play' on this link to see the highest res version yourself https://***qL"", 'California’s fire season could get much worse in the coming days. Intense diablo winds are forecast for parts of Northern California this week. Santa Ana winds are expected Tuesday night in Southern California. https://***UL', '-']",-,content_C,post
t0023,u2093,2018-08-07 12:47:02+00:00,Wildfire,n***s,"In the Aug. Media Guide you'll find global heat wave experts, wildfire experts and more. https://***jP https://***dh","['Grateful for all of the firefighters and emergency responders. You make California proud. https://***SS', ""In the Aug. Media Guide you'll find global heat wave experts, wildfire experts and more. https://***jP https://***dh"", ""California pediatrician explains why FDA's standards of identity of #milk matters. https://***mB"", '-']",-,content_B,post
t1174,u1891,2020-10-04 21:34:01+00:00,Wildfire,N***y,"Critical Fire Weather Monday Red Flag Warnings in effect 12-8 PM MDT Monday for portions of northeast Utah and southwest Wyoming, including the Wasatch and Uinta mountains. #utwx Humidity: Down to 8-10% Winds: Westerly gusting to 30 mph https://***68","['I am the 2020 equivalent of Mr. Rogers. First thing I do when I get into work is exchange my outdoor mask for my indoor one. #CaliforniaFires #COVID', '🤷🏻♂️Posted for a second time with the same title. The #NeffsFire is NOT “contained, controlled and out”... its 65% contained per @U***F. https://***dw', 'Critical Fire Weather Monday Red Flag Warnings in effect 12-8 PM MDT Monday for portions of northeast Utah and southwest Wyoming, including the Wasatch and Uinta mountains. #utwx Humidity: Down to 8-10% Winds: Westerly gusting to 30 mph https://***68', '-']",-,content_C,post
t1340,u0952,2020-10-27 02:53:34+00:00,Wildfire,b***s,🔥🐆 Did a cool little vocal edit inspired by @m***e to this fire track from @s***i and @D***d Records. WATCH the FULL VIDEO: https://***wA 💫💜💫 Sacha Robotti - Low Key Goddess (Brandon Lucas Vocal EDIT) #techhouse #rnbmusic #electricity #brandonlucas https://***b0,"[""PSPS shut-offs probably did prevent dangerous fires last night. It's almost impossible to imagine that winds of this magnitude would not have sparked major conflagrations in years past. So despite being an imperfect stopgap measure, it probably served its intended purpose. #CAwx"", '@J***e @a***p @c***r I was thinking the same, if it is ""only smoke"". The transport pattern goes over/near Sahara, wonder if some dust was lifted as well. CAMS did not forecast dust, but also smoke transport was not visible.', '🔥🐆 Did a cool little vocal edit inspired by @m***e to this fire track from @s***i and @D***d Records. WATCH the FULL VIDEO: https://***wA 💫💜💫 Sacha Robotti - Low Key Goddess (Brandon Lucas Vocal EDIT) #techhouse #rnbmusic #electricity #brandonlucas https://***b0', '-']",-,content_C,post
t1385,u1783,2020-11-04 01:10:04+00:00,Wildfire,S***A,"📢 TODAY! The #UWA Agricultural, Environmental and Biological Sciences Masterclass series continues. It's FREE, and everyone is welcome. At 1pm AWST, join @m***t for ""Carbon farming to combat climate change"" - register at https://***TA https://***j5","['📢 TODAY! The #UWA Agricultural, Environmental and Biological Sciences Masterclass series continues. It\'s FREE, and everyone is welcome. At 1pm AWST, join @m***t for ""Carbon farming to combat climate change"" - register at https://***TA https://***j5', 'These are the current wildfires burning around the U.S. and containment progress: https://***Eo', 'California’s Sweeping Expansion of Employment Laws https://***OZ | by @A***w', '-']",-,content_A,post
t0921,u0153,2020-09-13 23:54:48+00:00,Wildfire,C***d,"Our House Is On Fire!!! @X***C led 500 rebels on an Emergency March for Wildfires through Manhattan today, and here we are near Jefferson Market on Sixth Avenue. #ExtinctionRebellion #WeWantToLive #ClimateEmergency https://***e7","['FBI Releases Statement on Misinformation Related to Wildfires: FBI Portland and local law enforcement agencies have been receiving false reports that extremists are responsible for setting wildfires in Oregon. https://***qd', 'This image from @N***A’s DSCOVR satellite powerfully illustrates the intensity of the #wildfires that millions of Americans are suffering from right now. The smoke is so thick that its visible from more than 1 million miles away from Earth. https://***sf', 'Our House Is On Fire!!! @X***C led 500 rebels on an Emergency March for Wildfires through Manhattan today, and here we are near Jefferson Market on Sixth Avenue. #ExtinctionRebellion #WeWantToLive #ClimateEmergency https://***e7', '-']",-,content_C,post
t0096,u1446,2018-09-26 19:24:39+00:00,Wildfire,t***u,"After 8 hard years our priority is to create the climate for productive investments that will create jobs. At meetings I had with investors&amp; business executives of Bank of America Merrill Lynch &amp; Morgan Stanley, I explained that now we must support the recovery of Greek economy https://***zc","['After 8 hard years our priority is to create the climate for productive investments that will create jobs. At meetings I had with investors&amp; business executives of Bank of America Merrill Lynch &amp; Morgan Stanley, I explained that now we must support the recovery of Greek economy https://***zc', ""147 weekly followers. 190 unfollowers. Crowdfire doesn't miss a trick - via https://***p5"", 'Ladies of leisure in wine country 🍷 - #lol #napa #bachelorette #thetsaostaketheirvows #vinobeforevows #sisters #giveusallthewine @ Napa, California https://***OV', '-']",-,content_A,post
t0772,u2952,2020-09-08 18:20:28+00:00,Wildfire,S***o,"September is #NationalPreparednessMonth! There are excellent tips on how to prepare for hurricanes, wildfires, and other disasters at https://***kw","['September is #NationalPreparednessMonth! There are excellent tips on how to prepare for hurricanes, wildfires, and other disasters at https://***kw', '#Fire Broke out at Shri Balaji Car Accessories, M block Kavi Nagar, #Ghaziabad near Ramlila Ground around 10 a.m morning, fire brigade &amp; police were informed to take over the situation within time! Exact reason of fire still not known! @G***5 @O***b @g***n @O***b https://***7M', 'Some news: @c***y and I moved back to the Bay Area this week! I loved living in the Pacific Northwest for the past several years, but I’m so happy to call California home again. Currently settling into our new apartment in the Sunset. https://***NI', '-']",-,content_A,post
t0920,u1087,2020-09-13 23:01:57+00:00,Wildfire,U***O,Media stage for #GoshenFire at Summit Ridge Okwy &amp; Sageberry Dr @U***e @S***e @U***D https://***j3,"['@v***y @F***n @J***n OUR Viewer in California asks, ""With the federal government and COVID response feeling politicized lately, how can we discern if and when a vaccine is safe? What authority should we be looking to?""', 'Follow these tips to protect yourself and your family from wildfire smoke: https://***Nm', 'Media stage for #GoshenFire at Summit Ridge Okwy &amp; Sageberry Dr @U***e @S***e @U***D https://***j3', '-']",-,content_C,post
t1208,u0446,2020-10-08 14:00:16+00:00,Wildfire,I***G,"Throwing it back to that time when @p***e performed virtually for our staff members during our cocktail on-boarding ceremony into the community, The Room. At ALG, we try to have the best of both worlds and we clean up real nice too! 😉 #DoingHardThings #3millions4africa https://***q2","[""California's Responsible Travel Code sets the stage for what is expected of travelers in the Golden State and reinforces the hard work each business has done to implement safety measures on the ground. #RespectCalifornia https://***HB"", 'Venice: MOSE flood barrier withstands fire test https://***Nw', 'Throwing it back to that time when @p***e performed virtually for our staff members during our cocktail on-boarding ceremony into the community, The Room. At ALG, we try to have the best of both worlds and we clean up real nice too! 😉 #DoingHardThings #3millions4africa https://***q2', '-']",-,content_C,post
t1012,u1648,2020-09-16 14:52:48+00:00,Wildfire,a***e,Ornithologists believe that the death of thousands of migrating birds in south-western U.S. is likely related to the climate crisis. ~ Our collective failures are impacting both humans and non-humans. 😢 #Wildfires #ClimateCrisis #ClimateChange https://***Xh,"['Ornithologists believe that the death of thousands of migrating birds in south-western U.S. is likely related to the climate crisis. ~ Our collective failures are impacting both humans and non-humans. 😢 #Wildfires #ClimateCrisis #ClimateChange https://***Xh', ""Thank you to all of the amazing firefighters who are battling California's wildfires. Archival Image: Dayton Street (Pasadena, CA) Firehouse, 1890s (Main Photo Collection, D5-F1-12) #Heroes #firefighters https://***4O"", 'I got the front row 😅 OUT THE BOX @f***g @ Los Angeles, California https://***BP', '-']",-,content_A,post
t1397,u0265,2020-11-07 18:59:19+00:00,Wildfire,y***h,"I came back to the US in early 2017 to start my career, barely made it through 2020---never imagined how suffocating life could be with such a poisonous political climate over these 4 years. Still a lot of uncertainty, but I am looking forward to 2021!","['@a***r Not in California that’s for sure! Even the Red county I live in went Blue for Biden!', 'I came back to the US in early 2017 to start my career, barely made it through 2020---never imagined how suffocating life could be with such a poisonous political climate over these 4 years. Still a lot of uncertainty, but I am looking forward to 2021!', ""You're fired. #284 #CallTheRace"", '-']",-,content_B,post
t0898,u3048,2020-09-12 16:10:49+00:00,Wildfire,C***n,Let's come right out and say it: climate change is causing this hellfire and we need to make radical changes My latest for @l***s https://***SG,"['Oregon wildfires: Half a million people flee dozens of infernos https://***Jq', ""Let's come right out and say it: climate change is causing this hellfire and we need to make radical changes My latest for @l***s https://***SG"", 'La strategia aerea di @C***E per fronteggiare il record di incendi che hanno colpito la California, descritta dal notevole lavoro editoriale di @R***s. https://***Wz', '-']",-,content_B,post
t1372,u0711,2020-11-02 00:22:23+00:00,Wildfire,t***l,"New Mexicans: Come get out the vote for Biden-Harris with @J***y! We’ll talk about how @J***n will make America a global leader again—fighting climate change and the pandemic, and building a safer, cleaner world. https://***e0","['New Mexicans: Come get out the vote for Biden-Harris with @J***y! We’ll talk about how @J***n will make America a global leader again—fighting climate change and the pandemic, and building a safer, cleaner world. https://***e0', 'Honored to be recognized by @M***d Action! Too many families &amp; even entire communities have been traumatized and torn apart by senseless gun violence. CA has been a leader in common sense gun laws. I look forward to doing more to protect our kids and all Californians. https://***s1', 'From a few years back. At the base of Mt. Whitney. Friggin cold and windy night. 🥶 @ Alabama Hills, California https://***Me', '-']",-,content_A,post
t0181,u2179,2018-11-10 05:46:01+00:00,Wildfire,J***n,-,"['Schlechte Luftqualität in SF - es sieht aus wie Nebel, ist aber Rauch von Waldbrand nahe Sacramento. Ich lebe 2 Stunden entfernt, bin vom Rauchgeruch in Wohnung aufgewacht. Furchtbare Tragödie - Feuer hat über Nacht eine 26000 Einwohner Stadt vernichtet. #campfire https://***KT', '4TH Biennial Conference of the Society for Renaissance and Baroque Hispanic Poetry: ""El poder de la palabra poética en España y el Nuevo Mundo"" (University of California, Irvine, 17-19 October 2019). Thanks Felipe Valencia. https://***Ge', 'BREAKING: Ventura County sheriff Geoff Dean says 11 victims killed in shooting at crowded Southern California bar.', '-']",tweet_B,-,retweet
t1199,u0662,2020-10-06 20:32:51+00:00,Wildfire,J***e,"This roadmap of connected and resilient landscapes will help govt, land trusts, Indigenous communities &amp; local leaders work TOGETHER to help nature thrive on a national scale. A great tool to address the climate emergency from @n***g! https://***k9","['The ECFD and ECPD responded to a fire in the Hillside Nature Area on October 4, 2020. https://***2v', 'This roadmap of connected and resilient landscapes will help govt, land trusts, Indigenous communities &amp; local leaders work TOGETHER to help nature thrive on a national scale. A great tool to address the climate emergency from @n***g! https://***k9', 'Wsh l’ol je commence à détester ce club msk, des qu’il joue mon Twitter est rempli de tweets ou de rt de mon mec qui rage pcq ils perdent ça commence à suffire là', '-']",-,content_B,post
t0196,u2078,2018-11-10 18:53:29+00:00,Wildfire,J***j,"If you want to help the people of #California affected by the #wildfires, here is how. #RedCross disaster relief. I just helped by going here: tps://www.redcross.org/donate/disaster-relief.html/?donamt=20","['Horrified by the devastation of the #campfire in Paradise, California. My @L***i penpal is from there and I feel so terrible for everyone out there. Trying to figure out ways to help...', 'Rising smoke from the wild fires , LAX https://***oz', 'If you want to help the people of #California affected by the #wildfires, here is how. #RedCross disaster relief. I just helped by going here: tps://www.redcross.org/donate/disaster-relief.html/?donamt=20', '-']",-,content_C,post
t1362,u0877,2020-10-29 13:42:15+00:00,Wildfire,l***m,raging wildfires only chimneys in a town once called paradise #haiku #micropoetry,"['Illigel timber maffias are threatening me as if I am an coward ,I swear that if you fire I will also fire back ,stop illigel loggings or else face the consequences,', 'shits actually fire tho https://***qu @I***s', 'raging wildfires only chimneys in a town once called paradise #haiku #micropoetry', '-']",-,content_C,post
t0050,u2161,2018-08-21 18:47:57+00:00,Wildfire,E***l,-,"['Glacier Park 2018: What’s Open and What’s Closed https://***Fd Some of the latest trail, road and area closures in @G***S as of Aug. 20 #MTnews #MTfire #HoweRidgeFire', 'Sicko 🤮 @ Los Angeles, California https://***rU', 'i put all my opps in Ah Group Chat and told them *link up ! i want all da smoke ! _SLATT ! Fuc it !', '-']",tweet_C,-,retweet
t1481,u2938,2020-11-26 00:59:59+00:00,Wildfire,d***v,Great new illusion that's spreading like wildfire. :) Just inner and outer edges of the circles changing colors ... https://***Av,"[""#ImageSails' #California journey continues! #sail #sailinglife #sailingadventure https://***8d"", 'Red Sky in the morning, shepherd’s warning, red sky at lunch time shepherd’s house is on fire 😳#beautiful #Irvine \u2066@F***X\u2069 \u2066@A***e\u2069 \u2066@S***e\u2069 \u2066@I***h\u2069 \u2066@c***1\u2069 \u2066@I***d\u2069 \u2066@i***s\u2069 https://***Pp', ""Great new illusion that's spreading like wildfire. :) Just inner and outer edges of the circles changing colors ... https://***Av"", '-']",-,content_C,post
t1090,u1848,2020-09-23 03:37:29+00:00,Wildfire,t***u,-,"['Brain Mapping Foundation tackles the COVID-19 pandemic through science, technology, innovation, and policy; endorsing California Proposition 14-2020 #SBMT #COVID #COVID_19 #Prop14 #California https://***zT https://***pD', 'Across the American West, generations of fire suppression have ""created a fire debt that must be paid back — with interest, because of climate change. And that means learning to live with smoke again."" Essential coverage by @1***n https://***wA', 'In this week\'s coronavirus update, President &amp; CEO Caroline Beteta outlines two new recovery marketing efforts, ""Never Normal"" and ""Calling All Californians"": https://***S0 https://***w6', '-']",tweet_C,-,retweet
t0863,u3240,2020-09-11 10:03:53+00:00,Wildfire,C***U,What is the anomaly rate for the #CaliforniaWildfires and #Oregon fires? The Global Wildfire Information System (GWIS)'s fire danger forecast compares information on the local/temporal fire danger levels of the last 30 years. Have a look at it here: https://***w4 https://***N2,"['Plumes of smoke from the World Trade Center as viewed from international Space Station (ISS). https://***ht', ""What is the anomaly rate for the #CaliforniaWildfires and #Oregon fires? The Global Wildfire Information System (GWIS)'s fire danger forecast compares information on the local/temporal fire danger levels of the last 30 years. Have a look at it here: https://***w4 https://***N2"", '9/10 1:52pm local - Lebanon Military warning people to stay away from the huge fire at the entrance of the port..... https://***RU', '-']",-,content_B,post
t1496,u1380,2020-11-30 21:50:50+00:00,Wildfire,S***h,"""This is a problem that’s not going to go away."" Kari Nadeau, director of the Sean N. Parker Center for Allergy and Asthma Research at Stanford, discusses how wildfires are making the California's air more dangerous. https://***vw","['""This is a problem that’s not going to go away."" Kari Nadeau, director of the Sean N. Parker Center for Allergy and Asthma Research at Stanford, discusses how wildfires are making the California\'s air more dangerous. https://***vw', ""On 12/3 – Join Lynx's own Aric Perminter and Gina Mahin for Our ISE Cocktails &amp;Conversations on A Ceasefire in the War Between IT and Security Operations – RSVP Requested https://***G7 https://***ps"", '@b***9 The first pipe that delivers purified smoke to your lips without any contact Release date Dec 1st Support your a local business https://***Ud https://***lZ', '-']",-,content_A,post
t0205,u2604,2018-11-11 06:06:05+00:00,Wildfire,w***g,"Here’s a list of organizations to which you can donate funds to help victims of, and firefighters battling, the horrendous multiple wildfires ravaging California. If you know of any other worthy organizations, please tack on links to them as replies. https://***f7","['Here’s a list of organizations to which you can donate funds to help victims of, and firefighters battling, the horrendous multiple wildfires ravaging California. If you know of any other worthy organizations, please tack on links to them as replies. https://***f7', 'An owl sits on the beach in Malibu as the Woolsey Fire approaches https://***L4 https://***9i', 'Amazon Ethernet Adapter for Amazon Fire TV Devices by Amazon $14.99 https://***VP https://***mq', '-']",-,content_A,post
t1368,u2531,2020-11-01 13:02:38+00:00,Wildfire,D***s,@B***e @S***m @K***h @l***s @l***c @S***k @c***d @m***e @S***a @D***a @n***C You’re an engineer - a trained biomed engineer - counts for me!,"['Hey @G***m why doesn’t California have a contact tracing app yet? The API was developed here and has been on our phone for months! It should be required for everyone going out.', '@T***e @H***k @S***f @k***l @K***e @T***P @A***l @T***e @T***f @F***a Thank you all for the treats and thank you for watching over us and protecting us when needed. We appreciate your work every day!', '@B***e @S***m @K***h @l***s @l***c @S***k @c***d @m***e @S***a @D***a @n***C You’re an engineer - a trained biomed engineer - counts for me!', '-']",tweet_B,content_C,reply
t1553,u0759,2020-12-13 11:29:49+00:00,Wildfire,N***K,Exactly - the climate and nature loss crises are interlinked and feeding each other . Requires radical action to protect and regenerate the natural systems we depend on .#NatureCrisis #COP26 https://***OE,"['I’m honored to join with the Sacramento Filipino American Lawyers Association (SacFala)‘s 2020 Gala to deliver the keynote. Our FilAm lawyers and professionals are inspiring leaders who are dedicated to serving Californians and fighting for justice. Thank you for the invitation! https://***Di', 'Exactly - the climate and nature loss crises are interlinked and feeding each other . Requires radical action to protect and regenerate the natural systems we depend on .#NatureCrisis #COP26 https://***OE', 'UC Berkeley alumna Veronica Selver talks documentary, collaboration, Bay Area | The Daily Californian https://***ML', '-']",-,content_B,post
t1184,u2746,2020-10-05 16:58:14+00:00,Wildfire,U***e,-,"[""What's wrong with the #Democrats? Just take a look at #California https://***lh 'California politicians... have lost touch with tens of millions who are struggling.' @G***m @R***A @C***r @G***e @C***m @T***s @l***n #CA #US 🇺🇸"", '🆙 @ Los Angeles, California https://***zC', '@W***B @N***e 💚❤️💙', '-']",tweet_A,-,retweet
t1117,u2472,2020-09-28 05:54:17+00:00,Wildfire,w***k,"Scary situation tonight in Santa Rosa, CA &amp; surrounding communities. This is a rapidly growing fire complex. https://***c1","['After 15 years, &amp; having done neuroscience &amp; computational research during this time, I am rereading this anthology of philosophy of mind papers. Organized &amp; each paper only few pages. If anyone else is interested, we could communicate reading via tweets or smoke signals or such. https://***06', 'This is all too common now. These poor people are just 20 miles from us. #ClimateEmergency is very real. Just look at #California. #GlassFire #Oakmont https://***WZ', 'Scary situation tonight in Santa Rosa, CA &amp; surrounding communities. This is a rapidly growing fire complex. https://***c1', '-']",-,content_C,post
t1213,u0147,2020-10-08 19:04:36+00:00,Wildfire,R***l,"As we experience an unprecedented fire year, please do your part to prevent wildfires by practicing fire safety, especially when visiting our public lands public lands! Brush up on fire safety tips here: https://***7Y #FirePreventionWeek https://***zt","['How to watch Sporting vs. Chicago Fire FC on Sunday | Oct. 7, 2020 https://***Es', 'As we experience an unprecedented fire year, please do your part to prevent wildfires by practicing fire safety, especially when visiting our public lands public lands! Brush up on fire safety tips here: https://***7Y #FirePreventionWeek https://***zt', 'Day 11/40: By 2030, electric car batteries (in your garage) along w distributed renewables could power the US grid twice over. The central utility and long-distance transmission fades. The grid will be smarter, cheaper, cleaner, resilient &amp; less likely to cause wildfires.', '-']",-,content_B,post
t1504,u0104,2020-12-03 12:59:59+00:00,Wildfire,A***O,"""We will never deal with climate change in only one discipline. Everyone can be a scientist."" #AtlanticAll keynote speaker Moenieba Isaacs, Acting Director, @P***c, South Africa 🇿🇦 shares her research #TooBigToIgnore #AtlanticYouth https://***MM","['@p***o And Trump will fire him in 3...2...1...', 'Politicians including @J***Y and the Squad are strategizing about how to help in Georgia. BUT also realization that ""Georgia is not New York. It’s not California. It has its own culture,” Bowman told me. https://***9V', '""We will never deal with climate change in only one discipline. Everyone can be a scientist."" #AtlanticAll keynote speaker Moenieba Isaacs, Acting Director, @P***c, South Africa 🇿🇦 shares her research #TooBigToIgnore #AtlanticYouth https://***MM', '-']",-,content_C,post
t0165,u0869,2018-11-08 12:50:00+00:00,Wildfire,f***s,"“Very heroic actions taken by patrons in the face of a very horrific situation” –Ventura County Fire Dept. Captain discusses Thousand Oaks, CA bar shooting https://***tk","['I added a video to a @Y***e playlist https://***OD Campfire Harmonica Tablature for Beginners : Harmonicas', '“Very heroic actions taken by patrons in the face of a very horrific situation” –Ventura County Fire Dept. Captain discusses Thousand Oaks, CA bar shooting https://***tk', '#like4likes #smoker #smokers #smokersonly #smokersclub #cigaroftheweek #montecristo #cigarbar #cigarsocialclub #cigar #cigarcase #cigaraficionada #cuban #cohiba #cigaroftheday #cigarsmoke #cigarsmoker #enjoycigars #cigarlover #cigarlovers #cigarian #cigarians #cigarporn https://***77', '-']",-,content_B,post
t1337,u1321,2020-10-26 17:57:58+00:00,Wildfire,C***E,"As Southern California experiences #RedFlagWarning conditions over the same area where the 2006 Esperanza Fire tragically burned through, we are reminded of the 5 firefighters that lost their lives while battling this fire. We will never forget their sacrifice. https://***BT","['Never forget that on 10.20.20, the Nigerian Army opened fire on peaceful protesters singing the national anthem and holding the national flag. After which they stole bodies of the dead. #EndSARS https://***bX', 'As Southern California experiences #RedFlagWarning conditions over the same area where the 2006 Esperanza Fire tragically burned through, we are reminded of the 5 firefighters that lost their lives while battling this fire. We will never forget their sacrifice. https://***BT', 'Mr. O’Brien please build the diplomatic and military pressure on 🇦🇿for immediate ceasefire #StopAzerbaijaniAggression #PeaceforArmenians #ArtsakhStrong https://***bd', '-']",-,content_B,post
t0818,u0450,2020-09-09 21:32:58+00:00,Wildfire,J***D,Waiting for the locusts to arrive. 🦗🦗 Each month of #2020 has not failed to terrify me yet so can’t wait to see what else is in store for us this year. 🤓 #SanFrancisco #russianhill #CaliforniaFires #wildfires #apocalypse2020 https://***Id,"['Waiting for the locusts to arrive. 🦗🦗 Each month of #2020 has not failed to terrify me yet so can’t wait to see what else is in store for us this year. 🤓 #SanFrancisco #russianhill #CaliforniaFires #wildfires #apocalypse2020 https://***Id', '@l***r For this popularity contest - the votes are for @i***e @J***s @N***t @d***o @l***c @L***s @J***e @J***u @n***n @O***o @d***l @g***c @j***z @s***n @M***s and because I’m evil here’s a vote for @n***l', 'Recent fire view enabled. https://***l1', '-']",-,content_A,post
t1061,u2647,2020-09-20 00:04:02+00:00,Wildfire,v***7,"The Social Dilemma (documentary) https://***Wk How Facebook, Youtube, Instagram, etc. manipulate us for profit, prey on our attention. Its negative effect on mental health, society, political life.. and on our ability to tackle pressing issues such as climate change.","['The Social Dilemma (documentary) https://***Wk How Facebook, Youtube, Instagram, etc. manipulate us for profit, prey on our attention. Its negative effect on mental health, society, political life.. and on our ability to tackle pressing issues such as climate change.', ""@H***e I smoke weed for the last 12 years, every single day. I work for @H***P, did a drug test. Seems the didn't care, they let me work there. I'm a Business Analyst. So does it matter??"", 'Just posted a photo @ Los Angeles, California https://***dk', '-']",-,content_A,post
t0051,u1306,2018-08-22 12:07:33+00:00,Wildfire,h***e,Why net neutrality matters... Verizon throttling Santa Clara Fire Department wireless data connection while fighting wildfires. https://***2F,"['Excited about #HLAI2018! Artificial General Intelligence, Biologically Inspired Cognitive Architectures, Neural-Symbolic Learning and Reasoning ~ @c***n @P***z @b***l @g***e @d***y @A***a @G***v', ""It's a smoky day here in Seattle! California Healthline recently shared information about how wildfire smoke affects vulnerable people, including seniors. https://***Ta"", 'Why net neutrality matters... Verizon throttling Santa Clara Fire Department wireless data connection while fighting wildfires. https://***2F', '-']",-,content_C,post
t0781,u0007,2020-09-09 04:19:10+00:00,Wildfire,A***a,"CA is battling the 2nd, 3rd, &amp; 4th biggest wildfires in our history. Many of this year’s fires were caused by acts of nature, however over 90% of all CA wildfires are caused by people. Respect nature &amp; protect your community! For more info visit: https://***yT","['CA is battling the 2nd, 3rd, &amp; 4th biggest wildfires in our history. Many of this year’s fires were caused by acts of nature, however over 90% of all CA wildfires are caused by people. Respect nature &amp; protect your community! For more info visit: https://***yT', 'Just spoke with \u2066@C***O\u2069 and was told this is a flare up, but due to the location- no homes are at risk. \u2066@1***s\u2069 https://***Iu', 'If you are looking for Oral and Dental Supplies at the lowest prices visit our site: https://***1H #California #Dental #Dentist #dentalcare #toothwhitening #Cavities #Motivation https://***l3', '-']",-,content_A,post
t1015,u1399,2020-09-16 15:42:14+00:00,Wildfire,t***e,"Highest vapor pressure deficit (VPD) on record saps up more water and leads to worst wildfires on record. Even if relative humidity stays constant, VPD increases with rising temps. https://***W2","['Highest vapor pressure deficit (VPD) on record saps up more water and leads to worst wildfires on record. Even if relative humidity stays constant, VPD increases with rising temps. https://***W2', '#bobcatfire there is currently a battle going on to stop the fire from climbing towards the Mt. Wilson Observatory (Source: https://***M) https://***lL', 'Just posted a photo @ San Diego, California https://***dX', '-']",-,content_A,post
t0864,u1754,2020-09-11 10:54:32+00:00,Wildfire,m***a,-,"['The pictures of horrific orange skies over San Francisco brought out comparisons to Blade Runner, but there is more to the story than just the images. This week our algorithm pulled in in-depth articles about wildfires, what they mean and how to fight them https://***lc', 'Silicon Valley Leaders Sit Down With Wildfire At Investment Meeting After Being Impressed By Its Rapid Expansion https://***OD https://***G0', ""Visit California remains ready to start welcoming visitor's back to CA as soon as consumer sentiment and the health crisis allow. In the meantime, continuing to promote responsible travel and provide support to CA's tourism industry are top priorities: https://***MU https://***xE"", '-']",tweet_B,-,retweet
t1133,u2797,2020-09-29 12:44:38+00:00,Wildfire,M***e,"I am recruiting a new PhD student for 2021! If you are interested in paleoclimate &amp; paleoenvironmental reconstruction using organic geochemical biomarkers, please reach out. Super exciting tropical Pliocene and Pleistocene projects! #GradRecruitWeek #NSFfunded @A***r","['@C***n Danielle DeSouza, California USA, pain researcher', 'I am recruiting a new PhD student for 2021! If you are interested in paleoclimate &amp; paleoenvironmental reconstruction using organic geochemical biomarkers, please reach out. Super exciting tropical Pliocene and Pleistocene projects! #GradRecruitWeek #NSFfunded @A***r', 'She is back.. She is angry.. She got the fire @m***i #unemployment #RhythmCity https://***Ri', '-']",-,content_B,post
t1087,u2358,2020-09-22 15:54:10+00:00,Wildfire,w***b,"It's #ClimateWeekNYC and, here at @a***e, researchers like Sustainable Accounting Professor Tammy Kowalczyk are using data and climate change analysis tools from @a***e. Climate projections at regional, local and neighborhood levels are key to using #businessforgood.","['Check us out on Instagram dominictodd450 #420friendly #420smoke #greensmoke #weedexotics #weedflorida #weed #smokeweed #WeedAustin #Australianstoners #weedaustralian #Newyorkweed #seattle420 #Weedmiami #shrooms #Cartsusa #Cartsaustralia #CannabisCommunity https://***Dn', ""It's #ClimateWeekNYC and, here at @a***e, researchers like Sustainable Accounting Professor Tammy Kowalczyk are using data and climate change analysis tools from @a***e. Climate projections at regional, local and neighborhood levels are key to using #businessforgood."", 'Check us out on Instagram dominictodd450 #420friendly #420smoke #greensmoke #weedexotics #weedflorida #weed #smokeweed #WeedAustin #Australianstoners #weedaustralian https://***eZ', '-']",-,content_B,post
t0985,u2312,2020-09-15 21:32:52+00:00,Wildfire,J***n,"A majestic bird in a tree filled with trash, in a creek filled with sewage, in sunlight filtered through wildfire smoke. https://***D7","['A majestic bird in a tree filled with trash, in a creek filled with sewage, in sunlight filtered through wildfire smoke. https://***D7', 'ENVÍO GRATIS en pedidos mayores a $1000 MXN. Visita nuestra tienda online 👉https://***l3 🌊 #CDMX #Monterrey #Sinaloa #Chiapas #Merida #Cancun #Acapulco #Veracruz #Cuernavaca #Edomex #Tamaulipas #bajacaliforniasur #Guadalajara #Chihuahua #Tepic #Hidalgo #Queretaro https://***6z', 'First glimpse of Mt Tam in a while. Grateful for a respite, however brief it may be. AQI only in the low-100s, which counts as good these days. #fireseason @ Sausalito, California https://***sb', '-']",-,content_A,post
t0752,u1973,2020-09-07 14:43:35+00:00,Wildfire,m***s,"Where to watch: https://***q, your local PBS station, the PBS KIDS 24/7 Channel, the PBS KIDS YouTube Channel, PBS KIDS Video App (for phones, tablets, Apple TV, Roku, Amazon Fire TV, etc.), Amazon Prime Video PBS Kids Channel","['On this sweltering #LaborDayWeekend, our scientists will be working hard to monitor popular lakes &amp; streams with a history of harmful #algalblooms (HABs). Info will be updated on our online portal https://***V. Note: Children &amp; pets are the most vulnerable. #california https://***Ll', 'Where to watch: https://***q, your local PBS station, the PBS KIDS 24/7 Channel, the PBS KIDS YouTube Channel, PBS KIDS Video App (for phones, tablets, Apple TV, Roku, Amazon Fire TV, etc.), Amazon Prime Video PBS Kids Channel', 'I’m so excited to open this Food Bank soon and fire up the charity vlog (100% of all rev from the channel will go towards running my food bank and opening more!!) I’m DYING to see how big we can grow this :)', '-']",tweet_A,content_B,reply
t0774,u1366,2020-09-08 22:21:08+00:00,Wildfire,W***t,"The wildfire situation in California and Oregon has now escalated to the point that I can no longer keep track of the countless massive, fast-moving, and potentially very dangerous fires. The geographic scale and intensity of what is transpiring is truly jarring. #CAwx #ORwx https://***RJ","['The wildfire situation in California and Oregon has now escalated to the point that I can no longer keep track of the countless massive, fast-moving, and potentially very dangerous fires. The geographic scale and intensity of what is transpiring is truly jarring. #CAwx #ORwx https://***RJ', '#CameronPeakFire Ash is falling in Boulder County 50 miles away from the fire. Heavy smoke. https://***yo https://***Je', '@A***s: Labor Day Fire Storm Destroys Homes, Burns Thousands Of Acres Across The Northwest https://***UE', '-']",-,content_A,post
t1225,u1132,2020-10-11 17:00:28+00:00,Wildfire,M***s,The climate isn’t just making wildfires worse. It can damage a forest's ability to recover at all. https://***CY,"['I am a Stanford professor and it takes me hours to study all of California\'s ballot propositions each cycle, and even then am not sure I understand many of them (""A no vote means you refuse to overturn the elimination of X""). There has to be a better way to run a government.', ""The climate isn’t just making wildfires worse. It can damage a forest's ability to recover at all. https://***CY"", 'Violence against Armenians has not been limited to the Karabakh conflict (see https://***). The recent ceasefire violation by Azerbaijan will only provoke more violence #SanctionTurkey #SanctionAzerbaijan #StopAliyev https://***r4', '-']",-,content_B,post
t1514,u3220,2020-12-04 19:12:12+00:00,Wildfire,A***e,Over 2.38 million acres of fire have been mapped by GeoFOCIS software during the 2020 fire season. AEVEX will demonstrate GeoFOCIS hardware &amp; software at the Wildfire Management Summit December 9-11. Register https://***Qn or contact Brad Griffiths at geofocis@a***x.com https://***h5,"[""Lynx's Aric Perminter and Gina Mahin enjoyed a lively discussion during our ISE Cocktails &amp; Conversations - A Ceasefire in the War Between IT and Security Operations. Let's discuss how to turn these teams into partners working toward the common goal of protecting your business. https://***Jt"", ""Umm mister @G***r, Don't you think you should comment on this? You were on fire when ind lost 2 in a row, but not a single word after ind winning two in a row Scared huh? #indvsausT20"", 'Over 2.38 million acres of fire have been mapped by GeoFOCIS software during the 2020 fire season. AEVEX will demonstrate GeoFOCIS hardware &amp; software at the Wildfire Management Summit December 9-11. Register https://***Qn or contact Brad Griffiths at geofocis@a***x.com https://***h5', '-']",-,content_C,post
t0918,u1488,2020-09-13 21:17:21+00:00,Wildfire,t***l,"MONDAY: @J***n will deliver remarks on the ongoing wildfires in the west. He will discuss how extreme weather events are both caused by &amp; underscore the urgent need to tackle the climate crisis, &amp; why we need to create good-paying, union jobs to build a more resilient future.","['Just posted a photo @ Los Angeles, California https://***GB', 'The latest The Daily by Nova Vita Salon and Spa! https://***SB Thanks to @K***y #wildfires', 'MONDAY: @J***n will deliver remarks on the ongoing wildfires in the west. He will discuss how extreme weather events are both caused by &amp; underscore the urgent need to tackle the climate crisis, &amp; why we need to create good-paying, union jobs to build a more resilient future.', '-']",-,content_C,post
t1020,u0354,2020-09-16 17:56:30+00:00,Wildfire,D***a,What will California be after the smoke clears? via @r***d https://***TY https://***Ep,"['What will California be after the smoke clears? via @r***d https://***TY https://***Ep', '#bobcatfire burning up the western slope of Big Santa Anita Canyon towards Chantry Flat and Mt. Wilson this afternoon https://***q8', '#bobcatfire in this video from yesterday you can see helicopters dropping water on the fire as it descends into Big Santa Anita Canyon (I believe date on video is 1 day behind) https://***pS', '-']",-,content_A,post
t1466,u1978,2020-11-23 17:33:11+00:00,Wildfire,V***n,-,"['TFS smoke alert for Collinsvale More info at https://***1v', 'Central Valley communities struggle for drinking water. A Q&amp;A with Felicia Marcus, California water expert via https://***ye via @w***r', 'To add fuel to the fire I have been told that I’ve been a disruptive influence since the 1970s. I even know what a Lamson tube is https://***NW https://***sn', '-']",tweet_A,-,retweet
t1008,u1454,2020-09-16 14:41:00+00:00,Wildfire,T***y,"A6. When possible #government should encourage individuals, even those economically challenged to save for the potential of loss. In addition, government can create grants and loans to assist communities in need who are affected by a #naturaldisaster. #flood #wildfire #MMCChat https://***qG","['A majestic bird in a tree filled with trash, in a creek filled with sewage, in sunlight filtered through wildfire smoke. https://***D7', '@M***l A7.B Personal devices like #smartphones and #smartwatches contain #GPS GPS and other tracking technology that can assist in locating people who are missing or incapacitated, saving lives. #MMCChat #wildfires #incident @S***g @a***g @T***y @P***y https://***Ry', 'A6. When possible #government should encourage individuals, even those economically challenged to save for the potential of loss. In addition, government can create grants and loans to assist communities in need who are affected by a #naturaldisaster. #flood #wildfire #MMCChat https://***qG', '-']",-,content_C,post
t0143,u1730,2018-10-25 13:30:47+00:00,Wildfire,I***a,"""My grandmother is not a scientist; she doesn't read the newspaper every day, but she understands the problems caused by Carbon Dioxide,"" said Mr. Barney Swan, International Director, Climate Force, highlighting the critical issue of Carbon Dioxide. #iifmena18 https://***bz","['""My grandmother is not a scientist; she doesn\'t read the newspaper every day, but she understands the problems caused by Carbon Dioxide,"" said Mr. Barney Swan, International Director, Climate Force, highlighting the critical issue of Carbon Dioxide. #iifmena18 https://***bz', ""Remember Jim, the apparently invented friend of Trump's he'd talk about to warn how dangerous Europe was? He has a new imaginary go-to: a California that doesn't exist. https://***p9"", ""If you're attending the California Land Recycling Conference, you don't want to miss our crash course on #brownfield remediation and redevelopment tomorrow! https://***nQ Not attending but still interested in how we can help? Here's a few ways: https://***WN https://***xs"", '-']",-,content_A,post
t0014,u2275,2018-08-04 16:46:32+00:00,Wildfire,D***S,Smoke and haze in Death Valley. #SaturdayMorning #CurrentConditions #CAfires https://***m7,"['@K***A @C***N Thanks! I was on vacay... but been doing wildfires all week. You need to watch more CNN :)', 'California’s Community Colleges: Shelters in a Time of Crisis | The League https://***ud via @A***s', 'Smoke and haze in Death Valley. #SaturdayMorning #CurrentConditions #CAfires https://***m7', '-']",-,content_C,post
t1282,u3183,2020-10-17 20:01:52+00:00,Wildfire,P***e,"Set the VCR! Tomorrow morning, “@C***y Morning” will air my cover story, ""Climate Change: An Update."" 2020 has set new records for hurricanes, wildfires, heat, and drought. So what, in fact, is anybody doing about it? And how much hope is justified? https://***72 https://***qn","['Set the VCR! Tomorrow morning, “@C***y Morning” will air my cover story, ""Climate Change: An Update."" 2020 has set new records for hurricanes, wildfires, heat, and drought. So what, in fact, is anybody doing about it? And how much hope is justified? https://***72 https://***qn', 'Huge plume of smoke from a new wildfire that erupted today between Jamestown and Lyons, as seen from rooftop in South Boulder #CalWoodFire https://***SJ', 'The fire that is within me is greater than the fire that’s trying that’s trying to consume me. Be strong and courageous because the Lord is with you wherever you go', '-']",-,content_A,post
t1107,u2746,2020-09-25 18:31:00+00:00,Wildfire,U***e,Take Utah's wildfire prevention pledge at https://***0J https://***0B,"[""Take Utah's wildfire prevention pledge at https://***0J https://***0B"", 'Yes, We can! #McKenzieRiverFire #HolidayFarmFire #SafetySeptember #SafetyFirst @T***r @C***e @M***R @C***e #McKenzieCDC @W***c @O***M @B***e @O***M @O***y @f***n https://***QH', 'Latest Blog Post - For Real Fire Drill! https://***Db https://***Rn', '-']",-,content_A,post
t0831,u3236,2020-09-10 07:49:45+00:00,Wildfire,d***i,"In addition to the terrifying pictures, are you looking for something in-depth to read about the wildfires in the Western U.S.? Here our model highlighted a piece from @M***n on the ""Smoke Belt,"" the dangers of PM 2.5 particles and what it all means https://***by","['Extremely intense fire updrafts have injected vast amounts of smoke &amp; ash into upper atmosphere as high as 50,000 feet--20,000 above cruising altitude of jet airliners. Dense smoke throughout entire atmospheric column is blocking nearly all sunlight at surface. #CAwx #CAfire https://***bz', 'Been traveling around northern Utah. In just 4 days we had smoky skies from wildfires, crazy snowstorm and hurricane-level winds. Credit @A***a and @f***h for the last two pics. Sending 🙏 to everyone affected #utahwind #CaliforniaFires #OregonFires https://***1K', 'In addition to the terrifying pictures, are you looking for something in-depth to read about the wildfires in the Western U.S.? Here our model highlighted a piece from @M***n on the ""Smoke Belt,"" the dangers of PM 2.5 particles and what it all means https://***by', '-']",-,content_C,post
t0903,u0832,2020-09-12 19:16:06+00:00,Wildfire,C***s,Pres. Trump to visit California on Monday to be briefed on wildfires https://***uE,"['La strategia aerea di @C***E per fronteggiare il record di incendi che hanno colpito la California, descritta dal notevole lavoro editoriale di @R***s. https://***Wz', 'Pres. Trump to visit California on Monday to be briefed on wildfires https://***uE', 'Really hard to juggle attending #flux2020 while also making sure my family in PDX is safe from the #OregonFires2020 - dad &amp; brother (and 38-wk pregnant sister-in-law) are now 1-3 miles from Level 2 evac zone. Suddenly the smoke &amp; fire near us feels relatively less threatening.', '-']",-,content_B,post
t1352,u2337,2020-10-28 12:27:30+00:00,Wildfire,S***m,Rocking this rainy day! Thanks for putting a smile on my face today. fire Escape Sessions was an amazing and fun local performance https://***9s,"['latricehiley6@g***l.com 714) 818-9076. Out of California area https://***Q4', 'Rocking this rainy day! Thanks for putting a smile on my face today. fire Escape Sessions was an amazing and fun local performance https://***9s', 'Air pollution in China can travel up to Central Valley of California. . . . #purelogiclabs #AQIIndia #youreflectwhatyoubreathe #CleanAirForAll #aqi #savetheearth #airpollutants #airquality #breathe #freshair #air #iaq #careaboutair #environment #pollutionlevels #pollution https://***dL', '-']",-,content_B,post
t1121,u1569,2020-09-28 10:43:14+00:00,Wildfire,a***r,"'Kenreisman/machine-learning' Top: @J***e: 'High winds driving #ShadyFire towards Hwy 12 / eastern Santa Rosa (timelapse 10:36 - 10:51pm) as seen from Sonoma Mt ALERTWildfire camera #CaFire #FireWx #CaWx #GlassFire… https://***H, see more https://***vN","[""'Kenreisman/machine-learning' Top: @J***e: 'High winds driving #ShadyFire towards Hwy 12 / eastern Santa Rosa (timelapse 10:36 - 10:51pm) as seen from Sonoma Mt ALERTWildfire camera #CaFire #FireWx #CaWx #GlassFire... https://***H, see more https://***vN"", 'The brightest minds of my generation are using their talents to optimize ad-clicks. Also to destabilize the fabric of our society, causing us to descend into a fascist trash-fire hellscape.', 'Breaking: Massive fire outbreak rocks another Lagos neighbourhood Details shortly... https://***NZ', '-']",-,content_A,post
t0803,u1833,2020-09-09 17:22:48+00:00,Wildfire,D***d,"Fire to the left of me, fire to the right! This is the transformer that burned, and the smoke from CA wildfires. It's been a fun time the last few days! @D***d https://***7Z","['M A R S Wow! I’ve never ever seen the sky this color. It looks like we’re on Mars. From all of these fires were having the smoke has turned the sky orange. My heart goes out to all of the people effected by the fires and a BIG THANK YOU to all of the first responders. https://***r4', '4️⃣ Swing States 5️⃣ Senate Seats 🔥$45 to Fire 45🔥 Match me here: https://***y9 https://***XF', ""Fire to the left of me, fire to the right! This is the transformer that burned, and the smoke from CA wildfires. It's been a fun time the last few days! @D***d https://***7Z"", '-']",-,content_C,post
t0049,u1165,2018-08-21 08:13:56+00:00,Wildfire,T***a,-,"[""It's a smoky day here in Seattle! California Healthline recently shared information about how wildfire smoke affects vulnerable people, including seniors. https://***Ta"", 'The day of Arafah is the day of Hajj. Allah will save more people from the Hell fire on this day than any other day. May Allah save us all... (AMEEN)', 'TERRIFYING: This video shows a 70-year-old man and his son trying to escape a wildfire in Glacier National Park. https://***zi https://***93', '-']",tweet_A,-,retweet
t1185,u0234,2020-10-05 17:05:09+00:00,Wildfire,j***r,“‘Apocalyptic’ Fires Are Ravaging the World’s Largest Tropical Wetland” https://***a3 #ApocalypticFire #WorldsLargestTropicalWetland #Wildfire https://***dz,"['“‘Apocalyptic’ Fires Are Ravaging the World’s Largest Tropical Wetland” https://***a3 #ApocalypticFire #WorldsLargestTropicalWetland #Wildfire https://***dz', 'More about our work on mapping wildfires with the power of satellite data. Thanks to the first responders for their heroic work and thanks to our partners @g***e https://***Mn #CrisisResponse #ML', '👉 We continue with @S***l who brings the heavyweight basslines for the next hour - all in the mix for @D***o and Friends! 🔊 https://***3b Expect... @s***c @J***w @d***l @w***e @c***a @p***l and more 🔥 https://***uO', '-']",-,content_A,post
t0841,u0235,2020-09-10 15:45:20+00:00,Wildfire,D***t,"What strange ominous skies I keep waking up to are these? Smoke burns my eyes and chokes my breath. This break my heart and tells me again and again, WE must change our ways, now. #bethechange @ Los Angeles, California https://***hg","['What strange ominous skies I keep waking up to are these? Smoke burns my eyes and chokes my breath. This break my heart and tells me again and again, WE must change our ways, now. #bethechange @ Los Angeles, California https://***hg', '@A***s: Labor Day Fire Storm Destroys Homes, Burns Thousands Of Acres Across The Northwest https://***UE', '#WaWildfire #Kalama #CowlitzCounty Very smokey atop Green Mountain. Looking east then south toward #Woodland at 8 am on Sept 8. Stay safe! Thank-you to all #FireFighters. https://***S9', '-']",-,content_A,post
t1535,u2694,2020-12-08 20:55:35+00:00,Wildfire,S***D,PreDesign - is a brand new climate research tool to help you understand the local environment surrounding your project before you start modeling in SketchUp Learn More click here https://***39 #sketchup #design #environment #SOLAR #Sustainability https://***ro,"['PreDesign - is a brand new climate research tool to help you understand the local environment surrounding your project before you start modeling in SketchUp Learn More click here https://***39 #sketchup #design #environment #SOLAR #Sustainability https://***ro', 'On November 10, the Supreme Court heard California v. Texas, a case concerning the constitutionality of the individual mandate provision of the Affordable Care Act, which imposed a penalty on Americans who didn’t purchase health insurance. Read more here: https://***Js', 'Fire Eye!!!! ""The Silicon Valley company said hackers — almost certainly Russian — made off with tools that could be used to mount new attacks around the world."" https://***Na', '-']",-,content_A,post
t0175,u0790,2018-11-09 16:21:51+00:00,Wildfire,T***h,"SOUTHERN CALIFORNIA! Anybody near #Malibu with a horse trailer, SYCAMORE FARM needs to evacuate 40 horses from 3661 Cross Creek Road before the fires get there! #WoolseyFire https://***Bo","['#like4likes #smoker #smokers #smokersonly #smokersclub #cigaroftheweek #montecristo #cigarbar #cigarsocialclub #cigar #cigarcase #cigaraficionada #cuban #cohiba #cigaroftheday #cigarsmoke #cigarsmoker #enjoycigars #cigarlover #cigarlovers #cigarian #cigarians #cigarporn https://***YB', 'Thanks for all the interest in our work last Sunday at #SfN18. Missed it? You can still read the preprint on BioRxiv! @ San Diego, California https://***i4', 'SOUTHERN CALIFORNIA! Anybody near #Malibu with a horse trailer, SYCAMORE FARM needs to evacuate 40 horses from 3661 Cross Creek Road before the fires get there! #WoolseyFire https://***Bo', '-']",-,content_C,post
t0009,u0037,2018-07-31 10:50:22+00:00,Wildfire,D***s,"Paul Manafort trial, California wildfires, MLB trade deadline: 5 things you need to know Tuesday... https://***zE https://***pc","['Paul Manafort trial, California wildfires, MLB trade deadline: 5 things you need to know Tuesday... https://***zE https://***pc', ""1 daily unfollower. Crowdfire doesn't miss a trick - via https://***xh"", 'Praying for Redding. . Repost: @b***c: Please pray for Redding. For the brave members of Cal Fire, rain, the winds to change and peace for those who have lost their homes or have had to evacuate. Thank you for joining us in prayer! #prayforredding #carrfire https://***a1', '-']",-,content_A,post
t1007,u1454,2020-09-16 14:28:00+00:00,Wildfire,T***y,"A4b. In addition, government should set aside funds and encourage the creation of programs to assist those who are disadvantaged and economically challenged to help them recover from losses due to #flood, #wildfire and other #naturaldisasters. #MMCChat https://***FO","['A4b. In addition, government should set aside funds and encourage the creation of programs to assist those who are disadvantaged and economically challenged to help them recover from losses due to #flood, #wildfire and other #naturaldisasters. #MMCChat https://***FO', 'Another example of incredible innovation and leadership @U***o and California! Congratulations @c***t and team! https://***U2', 'Patiently waiting for the smoke out west to stop blocking my skies. In the meantime, added LEDs to the Observatory.', '-']",-,content_A,post
t1160,u1852,2020-10-02 10:32:50+00:00,Wildfire,d***c,-,"['""In Europe, they live, they have forest cities, they\'re called forest cities. They maintain their forest, they manage their forest. I was w/ the head of a major country, it\'s a forest city. He said, \'Sir, we have trees that are far more - they ignite much easier than California\'"" https://***Ub', '""Firefighting in the Era of COVID"", the latest episode of @w***v Out West #podcast, illustrates how wildfire suppression operations have changed in light of the ever-evolving threat of #COVID19 --&gt; https://***DN #FireYear2020 https://***0N', 'For #WorldSmileDay Cooper, our rescued California Sea Lion is showing off his not-so-pearly-whites and his adorable smile! Sea lions don’t have enamel on their teeth, but a protective layer of healthy bacteria from the fish that they eat, resulting in brown or even black teeth! https://***52', '-']",tweet_C,-,retweet
t0057,u0985,2018-08-23 22:06:53+00:00,Wildfire,j***o,"#HurricanLane near Hawaii, two typhoons in the West Pacific, wildfire smoke crossing North America, and Saharan dust reaching Portugal and Spain. Just a few of the things you can see in our new map of aerosol components https://***lT #dataviz #maps https://***Yr","['Hans Zimmer Scored a Scenic Drive Down a California Highway for Land Rover https://***8M', '#HurricanLane near Hawaii, two typhoons in the West Pacific, wildfire smoke crossing North America, and Saharan dust reaching Portugal and Spain. Just a few of the things you can see in our new map of aerosol components https://***lT #dataviz #maps https://***Yr', '@E***a @c***V @N***M It will reward the ‘doc in a box’ clinics by taking away from us who serve complex patients. The driving principle for this effort is sheer economics and everything else is just a smoke screen.', '-']",-,content_B,post
t1533,u1383,2020-12-08 18:34:33+00:00,Wildfire,s***e,Please share &amp; like the 1st tweet in this thread. @A***r @j***s @c***y @J***s @S***n @j***t @c***l @c***e @c***y @B***o @B***Q @O***a @b***n @B***p @T***n @J***n @M***e,"['Please share &amp; like the 1st tweet in this thread. @A***r @j***s @c***y @J***s @S***n @j***t @c***l @c***e @c***y @B***o @B***Q @O***a @b***n @B***p @T***n @J***n @M***e', ""Machinist’s Mate 1st Class Robert R. Scott. Aboard the U.S.S. California, Scott's battle station was flooded as the result of a torpedo hit. The remainder of the personnel evacuated. Scott refused “This is my station and I'll stay and give them air as long as the guns are going” https://***Kk"", 'California father arrested for allegedly decapitating his son, daughter. https://***op', '-']",tweet_B,content_A,reply
t0183,u2179,2018-11-10 05:49:38+00:00,Wildfire,J***n,-,"['Dear Americans, we Muslims aren’t your enemy. Your enemy is the ones who are allowing criminals to have guns and make a mess in your streets. Your enemy are those who play with your emotions and try to divide you &amp; scare you. #ThousandOaks #Californiashooting', 'THANK YOU to our water station volunteers at the @m***n this weekend. You guys are incredible and so is that sunrise!!! #malibuhalfmarathon #runmalibu #laleggers @ Malibu, California', ""Changes in California's average air temperature since 1895... #CAwx Check out the awesome new @W***e tool for California climate statistics: https://***IS https://***QW"", '-']",tweet_B,-,retweet
t0262,u2910,2018-11-16 16:48:49+00:00,Wildfire,VP,California: check local advisories and be sure to take precautions when exposing yourself to wildfire smoke. Follow these helpful guidelines from the @E***A and @A***w. https://***JU,"['Happy to hear I’ll be joined by @J***v and @F***k in Northern California tomorrow. Working together to help our fellow Americans in their time of need. 🇺🇸', 'California: check local advisories and be sure to take precautions when exposing yourself to wildfire smoke. Follow these helpful guidelines from the @E***A and @A***w. https://***JU', '@e***7 You should have plenty of jackets left behind by visitors who thought, “I’m going to California &amp; won’t need a jacket” arrived in NorCal, had to buy one &amp; left it behind.', '-']",-,content_B,post
t0833,u2201,2020-09-10 10:04:20+00:00,Wildfire,R***L,-,"['It is LITERALLY Blade Runner 2049 in California right now. https://***NB', '#beirutport #Beirut #lebanon #lebanonunderfire #godblesslebanon https://***WJ', 'Silicon Valley Leaders Sit Down With Wildfire At Investment Meeting After Being Impressed By Its Rapid Expansion https://***OD https://***G0', '-']",tweet_B,-,retweet
t1575,u1605,2020-12-16 23:34:01+00:00,Wildfire,W***r,"""Taking it all in"". Tonight's storm on the BIG picture satellite. Light to moderate showers arrive in the North Bay around 11pm &amp; clear the South Bay before sunrise. #cawx @K***v https://***8o","['Happy 35th Wedding Anniversary @l***n - thanks 🙏 for being the best partner in life I could ever have asked for. I love ❤️ you!!! @ Redlands, California https://***L3', ""It's done: Joe Biden has just crossed the threshold of 270 electoral votes. This happened when California's 55 electors voted for him, as expected. (No word yet from New California's 0 electors.)"", '""Taking it all in"". Tonight\'s storm on the BIG picture satellite. Light to moderate showers arrive in the North Bay around 11pm &amp; clear the South Bay before sunrise. #cawx @K***v https://***8o', '-']",-,content_C,post
t1093,u1594,2020-09-23 14:03:24+00:00,Wildfire,z***a,-,"['Check us out on Instagram dominictodd450 #420friendly #420smoke #greensmoke #weedexotics #weedflorida #weed #smokeweed #WeedAustin #Australianstoners #weedaustralian #Newyorkweed #seattle420 #Weedmiami #shrooms #Cartsusa #Cartsaustralia #Magicshrooms https://***7h', 'Latest Blog Post - For Real Fire Drill! https://***Db https://***Rn', 'A look at how California fires destroy and unite https://***1R from @c***g', '-']",tweet_A,-,retweet
t1183,u1292,2020-10-05 16:00:29+00:00,Wildfire,f***e,"As a reminder, please keep wildfire prevention in mind when visiting your public lands. https://***re","['#Holesh Dance Challenge 🕺🏻💃🏻 @t***y چالش رقصِ هُلش، شماهم برقصيد... منتخب رقصها به اشتراك گذاشته ميشه @ Los Angeles, California https://***Sh', 'As a reminder, please keep wildfire prevention in mind when visiting your public lands. https://***re', 'Whereas Nero famously fiddled while Rome burned, US President Donald Trump has famously hit the links at his money-losing golf courses while California burns – and as more than 200,000 Americans died of COVID-19. https://***CB', '-']",-,content_B,post
t0951,u2944,2020-09-14 18:56:46+00:00,Wildfire,P***5,-,"[""Some good reminder of personal preparation lessons in this story on Berry Creek. 1. If you're in a high fire threat area, situational awareness (listen to the fire/police radios) key. 2. Generator does not work w/out gas 3. Leave early! https://***CK"", '#solar #hydrogen #systems have a lot in #common with this #picture !!! #babes4hydrogen #beachbabes4hydrogen #sustainability #ecofriendly #water #model #4 #h2 @ California https://***mK', '@t***l love this. i lived at my buddies walk up squatter loft on the 5th floor on lower broadway. throwing down the keys from the fire escape was the only way to let in guests pre cells, pre anything working.', '-']",tweet_B,-,retweet
t1119,u1374,2020-09-28 06:07:00+00:00,Wildfire,R***T,-,"[""@p***s Should fire him regardless, shouldn't have let this game get so close"", ""@R***9 @b***e @n***m The problem isn't that the paper is all men, *per se*. The problem is that there are a bunch of systematic biases in our society in general and OSS in particular that drive women out of participating in these kinds of projects. The paper is the smoke from that fire."", 'Really excited for the part in the debate where Trump throws the smoke bomb and tries to lumber off stage in the confusion.', '-']",tweet_B,-,retweet
t1419,u3012,2020-11-12 14:34:59+00:00,Wildfire,d***m,-,"[""I hate admitting when something is wrong. I can't push my hernia back in, it's too big now and I am only able to function if I smoke enough. My partner wants me to go to the ER but I don't want stomach surgery. Any other solutions?"", 'That’s it..I’m getting my car color changed to smoke grey 😍😍 shit is sexy asf', 'Yeah thats definitely vape smoke. Internal electronic smoke would be thick and black.', '-']",tweet_A,-,retweet
t0964,u2554,2020-09-15 00:06:52+00:00,Wildfire,M***D,-,"['Understand what’s fueling our global fire crisis so we can start to break the cycle! https://***Ke', ""@a***r We're on it! @g***t @s***d will run this by our team. Hopefully @a***r stayed inside working on scopes this weekend and out of the Seattle smoke bomb!"", 'Wildfires Have Rendered Our World Unrecognizable https://***qK via @c***e', '-']",tweet_A,-,retweet
t1378,u1366,2020-11-03 00:50:05+00:00,Wildfire,W***t,"With exception of a few snow flurries in Vermont and a bit of light rain in Pacific Northwest, weather on Election Day 2020 tomorrow will be notably calm &amp; mild across United States. That's saying something following a long stretch of wildfires, hurricanes, and record heat.#VOTE https://***pz","[""With exception of a few snow flurries in Vermont and a bit of light rain in Pacific Northwest, weather on Election Day 2020 tomorrow will be notably calm &amp; mild across United States. That's saying something following a long stretch of wildfires, hurricanes, and record heat.#VOTE https://***pz"", ""Incredible new development using #AI in #healthcare - the @U***a's new model predicts the best therapeutic approach for treating tumours by letting their #ArtificialIntelligence determine the best drug combination for each unique patient. 🦾 https://***Lj"", 'Because of the election polls taking place at the Shine Fire Department, meals will be provided at the Shine Crossroad business location of Melons and Blooms beside the Shine Dollar General. Mealtime remains the same.', '-']",-,content_A,post
t1417,u0950,2020-11-12 07:46:52+00:00,Wildfire,W***e,"RECENTLY PUBLISHED: USA, California, #NapaValley: More 2017s &amp; A Final Word on Smoke Taint. ⁣ ⁣⁣ ⁣Smoke taint can be a little tricky to spot if you haven’t had enough experience... ⁣Read @L***W's full report and 200+ tasting notes on: https://***tV https://***El","['@a***6 @n***6 @M***e 🙏', ""RECENTLY PUBLISHED: USA, California, #NapaValley: More 2017s &amp; A Final Word on Smoke Taint. Smoke taint can be a little tricky to spot if you haven’t had enough experience... Read @L***W's full report and 200+ tasting notes on: https://***tV https://***El"", '""Other parts of the world with similar climates to South Africa – including California, southern Australia, southern Europe and parts of South America – could experience their own Zero Day droughts in the future..."" https://***Bi', '-']",-,content_B,post
t0946,u2943,2020-09-14 18:49:14+00:00,Wildfire,W***5,President @r***p just received a briefing on the California wildfires and response efforts. https://***lk,"['President @r***p just received a briefing on the California wildfires and response efforts. https://***lk', ""Let's come right out and say it: climate change is causing this hellfire and we need to make radical changes My latest for @l***s https://***SG"", 'Took passport photos today with my dodgy DIY haircut, sweatpants on, fire and pandemic outside. A nice memento of 2020 that will haunt me for years to come.', '-']",-,content_A,post
t0191,u0869,2018-11-10 15:08:28+00:00,Wildfire,f***s,.@r***h tracks the deadly Northern California wildfire that has already claimed at least nine lives https://***0o,"['Check out my Gig on Fiverr: design eye catching,typography tee, any conceptual tshirt https://***Ur via @f***r #ProtectMueller #CampFire Gabrielle Union #NationalSTEMDay Tucker Carlson #HillFire Rogue One Diego Luna #NoOneIsAboveTheLaw Butte County', 'Rising smoke from the wild fires , LAX https://***oz', '.@r***h tracks the deadly Northern California wildfire that has already claimed at least nine lives https://***0o', '-']",-,content_C,post
t0862,u2109,2020-09-11 06:54:03+00:00,Wildfire,G***i,-,"['Thread of reported spectral measurements of the very orange, extremely low-CCT California sky 🌇 ⬇️', 'TFS smoke alert for Strahan and surrounding areas More info at https://***uO', ""Fuck that election shit California's as§hole is still open up to Asiâ and dripping wet for India .... 🇺🇲"", '-']",tweet_A,-,retweet
t0868,u0007,2020-09-11 14:18:10+00:00,Wildfire,A***a,"On 9/11, we mourn the nearly 3,000 lives lost, and honor the bravery of our first responders who rushed in to save lives. Our first responders continue to be our heroes today, fighting to save lives from deadly CA wildfires. Thank you for your service &amp; sacrifice. #NeverForget https://***E4","['On 9/11, we mourn the nearly 3,000 lives lost, and honor the bravery of our first responders who rushed in to save lives. Our first responders continue to be our heroes today, fighting to save lives from deadly CA wildfires. Thank you for your service &amp; sacrifice. #NeverForget https://***E4', 'Follow these tips to protect yourself and your family from wildfire smoke: https://***Nm', '@C***E Thank you for all that you do. Is there anything we can do to help? @G***e', '-']",-,content_A,post
t0244,u0018,2018-11-14 19:37:22+00:00,Wildfire,l***b,we want to thank all of the brave influencers who have donated completely unrelated thirst traps to the victims of the california wildfires https://***xT,"['we want to thank all of the brave influencers who have donated completely unrelated thirst traps to the victims of the california wildfires https://***xT', 'If this is your doggy, they are at the West Valley Animal shelter on Plummer! #WoosleyFire https://***74', 'Some of the devastation in Paradise, CA. The Camp Fire destroyed the town. I’m told this isn’t even the worst of it. https://***8O', '-']",-,content_A,post
t0197,u1022,2018-11-10 21:13:39+00:00,Wildfire,J***n,"House gone. But I am grateful for the many great years Malibu has given me and my children. Now, trying to help neighbors save their homes. #woolseyfire #malibu #malibufires #fires @… https://***YF","['Amazon Ethernet Adapter for Amazon Fire TV Devices by Amazon $14.99 https://***VP https://***mq', 'House gone. But I am grateful for the many great years Malibu has given me and my children. Now, trying to help neighbors save their homes. #woolseyfire #malibu #malibufires #fires @... https://***YF', '.@r***h tracks the deadly Northern California wildfire that has already claimed at least nine lives https://***0o', '-']",-,content_B,post
t1314,u2772,2020-10-22 17:20:03+00:00,Wildfire,D***b,"The Nigerian Army denied reports that soldiers opened fire against peaceful protestors during an incident on October 20. Despite extensive evidence to the contrary, the army’s labeled several local and international publications reporting as “fake news.” https://***42","['Trump wants to convert a potentially large group of career civil servants — who make policy based on fact, not politics — into roles that the president can fire at any time. It’s another dangerous step for our democracy. Pass it on. https://***7l', 'The Nigerian Army denied reports that soldiers opened fire against peaceful protestors during an incident on October 20. Despite extensive evidence to the contrary, the army’s labeled several local and international publications reporting as “fake news.” https://***42', '- THEY CUT OFF ALL THE LIGHTS AT LEKKI TOLL GATE - THEY OPENED FIRE AT UNARMED YOUTHS - THEY BLOCKED AMBULANCES FROM COMING TO AID THE INJURED - OVER 8 PEOPLE ARE DEAD AS AT 20:41, 20/10/2020. THIS IS THE LEKKI TOLL GATE GENOCIDE BY THE NIG GOVERNMENT. EVERYONE MUST KNOW!!!', '-']",-,content_B,post
t0867,u3236,2020-09-11 14:05:08+00:00,Wildfire,d***i,"The pictures of horrific orange skies over San Francisco brought out comparisons to Blade Runner, but there is more to the story than just the images. This week our algorithm pulled in in-depth articles about wildfires, what they mean and how to fight them https://***lc","['The pictures of horrific orange skies over San Francisco brought out comparisons to Blade Runner, but there is more to the story than just the images. This week our algorithm pulled in in-depth articles about wildfires, what they mean and how to fight them https://***lc', 'Thread of reported spectral measurements of the very orange, extremely low-CCT California sky 🌇 ⬇️', '@A***t @s***l The cycle also has to be even, but forest fires are getting bigger, in Cali (6 of 20 of the largest fires ever came this year), Siberia and elsewhere. https://***kH', '-']",-,content_A,post
t0225,u2559,2018-11-12 17:57:24+00:00,Wildfire,M***9,I was lucky enough to spend my weekend outside in the beautiful mountains that I love. Those mountains were not able to avoid the smoke that is all over California. I feel so lucky to be… https://***Te,"['I was lucky enough to spend my weekend outside in the beautiful mountains that I love. Those mountains were not able to avoid the smoke that is all over California. I feel so lucky to be... https://***Te', 'California is making children fight fires https://***CF', 'Here’s a list of organizations to which you can donate funds to help victims of, and firefighters battling, the horrendous multiple wildfires ravaging California. If you know of any other worthy organizations, please tack on links to them as replies. https://***f7', '-']",-,content_A,post
t0954,u0807,2020-09-14 19:25:38+00:00,Wildfire,e***e,"Anyone know the cause of the #GoshenFire yet? Looks like it's pretty well contained, but I'm curious if we had another target shooter on our hands or something else. @U***e","['Over the course of 10 hours, in poor visibility, the California National Guardsmen made multiple perilous flights to rescue stranded and injured campers—saving 242 people. https://***zV', 'Just posted a photo @ Los Angeles, California https://***iM', ""Anyone know the cause of the #GoshenFire yet? Looks like it's pretty well contained, but I'm curious if we had another target shooter on our hands or something else. @U***e"", '-']",-,content_C,post
t0093,u1152,2018-09-22 23:19:35+00:00,Wildfire,L***s,"Trail Running, Camping, Live Music, Campfire, good times Back On The Ranch. Join us weekend of October 6, 2018 in beautiful Los Olivos California. Registration open at https://***YS https://***NC","['How on earth can this be happening in 2018 in California ?! https://***I7', 'Trail Running, Camping, Live Music, Campfire, good times Back On The Ranch. Join us weekend of October 6, 2018 in beautiful Los Olivos California. Registration open at https://***YS https://***NC', 'Ivanka Trump is at a Wal-Mart in Mesquite, TX trying out the virtual reality training device the company uses to teach people how to fire workers, among other things https://***80', '-']",-,content_B,post
t1527,u0096,2020-12-07 21:59:59+00:00,Wildfire,R***s,It's a crazy windy day in Ventura. Trees are getting ripped out by the roots. A wildfire is burning one town away. Apparently the #CornellFire is basically contained after burning nearly 200 acres. Fire is extra scary on a windy day. https://***9W,"[""It's a crazy windy day in Ventura. Trees are getting ripped out by the roots. A wildfire is burning one town away. Apparently the #CornellFire is basically contained after burning nearly 200 acres. Fire is extra scary on a windy day. https://***9W"", 'Just posted a video @ Los Angeles, California https://***U1', 'They play pop smoke atleast 85% of the time on the radio and honestly it’s better than the other 15%', '-']",-,content_A,post
t1031,u3106,2020-09-17 17:48:34+00:00,Wildfire,c***q,"❤️ Want to provide relief to wildfire victims in California, Oregon, and Washington? Use—or contribute to—this crowdsourced organization database from @s***y. https://***ow","['ENVÍO GRATIS en pedidos mayores a $1000 MXN. Visita nuestra tienda online 👉https://***l3 🌊 #CDMX #Monterrey #Sinaloa #Chiapas #Merida #Cancun #Acapulco #Veracruz #Cuernavaca #Edomex #Tamaulipas #bajacaliforniasur #Guadalajara #Chihuahua #Tepic #Hidalgo #Queretaro https://***6z', '❤️ Want to provide relief to wildfire victims in California, Oregon, and Washington? Use—or contribute to—this crowdsourced organization database from @s***y. https://***ow', ""Join us in California! We're recruiting... https://***5u"", '-']",-,content_B,post
t0104,u2391,2018-10-04 16:18:05+00:00,Wildfire,M***b,"How can national publications tell the story of climate change in the U.S.? For @q***z, the best way to do that was to collaborate with a local news outlet on a fantastic series, ""Shallow Waters."" https://***DE https://***Ah","['My first smoke machine for experiments with laser and holography. https://***vD', 'How can national publications tell the story of climate change in the U.S.? For @q***z, the best way to do that was to collaborate with a local news outlet on a fantastic series, ""Shallow Waters."" https://***DE https://***Ah', 'As the size and cost of wildfires increase, how can we learn to live with fire again? @D***h offers answers in her recent @N***h webinar. Watch here: https://***MT #wildfire #fireecology', '-']",-,content_B,post
t0176,u2470,2018-11-09 16:46:09+00:00,Wildfire,W***l,Bad air quality in the Bay Area today from the wildfires. Stay indoors if you can! https://***xk,"['Bad air quality in the Bay Area today from the wildfires. Stay indoors if you can! https://***xk', 'View of camp fire taken from Chico California that just destroyed the nearby town of Paradise. Thoughts go out to our @A***s colleagues at Cal State Chico@C***e @p***k and stewart oakley. @C***s https://***3T', '“He loves protecting people, and he did exactly that tonight...he’s just nothing but a hero” -Sgt. Julie Novak of the Ventura County Sheriff’s Dept. describes her colleague, Sheriff’s Sgt. Ron Helus, who was killed responding to the California bar shooting https://***nX', '-']",-,content_A,post
t1315,u2213,2020-10-22 20:05:18+00:00,Wildfire,U***n,"""Our goal is to get them back, literally, on their feet."" @J***n talking with @L***n about healing wildlife affected by wildfire. #WildlifeDisasterNetwork. @u***s' @u***d https://***7I","['""Our goal is to get them back, literally, on their feet."" @J***n talking with @L***n about healing wildlife affected by wildfire. #WildlifeDisasterNetwork. @u***s\' @u***d https://***7I', 'Thugs Don TakeOver The Ibadan Protest🤦🏼♂️💔! Ojoo Ibadan On Fire #IbadanProtest #EndSARS https://***oc', '@A***h Containment refers to the percent of the entire perimeter that fire managers feel confident the fire will not cross. In this case, firefighters have secured firelines that they feel confident will contain the fire or prevent further growth along 57% of the entire perimeter.', '-']",-,content_A,post
t1077,u1633,2020-09-21 17:18:21+00:00,Wildfire,b***e,.@U***e confirmed this early this morning. “This marks the first day Utah has not had at least one new ignition SINCE APRIL 17TH.” 🔥 https://***ZU,"['Win a 7"" Kindle Fire and 7 Signed Paperbacks from Carissa Andrews Check out the OFFICIAL book trailer too &gt;&gt;&gt; https://***pF https://***Yk We\'re too good to you 😛', '.@U***e confirmed this early this morning. “This marks the first day Utah has not had at least one new ignition SINCE APRIL 17TH.” 🔥 https://***ZU', 'NASA Global Modeling and Assimilation Office forecasts extremely high aerosol optical depth (AOD) over Finland 🇫🇮 for tomorrow evening. This is due to smoke from the US West Coast wildfires. With these AOD values clearly over 1, the smoke will be very clearly visible... 1/2 https://***oQ', '-']",-,content_B,post
t1112,u1395,2020-09-26 21:21:25+00:00,Wildfire,a***s,In honor of #NationalPublicLandsDay Please help @J***T and I support the National Forests of Southern California that have been devastated by wildfires by clicking on the link below 🙏🏼 @N***s @A***F @s***r https://***D9 https://***2P,"['#kubefire 0.3.0 released! Some existing enhancements in this release, especially #arm64 arch supported to deploy #k3s clusters. #firecracker #kubernetes #k3s #ignite https://***Ld', 'In honor of #NationalPublicLandsDay Please help @J***T and I support the National Forests of Southern California that have been devastated by wildfires by clicking on the link below 🙏🏼 @N***s @A***F @s***r https://***D9 https://***2P', 'I registered to vote online in California at https://***iJ #VoteCalifornia.', '-']",-,content_B,post
t1331,u2119,2020-10-25 23:29:17+00:00,Wildfire,y***h,SNOW STORM brings relief to Colorado after being ravaged by wildfire https://***ke,"['@M***e Snapshot 😁🔪 https://***Y6', 'SNOW STORM brings relief to Colorado after being ravaged by wildfire https://***ke', 'Why does the @U***e site have 3rd-party cookies &amp; trackers? Should @P***r sell student &amp; employee data to #Facebook? Do @U***A alumni agree to captured keystrokes? #cybersecurity @A***C @k***l @d***h @U***s @U***a #privacy #hotjar #adtech https://***4Q', '-']",-,content_B,post
t0288,u1625,2018-11-21 00:47:39+00:00,Wildfire,j***z,"Link to statement about wildfires and climate change, and what we can do. https://***Mm","['Link to statement about wildfires and climate change, and what we can do. https://***Mm', 'Mr. Trump bizarrely devotes the FIRST paragraph of his shameful statement on Saudi atrocities to accuse IRAN of every sort of malfeasance he can think of. Perhaps we’re also responsible for the California fires, because we didn’t help rake the forests— just like the Finns do?', ""It's getting chilly outside. Perfect time to light the fire and think about whether you'd like to plan a Spring, Summer, Autumn or Winter wedding. Here's our advice on setting the perfect wedding date: https://***EV https://***Ou"", '-']",-,content_A,post
t1140,u2834,2020-09-30 02:27:06+00:00,Wildfire,a***h,Smoke alarm went off due to smoke outside of our building (Napa wildfire) while Biden was pledging to rejoin the Paris Climate Accord 😳 #Debates2020 https://***5U,"['Smoke alarm went off due to smoke outside of our building (Napa wildfire) while Biden was pledging to rejoin the Paris Climate Accord 😳 #Debates2020 https://***5U', 'Second, the way the forest CO2 emissions data is presented implies that emissions could/should be zero. But that\'s just totally wrong. The reason wildfire emissions are high is that we didn\'t allow ""good"" fire for too long. The baseline isn\'t zero; it should be prescribed fire.', 'From @C***N “It was a hot mess inside a dumpster fire during a train wreck” #debates #Debate2020 #PresidentialDebate2020 #PresidentialDebate', '-']",-,content_A,post
t1296,u2388,2020-10-19 21:39:19+00:00,Wildfire,m***o,"Landed back in Boulder, decided it’s best to keep my bags packed considering the current evacuation perimeter for the wildfire is about 4 miles away from where I live. Work smarter, not harder my friends","['Today’s game: is it wildfire smoke or COVID?', 'I AM AFRAID,If protest last more than two days, government should Form committee or panel to look into it, in other to resolve it amicably than using army to crack down the protesters.Sincerely it may not work before we add fuels or gas on already existing fire world are watching', 'Landed back in Boulder, decided it’s best to keep my bags packed considering the current evacuation perimeter for the wildfire is about 4 miles away from where I live. Work smarter, not harder my friends', '-']",-,content_C,post
t1081,u0892,2020-09-21 21:38:56+00:00,Wildfire,F***e,"Some farmworker families have lost everything in the Washington wildfires, but state aid has been slow in coming to these communities. Advocacy groups are pleading for help for those affected. https://***DB","['Finally, breathable air and clear blue skies in this corner of California. https://***nd', 'Odisha: Fire breaks out at Sadguru Covid hospital in Cuttack. 127 COVID patients were under treatment at the hospital. No casualties reported so far. Patients are being evacuated, informs DGP Fire Services, Satyajit Mohanty. @I***s', 'Some farmworker families have lost everything in the Washington wildfires, but state aid has been slow in coming to these communities. Advocacy groups are pleading for help for those affected. https://***DB', '-']",-,content_C,post
t1249,u0973,2020-10-14 14:55:10+00:00,Wildfire,b***o,"4/ The damage is not evenly distributed. Just 3% of wildfires cause the vast majority of the damage. Just like startups, wildfires follow a power law distribution.","['4/ The damage is not evenly distributed. Just 3% of wildfires cause the vast majority of the damage. Just like startups, wildfires follow a power law distribution.', '.@C***O is at scene of a 2 acre vegetation fire along the border near Marron Valley Rd south of Dulzura. Access is difficult by ground and crews are expected to remain at scene into the late morning. #BorderFire https://***WM', 'No officer should be able to say “ I go fire you here now and nothing go happen!” #EndPoliceBrutalityinNigeria', '-']",tweet_C,content_A,reply
t0030,u0087,2018-08-11 16:30:22+00:00,Wildfire,N***x,The Mendocino Complex is now California's largest fire on record. Smoke plumes towering over California seen from space: https://***0M https://***oi,"[""The Mendocino Complex is now California's largest fire on record. Smoke plumes towering over California seen from space: https://***0M https://***oi"", 'Dylan Shaffer Memorial Fund - California Community Foundation https://***mm', 'We’ve got a #FridayFeeling this is a @E***k #SCTop10: @D***i’s Olivia Arellano makes a massive bid to force a turnover in the #USOPENCHAMPS U-20 girls’ semi against California Current. #USAUltimate #BornToRise https://***wa', '-']",-,content_A,post
t1491,u1075,2020-11-28 23:44:35+00:00,Wildfire,x***g,Occasionally you may find a mentor likely to share some of their campfire 🧠🔥🧠 #Academiclife #TheLongDark https://***Eh,"['Occasionally you may find a mentor likely to share some of their campfire 🧠🔥🧠 #Academiclife #TheLongDark https://***Eh', 'Air Jordan 4 ""Fire Red"" Color: White/Black/Tech Grey/Fire Red Mens: $200 Style Code: DC7770-160 GS: $140 Style Code: 408452-160 Pre-School: $80 Code #: BQ7669-160 Infant &amp; Toddler: $60 Code #: BQ7670-160 Release Date: Nov 28th, 2020 Black Friday off 40% https://***lF https://***zc', '🥳🥳 CORE LGE3 Contract is now live and available for due diligence and review. Deposits to LGE3 will open at 4pm California Time tomorrow (28th Nov). You can see an official countdown on https://***nd https://***89', '-']",tweet_A,content_A,reply
t0112,u1966,2018-10-10 11:52:59+00:00,Wildfire,S***U,"Some practical steps to help in the fight against climate change: - Take collective action + push for change together - Install solar panels/switch to renewable energy where possible - Insulate homes - Walk or cycle if you are able - Reduce, recycle, reuse https://***GV","[""It's #FirePreventionWeek! Create a fire escape plan 🔥 and make sure your family knows two ways out 🚪https://***xH #LifeSavingSkills https://***Ai"", 'Some practical steps to help in the fight against climate change: - Take collective action + push for change together - Install solar panels/switch to renewable energy where possible - Insulate homes - Walk or cycle if you are able - Reduce, recycle, reuse https://***GV', ""California Association for Medical Laboratory Technology East Bay Chapter presents New Frontiers in Medical Laboratory Technology 2018 6 CEU's can be acquired at this event Preregistration ends Oct. 30th at noon https://***0V"", '-']",-,content_B,post
t1303,u0165,2020-10-21 10:38:14+00:00,Wildfire,t***_,-,"['With the news that Quibi is shutting down, a reread of @r***a post on The Entertainment Value Curve: Why TikTok is on Fire and Quibi is Chart with downwards trend is worth it. Lots of good strategic lessons. https://***3E', 'FG will jailbreak their own prisons and set fire to their own @P***G stations and then unleash same criminals on #EndSARS protesters and then turn around and blame protesters . Thats the new plan on ground', '#2 BEST SELLER? Ideal 2000 Model L Double Tier Executive Style locker ◾Class II-B Fire Retardant ◾Unlimited Color Selection ◾Three Year Warranty Shop the Ideal 2000 Series! https://***3b #Engineer #architecture #gym #gymowner #businessowner #B2B #B2C #Lockers #Locker https://***6y', '-']",tweet_B,-,retweet
t1078,u1026,2020-09-21 17:45:11+00:00,Wildfire,a***e,"Join me and @I***r of @P***e on Tuesday, 9/22 for a conversation about how voting can put climate action at the top of the political agenda – and how you can help! Stream the event at 7 PM ET on https://***Q. https://***XP","['Join me and @I***r of @P***e on Tuesday, 9/22 for a conversation about how voting can put climate action at the top of the political agenda – and how you can help! Stream the event at 7 PM ET on https://***Q. https://***XP', '@S***n @K***a @c***a @F***d @S***w @f***y @a***s My district has blocked it. They won’t sign a universal agreement for the state of California', 'Finally, breathable air and clear blue skies in this corner of California. https://***nd', '-']",-,content_A,post
t1427,u0378,2020-11-13 22:43:04+00:00,Wildfire,K***t,"The funded groups has 3 investment areas of upscaling Climate smart technologies, innovations and management practices, livelihood diversification and enhancing nutrition.","['The funded groups has 3 investment areas of upscaling Climate smart technologies, innovations and management practices, livelihood diversification and enhancing nutrition.', '@P***m @d***H Tafo California', ""RECENTLY PUBLISHED: USA, California, #NapaValley: More 2017s &amp; A Final Word on Smoke Taint. Smoke taint can be a little tricky to spot if you haven’t had enough experience... Read @L***W's full report and 200+ tasting notes on: https://***tV https://***El"", '-']",tweet_A,content_A,reply
t0766,u0400,2020-09-08 16:57:42+00:00,Wildfire,m***n,"#bobcatfire now burning the heart of the San Gabriel Wilderness between Devils Canyon (left), Bear Creek (right), just south of Twin Peaks, one of the most remote and pristine nature areas of SoCal and home to many bears, mountain lions and big horned sheep https://***PT","['Six Rivers National Forest fire from 31000 feet. I have never seen anything like it. https://***Ij', 'Mercury Records, Home To Arcade Fire &amp; U2, Pulls The Plug On CD &amp; Vinyl Singles - https://***RS https://***5o https://***KE', '#bobcatfire now burning the heart of the San Gabriel Wilderness between Devils Canyon (left), Bear Creek (right), just south of Twin Peaks, one of the most remote and pristine nature areas of SoCal and home to many bears, mountain lions and big horned sheep https://***PT', '-']",-,content_C,post
t1396,u1620,2020-11-07 17:28:55+00:00,Wildfire,d***r,NEW: A Biden victory positions America for a 180-degree turn on climate change and the environment. Here's what it looks like. By @e***n @d***i and @b***s,"['“California-based NovaSignal was founded with the mission of providing greater access to the critical data needed by physicians to improve the lives of their patients. Now, in times of a global pandemic, this mission has gained unexpected urgency.” https://***tC https://***q8', '@I***l The lead author (the last author listed) is a political science professor at California Institute of Technology (Caltech). The other 2 authors are affiliated with Caltech and University of Oregon. So, not from Cambridge University but still very reputable academic institutions.', ""NEW: A Biden victory positions America for a 180-degree turn on climate change and the environment. Here's what it looks like. By @e***n @d***i and @b***s"", '-']",-,content_C,post
t0861,u0792,2020-09-11 03:58:39+00:00,Wildfire,p***e,"Not nearly as bad as Oregon and Northern California have been experiencing, but the sun in LA was not right today... smoke pouring down from hundreds of miles away. https://***b2","['BREAKING: Gov. Newsom signs law allowing inmate firefighters in California to have records expunged, clearing the way for them to become professional firefighters once they are released from prison.', '#ValleyFire [update] The fire is now 17,565 acres and 11% contained. https://***jK', 'Not nearly as bad as Oregon and Northern California have been experiencing, but the sun in LA was not right today... smoke pouring down from hundreds of miles away. https://***b2', '-']",-,content_C,post
t0813,u0400,2020-09-09 19:22:21+00:00,Wildfire,m***n,"Some of the San Gabriel Wilderness areas burning in the #bobcatfire... critical habitat for bears, mountain lions and big horned sheep https://***FA","['@r***t @w***e 9pm update from @t***n indicates 95% contained: https://***Mr', 'Gavin Newsom Says California Will Stay On Lockdown Until Scientists Discover Cure For Death https://***nc', 'Some of the San Gabriel Wilderness areas burning in the #bobcatfire... critical habitat for bears, mountain lions and big horned sheep https://***FA', '-']",-,content_C,post
t1428,u1630,2020-11-14 19:30:00+00:00,Wildfire,T***n,"With a predicted drier winter on the way, we all need to stay vigilant and practice fire safety precautions while enjoying the outdoors. I spoke with @c***s about the importance of increased federal forest management to help prevent #AZ01 wildfires: https://***rO","['@j***e It’s working in the UK. Provided we can figure out a way to accelerate complementary active and public transport improvements, no reason why it can’t work in multiple cities within the Bay and California.', ""So sad to read piece by @w***_ in @t***s about 98-year-old former #Spitfire pilot Dr Edmund James having a picture stolen from his home,##C signed by now departed comrades. Please spread the word - let's help get it found and returned. #Cornwall #RAF #crimestoppers https://***8l"", 'With a predicted drier winter on the way, we all need to stay vigilant and practice fire safety precautions while enjoying the outdoors. I spoke with @c***s about the importance of increased federal forest management to help prevent #AZ01 wildfires: https://***rO', '-']",-,content_C,post
t1345,u2590,2020-10-27 13:49:12+00:00,Wildfire,r***k,"The night we drove out of Berkeley, we camped just east of Salem, OR. Three days later the campground was evacuated and wildfires came through almost immediately after. https://***PR","['The night we drove out of Berkeley, we camped just east of Salem, OR. Three days later the campground was evacuated and wildfires came through almost immediately after. https://***PR', 'I don’t typically talk a lot here about my non-science life, but now want to send a lot of love and thanks to the firefighters helping to fight the fires in northern Colorado that have affected my loved ones. Forever grateful to them. #cameronpeakfire', '""I know. Let\'s use the quadcopters to first put the cats IN the trees"". This is *so* great #callthefiredepartment https://***52', '-']",-,content_A,post
t1546,u3086,2020-12-10 16:16:52+00:00,Wildfire,E***r,"☀️From #AGU20: #SolarOrbiter starts turning pictures into physics 📷⏩📊📈 Highlights: tracing the footprint of the solar wind back to the Sun’s surface + new insights into solar ‘campfires’, space weather, &amp; disintegrating comets 😯 Full story👉https://***kx https://***tz","['Electric Cars Could Save California’s Power Grid - The Years Project This technology is ready &amp; could unlock a fruitful relationship between automotive (EVs), bi-directional charging, power grid &amp; software/tech that smartly controls &amp; optimizes the value. https://***oe', 'We are excited to be sponsoring the Transmission &amp; Distribution World Wildfire &amp; Risk Management virtual conference starting today. Visit their website for more information and to register: https://***d1 #wildfiremanagement #wildfires #utilities https://***eU', '☀️From #AGU20: #SolarOrbiter starts turning pictures into physics 📷⏩📊📈 Highlights: tracing the footprint of the solar wind back to the Sun’s surface + new insights into solar ‘campfires’, space weather, &amp; disintegrating comets 😯 Full story👉https://***kx https://***tz', '-']",-,content_C,post
t0824,u0244,2020-09-10 02:35:31+00:00,Wildfire,G***m,These pictures cry out for change. CA has invested more in wildfire prevention than any time in our history. Enacted bold climate policies. But it’s not enough. We must do more. We need action at EVERY level. CA cannot do this alone. Climate change is REAL. So please — VOTE. https://***ky,"['The Bidwell Bar Bridge in Oroville, California — last year and today. (Photo by Noah Berger/AP) https://***s6', 'These pictures cry out for change. CA has invested more in wildfire prevention than any time in our history. Enacted bold climate policies. But it’s not enough. We must do more. We need action at EVERY level. CA cannot do this alone. Climate change is REAL. So please — VOTE. https://***ky', 'I don’t mean to brag, but Im pretty much CRUSHING the mom game!! headed up to @n***a for a @h***n camp I streamed #seasemestreet from my phone to the 16.4” LCD screen in the back and BOOM, 45 minute drive flew by! #letsgoplaces #teamtoyota @t***a https://***bh', '-']",-,content_B,post
t1254,u1756,2020-10-14 20:56:10+00:00,Wildfire,d***d,"Gathering firewood around your campsite is a great choice- if it's allowed by the campground owners! Use only downed wood to prevent damaging live trees, and enjoy that campfire for @f***h https://***EO","['Lekki Protesters. Plots of Land are on their way. Keep the fire burning. #EndSWAT #EndSARS #ReformPoliceNG', ""The colossal government of California can't even build a train rail, or keep the streets safe. Yet it is eager for power to uplift others, by repealing the only clause that prohibits state discrimination on race. Who're those others? Just check who paid the $17 million for prop16 https://***Ke"", ""Gathering firewood around your campsite is a great choice- if it's allowed by the campground owners! Use only downed wood to prevent damaging live trees, and enjoy that campfire for @f***h https://***EO"", '-']",-,content_C,post
t0932,u2148,2020-09-14 15:10:50+00:00,Wildfire,w***l,"Agreed. Having reported from the frontline of wildfires in the past, I can tell you that it is hot, dirty, and chaotic work. Trying to cover it from your home office is not quite as hot or dirty but certainly just as chaotic. https://***Wt","['@t***n That looks just like here in north california... :(', '@a***e Sure looks like Facebook is complicit in the crime of ""yelling Fire in a crowded Theater"" Facebook and who ever is starting and knowingly spreading these false rumors should be held criminally libel.', 'Agreed. Having reported from the frontline of wildfires in the past, I can tell you that it is hot, dirty, and chaotic work. Trying to cover it from your home office is not quite as hot or dirty but certainly just as chaotic. https://***Wt', '-']",-,content_C,post
t0974,u2361,2020-09-15 13:28:10+00:00,Wildfire,O***o,-,"['@p***e huge patio too, pretty good for covid distancing (smoke notwithstanding)', 'This is NOT climate change. The climate already permanently changed when Wall Street &amp; Corporate America bought off much of our environmental movement, the climate deniers slowed it all down &amp; Trump came in and decimated the EPA. These are not wildfires. These are CLIMATE FIRES! https://***hG', '“Cry dancing” is all the rage these days (at least for me), and this funky soulful ballad is my current 2020 theme song. “Wildfires by @S***l on #SoundCloud https://***U2 https://***WJ', '-']",tweet_B,-,retweet
t0261,u1632,2018-11-16 14:43:26+00:00,Wildfire,c***r,-,"[""How do people normally spend smoke days? I feel like it should be comparable to WI snow days so I'm teaching my Cali-native roommate @K***n by example about the importance of working by the Netflix fire with hot cocoa and blankets"", 'Just finished two full days with firefighters and law enforcement touring devastation in California. Their heroic actions saved lives. Bravo Zulu. Time to actively manage lands and reduce fuel loads so that it never happens again.', 'Happy to hear I’ll be joined by @J***v and @F***k in Northern California tomorrow. Working together to help our fellow Americans in their time of need. 🇺🇸', '-']",tweet_B,-,retweet
t1294,u2491,2020-10-19 20:48:29+00:00,Wildfire,B***s,"It’s inspiring to see so much passion these days for dealing with climate change, and to know that the world has set some ambitious goals for solving it. What we need now are practical plans to reach those goals.","['Deepest gratitude to @S***e and @C***U for responding so quickly to the #DiamondFire by land and by sky! Thank you!!! 👏👏👏 https://***HO', 'It’s inspiring to see so much passion these days for dealing with climate change, and to know that the world has set some ambitious goals for solving it. What we need now are practical plans to reach those goals.', 'OK -- so did it actually work? Data: Over past 6 weeks (since labor day), USA outside of California: cases up 68%, hospitalizations up 22% % of tests positives: 5.6% --&gt; 6.6% California Cases down 9% Hospitalizations down 26% % of test positive 3.5% --&gt; 2.4% 4/6', '-']",-,content_B,post
t1452,u3220,2020-11-20 19:10:22+00:00,Wildfire,A***e,The Air Tactical Group Supervisor (ATGS) references a fire perimeter feed from the onboard Aerial Sensor Operator using AEVEX Aerospace’s GeoFOCIS software. For more information contact Brad Griffiths at geofocis@a***x.com #AEVEX #aerospace #safety #aviation #sensortechnology https://***PK,"['Californians pass Proposition 14, authorizing $5.5 billion state bonds for stem cell and other medical research. https://***rV', 'The Air Tactical Group Supervisor (ATGS) references a fire perimeter feed from the onboard Aerial Sensor Operator using AEVEX Aerospace’s GeoFOCIS software. For more information contact Brad Griffiths at geofocis@a***x.com #AEVEX #aerospace #safety #aviation #sensortechnology https://***PK', '@K***m @V***S @p***a @a***g Heard of Leni Riefenstahl, Martin Heidegger, or Simon Bikindi? Your power, or fame is just a smoke screen for being a toxic bully.', '-']",-,content_B,post
t0074,u1608,2018-09-13 15:37:00+00:00,Wildfire,N***h,"Upcoming #Wildfire Webinar on Sep. 20: ""We bring fire with us: the role of people in changing modern U.S. fire regimes."" Presented by @D***h of @C***r Sep. 20, 2-3pm Eastern time. Free registration here: https://***qN #fireecology https://***7s","['Upcoming #Wildfire Webinar on Sep. 20: ""We bring fire with us: the role of people in changing modern U.S. fire regimes."" Presented by @D***h of @C***r Sep. 20, 2-3pm Eastern time. Free registration here: https://***qN #fireecology https://***7s', '@r***a fire fighters dont die they multiplay and burn for ever in the haerts of those they saved in their daily basis duty🚒RIP champions of the world', 'How to Properly Fire an Employee. #YoureFired https://***iJ', '-']",-,content_A,post
t1045,u2139,2020-09-18 12:41:31+00:00,Wildfire,S***r,"They were lumberjacks and dairy farmers, friends and neighbors.... @b***s on the Hillbilly Brigade that saved an Oregon town from wildfire https://***jS","['@M***s @y***r Bring the beer 🍺 to California first!!', 'These eco fire lighters made form rhino dung are nothing short of BRILLIANT! Get yours and definitely enter their competition to win a stay at Rockwood Conservation RhinoBalls – Saving the Rhino One Fire at a Time! https://***vK', 'They were lumberjacks and dairy farmers, friends and neighbors.... @b***s on the Hillbilly Brigade that saved an Oregon town from wildfire https://***jS', '-']",-,content_C,post
t0247,u1319,2018-11-14 23:45:11+00:00,Wildfire,s***a,"While I don’t cook turkey on Thanksgiving Day, many of you mugs do. So I wanted to share how to cook a turkey over a campfire. Click here where you’ll also find recipes for my brine and brandied cherries: https://***dV https://***n4","['@l***y with the best response to hating on the programming. A strictly fire set of songs that the many of us heard for the first time on KEXP.', 'While I don’t cook turkey on Thanksgiving Day, many of you mugs do. So I wanted to share how to cook a turkey over a campfire. Click here where you’ll also find recipes for my brine and brandied cherries: https://***dV https://***n4', 'It’s been a heartbreaking few days. This is what’s left of my house. Love. Many people in Malibu and surrounding areas in California have lost their homes also and my heart goes out to everyone who was affected by these fires. To help: https://***ej &amp; @h***n https://***Nw', '-']",-,content_B,post
t0008,u2147,2018-07-30 12:56:12+00:00,Wildfire,N***s,"NOAA's #GOES17 satellite saw smoke from the #wildfires in northern #California late yesterday, note the high white clouds blowing over the brown-colored smoke beneath. This week a dangerous heatwave with triple digit temps is expected to exacerbate the situation. https://***uB","['Am I late on this? Is the fire 🔥 from @b***s SOS the same as the fire 🔥 from 2017’s Wicked Games? #repurpose #recycle #onabudget #fireup @M***I', ""NOAA's #GOES17 satellite saw smoke from the #wildfires in northern #California late yesterday, note the high white clouds blowing over the brown-colored smoke beneath. This week a dangerous heatwave with triple digit temps is expected to exacerbate the situation. https://***uB"", 'Miss you already @M***1 Thank you for 5 amazing years of shining brighter every season @y***r brytonejames All the best. @ Los Angeles, California https://***47', '-']",-,content_B,post
t1108,u2768,2020-09-25 19:46:49+00:00,Wildfire,G***l,The Climate Youth are back! ✊🏾 Today saw over 3000 #ClimateStrike actions that took place all around the world 🌎 Demanding #ClimateAction Several young activists broke down what kind of political change they envision 👇🏽 https://***7J,"[""Ball don't lie and neither does AI. Watch #AllTheSmoke with @a***n: https://***e5 https://***VY"", 'The Climate Youth are back! ✊🏾 Today saw over 3000 #ClimateStrike actions that took place all around the world 🌎 Demanding #ClimateAction Several young activists broke down what kind of political change they envision 👇🏽 https://***7J', 'Our @A***s just had our first meeting with the newly appointed @C***e Chancellor, Dr. @J***o, who will be the first Mexican-American to lead the 23-campus university. Excited for our work together to educate the next generation of Californians! https://***kA', '-']",-,content_B,post
t0016,u2555,2018-08-05 11:05:22+00:00,Wildfire,a***a,"Worship God,praise him,then you are repairing the altar.If you don't repair the altar,you cannot experience the fire of God #LetNoOneOfThemEscape #Cacnca #ApostolicAndCommunionService @p***a","['Smoke forecast through tomorrow. 😞 Expect poor air quality. #CAfires #deathvalley https://***BH', 'Menu testing Seasonal bento 🍱 #bento #yum #lunchbox #salmon #lobsterroll #sashimi #eaterla #eeeeeats #losangeles #california #centurycity #hinokiandthebird #menutesting #cheflife... https://***Br', ""Worship God,praise him,then you are repairing the altar.If you don't repair the altar,you cannot experience the fire of God #LetNoOneOfThemEscape #Cacnca #ApostolicAndCommunionService @p***a"", '-']",-,content_C,post
t0137,u0227,2018-10-22 15:47:55+00:00,Wildfire,m***e,-,"[""I think anyone who is into smoke + mirrors will be into origins. there's some very self-reflective, bold themes. -platz https://***Tr"", ""TODAY IS THE LAST DAY TO REGISTER TO #VOTE IN CALIFORNIA!! Don't know how? Shoot us a message. We'll help."", '#CALIFORNIA: Today is the last day to register online or by mail before conditional in-person voter registration goes into effect. Why wait? It only takes a few minutes at https://***f. https://***Zd', '-']",tweet_B,-,retweet
t0820,u2533,2020-09-09 22:21:59+00:00,Wildfire,f***o,We are not asking hard questions like how to combat global warming? Are we doing enough? #CaliforniaFires,"['We are not asking hard questions like how to combat global warming? Are we doing enough? #CaliforniaFires', '@d***0 @a***s No problem. It seems like the fire would need to take over Clamshell peak, then go all the way down the Santa Anita canyon and then up the west side towards Mt. Wilson. It all depends on the wind direction today and tomorrow I think', '@C***O Thank you 🇺🇸', '-']",-,content_A,post
t1231,u2318,2020-10-12 05:55:00+00:00,Wildfire,C***2,"For years, they kept their love secret...but a wildfire showed them what matters and what never did. Now the world is testing them...does their young love have what it takes to survive? https://***iH HEAT and FLICKER, a two-part #newadult #bookseries #NewRelease https://***HW","['This map shows Sonoma County fire history — for only the past five years. https://***5C', 'I challenge those who hate on California to stop using things from our innovative residents. No more iPhones, movies or TV shows, Fitbit, google, GoPro, intel, jelly belly, jack in the box, hot dog on a stick, Mattel, oakley, PayPal, Taco Bell, Trader Joe’s or VISA cards for u! https://***eC', 'For years, they kept their love secret...but a wildfire showed them what matters and what never did. Now the world is testing them...does their young love have what it takes to survive? https://***iH HEAT and FLICKER, a two-part #newadult #bookseries #NewRelease https://***HW', '-']",-,content_C,post
t0199,u1887,2018-11-10 22:26:01+00:00,Wildfire,K***s,A big thank you to firefighters from across the country who are helping California’s firefighters battle these blazes. We appreciate your work and could not be more grateful. #CaliforniaWildfires,"['Anchoring boat and swimming to shore, hopefully to see if we have anything left. 🙏 @ Malibu, California https://***EZ', 'A big thank you to firefighters from across the country who are helping California’s firefighters battle these blazes. We appreciate your work and could not be more grateful. #CaliforniaWildfires', 'Just another beautiful day in California 😍❤😍 https://***EG', '-']",-,content_B,post
t0211,u2004,2018-11-11 18:11:36+00:00,Wildfire,B***k,Thousands of firefighters are bravely battling 3 wildfires across California. Help support them and donate to the @C***d at https://***ig #CampFire #HillFire #WoolseyFire,"['Check out my Gig on Fiverr: design eye catching,typography tee, any conceptual tshirt https://***Ur via @f***r #ProtectMueller #CampFire Gabrielle Union #NationalSTEMDay Tucker Carlson #HillFire Rogue One Diego Luna #NoOneIsAboveTheLaw Butte County', 'Florida Highway Patrol cruiser hits 142 mph in pursuit, catches on fire https://***Am', 'Thousands of firefighters are bravely battling 3 wildfires across California. Help support them and donate to the @C***d at https://***ig #CampFire #HillFire #WoolseyFire', '-']",-,content_C,post
t1246,u1320,2020-10-14 14:07:34+00:00,Wildfire,C***O,.@C***O is at scene of a 2 acre vegetation fire along the border near Marron Valley Rd south of Dulzura. Access is difficult by ground and crews are expected to remain at scene into the late morning. #BorderFire https://***WM,"['.@C***O is at scene of a 2 acre vegetation fire along the border near Marron Valley Rd south of Dulzura. Access is difficult by ground and crews are expected to remain at scene into the late morning. #BorderFire https://***WM', 'Oakville, California https://***JH https://***KU', 'From fighting to eliminate money bail to enacting a Green New Deal for California, we know it’s an easy choice of who to support for Assembly District 18. #EastBay #AD18 #EBYD https://***fw', '-']",-,content_A,post
t0086,u1608,2018-09-20 13:00:19+00:00,Wildfire,N***h,"Happening today! #Wildfire Webinar: ""We bring fire with us: the role of people in changing modern U.S. fire regimes."" Presented by @D***h of @C***r Sep. 20, 2-3pm Eastern time. Free registration here: https://***qN #fireecology #environmental #WomenInScience https://***ut","['Q7 #Foodiechats via @P***s A California roll is an ""inside-out"" sushi roll with seaweed on the inside and rice on the out with the center staying in the center. How do you think it got the name? https://***oD', ""3 weekly followers. 0 unfollowers. Crowdfire doesn't miss a trick -via https://***He"", 'Happening today! #Wildfire Webinar: ""We bring fire with us: the role of people in changing modern U.S. fire regimes."" Presented by @D***h of @C***r Sep. 20, 2-3pm Eastern time. Free registration here: https://***qN #fireecology #environmental #WomenInScience https://***ut', '-']",-,content_C,post
t1032,u0216,2020-09-17 17:57:47+00:00,Wildfire,D***r,-,"['I got the front row 😅 OUT THE BOX @f***g @ Los Angeles, California https://***BP', 'It’s amazing to see how people that used to smoke bud, protest racism and act free are now MAGA 🧙♀️ idiots. People do become more conservative as they age.', 'The deed is done! Thanks to my committee of twelve(12) for the unanimous decision. We now await the white smoke from Senate plenary.', '-']",tweet_A,-,retweet
t1482,u2851,2020-11-26 05:07:24+00:00,Wildfire,l***i,-,"['Caroline is a first-year MD-PhD student from California. She went to Georgetown University for her undergraduate studies and took a gap year to continue her work in nanomedicine and gene therapy research before coming to Mayo. [1/3] https://***uj', '@m***e Indeed.', 'Happy Thanksgiving. With love and gratitude. Special thank you to my dear brother, Willie and his wife Diana, who held my hand through the fire and allowed me the space to live my dream. @A***s @s***k @G***D @u***t @m***s https://***KI', '-']",tweet_A,-,retweet
t1156,u0310,2020-10-01 22:00:59+00:00,Wildfire,V***s,Visit California recently released wildfire talking points to help your organization with media outreach and in your conversations with tourists and residents: https://***dD,"['November 20th is Opening Day and approaching soon, which means snow is getting ready to stack and lifts are getting set to turn. This year we are excited to announce we will be opening for skiing and riding at the CALIFORNIA BASE FIRST this year. https://***k5', 'This is an unbelievable pool and backyard! Can you still roast marshmallows on a fire like this? https://***cR https://***vj', 'Visit California recently released wildfire talking points to help your organization with media outreach and in your conversations with tourists and residents: https://***dD', '-']",-,content_C,post
t0797,u2395,2020-09-09 16:20:39+00:00,Wildfire,b***n,a perfect storm of several unlikely things happening all at once. 1. A dry winter 2. Unhealthy forests 3. Lightening 4. Heat waves 5. Climate change California has incarcerated firefighters containing the largest fire in record history during a global pandemic.,"['a perfect storm of several unlikely things happening all at once. 1. A dry winter 2. Unhealthy forests 3. Lightening 4. Heat waves 5. Climate change California has incarcerated firefighters containing the largest fire in record history during a global pandemic.', '“Fire thunderstorms”! This is the morning to get outside to film all your post apocalyptic TikToks. The sky is a sickly orange, ash is falling like snow. My iPhone’s auto white balance keeps taking the orange hue out but it is eerie AF. https://***Pd', 'Why do I feel an overwhelming sensation of deja-vu? #ClimateCrisis #bushfires #CaliforniaFires https://***aA', '-']",tweet_B,content_A,reply
t0278,u1232,2018-11-18 05:44:09+00:00,Wildfire,b***r,"Great to see the president here in Cali. I'm kidding, it made me spit up. Glad the fire is 55% contained. Unfortunately, he's only 10% contained.","[""Great to see the president here in Cali. I'm kidding, it made me spit up. Glad the fire is 55% contained. Unfortunately, he's only 10% contained."", 'Pray: My Father,my Father,every of my virtue used by anyone,donated by any power,I recover all by fire in Jesus name.....#ApostolicAndPropheticService @c***a @p***a', '@J***v @J***6 @C***r @C***F @C***E @C***S @t***d Compelled to design So Cal Strong shirt, percentage of proceeds go to our brave firefighters https://***Xd #WoolseyFire #Woolseyfires #Woolsey #MalibuFires #WestlakeVillage #SocalFires #SoCal #socalstrong #Agoura', '-']",-,content_A,post
t0887,u1122,2020-09-12 04:21:27+00:00,Wildfire,R***r,It appears that fires and smoke will be around for a while. California's Air Quality Is Poor. Here's How to Protect Yourself. https://***ik via @S***e,"[""It appears that fires and smoke will be around for a while. California's Air Quality Is Poor. Here's How to Protect Yourself. https://***ik via @S***e"", ""During this smokey mess on the west coast, I can't help looking back on these gorgeous summer days with some Bomb Beer. #craftbeer #hazy #ipa #beerpics #california https://***rS"", 'Not nearly as bad as Oregon and Northern California have been experiencing, but the sun in LA was not right today... smoke pouring down from hundreds of miles away. https://***b2', '-']",-,content_A,post
t0944,u2622,2020-09-14 17:45:49+00:00,Wildfire,t***s,"Pandemic, Wildfires &amp; Heat Wave: Undocumented Farmworkers Face “Triple Threat” as West Coast Burns https://***xd via @d***w","['Pandemic, Wildfires &amp; Heat Wave: Undocumented Farmworkers Face “Triple Threat” as West Coast Burns https://***xd via @d***w', ""Controversial theory: these wildfires are a cheap and 'blameless' way to prepare land for farming. Given the staggering loss of forests globally for industrial agriculture, why prevent these first when nature does the work for us (I hope this is wildly wrong)"", ""Hey so @Y***m has released a new set of my very fav maps that break down US opinion by congressional district + county. Here are two things people's opinions changed a LOT on in just one year, and two where they did NOT. Any guesses on which they are? Here we go ..."", '-']",-,content_A,post
t1405,u0963,2020-11-09 23:27:13+00:00,Wildfire,A***i,BREAKING: A senior administration official confirms to NBC News that presidential personnel director John McEntee has communicated to departments that they should fire any political appointees looking for new work while Trump refuses to concede &amp; disputes the election,"['BREAKING: A senior administration official confirms to NBC News that presidential personnel director John McEntee has communicated to departments that they should fire any political appointees looking for new work while Trump refuses to concede &amp; disputes the election', 'My imagination gives me a lot of healing.. When I shower after a rough day I envision armor falling off and breaking, i envision crust peeling and light beaming through. I take deep breaths and picture the carbon dioxide turning from dark smoke to light and glittery dew.', 'The California senator is now “better positioned than anybody else has ever been” to become the first female U.S. president, Commonwealth Professor of Politics at the University of Virginia Jennifer Lawless said. https://***C9', '-']",-,content_A,post
t0081,u1608,2018-09-18 17:30:13+00:00,Wildfire,N***h,"In two days! #Wildfire Webinar: ""We bring fire with us: the role of people in changing modern U.S. fire regimes."" Presented by @D***h of @C***r Sep. 20, 2-3pm Eastern time. Free registration here: https://***qN #fireecology #environmental #WomenInScience https://***Uj","['In two days! #Wildfire Webinar: ""We bring fire with us: the role of people in changing modern U.S. fire regimes."" Presented by @D***h of @C***r Sep. 20, 2-3pm Eastern time. Free registration here: https://***qN #fireecology #environmental #WomenInScience https://***Uj', 'BREAKING: TURKEY EMBEDS INTO IDLIB, CEASEFIRE SECURED, INVITES RUSSIAN PEACEKEEPERS https://***W6 https://***R6', 'A fire that is quietly but steadily burning alongside all the others: Dep of Ed’s student loan services. Today I was told that the wait to have them correct their own error in counting my public service loan payments is ONE YEAR. People plan their careers around this! Cc @E***g', '-']",-,content_A,post
t0085,u1157,2018-09-20 11:41:24+00:00,Wildfire,F***d,Amb @s***t invites all citizens with a practical solution to tackle #climatechange to answer the Call for Projects launched by @i***a @t***n @T***I and @t***e. Solutions presented on Nov 5 as part of the Creative Responses to Climate Change forum #Acting4Climate https://***GE,"[""Applications are now open for the 8th Annual POPS Int'l Youth Summit, to be held on Feb 22-24, 2019 in Dana Point, California! https://***6. The deadline to apply is Nov. 2"", 'The 125CC SuperBike GT on Sale Now! $1799+ FREE SHIPPING - EZ FINANCE 👍 https://***WR ✅STREET LEGAL ✅FULL SIZE MOTORCYCLE ✅CALIFORNIA CARB LEGAL ✅75+ MPH ✅4-SPEED MANUAL ✅COMES WITH... https://***JR', 'Amb @s***t invites all citizens with a practical solution to tackle #climatechange to answer the Call for Projects launched by @i***a @t***n @T***I and @t***e. Solutions presented on Nov 5 as part of the Creative Responses to Climate Change forum #Acting4Climate https://***GE', '-']",-,content_C,post
t0083,u1608,2018-09-19 17:45:10+00:00,Wildfire,N***h,"Tomorrow! #Wildfire Webinar: ""We bring fire with us: the role of people in changing modern U.S. fire regimes."" Presented by @D***h of @C***r Sep. 20, 2-3pm Eastern time. Free registration here: https://***qN #fireecology #environmental #WomenInScience https://***6h","['What September in California looks like ☀️ 🚲 Don’t forget to check out @i***s bracelet we released this month supporting @s***s ! 🚌 @ Los Angeles, California https://***Wj', 'Tomorrow! #Wildfire Webinar: ""We bring fire with us: the role of people in changing modern U.S. fire regimes."" Presented by @D***h of @C***r Sep. 20, 2-3pm Eastern time. Free registration here: https://***qN #fireecology #environmental #WomenInScience https://***6h', 'Beach bride babes 🌸🌊 I couldn’t have asked for a better group of ladies to stand by my side... Love you all! #bridesmaids #beachbabes #wedding #bride #lakeandtera @ Malibu, California https://***xl', '-']",-,content_B,post
t0031,u1796,2018-08-13 05:57:17+00:00,Wildfire,a***o,I just published “Carr fire in Northern California” https://***94,"['🔥 Hot off the press: “Investors Therapy #9: Sheep V Sheeple, Inflation Strikes Back, Hollowing-Out Of The California Dream” https://***Rh (via @r***e)', ""1 weekly follower. 2 unfollowers. Crowdfire doesn't miss a trick - via https://***G2"", 'I just published “Carr fire in Northern California” https://***94', '-']",-,content_C,post
t1181,u1435,2020-10-05 12:41:08+00:00,Wildfire,L***1,"Congratulations to Emily Wilson, this week's randomly selected #winner of a Light ‘n Go #Bonfire! Thank you to everyone that entered! The next #giveaway will start again on Friday! #campfire #outdoors #family #camping #firepit #fireplace #WINNER #BBQ https://***Ze","['FIRE UP THE JET SKIS I’m all yours, @T***g.', 'The new fire pits @T***s are amazing on a cool autumn evening. https://***MK', ""Congratulations to Emily Wilson, this week's randomly selected #winner of a Light ‘n Go #Bonfire! Thank you to everyone that entered! The next #giveaway will start again on Friday! #campfire #outdoors #family #camping #firepit #fireplace #WINNER #BBQ https://***Ze"", '-']",-,content_C,post
t1269,u0973,2020-10-16 15:23:54+00:00,Wildfire,b***o,"Over the last 50 years, wildfires have caused approximately $1 billion in damages per year, adjusted for inflation. But in 3 of the last 4 years, fires have caused at least $10 billion in damages annually, and could be over $20 billion this year.","['@z***e 推荐郝海龙老师的“不客观“https://***s4', 'Over the last 50 years, wildfires have caused approximately $1 billion in damages per year, adjusted for inflation. But in 3 of the last 4 years, fires have caused at least $10 billion in damages annually, and could be over $20 billion this year.', 'A fully engaged group of kids made our first #CodeWeek online workshop a huge success, creating beautifully animated fire engines. Multiple @M***e basic.forever loops proved to be optimal for controlling the LEDs. Many thanks to #meetandcode and @T***t who sponsored us https://***Kh', '-']",-,content_B,post
t0923,u0704,2020-09-14 01:36:10+00:00,Wildfire,n***s,"Looked up health effects and yep, there's a reason I have a headache, burning eyes and fatigue today. And I've been inside all day. Stay safe people. #OregonWildfires2020 #HazardousAirQuality Wildfire Smoke|Wildfires https://***tz via @C***v","['An EVACUATION ORDER has been issued within the city of Arcadia. Residents should evacuate immediately. A Red Cross evacuation point is open at Santa Anita Park Gate 5 (285 West Huntington Dr. Arcadia, CA 91007) for those affected by the #BobcatFire. https://***KO', ""Looked up health effects and yep, there's a reason I have a headache, burning eyes and fatigue today. And I've been inside all day. Stay safe people. #OregonWildfires2020 #HazardousAirQuality Wildfire Smoke|Wildfires https://***tz via @C***v"", 'Just posted a photo @ West Hollywood, California https://***Ln', '-']",-,content_B,post
t0047,u1845,2018-08-20 22:15:50+00:00,Wildfire,T***3,-,"['Firefighters in #BC, #Canada are currently battling 550 #BCFires. The air, even in #Vancouver, is smokey. I have nothing but respect for the firefighters, working long hours in horrendous conditions and sleeping for a few hours on the floors of schools https://***oK', 'Look what I have created - I have made FIRE!! #castaway https://***vn', 'and we have fire breathing sharks.... #Sharknado6', '-']",tweet_A,-,retweet
t1226,u2641,2020-10-11 21:46:36+00:00,Wildfire,N***o,One month ago #California was smoky to say the least. Here is a comparison to the clear skies we have today. #CAwx https://***vI,"['One month ago #California was smoky to say the least. Here is a comparison to the clear skies we have today. #CAwx https://***vI', 'Firefighters on scene of a Structural Fire at Jeppe &amp; Eloff Street, in the CBD. More info to follow https://***dp', '@T***A what do we call this besides fire flames?🔥🔥 https://***6V', '-']",-,content_A,post
t1037,u0400,2020-09-17 21:00:42+00:00,Wildfire,m***n,#bobcatfire anyone know if Neil Armstrongs cabin in Juniper Hills might burn down? https://***IH,"['#bobcatfire anyone know if Neil Armstrongs cabin in Juniper Hills might burn down? https://***IH', '@j***0 Yes, it is very rigorous work and there are many women that work on hotshot crews and in wildland fire in general.', 'Here is a visible satellite image valid at 2pm PDT showing the vast extent of the wildfire smoke. The area in the orange contour is smoke in the mid-upper levels of the atmosphere that has reached as far east as Michigan! The red contour is the dense smoke near the West Coast. https://***oD', '-']",-,content_A,post
t0237,u1197,2018-11-13 14:45:17+00:00,Wildfire,C***F,It’s going to be a beautiful day. Hoping and praying for the fire victims of Northern and Southern California. It’s been an awful week for them but hopefully the healing and regeneration of “normal” with start soon. #occupierrealestate #occupiers #CRE…https://***FQ,"['It’s going to be a beautiful day. Hoping and praying for the fire victims of Northern and Southern California. It’s been an awful week for them but hopefully the healing and regeneration of “normal” with start soon. #occupierrealestate #occupiers #CRE...https://***FQ', 'Dume Drive. #woolseyfire #malibu #malibufire #malibustrong @ Point Dume https://***cy', 'Pennsylvania Is Gonna Get Some Fire 🔥🔥🔥💨 https://***xn', '-']",-,content_A,post
t0188,u0869,2018-11-10 12:18:59+00:00,Wildfire,f***s,FOX NEWS ALERT: Death toll rises as the most destructive wildfire in California’s history incinerates an entire town while hundreds of thousands evacuate https://***aa,"['Rising smoke from the wild fires , LAX https://***oz', 'Gang 😎 @ Los Angeles, California https://***5U', 'FOX NEWS ALERT: Death toll rises as the most destructive wildfire in California’s history incinerates an entire town while hundreds of thousands evacuate https://***aa', '-']",-,content_C,post
t0289,u2050,2018-11-21 09:17:50+00:00,Wildfire,C***f,"During wildfires, farmworkers say they felt pressure to keep working, without protective gear, or lose jobs https://***Wl","['Join us November 27th, 3:00-4:00 pm, in the Hazen dining room for the NWiS Coffee Hour entitled “Squeezed by Stress? Healthy Coping Strategies”. This will be a perfect occasion to casually meet with Dr. Daphne Lurie, director of the CAPS at the California campus. #nwis #sandiego https://***1v', 'During wildfires, farmworkers say they felt pressure to keep working, without protective gear, or lose jobs https://***Wl', ""1 daily follower. 0 unfollowers. Crowdfire doesn't miss a trick -via https://***9g"", '-']",-,content_B,post
t1214,u1815,2020-10-08 20:36:40+00:00,Wildfire,C***k,"John Stossel claims we wrongly rated their video on Facebook Our review evaluates the misleading claim that climate change has little effect on wildfire intensity &amp; it's all about forest management To set the record straight, here is how the process works https://***nU","[""John Stossel claims we wrongly rated their video on Facebook Our review evaluates the misleading claim that climate change has little effect on wildfire intensity &amp; it's all about forest management To set the record straight, here is how the process works https://***nU"", ""@J***1 Of course—but internal politics within CDC and FDA are very different than the person who appoints and can fire at will the head of your org chart (Secretary of HHS) directing, without any expertise, how these agencies should make decisions that affect all Americans' health."", 'Tobacco smoke exposure limits the therapeutic benefit of tezacaftor/ivacaftor in pediatric patients with cystic fibrosis https://***5Q', '-']",-,content_A,post
t1189,u1731,2020-10-06 00:13:28+00:00,Wildfire,U***h,"Veterinarians from @u***d and @C***W are treating animals burned in the #NorthComplexFire, #ZoggFire and #BobcatFire with fish skin bandages https://***7I https://***8u","['@t***p If your neighbours burn dry wood, there should only be smoke until the fire has reached a higher temperature - a couple of minutes - not hours.', '@M***n California', 'Veterinarians from @u***d and @C***W are treating animals burned in the #NorthComplexFire, #ZoggFire and #BobcatFire with fish skin bandages https://***7I https://***8u', '-']",-,content_C,post
t0839,u1609,2020-09-10 11:55:18+00:00,Wildfire,S***F,-,"['Extremely intense fire updrafts have injected vast amounts of smoke &amp; ash into upper atmosphere as high as 50,000 feet--20,000 above cruising altitude of jet airliners. Dense smoke throughout entire atmospheric column is blocking nearly all sunlight at surface. #CAwx #CAfire https://***bz', 'tbe Sounds break the heart💔💔 #syria اللهم برداً وسلاماً لسوريا الحبيبة #سوريا #PrayForSyria #حرائق_سوريا #حراج #كارث #SyriaOnFire https://***EG', 'California fires in 2019: - 4,927 fires - 118k acres burned. California fires in 2020 (so far): - 7,606 fires - 2.3 million acres burned. CLIMATE. CHANGE. IS. REAL.', '-']",tweet_B,-,retweet
t0200,u1672,2018-11-10 23:39:47+00:00,Wildfire,A***o,Thankful for the firefighters risking their lives and getting people to safety during the horrendous wildfires. Show your support and donate to @C***d at https://***qy #CampFire #HillFire #WoolseyFire,"['https://***kE Fire TV Stick with 1st Gen Alexa Voice Remote, streaming media player https://***zP', 'Thankful for the firefighters risking their lives and getting people to safety during the horrendous wildfires. Show your support and donate to @C***d at https://***qy #CampFire #HillFire #WoolseyFire', ""13 weekly followers. 240 unfollowers. Crowdfire doesn't miss a trick - via https://***sN"", '-']",-,content_B,post
t1488,u0904,2020-11-27 23:12:40+00:00,Wildfire,d***7,Please join me in registering for Move CA &amp; SPUR's Climate &amp; Clean Air Zoomposium on December 3rd. https://***SW,"[""Please join me in registering for Move CA &amp; SPUR's Climate &amp; Clean Air Zoomposium on December 3rd. https://***SW"", '@C***U Always thankful for the work you and your crews do! Thanks for keeping us safe.', '@C***S @W***e Thank you Dawn.', '-']",-,content_A,post
t0214,u1806,2018-11-11 22:17:12+00:00,Wildfire,W***m,#Timelapse of the 🔥👩‍🚒👨‍🚒 #MalibuFire #WoolseyFire #HillFire as seen #Sentinel2 🛰️ (10 November 2018) 🎬 @C***U https://***sf,"[""13 weekly followers. 240 unfollowers. Crowdfire doesn't miss a trick - via https://***sN"", '#Timelapse of the 🔥👩🚒👨🚒 #MalibuFire #WoolseyFire #HillFire as seen #Sentinel2 🛰️ (10 November 2018) 🎬 @C***U https://***sf', 'FOX NEWS ALERT: Authorities search for a motive in the California bar massacre | @J***7 https://***tQ', '-']",-,content_B,post
t0770,u2807,2020-09-08 17:37:34+00:00,Wildfire,n***d,-,"['Little legend. You’re on fire ?????? https://***lu', '#bobcatfire now burning the heart of the San Gabriel Wilderness between Devils Canyon (left), Bear Creek (right), just south of Twin Peaks, one of the most remote and pristine nature areas of SoCal and home to many bears, mountain lions and big horned sheep https://***PT', 'gender is a wildfire', '-']",tweet_A,-,retweet
t0094,u1083,2018-09-24 19:43:49+00:00,Wildfire,E***l,"Republicans are playing with fire when it comes to Kavanaugh. Why stay married to the guy when the political risks ahead of the election are so precarious? Go find someone else that aligns with your ""values.""","[""We had a great time sponsoring Korean American Bar Association of Northern California (KABANC)'s Whiskey Tasting and Annual Gala last Friday Night! Big thanks to Kyong Kim, Eddie Ahn, Joseph Suh, and everyone at KABANC who made this event possible. https://***Dj"", 'Republicans are playing with fire when it comes to Kavanaugh. Why stay married to the guy when the political risks ahead of the election are so precarious? Go find someone else that aligns with your ""values.""', '@b***s @d***e @a***e Here it is: https://***HD . It was my first author paper too. Loved working on it with Dumitru and the others. It was a really formative experience.', '-']",-,content_B,post
t1227,u2258,2020-10-11 23:59:50+00:00,Wildfire,i***n,"Shout out to all the calfire and forestry crews. I just did 90 minutes of chainsawing, and it’s so much harder than you’d think. I can’t imagine a 10 hour shift, with your life on the line.","['today, my backyard is on fire with color https://***0S', 'Shout out to all the calfire and forestry crews. I just did 90 minutes of chainsawing, and it’s so much harder than you’d think. I can’t imagine a 10 hour shift, with your life on the line.', 'I registered to vote online in California at https://***Oz #VoteCalifornia.', '-']",-,content_B,post
t1096,u2906,2020-09-23 20:51:20+00:00,Wildfire,P***W,-,"['Just posted a photo @ San Francisco, California https://***oW', 'Concerned about getting a COVID vaccine that was rushed for approval? You may have another option! A spray mist or injection could protect you against the virus when it is approved. Learn more here: #Oceanside #Covid19 #Coronavirus #California #pandemic https://***OI', 'I heard that hell is made for the cursed alone St. Matthew 25:41 ""Then he will say to those on his left, ’Depart from me, you who are cursed, into the eternal fire prepared for the devil and his angels.#TuesdayThoughts', '-']",tweet_B,-,retweet
t0062,u2433,2018-08-28 20:41:48+00:00,Wildfire,t***4,Look at the impact of the wildfire smoke in the western US and the Saharan dust dispersion! #dust #nasa #dataviz https://***id,"['We had a blast on #NationalDogDay yesterday! Dad is currently reviewing our proposal for California Dog Week, keep your paws crossed. 🐶 https://***16', 'Look at the impact of the wildfire smoke in the western US and the Saharan dust dispersion! #dust #nasa #dataviz https://***id', 'Playing around with @t***e and ended up buying this skirt. Please God give me a place to wear it! @ Los Angeles, California https://***Bu', '-']",-,content_B,post
t0795,u0710,2020-09-09 16:09:10+00:00,Wildfire,W***P,Children are particularly susceptible to harm from wildfire smoke. This page from @P***l has an extensive list of resources for health professionals and the general public on how to stay safe and reduce health impacts: https://***Sp https://***cq,"['3 doesn’t make a lot of sense since there’s so much smoke in the air. 🤔🤷🏻♀️', 'Today I live on Mars. #calfires #nofilter @ Menlo Park, California https://***Rp', 'Children are particularly susceptible to harm from wildfire smoke. This page from @P***l has an extensive list of resources for health professionals and the general public on how to stay safe and reduce health impacts: https://***Sp https://***cq', '-']",-,content_C,post
t0042,u0453,2018-08-18 02:14:35+00:00,Wildfire,B***o,"As the smoke rolled in and blotted out the sun, the temperature plummeted, and an eerie orange hue was cast upon the land - just past two o'clock #BCWildfires https://***vQ","['Car hits pole, starts power outage and fire on Lopez Island. https://***2j', 'An enormous fire tornado that reached 2,700 degrees killed a firefighter helping with evacuations in the massive Northern California wildfire. https://***Zq', ""As the smoke rolled in and blotted out the sun, the temperature plummeted, and an eerie orange hue was cast upon the land - just past two o'clock #BCWildfires https://***vQ"", '-']",-,content_C,post
t0779,u2882,2020-09-09 03:17:11+00:00,Wildfire,1***i,-,"['Moria migrants: Greek camp fire sparks race to find shelter for 13,000 https://***x4', 'California politics https://***EX', 'Been traveling around northern Utah. In just 4 days we had smoky skies from wildfires, crazy snowstorm and hurricane-level winds. Credit @A***a and @f***h for the last two pics. Sending ?? to everyone affected #utahwind #CaliforniaFires #OregonFires https://***1K', '-']",tweet_A,-,retweet
t1232,u2038,2020-10-12 10:37:10+00:00,Wildfire,H***U,"After a year collecting data, the @M***c expedition returns home. In January, sea ice researcher Polona Itkin told us about a typical day studying climate change on the icebreaker in Arctic winter #welcomePolarstern https://***I0","[""No Doubt - Don't Speak (Live @ California 1997) https://***x8 via @Y***e Tragic Kingdom 25 years anniversary!"", 'After a year collecting data, the @M***c expedition returns home. In January, sea ice researcher Polona Itkin told us about a typical day studying climate change on the icebreaker in Arctic winter #welcomePolarstern https://***I0', ""PSA for followers outside of California: add 'F496', 'F497', and 'F460' to your muted words to filter out the non-federal, state-level filings."", '-']",-,content_B,post
t1179,u2746,2020-10-05 04:13:21+00:00,Wildfire,U***e,-,"['So incredibly grateful to all of the firefighters - from 20 neighboring states and several countries - who have been battling CA’s historic wildfires. Many have have been away from their families for weeks. 17,000 remain on the lines here in the Golden State this morn. Pic: AP https://***rh', 'It is indeed a Fire Gus year 🙏🏼 https://***21', 'Hi, @M***C. Offering Jason Miller a platform is absolutely disgraceful. Fire Chuck Todd. Apologize to your viewers. Make better decisions. https://***Wk', '-']",tweet_B,-,retweet
t1129,u0274,2020-09-28 21:01:37+00:00,Wildfire,t***d,"Been covering NorCal fires almost 24 hours straight and decided to take a break and read this and it's devastation on a page. Rancher who lost everything in the Butte County #BearFire. Regardless of your wildfire politics, worth a #longreads. @c***r https://***gk","[""Been covering NorCal fires almost 24 hours straight and decided to take a break and read this and it's devastation on a page. Rancher who lost everything in the Butte County #BearFire. Regardless of your wildfire politics, worth a #longreads. @c***r https://***gk"", 'Additionally, the trails within the fire area are closed, including Mount Olympus Trail and Hughes Canyon Trail.', ""@m***8 @a***c Why? Angus still plays with plenty of fire. Guitar tone hasn't changed one bit. In fact, he might be playing better than ever. He was on fire during the 2015-2016 tour. Why would you want him to quit when he still sounds great?"", '-']",-,content_A,post
t0006,u2630,2018-07-28 15:46:15+00:00,Wildfire,p***s,"Natural #wildfires, started by lightning, have got bigger. But human-started fires, are the majority, and have extended California's fire season https://***a3 https://***Cw","['Need a good weekend read? #DragonFire #kindledeals #Kindle #ebook is #FREE Thurs &amp; Friday! https://***b... #fantasybooks #fantasy #novels https://***ro', ""Natural #wildfires, started by lightning, have got bigger. But human-started fires, are the majority, and have extended California's fire season https://***a3 https://***Cw"", ""It's all smoke and mirrors, Pelosi, Trump, Obama, Bush, and the endless faces paraded before us are meant to divert our attention and keep us preoccupied on the soap opera of politics. https://***zj via @t***e"", '-']",-,content_B,post
t0785,u3103,2020-09-09 08:06:16+00:00,Wildfire,C***r,-,"['tbe Sounds break the heart💔💔 #syria اللهم برداً وسلاماً لسوريا الحبيبة #سوريا #PrayForSyria #حرائق_سوريا #حراج #كارث #SyriaOnFire https://***EG', ""FYI WHILE ALL OF YOU EQUALIY RIGHTS CRUSADERS WHO CALL THEM SELVES CALIFORNIAN'S OREGONIAN'S and WASHINGTONIAN'S THAT CLAM TO LOVE LOVE OUR BUTIFUL NORTH WEST ARE RUNNING AROUND FUCKING SHIT UP IN THE NAME OF INJUSTUCE THE HALF OF OREGON BURNT DOWN NEXT IS WASHINGTON https://***Bb"", '#bobcatfire Looking above Monrovia Canyon Park, the fire is at the top of Monrovia Canyon near Rankin Peak (left), and at the top of Sawpit Canyon near White Saddle (right) (VIIRS data) https://***4m', '-']",tweet_A,-,retweet
t1582,u2190,2020-12-17 22:25:11+00:00,Wildfire,P***M,Discover what it means to have inflammation and unlock the secrets of a diet that can help to extinguish the unhealthy fire that is burning inside of you! Hear from Dr. Monica Aggarwal and Dr. Jyothi Rao on a new episode of The Exam Room podcast: https://***1D https://***LA,"['Discover what it means to have inflammation and unlock the secrets of a diet that can help to extinguish the unhealthy fire that is burning inside of you! Hear from Dr. Monica Aggarwal and Dr. Jyothi Rao on a new episode of The Exam Room podcast: https://***1D https://***LA', '#Neuroscience2021 Thank you Mirela Olympia Fagarasan Palmer from University of South California, USA; for being our honorable committee member for 2nd Edition of Neuroscience and Mental disorders to be held at London, UK during 15–16 March 2021 For more: https://***pu https://***9D', '@j***d straight fire 🔥🔥🔥 damn', '-']",-,content_A,post
t0926,u0097,2020-09-14 06:12:15+00:00,Wildfire,C***K,Good morning everyone 👋 This might be the coolest thing you see this week - watch our live demonstration of a deluge of hot foam fire suppression media in a newly built chemical warehouse project in the UK https://***1T #firesafety #firesafetyinaction #MondayMorning,"[""You can now download @C***C fact sheets with information about BC's wildfire smoke, its health impacts and ways to protect yourself and others. #StaySafe https://***ej"", '@c***y Close the strip clubs and massage parlours, close the bars and indoor dining, put the problem areas back to stage 2. Or u can do absolutely nothing and keep tweeting updates till we are back to 500+ cases a day. Have we not learned anything from the dumpster fire down south??', 'Good morning everyone 👋 This might be the coolest thing you see this week - watch our live demonstration of a deluge of hot foam fire suppression media in a newly built chemical warehouse project in the UK https://***1T #firesafety #firesafetyinaction #MondayMorning', '-']",-,content_C,post
t0055,u1356,2018-08-23 01:37:26+00:00,Wildfire,B***s,"I hope when the day comes that our children and grandchildren look us in the eye and ask, “What did you do about climate change?” We can proudly say we did everything we could; we successfully transformed our political system and left them a planet that is healthy and habitable.","['Hans Zimmer Scored a Scenic Drive Down a California Highway for Land Rover https://***8M', 'I hope when the day comes that our children and grandchildren look us in the eye and ask, “What did you do about climate change?” We can proudly say we did everything we could; we successfully transformed our political system and left them a planet that is healthy and habitable.', ""It's absurd for ministers to meet in a province where nearly 600 wildfires are burning and to leave climate change off the agenda. #cdnpoli #bcpoli https://***rQ"", '-']",-,content_B,post
t0235,u0576,2018-11-13 12:10:10+00:00,Wildfire,J***R,-,"['Please read and share. #CaliforniaWildfires https://***iX', ""Paradise, CA is devastated; razed by wildfire. One of Romance's own, @J***g, is direly affected by the blaze. She is safe, with her cat, family and laptop. Please keep her in your thoughts, and consider helping her rebuild her life. https://***Et"", 'This handsome man was my grandpa who we affectionately called Poppy. He’s why my daughters called Sophie Poppy &amp; in California the state flower is a Poppy! Poppies also represent armistice &amp; remembrance of all those who sacrificed in war in the UK too. ❤️❤️❤️#VeteransDay https://***Xl', '-']",tweet_C,-,retweet
t0036,u0886,2018-08-14 16:24:52+00:00,Wildfire,l***s,"""How can we expect to make progress on preventing catastrophic wildfires when we have a hotter and drier boreal forest than we had 30 years ago, and fewer fire scientists working to protect it?"" https://***kQ","['""How can we expect to make progress on preventing catastrophic wildfires when we have a hotter and drier boreal forest than we had 30 years ago, and fewer fire scientists working to protect it?"" https://***kQ', 'California may mandate a woman in the boardroom, but businesses are fighting it https://***q9 via @t***h', ""@k***1 My diaries say you tormented me. Pretty grim reading, the spelling is atrocious. I was Sean's little brother for the first 5 years. He gave me Bill Murray, Star Wars and fire crackers. You made me the sole customer at your get-rich-quick stands. It's all coming back to me now!!"", '-']",-,content_A,post
t1573,u1005,2020-12-16 22:01:48+00:00,Wildfire,p***n,Laurie Anderson would like to read you a poem by a campfire https://***1N,"['From dried-out Christmas trees to top-heavy decorations, fire experts say ’tis the season to be cautious. @k***l @N***A @C***f @S***e https://***Id', 'Laurie Anderson would like to read you a poem by a campfire https://***1N', ""Check out @W***t, TNC California's Climate Fellow, feature in @V***E. https://***Wr"", '-']",-,content_B,post
t0874,u1098,2020-09-11 18:29:16+00:00,Wildfire,S***r,"A Spare the Air Alert has been extended through 9/14. Smoke from wildfires throughout California, Oregon, and Washington is causing unhealthy air quality in the Bay Area. Stay inside with windows &amp; doors closed to protect your health. For more info, visit https://***z. https://***DK","['On 9/11, we mourn the nearly 3,000 lives lost, and honor the bravery of our first responders who rushed in to save lives. Our first responders continue to be our heroes today, fighting to save lives from deadly CA wildfires. Thank you for your service &amp; sacrifice. #NeverForget https://***E4', '@e***i Palo Alto sky like dooms day. 🥺 hope the wildfire can be contained ASAP ! https://***ox', 'A Spare the Air Alert has been extended through 9/14. Smoke from wildfires throughout California, Oregon, and Washington is causing unhealthy air quality in the Bay Area. Stay inside with windows &amp; doors closed to protect your health. For more info, visit https://***z. https://***DK', '-']",-,content_C,post
t0992,u1065,2020-09-16 13:17:27+00:00,Wildfire,U***S,-,"[""Congrats to Kettle &amp; Fire for becoming the world's first registered glyphosate free bone broth, and that's not even the best part! To celebrate, K&amp;F is having a huge sale. Use the link below and enter code GFREE19 to get 19% off Kettle &amp; Fire products! https://***g0 https://***Ph"", '1900-1970s: Federally-funded sterilization programs in over 30 states 1920-1980s: ‘Mississippi Appendectomy’ 2006-2010: 150 women sterilized in California prisons 2020: Mass hysterectomies at ICE detention centers.... https://***Mm', ""@d***s @K***s @s***e @U***h It's the most confusing and uncatchy name"", '-']",tweet_B,-,retweet
t1285,u0969,2020-10-18 11:39:48+00:00,Wildfire,M***t,Today’s game: is it wildfire smoke or COVID?,"['@C***C it a very disappointed to chelsea if lampard not fire for is stupidity management, how will be angry with player if Roman Abramovic is not sack Lampard now it will be warst for chelsea this season. Sack, sack, sack lamps immediately.', ""@L***s A great comparison is cigarette smoke (contains aerosols that we can smell). If you smoked a cigarette under your mask somehow, over time and over distance, the smell will become diluted in the air outside of your mask. That's why masks and physical distance are both important!!"", 'Today’s game: is it wildfire smoke or COVID?', '-']",-,content_C,post
t1100,u2617,2020-09-24 15:31:25+00:00,Wildfire,S***n,California law may save 2.5m-year-old Joshua tree amid climate crisis threat https://***ji,"['We have counsel ready to file in California, Texas and New York. We are asking for the public’s support to make this happen. Please donate: https://***1y', 'California law may save 2.5m-year-old Joshua tree amid climate crisis threat https://***ji', 'Join us tomorrow for the final session of the Hub’s contributions to the NSW Bushfire Inquiry webinar series. Friday 2.30pm, @S***l, @t***n, and @O***e discuss options for bushfire risk mitigation in the future https://***BA', '-']",-,content_B,post
t0897,u1775,2020-09-12 15:43:21+00:00,Wildfire,M***s,"To the heroes in Oregon, California, &amp; Washington... https://***ke #OregonWildfires2020 #OregonFires #CaliforniaFires #CaliforniaWildFire #washingtonfires #wildfires #WestCoastFires @N***s","['Really hard to juggle attending #flux2020 while also making sure my family in PDX is safe from the #OregonFires2020 - dad &amp; brother (and 38-wk pregnant sister-in-law) are now 1-3 miles from Level 2 evac zone. Suddenly the smoke &amp; fire near us feels relatively less threatening.', 'To the heroes in Oregon, California, &amp; Washington... https://***ke #OregonWildfires2020 #OregonFires #CaliforniaFires #CaliforniaWildFire #washingtonfires #wildfires #WestCoastFires @N***s', '1/3 Aerosols from the fires out west—near the Pacific—have made their way across the United States and to the Atlantic. These historic fires have also broken at least two records. New story from @a***d and me: https://***K8 #CaliforniaWildFire #OregonWildfires https://***gN', '-']",-,content_B,post
t0178,u2429,2018-11-09 22:42:05+00:00,Wildfire,P***g,"""We must protect and maintain healthy forests to avoid dangerous climate change and to ensure the world's forests continue to provide services critical for the well-being of the planet and ourselves."" https://***Pw","['Just a little visual reminder of what our neighbors are facing with the #CampFire... #CampFireJamesWoods https://***Ia', '""We must protect and maintain healthy forests to avoid dangerous climate change and to ensure the world\'s forests continue to provide services critical for the well-being of the planet and ourselves."" https://***Pw', 'all the money spent on elections in California could be spent to give everyone free college and end homelessness.', '-']",-,content_B,post
t1525,u2801,2020-12-07 21:13:46+00:00,Wildfire,T***s,"Lt. John Finn (CPO). For extraordinary heroism. Promptly manned a .50-caliber machinegun under heavy enemy machinegun strafing fire. Although painfully wounded many times, he continued to man this gun and to return the enemy’s fire vigorously and with telling effect. https://***2d","['BLADE OF THE WARRIOR: KSHATRIYA ISSUE 1 Available on Amazon Kindle. Link - https://***uv #blade #warrior #kshatriya #war #fight #series #animation #today #art #artwork #Graphicindia #webseries #sadhu #fire #thunder #will #Graphicindia #myth #mythology https://***4t', 'Real stoners can’t eat ANYTHING until that pot smoke hits tha lungs', 'Lt. John Finn (CPO). For extraordinary heroism. Promptly manned a .50-caliber machinegun under heavy enemy machinegun strafing fire. Although painfully wounded many times, he continued to man this gun and to return the enemy’s fire vigorously and with telling effect. https://***2d', '-']",tweet_B,content_C,reply
t0111,u2541,2018-10-09 23:40:24+00:00,Wildfire,j***8,BREAKING: Firefighters are trying to douse an out-of-control wildfire near Foy’s Lake west of Kalispell #MTnews #MTfire https://***MN https://***8h,"['BREAKING: Firefighters are trying to douse an out-of-control wildfire near Foy’s Lake west of Kalispell #MTnews #MTfire https://***MN https://***8h', 'Always on Fire in Dancehall with Alyssa!: https://***aU via @Y***e', ""Doing Number Now Straight From 32 👌👌👌💥💥💥💥 Jimmy Choose Remix👌 Free Smoke Free Smoke This Is Dope, It's Rocking My Morning Playlist💥💥"", '-']",-,content_A,post
t1566,u1749,2020-12-15 18:08:50+00:00,Wildfire,Y***t,"Climate impact scholar J.Rockström @j***m on how 9 out of the 15 big biophysical systems that regulate our climate — from the permafrost of Siberia to the Amazon rainforest — are at risk of reaching tipping points, which could make Earth uninhabitable https://***10 https://***Am https://***F4","['@c***i @T***a @e***k @O***e @l***n @A***b Yes, I spoke to @G***m about this. Airbnb is staying in California and I’m staying in California. This is a special place.', '@e***k @C***e Go smoke a join you will feel better, this game is amazing.', 'Climate impact scholar J.Rockström @j***m on how 9 out of the 15 big biophysical systems that regulate our climate — from the permafrost of Siberia to the Amazon rainforest — are at risk of reaching tipping points, which could make Earth uninhabitable https://***10 https://***Am https://***F4', '-']",-,content_C,post
t1014,u1955,2020-09-16 15:17:30+00:00,Wildfire,F***d,"This year has been full of weird, sobering, and traumatic events, and to top it all off, the weather has been acting… well let’s just say strange https://***QR #weather #climate #climatechange #climatecrisis #fires #oregon #california #sanfrancisco #firestorm","['This year has been full of weird, sobering, and traumatic events, and to top it all off, the weather has been acting... well let’s just say strange https://***QR #weather #climate #climatechange #climatecrisis #fires #oregon #california #sanfrancisco #firestorm', 'President Trump says US wildfires are caused by poor forest management. Is he right? https://***Mi', 'Oh wow - the @C***b (PI excluded, has zero dance skills) is on fire in this #MosquitoClapChallenge dance video! Thanks for organizing @K***o. @R***c @i***D. @A***y, @C***b answering your challenge! https://***Uu', '-']",-,content_A,post
t0253,u1784,2018-11-15 21:06:37+00:00,Wildfire,s***k,"Lots of GoFundMe campaigns have sprung up to help California wildfire victims, and most are no doubt well-intended. But this story illustrates why you should only donate to people you know. https://***3D","['Lots of GoFundMe campaigns have sprung up to help California wildfire victims, and most are no doubt well-intended. But this story illustrates why you should only donate to people you know. https://***3D', 'Good to hear that the Woolsey Fire in Southern California is now more than 50% contained. Incredible local-state-federal partnership. https://***e5', 'Israeli defense minister Avigdor Liberman resigns from his post due to the ceasefire with #Gaza. He wanted bloodshed!', '-']",-,content_A,post
t1508,u2266,2020-12-03 20:40:38+00:00,Wildfire,s***i,"I sometimes have the sinking feeling that ethical AI/ML work is going to wind up in a position similar to climate change stuff, with corporate responsibility limited to empty virtue signaling in the absence of real incentives or guardrails. https://***F0","[""@T***2 Fire the SC or Durham or whatever he's called, his appointment is unconstitutional."", 'I sometimes have the sinking feeling that ethical AI/ML work is going to wind up in a position similar to climate change stuff, with corporate responsibility limited to empty virtue signaling in the absence of real incentives or guardrails. https://***F0', ""@m***e @1***v There's a huge amount of useful information to extract from the P&amp;L, cash flow &amp; balance sheet. But this is only truly valuable in forming a more informed view of the the future numbers - such as operating leverage, contribution margin, capex $/unit capacity, liquidity risks etc"", '-']",tweet_B,content_B,quote
t0776,u1970,2020-09-08 23:15:47+00:00,Wildfire,M***o,"Despite the current rhetoric permeating thru media &amp; social media about BLM protests, let's remember that a gender reveal party caused more property damage than all of the BLM protests combined w/ the wildfires in California.","['Crazy... #California https://***HO', ""Despite the current rhetoric permeating thru media &amp; social media about BLM protests, let's remember that a gender reveal party caused more property damage than all of the BLM protests combined w/ the wildfires in California."", '#17 on the hip hop rap charts and #99 in all genres! Keep runnin it up on iTunes and make sure you check out the music video to headphones! whoishenryaz 📈📈📈📈 @ Los Angeles, California https://***Dg', '-']",-,content_B,post
t0224,u0233,2018-11-12 16:31:27+00:00,Wildfire,g***e,"The wildfires across California have killed more than 20 people, destroyed thousands of structures, &amp; forced thousands to evacuate. In response to tragedy, we've created a centralized home for the verified GoFundMes providing support to those affected. https://***gt","['BREAKING: Northern California sheriff says 14 additional bodies recovered, bringing death toll to 23 in massive wildfire.', ""I'm catching smoke 270 miles SE. https://***AR"", ""The wildfires across California have killed more than 20 people, destroyed thousands of structures, &amp; forced thousands to evacuate. In response to tragedy, we've created a centralized home for the verified GoFundMes providing support to those affected. https://***gt"", '-']",-,content_C,post
t1577,u2854,2020-12-17 12:28:58+00:00,Wildfire,S***r,"On-ice ocean and climate observatory 77.4N 69.1W, North Greenland just successfully installed. Local hunters make it happen; @C***U #Sentinel and the Greenland Ice Service @d***k allow us to keep clear of the ice edge to the open North Water Polynya in the polar night. https://***zV","[""Even in a year of ongoing hardship, the strength of California's tourism industry continued to shine through. President &amp; CEO Caroline Beteta recaps these silver linings and provides key takeaways to keep in mind for 2021: https://***YL https://***Sf"", '@R***n @n***a 370 dollars for a Battery test that suppose to be free according to universal Nissan. included in basic test according to Texas dealership. $160 in California dealership. #reednissan #orlando #nissan #orlandonissan #fraud #robbery #EV #electriccar', 'On-ice ocean and climate observatory 77.4N 69.1W, North Greenland just successfully installed. Local hunters make it happen; @C***U #Sentinel and the Greenland Ice Service @d***k allow us to keep clear of the ice edge to the open North Water Polynya in the polar night. https://***zV', '-']",-,content_C,post
t1572,u2632,2020-12-16 20:09:50+00:00,Wildfire,_***r,"Jerome Powell was just asked about the Fed joining Network Greening the Financial System (NGFS). He insisted that the Fed takes no position on political debates or specific policy, but that climate change presents a significant risk to the financial system https://***9m","['Watching tonight... Media\'s ties to China and Biden backfire The ""miracle"" vaccine is a failure for ""experts"" TV ratings are a lot higher than you think Examining CNN\'s strange pro-Saudi propaganda Great Moments In $400 Sweater Journalism https://***7Z', 'Jerome Powell was just asked about the Fed joining Network Greening the Financial System (NGFS). He insisted that the Fed takes no position on political debates or specific policy, but that climate change presents a significant risk to the financial system https://***9m', '#gaysofcalifornia #homo #love #lgbtq🌈 #gayinspeedo #gaymen #speedolad #speedogay #bear #gaysingle #gayfollow #gayhot #gayspeedodad #gaylife #grindr #speedobody #gayselfie #gaysocks #gaystagram #gaypride #speedoman #instagay #gaysantamonica #loveislove #speedobulge #gaysweet https://***Ug', '-']",-,content_B,post
t0821,u2882,2020-09-09 22:39:52+00:00,Wildfire,1***i,"Just spoke with ⁦@C***O⁩ and was told this is a flare up, but due to the location- no homes are at risk. ⁦@1***s⁩ https://***Iu","['California politics https://***EX', 'Just spoke with \u2066@C***O\u2069 and was told this is a flare up, but due to the location- no homes are at risk. \u2066@1***s\u2069 https://***Iu', 'Air quality reaches hazardous levels in Sacramento. It’s not just from wildfires https://***nG', '-']",-,content_B,post
t0947,u2943,2020-09-14 18:52:14+00:00,Wildfire,W***5,"THANK YOU to the firefighters, service members, and first responders working to put out the California wildfires. https://***y3","['THANK YOU to the firefighters, service members, and first responders working to put out the California wildfires. https://***y3', 'Be kind to teachers, offer your support, and write @D***y &amp; @j***n about classroom concerns. Being mandated to keep windows both open and closed because of the pandemic &amp; smoke respectively they are feeling helpless, scared &amp; frustrated as they try to keep kids safe ❤️', 'LA sun struggles to shine because of layers of smoke and ash https://***Zg', '-']",-,content_A,post
t0250,u2957,2018-11-15 18:15:26+00:00,Wildfire,S***e,Good to hear that the Woolsey Fire in Southern California is now more than 50% contained. Incredible local-state-federal partnership. https://***e5,"['Good to hear that the Woolsey Fire in Southern California is now more than 50% contained. Incredible local-state-federal partnership. https://***e5', ""8 weekly followers. 47 unfollowers. Crowdfire doesn't miss a trick - via https://***Ln"", ""The status quo isn't working. Gov.-elect Gavin Newsom should call for a California Wildfires Summit the day after he is inaugurated. https://***AR https://***j5"", '-']",-,content_A,post
t0283,u0990,2018-11-19 07:00:36+00:00,Wildfire,m***n,"South Africa has a climate change problem. Per person, South Africans emit more than anyone outside of the West. It is the world’s 14th largest emitter of carbon dioxide. https://***Sk","['#CA39 makes it official: Every district in Orange County now has leadership that will fight for health care, climate change, economic fairness, and more. Congrats to our volunteers and @G***A! https://***y7', 'South Africa has a climate change problem. Per person, South Africans emit more than anyone outside of the West. It is the world’s 14th largest emitter of carbon dioxide. https://***Sk', 'Abraham Bleeman: Provide Emergency Housing for Victims of 650 Parliament Fire - Sign the Petition! https://***dD via @C***e', '-']",-,content_B,post
t1128,u0892,2020-09-28 20:21:59+00:00,Wildfire,F***e,This year has been especially challenging for farmworkers. as COVID-19 and wildfires in western states have increased the risks they face on the job. (1/2),"['This year has been especially challenging for farmworkers. as COVID-19 and wildfires in western states have increased the risks they face on the job. (1/2)', ""@G***7: 'The rapid run of the #GlassFire/#ShadyFire/#BoysenFire over the last 5 hours through Napa Valley into Sonoma County and now approaching Highway 12 forcing thousands to evacuate. #CaliforniaFires ' https://***p, see more https://***Nq"", ""Global climate goals 'virtually impossible' without carbon capture - IEA https://***pv #carboncapture #iea #CO2 #environment #ClimateEmergency https://***uG"", '-']",-,content_A,post
t0066,u2633,2018-09-03 22:50:38+00:00,Wildfire,S***t,"$NKE makes political marketing move, but may backfire considering they were hit with gender discrimination lawsuit 3 weeks ago https://***HH","['As people around the world are saddened by the fire in the Museu Nacional, ""conservatives"" in Brazil already identified the root causes of this tragedy: (1) too much funding by the Ministry of Culture to LGBT events &amp; (2) the president of UFRJ is affiliated to a leftist party.', '$NKE makes political marketing move, but may backfire considering they were hit with gender discrimination lawsuit 3 weeks ago https://***HH', 'Had a bit of a dribbling session earlier! 😍 #Spitfire #TR9 https://***4a', '-']",-,content_B,post
t1098,u2579,2020-09-23 22:20:22+00:00,Wildfire,1***n,"As we confront the future of wildfire in the west, the choice isn’t between smoke or no smoke. It’s ""how do we want our smoke?” says @D***h. My latest for @n***e: https://***ep","['Check us out on Instagram dominictodd450 #420friendly #420smoke #greensmoke #weedexotics #weedflorida #weed #smokeweed #WeedAustin #Australianstoners #weedaustralian #Newyorkweed #seattle420 #Weedmiami #shrooms #Cartsusa #Cartsaustralia #Magicshrooms https://***LD', 'As we confront the future of wildfire in the west, the choice isn’t between smoke or no smoke. It’s ""how do we want our smoke?” says @D***h. My latest for @n***e: https://***ep', '@R***a @R***A @T***o @T***s Mr. Bonta, Thank you again for your reply. This essay sums up my views about #California Democrats. https://***Dk As a Yalie, you should really know better. Please switch to being an independent! @G***m @C***r @T***s #CA #US 🇺🇸', '-']",-,content_B,post
t0938,u1023,2020-09-14 17:03:16+00:00,Wildfire,d***o,"I am broadcasting a live show of my new album, MMXX from Big Sur on Sept 16th to support California wildfire relief. Come join me for a one night ambient experience this Wednesday at 8PM on Headliner. Tickets here: https://***XV https://***yD","['Our hearts are breaking as we read about and see pictures of the wildfires raging along the West Coast. We remain committed to a more responsible return to travel in a post-COVID world—travel that’s not just sustainable, but regenerative. ⬇️ https://***ye', 'An EVACUATION ORDER has been issued within the city of Arcadia. Residents should evacuate immediately. A Red Cross evacuation point is open at Santa Anita Park Gate 5 (285 West Huntington Dr. Arcadia, CA 91007) for those affected by the #BobcatFire. https://***KO', 'I am broadcasting a live show of my new album, MMXX from Big Sur on Sept 16th to support California wildfire relief. Come join me for a one night ambient experience this Wednesday at 8PM on Headliner. Tickets here: https://***XV https://***yD', '-']",-,content_C,post
t1584,u1581,2020-12-18 18:49:47+00:00,Wildfire,N***R,"Top Workplaces 2020: Pandemic or wildfire, Experian has got employees backs https://***2s","['@P***n Give me a more appropriate reply than ""thunder fire your destiny""... I\'ll wait.', '@S***o @E***t @z***l @a***s ""Is that a survey like the ones that said he lost by 30 points ??? You make me laugh! The reality is that he won the working people, while in the places where the billionaires are (California, New York, etc.) He lost"" Ahi todavia suena raro, pero tiene sentido', 'Top Workplaces 2020: Pandemic or wildfire, Experian has got employees backs https://***2s', '-']",-,content_C,post
t1376,u0824,2020-11-02 22:41:53+00:00,Wildfire,s***a,These are the current wildfires burning around the U.S. and containment progress: https://***Eo,"['""This is the heart of the Pacific Flyway. Coming through in the fall, we have a tremendous number of birds. Millions and millions of birds rely on the refuge complex,"" said Paul Souza, Regional Director of the @u***s, California Great Basin. #thread Photo courtesy of Hazel Holby https://***mz', 'In our 🎃Halloween🎃special Marianela &amp; Ruth get round a virtual campfire and tell Tales of the Internet. Things we fell for, and things it revealed to us: strange animal stories, haunted emails, blessed tumblr posts, and the truth behind ugly fruit. 🎧 https://***OP', 'These are the current wildfires burning around the U.S. and containment progress: https://***Eo', '-']",-,content_C,post
t0843,u1247,2020-09-10 16:36:43+00:00,Wildfire,j***o,The drawbacks of computational photography. Smartphones are Ruining Wildfire Sky Photos with Auto White Balance https://***4e,"[""I just met my son's kindergarten teachers online, the eye of Sauron is looking down on my ash covered village. Just waiting on some kinda high tech dragon 🐉 #oregonwildfires"", 'The drawbacks of computational photography. Smartphones are Ruining Wildfire Sky Photos with Auto White Balance https://***4e', 'For first time ever, USA is being bombed by enemy aircraft: a Japanese warplane, launched from a submarine, has dropped incendiaries meant to start forest fire in western state of Oregon. https://***lA', '-']",-,content_B,post
t0780,u0863,2020-09-09 03:40:21+00:00,Wildfire,c***e,"A new pinned post! Hi there! I’m Carlette! I really love Fire Emblem, but I do love other things too! I’m married to @a***d and together we do sappy cosplay under the name Raptors in Rhythm! 📸 Celica and Alm by Headphonestudios Ninian and Eliwood by @R***s https://***Lu","['A new pinned post! Hi there! I’m Carlette! I really love Fire Emblem, but I do love other things too! I’m married to @a***d and together we do sappy cosplay under the name Raptors in Rhythm! 📸 Celica and Alm by Headphonestudios Ninian and Eliwood by @R***s https://***Lu', '4️⃣ Swing States 5️⃣ Senate Seats 🔥$45 to Fire 45🔥 Match me here: https://***rT https://***xp', 'there’s a lot of animals fleeing due to wildfires pls help them if u see them and u can :( https://***bC', '-']",-,content_A,post
t0203,u2288,2018-11-11 04:39:48+00:00,Wildfire,N***a,-,"['We know we’ll run out of dead dinosaurs to mine for fuel &amp; have to use sustainable energy eventually, so why not go renewable now &amp; avoid increasing risk of climate catastrophe? Betting that science is wrong &amp; oil companies are right is the dumbest experiment in history by far ... https://***lR', '#woolseyfire #malibufire #malibustrong @ Malibu, California https://***2s', 'In fact, I recall one night when we had three young people shot in the head in different incidents: one 8 yo (bullet lodged in skull, no deficits), one 16 yo (braindead) and one 25 yo (also braindead). We can’t let this go on @c***p @E***s @n***a @A***f', '-']",tweet_B,-,retweet
t1460,u1437,2020-11-23 04:35:29+00:00,Wildfire,j***e,Incredibly well-sourced and thoughtful piece on California’s enviro justice journey. Important reminder that even the leading models in climate equity can be further refined — and many lessons here for the national picture. From @1***n @y***e https://***gR,"['TFS smoke alert for Collinsvale More info at https://***uz', 'Incredibly well-sourced and thoughtful piece on California’s enviro justice journey. Important reminder that even the leading models in climate equity can be further refined — and many lessons here for the national picture. From @1***n @y***e https://***gR', 'A rocket is going to space from California tomorrow! https://***tq', '-']",-,content_B,post
t0071,u2456,2018-09-08 08:21:06+00:00,Wildfire,j***x,-,"['After Effects Tutorial | fire on hand effect https://***Qd via @Y***e', 'They told Trippie he couldn’t smoke so he’s pulling his dreads out https://***0N', ""I'll be starting as an assistant professor in Cognitive Science at the University of California, Irvine in January! Please get in touch if you (or someone you know) might be interested in joining my lab as an RA, graduate researcher, or postdoc."", '-']",tweet_C,-,retweet
t1320,u0995,2020-10-23 20:34:42+00:00,Wildfire,g***a,The new funds are designed to boost resilience for a broader group of customers threatened by #wildfires and rolling #blackouts https://***Lc,"['“O Allah, let our hearts, which You occupy, not turn into rocks darkened with the fire we have inflicted!”', 'Give some love to some of our hero’s of today who has not stopped fighting for the cause. @d***o @f***y @f***u @P***I @p***e @T***e @P***i @m***i @S***u @p***o @2***r @b***y @w***o @i***n we salute you ❤️ #EndSARS', 'The new funds are designed to boost resilience for a broader group of customers threatened by #wildfires and rolling #blackouts https://***Lc', '-']",-,content_C,post
t0195,u2977,2018-11-10 16:05:14+00:00,Wildfire,J***t,The #campfire smoke impact 200miles south of Butte County. This is Half Moon Bay: two days ago and now. AQI levels 200+ in many areas. https://***tt,"['The #campfire smoke impact 200miles south of Butte County. This is Half Moon Bay: two days ago and now. AQI levels 200+ in many areas. https://***tt', 'Brush #fire smoke near Newbury Park, close to Thousand Oaks https://***lM', '“I grabbed a chair and I broke it through the glass”: 19-year-old Mitchell Hunter describes how he escaped the Borderline Bar &amp; Grill where a gunman opened fire in Thousand Oaks, CA https://***DK', '-']",-,content_A,post
t0285,u1480,2018-11-19 13:20:40+00:00,Wildfire,T***a,Greetings from #Finland! Once a year the #Finns stop #raking leaves for one day and #travel to our beautiful archipelago. No trees there! #RakeAmericaGreatAgain #RakeTheForest #Trump #MondayMotivation #CampFire #rakenews #CaliforniaWildFires #haravointi #Suomi #nature https://***Tu,"['Greetings from #Finland! Once a year the #Finns stop #raking leaves for one day and #travel to our beautiful archipelago. No trees there! #RakeAmericaGreatAgain #RakeTheForest #Trump #MondayMotivation #CampFire #rakenews #CaliforniaWildFires #haravointi #Suomi #nature https://***Tu', 'Are you prepared for holiday guests? Make sure there are working smoke alarms near and inside where anyone may be sleeping. Learn more #HolidaySafety tips from @R***v: https://***GB https://***Tg', ""2 weekly followers. 0 unfollowers. Crowdfire doesn't miss a trick -via https://***Yp"", '-']",-,content_A,post
t0743,u2201,2020-09-06 12:13:39+00:00,Wildfire,R***L,National #Preparedness Month Topic for 6-12: Build A Kit. https://***f3 #LA #CA #Laura #Wildfire @R***s @A***a @S***S @h***d ^KP @L***v #DAFN @R***l @R***7 @R***W @M***3 @f***a @R***v @P***S @F***S,"['something they pour small on the ground for the gods to fight war, why won’t she turn to sango and start spitting fire 🤣🤣🤣 https://***dQ', 'On this sweltering #LaborDayWeekend, our scientists will be working hard to monitor popular lakes &amp; streams with a history of harmful #algalblooms (HABs). Info will be updated on our online portal https://***V. Note: Children &amp; pets are the most vulnerable. #california https://***Ll', 'National #Preparedness Month Topic for 6-12: Build A Kit. https://***f3 #LA #CA #Laura #Wildfire @R***s @A***a @S***S @h***d ^KP @L***v #DAFN @R***l @R***7 @R***W @M***3 @f***a @R***v @P***S @F***S', '-']",-,content_C,post
t1186,u3100,2020-10-05 17:58:20+00:00,Wildfire,j***s,"CA has hit 4 million acres burned this season, doubling previous record. The August Complex Fire is now over 1 million on its own, making it a so-called #gigafire. 5 out of the 6 largest fires in recorded CA history started in Aug or Sep. https://***qu","['CA has hit 4 million acres burned this season, doubling previous record. The August Complex Fire is now over 1 million on its own, making it a so-called #gigafire. 5 out of the 6 largest fires in recorded CA history started in Aug or Sep. https://***qu', 'Andrew Yang takes lead in California data privacy measure https://***7P https://***u9', 'What is MIS-A and what does it have to do with Coronavirus? Here’s everything you need to know about this inflammatory syndrome, including symptoms &amp; who is most affected. #Coronavirus #California #Oceanside #Covid19 #COVID19 #pandemic #EmergencyResponse https://***LU', '-']",-,content_A,post
t0994,u3040,2020-09-16 14:05:47+00:00,Wildfire,a***g,"A1. #Wildfire outbreaks have been increasing due to hot &amp; dry conditions by #ClimateChange caused by pollution. Also, urban expansion into wildlands is exposing more people and assets to wildfire. #MMCChat https://***Xb","['A1. #Wildfire outbreaks have been increasing due to hot &amp; dry conditions by #ClimateChange caused by pollution. Also, urban expansion into wildlands is exposing more people and assets to wildfire. #MMCChat https://***Xb', 'Just posted a photo @ Los Angeles, California https://***hN', 'A4b. In addition, government should set aside funds and encourage the creation of programs to assist those who are disadvantaged and economically challenged to help them recover from losses due to #flood, #wildfire and other #naturaldisasters. #MMCChat https://***FO', '-']",-,content_A,post
t0767,u0400,2020-09-08 17:07:01+00:00,Wildfire,m***n,"#bobcatfire Looking above Monrovia Canyon Park, the fire is at the top of Monrovia Canyon near Rankin Peak (left), and at the top of Sawpit Canyon near White Saddle (right) (VIIRS data) https://***4m","['#bobcatfire Looking above Monrovia Canyon Park, the fire is at the top of Monrovia Canyon near Rankin Peak (left), and at the top of Sawpit Canyon near White Saddle (right) (VIIRS data) https://***4m', 'Too close for comfort for another historic observatory in California. https://***Vk', '@a***c Good luck and careful with that fire there’s already a climate crisis ??', '-']",-,content_A,post
t0124,u2473,2018-10-16 05:04:02+00:00,Wildfire,T***E,Tune into #Facebook Live to see TAE Technologies CEO Michl Binderbauer speak with @C***e and @I***g about how #fusionenergy can advance #climate action and transform the planet. 10/16 11:45am Vienna local time. #science #innovation https://***OF,"['Tune into #Facebook Live to see TAE Technologies CEO Michl Binderbauer speak with @C***e and @I***g about how #fusionenergy can advance #climate action and transform the planet. 10/16 11:45am Vienna local time. #science #innovation https://***OF', '@C***1 I rep #Mountain of fire and miracle ministry', ""I don't think I will *ever* receive a more important and inspiring email in my entire life...😢#ExpeditionVolcano #VolcanoOnFire #VolcanoOnTheBrink #BlackInSTEM #AcademicTwitter #BlackHistoryMonth #Blackademic #scicomm https://***9j"", '-']",-,content_A,post
t0058,u1732,2018-08-24 13:21:38+00:00,Wildfire,W***n,"Join us FRI 7 &amp; 21 SEPT! Experience London Wetland Centre after dark, listening to bats and discovering other night-time wildlife. The evening will finish with a cold beer around the campfire. #wildlife #beertime #SummerNights #Campfire https://***BQ","['Join us FRI 7 &amp; 21 SEPT! Experience London Wetland Centre after dark, listening to bats and discovering other night-time wildlife. The evening will finish with a cold beer around the campfire. #wildlife #beertime #SummerNights #Campfire https://***BQ', 'Car fire on I-5 NB ran up the hill into the neighborhood good work by fire crews saved many homes @Q***X @A***V https://***fG', 'Hans Zimmer Scored a Scenic Drive Down a California Highway for Land Rover https://***8M', '-']",-,content_A,post
t1094,u0244,2020-09-23 17:37:42+00:00,Wildfire,G***m,NEW: We’re facing a climate crisis. We need bold action. CA is phasing out the internal combustion engine. By 2035 every new car sold in CA will be an emission free vehicle. Cars shouldn’t give our kids asthma. Make wildfires worse. Melt glaciers. Or raise sea levels.,"['BREAKING: California Gov. Newsom signs executive order ending sales of fossil-fueled cars in the state by 2035.', 'NEW: We’re facing a climate crisis. We need bold action. CA is phasing out the internal combustion engine. By 2035 every new car sold in CA will be an emission free vehicle. Cars shouldn’t give our kids asthma. Make wildfires worse. Melt glaciers. Or raise sea levels.', 'Trump Bucks Climate Science in Wildfire Briefing 🔥 🔭 💲 #thathe https://***Re', '-']",-,content_B,post
t1257,u0315,2020-10-15 09:30:00+00:00,Wildfire,m***g,"Do you think cultural heritage can have threats? The answer is yes! They can be pollution, social/cultural uses of heritage, biological resource use/modification and other human activities, as well as climate change. Unsustainable tourism comes out as the most frequent threat. https://***y3","['Retweet if you think California deserves better than my opponent Kevin McCarthy (R-Moscow).', 'For those of you voting in California, I just published my biannual guide. I used Facebook because most people I want to see it are on there, and also it makes pretty notes. https://***vy', 'Do you think cultural heritage can have threats? The answer is yes! They can be pollution, social/cultural uses of heritage, biological resource use/modification and other human activities, as well as climate change. Unsustainable tourism comes out as the most frequent threat. https://***y3', '-']",-,content_C,post
t0087,u1608,2018-09-20 17:00:14+00:00,Wildfire,N***h,"In 1 hour! #Wildfire Webinar: ""We bring fire with us: the role of people in changing modern U.S. fire regimes."" Presented by @D***h of @C***r Sep. 20, 2-3pm Eastern time. Free registration here: https://***qN #fireecology #environmental #WomenInScience https://***Ul","[""2 weekly followers. 0 unfollowers. Crowdfire doesn't miss a trick -via https://***Yi"", ""@K***e But you can't, can you?😉"", 'In 1 hour! #Wildfire Webinar: ""We bring fire with us: the role of people in changing modern U.S. fire regimes."" Presented by @D***h of @C***r Sep. 20, 2-3pm Eastern time. Free registration here: https://***qN #fireecology #environmental #WomenInScience https://***Ul', '-']",-,content_C,post
t1510,u1089,2020-12-04 01:06:28+00:00,Wildfire,m***u,"Do you believe in miracles? Great to be up on the marquee! Going to fire up The Cap on December 10, 11, &amp; 17 for the Festival of Light 2020! Livestream only. Tickets at https://***ld #HappyHanukkah @A***n @J***i @R***r @e***a @C***e https://***ik","['Congratulations to @P***g on being named a @B***o #InnoOnFire Blazer! As the nation’s leading #carecollaboration platform, this win is well deserved! ?? https://***Q6', 'In 2013 I got a call from @s***t. His gaming startup, Glitch, had failed. He seemed gutted. They had burned through millions and laid off their entire staff. He had an idea he wanted us to help with. A last ditch effort to get his investors money back...', 'Do you believe in miracles? Great to be up on the marquee! Going to fire up The Cap on December 10, 11, &amp; 17 for the Festival of Light 2020! Livestream only. Tickets at https://***ld #HappyHanukkah @A***n @J***i @R***r @e***a @C***e https://***ik', '-']",-,content_C,post
t0792,u2410,2020-09-09 15:17:50+00:00,Wildfire,E***r,The sun has not risen today in the San Francisco Bay Area. It’s completely blocked by #wildfire smoke. I cannot convey how distressing this is. https://***zZ,"['4️⃣ Swing States 5️⃣ Senate Seats 🔥$45 to Fire 45🔥 Match me here: https://***y9 https://***XF', 'The sun has not risen today in the San Francisco Bay Area. It’s completely blocked by #wildfire smoke. I cannot convey how distressing this is. https://***zZ', 'I forgot what @c***i likes from Mex. Fire me as a friend I’m no good.', '-']",-,content_B,post
t0812,u1687,2020-09-09 19:14:03+00:00,Wildfire,j***n,Scenes from around San Francisco where dark orange skies are still blanketing the city and region. This apocalyptic hue is due to a combination of smoke from various wildfires sitting above the marine fog layer. More here on @s***e https://***Ls https://***0y,"['The hero #SF needs right now. Also Batmobile &gt; Oldsmobile. Well played. @ San Francisco, California https://***Mp', 'Wildfires are raging across California. @f***r’s California #Wildfires Recovery Fund will prioritize medium- to long-term recovery, while also making targeted investments in wildfire mitigation &amp; risk reduction. Learn more &amp; donate: https://***k0 #CDP4Recovery', 'Scenes from around San Francisco where dark orange skies are still blanketing the city and region. This apocalyptic hue is due to a combination of smoke from various wildfires sitting above the marine fog layer. More here on @s***e https://***Ls https://***0y', '-']",-,content_C,post
t0180,u1426,2018-11-10 05:11:19+00:00,Wildfire,2***r,-,"['A. O. Smith Recalls 30-Gallon Gas Water Heaters Due to Fire Hazard; Sold Exclusively at Lowe’s https://***yk', 'Here is some information on how to help those affected by the fires in California. c/o @R***9 https://***F1', 'Evacuation order has been made for Malibu. This is from my patio. Let’s hope the winds die down @ Malibu, California https://***aC', '-']",tweet_C,-,retweet
t1363,u2929,2020-10-29 14:48:24+00:00,Wildfire,a***i,"Under @N***o leadership, we are taking a whole-of-government approach on climate risk in NY.??Today’s bold announcement from @L***l &amp; @N***S builds on critical efforts in the insurance and utility sectors that our @N***S, @N***S, @N***A teams are implementing. ?? https://***b8","['Why does the @U***e site have 3rd-party cookies &amp; trackers? Should @P***r sell student &amp; employee data to #Facebook? Do @U***A alumni agree to captured keystrokes? #cybersecurity @A***C @k***l @d***h @U***s @U***a #privacy #hotjar #adtech https://***wF', 'While aquaculture has been historically linked to contributing to environmental damage, it can also be used with the goal to restore and enhance our marine environment. Learn more about #RestorativeAquaculture in California in this webinar on Nov 19: https://***9w https://***SU', 'Under @N***o leadership, we are taking a whole-of-government approach on climate risk in NY.??Today’s bold announcement from @L***l &amp; @N***S builds on critical efforts in the insurance and utility sectors that our @N***S, @N***S, @N***A teams are implementing. ?? https://***b8', '-']",-,content_C,post
t0904,u0897,2020-09-12 19:58:15+00:00,Wildfire,a***d,"new: russia state media, RT, was one of the first ""outlets"" to try to link antifa to wildfires in oregon, helping fuel the baseless theory that antifa starting forest fires https://***C2","['Awesome working with actress Holly Russo. She seems to be ticking all the boxes; actress, fire breather, stunt and fight performer and, last but not least, personal trainer! Keep an eye out! https://***Jx #headshot #headshots #actor #actorslife #actorsheadshot #a... https://***Iq', ""shoutout to every human reading this tweet 2x if you're in california or oregon or washington 3x if you have to take of anyone other than yourself 4x if that someone cannot go to the bathroom by themselves"", 'new: russia state media, RT, was one of the first ""outlets"" to try to link antifa to wildfires in oregon, helping fuel the baseless theory that antifa starting forest fires https://***C2', '-']",-,content_C,post
t1457,u0765,2020-11-22 23:28:34+00:00,Wildfire,S***h,Interested in #Surgery and #ClimateChange? Check out our new paper: Introduction of the Surgical Providers Assessment and Response to Climate Change (SPARC2) Tool: One Small Step Toward Reducing the Carbon Footprint of Surgical Care in @A***y https://***cI,"[""WATCH: I sat down with @B***e to talk about the wildfires and hurricanes America's faced this year, how we have to listen to the scientists, and how we’re fighting to act on the climate crisis and inequality. Tune in: https://***nt"", ""California's Covid curfew to begin as cases surge beyond past peak https://***SK"", 'Interested in #Surgery and #ClimateChange? Check out our new paper: Introduction of the Surgical Providers Assessment and Response to Climate Change (SPARC2) Tool: One Small Step Toward Reducing the Carbon Footprint of Surgical Care in @A***y https://***cI', '-']",-,content_C,post
t1024,u1669,2020-09-16 21:54:43+00:00,Wildfire,J***r,-,"['@M***a: non si erano mai registrate temperature così alte a metà settembre in Ticino. È stata la notte più calda dal 1864. Stamattina siamo stati al Gerenpass (Val Bedretto): a 2700 m i ghiacciai fondevano. #ClimateChange #Clima #CambioClimatice https://***K3', 'Just posted a photo @ West Hollywood, California https://***7u', 'The devastating 1910 wildfires led to forest policies and the creation of the U.S. Forest Service. But will the 2020 wildfires also spark necessary changes to forest, fire and climate policy? https://***Qz', '-']",tweet_C,-,retweet
t1329,u2318,2020-10-25 18:24:00+00:00,Wildfire,C***2,"He is her secret, her irresistible temptation She is his weakness, his fantasy come true A wildfire exposes their secret affair Can they survive the HEAT? All ebooks► https://***eR Amazon► https://***98 #newadult #contemporaryromance #booklovers https://***pr","['Secretary-General @a***s briefs reporters on the signing of a ceasefire agreement by the Libyan parties in Geneva today under the auspices of the United Nations. ""This is a fundamental step toward peace and stability in Libya"" he said. https://***9M', 'He is her secret, her irresistible temptation She is his weakness, his fantasy come true A wildfire exposes their secret affair Can they survive the HEAT? All ebooks► https://***eR Amazon► https://***98 #newadult #contemporaryromance #booklovers https://***pr', 'From The Daily Californian’s Disability Impact Special Issue https://***zh @d***l', '-']",-,content_B,post
t0269,u2957,2018-11-16 22:00:55+00:00,Wildfire,S***e,It was so heartwarming and uplifting to see families united with their pets after the California wildfires. Like this like guy named Mouse. The kids were all smiles showing him off. https://***QV,"['@e***7 You should have plenty of jackets left behind by visitors who thought, “I’m going to California &amp; won’t need a jacket” arrived in NorCal, had to buy one &amp; left it behind.', 'Managed to spitfire my 3MT speech yesterday at my first conference 😅 now to sit back and just enjoy the show on Day 2! @A***e @W***D https://***9v', 'It was so heartwarming and uplifting to see families united with their pets after the California wildfires. Like this like guy named Mouse. The kids were all smiles showing him off. https://***QV', '-']",-,content_C,post
t1449,u1182,2020-11-19 11:32:08+00:00,Wildfire,J***n,An excellent animation outlining the vital work of @f***e researching the very real impacts of #climatechange in Africa and potential adaptations in countries which have contributed least to global emissions. https://***ig,"['A plume of thick smoke has engulfed Kampala. Has democracy become a menace?', 'An excellent animation outlining the vital work of @f***e researching the very real impacts of #climatechange in Africa and potential adaptations in countries which have contributed least to global emissions. https://***ig', '@A***n Everyone’s welcome. We’ve had speakers and attendees from as far East as Pakistan and as West as California.', '-']",-,content_B,post
t1092,u2355,2020-09-23 13:47:32+00:00,Wildfire,G***r,"""Extreme weather events, the rise in sea levels and other challenges associated with the changing climate are threatening to destroy invaluable cultural landmarks"" @B***a https://***N7","['""Extreme weather events, the rise in sea levels and other challenges associated with the changing climate are threatening to destroy invaluable cultural landmarks"" @B***a https://***N7', 'Using @V***e to get ready to vote! #California https://***ag or visit https://***g1 #communitycollege #Election2020 #4MoreYears', 'Thanks to the effort of students like you, faculty and staff, California passed the Harmer Bill (SB 1072), which established EOP at higher learning institutions👏🏽🎓 #celebratingEOPhistory #whoarewe #csuneop #51yearsofeop #educationalopportunityprogram https://***wY', '-']",-,content_A,post
t1322,u0258,2020-10-23 21:55:53+00:00,Wildfire,E***D,"Often untold, the stories of our service members that cross my desk never cease to inspire me. This week, I congratulated two Marines whose quick thinking and selflessness saved an Oregon man’s home from a dangerous wildfire. https://***n9","['Often untold, the stories of our service members that cross my desk never cease to inspire me. This week, I congratulated two Marines whose quick thinking and selflessness saved an Oregon man’s home from a dangerous wildfire. https://***n9', '#savetheplanet #GoGreen @C***A', 'The financial damage and loss from wildfires can be catastrophic. Our co-hosted webinar with Forsite Consultants focuses on how geospatial #AI and #SatelliteData analytics can help assess fire severity and maximize lumber values after a wildfire: https://***WT https://***x8', '-']",-,content_A,post
t0273,u0281,2018-11-17 03:00:05+00:00,Wildfire,U***s,"Air quality in #SF today is the worst ever recorded in the city. Please contact your provider if you experience shortness of breath, wheezing, palpitations, chest pain or other concerning symptoms. https://***pJ #CampFireSmoke","['What is happening in California right now is utterly devastating. More than 600 people are missing. I’m incredibly thankful for the first responders who are working day and night. https://***Ud', 'The number of missing in the #CampFire has increased-- again. It now stands at 1,011. (Important to note: Officials say this is raw data. Many people on the list may be duplicates, etc.)', 'Air quality in #SF today is the worst ever recorded in the city. Please contact your provider if you experience shortness of breath, wheezing, palpitations, chest pain or other concerning symptoms. https://***pJ #CampFireSmoke', '-']",-,content_C,post
t1350,u1596,2020-10-28 10:13:49+00:00,Wildfire,E***K,#BlackHistoryMonth Dip into Chimamanda Ngozi Adichie's inspiring #TEDtalk about the danger of a single story. The speech of the acclaimed Nigerian writer is more powerful than ever when looking at her country's political climate &amp; #EndSARS movement. https://***YL https://***eH,"[""crying because he (california ballottrax) won't text me back https://***1f"", ""#BlackHistoryMonth Dip into Chimamanda Ngozi Adichie's inspiring #TEDtalk about the danger of a single story. The speech of the acclaimed Nigerian writer is more powerful than ever when looking at her country's political climate &amp; #EndSARS movement. https://***YL https://***eH"", ""Congratulations to Connie Cayard McClung, this week's randomly selected #winner of a Light ‘n Go #Bonfire! Thank you to everyone that entered! The next #giveaway will start again on Friday! #campfire #outdoors #family #camping #firepit #fireplace #WINNER #BBQ https://***Oe"", '-']",-,content_B,post
t0872,u0274,2020-09-11 18:15:07+00:00,Wildfire,t***d,#Portland #Oregon right now #wildfires half a million people under evac orders in this state https://***RY,"['“Fire thunderstorms”! This is the morning to get outside to film all your post apocalyptic TikToks. The sky is a sickly orange, ash is falling like snow. My iPhone’s auto white balance keeps taking the orange hue out but it is eerie AF. https://***Pd', '#Portland #Oregon right now #wildfires half a million people under evac orders in this state https://***RY', 'Just spoke with \u2066@C***O\u2069 and was told this is a flare up, but due to the location- no homes are at risk. \u2066@1***s\u2069 https://***Iu', '-']",-,content_B,post
t1429,u1435,2020-11-16 14:01:31+00:00,Wildfire,L***1,"Congratulations to Rachel Waddington, this week's randomly selected #winner of a Light ‘n Go #Bonfire! Thank you to everyone that entered! The next #giveaway will start again on Friday! #campfire #outdoors #family #camping #firepit #fireplace #WINNER #BBQ https://***Vd","['@b***n @B***e do you see the fire looking towards Four Corners from Bozeman?', ""Congratulations to Rachel Waddington, this week's randomly selected #winner of a Light ‘n Go #Bonfire! Thank you to everyone that entered! The next #giveaway will start again on Friday! #campfire #outdoors #family #camping #firepit #fireplace #WINNER #BBQ https://***Vd"", 'Kodak 🌹 ..... if you can’t wait for loading video drop the fire emoji🔥🔥🔥🔥🔥🔥🔥🔥🔥🔥🔥 #Loadingchallenge https://***sA', '-']",-,content_B,post
t1004,u3040,2020-09-16 14:20:22+00:00,Wildfire,a***g,"A3. Governments can reduce the risk of #Wildfires by leveraging #SmartCity technology to detect and report hazards, such as dead trees or underbrush. #Drones can be automatically deployed to fight fires. #MMCChat https://***XY","['Estimate the CO2 emissions of the US wildfires so far.', 'A3. Governments can reduce the risk of #Wildfires by leveraging #SmartCity technology to detect and report hazards, such as dead trees or underbrush. #Drones can be automatically deployed to fight fires. #MMCChat https://***XY', '#bobcatfire The fire yesterday got very close to 643 Cloverleaf Dr, a 1.5 million dollar estate in Monrovia, but it appears that the firebreak held and the fire stayed on the forest side overnight. A very close call for this homeowner https://***gG', '-']",-,content_B,post
t0117,u2230,2018-10-11 15:41:18+00:00,Wildfire,e***r,Simply the best political ad ever made. https://***fX It's time FIRE TED CRUZ. #BetoForTexas,"['Eating late at night affects our #sleep? #CHEST2018 https://***yb', ""Simply the best political ad ever made. https://***fX It's time FIRE TED CRUZ. #BetoForTexas"", 'Swati Garg, a 32-year-old interior designer, died in a fire at Gurugram’s Tulip Orange towers on Monday, 8 October, but not before saving as many lives as possible. Read the full story here: https://***88 https://***Uv', '-']",-,content_B,post
t0017,u2275,2018-08-05 16:05:24+00:00,Wildfire,D***S,#SundayMorning #sunrise... smoke and haze from the #CAfires. Low visibility conditions currently in the park. https://***X7,"['@d***e @g***c @b***t', '. JESUS Walks me- -thru the Water to cleanse me -thru the Fire to purify me -leads me up the Mountain to strengthen me When I am Weak, HE is my KING HE is my EVERYTHING .', '#SundayMorning #sunrise... smoke and haze from the #CAfires. Low visibility conditions currently in the park. https://***X7', '-']",-,content_C,post
t0906,u2128,2020-09-12 22:38:51+00:00,Wildfire,L***d,-,"['Children are particularly susceptible to harm from wildfire smoke. This page from @P***l has an extensive list of resources for health professionals and the general public on how to stay safe and reduce health impacts: https://***Sp https://***cq', 'Hier, je me suis rendu à #BerryCreek, hameau de quelques dizaines d’habitants entièrement détruit par les flammes du #NorthComplexFire pour @F***r #californie #incendies #CaliforniaWildfires https://***Bp', 'Volunteering and donations to help those affected by the Holiday Farm fire @L***d https://***Ne', '-']",tweet_B,-,retweet
t0802,u1387,2020-09-09 17:03:36+00:00,Wildfire,d***n,-,"['Live satellite images of fires and smoke https://***iv', ""@G***s Remember there are 1 million adult vapers in FL that need your support. Don't give in to the zealot groups whose agenda is to keep people smoking! Look at NZ supporting vaping for a smoke free 2025. They are not driven by a zealot agenda and follow science. https://***Ao"", 'California’s fire season could get much worse in the coming days. Intense diablo winds are forecast for parts of Northern California this week. Santa Ana winds are expected Tuesday night in Southern California. https://***UL', '-']",tweet_C,-,retweet
t0814,u1614,2020-09-09 19:45:28+00:00,Wildfire,s***t,"Wildfires + SF weather = #redSF or a preview of life on some planets once we go out among the stars 🚀👨‍🚀🪐🇺🇸. I tried to capture the color, etc., but, as always, the human eye is superior. More photos at https://***E. https://***8g","['In California, golden hour has turned into golden day. The sky is red from all the relentless fires.', 'Wildfires + SF weather = #redSF or a preview of life on some planets once we go out among the stars 🚀👨🚀🪐🇺🇸. I tried to capture the color, etc., but, as always, the human eye is superior. More photos at https://***E. https://***8g', '#bobcatfire now burning the heart of the San Gabriel Wilderness between Devils Canyon (left), Bear Creek (right), just south of Twin Peaks, one of the most remote and pristine nature areas of SoCal and home to many bears, mountain lions and big horned sheep https://***PT', '-']",-,content_B,post
t0080,u1608,2018-09-17 17:00:22+00:00,Wildfire,N***h,"Upcoming #Wildfire Webinar this Thur. Sep. 20: ""We bring fire with us: the role of people in changing modern U.S. fire regimes."" Presented by @D***h of @C***r Sep. 20, 2-3pm Eastern time. Free registration here: https://***qN #fireecology https://***4F","['Special 🚨: tonight for dinner only @g***n. Green chili smash burger! 😱 Fire roasted chilies, provolone cheese, sautéed onions, garlic aioli and ✌🏼beef patties on our home made duck... https://***Db', 'China Should Match California’s Effort to Slow Climate Change https://***Wk', 'Upcoming #Wildfire Webinar this Thur. Sep. 20: ""We bring fire with us: the role of people in changing modern U.S. fire regimes."" Presented by @D***h of @C***r Sep. 20, 2-3pm Eastern time. Free registration here: https://***qN #fireecology https://***4F', '-']",-,content_C,post
t0281,u1820,2018-11-18 18:44:14+00:00,Wildfire,K***n,How Misguided Environmentalism Is To Blame For California's Wildfires https://***Ae,"['Stop by our booth and visit us this weekend at the GFAF Expo in San Mateo, CA! See you there! . . . #goveggiefoods #healthiercheese #gfafexpo #glutenfree #california #goveggiecheese #goveggie #allergenfriendly https://***0Q', ""How Misguided Environmentalism Is To Blame For California's Wildfires https://***Ae"", 'Every ancestral spirit of poverty lose your grip in Jesus name,I am free in Jesus name,that evil worker working against my prosperity,catch fire in Jesus name.....#ApostolicAndPropheticService @c***a', '-']",-,content_B,post
t1435,u1115,2020-11-16 21:29:57+00:00,Wildfire,a***y,excited to see the Backed by Braid projects coming to life. Check out Jack's latest video about the Wildfire Relief Photo Project here: https://***bH https://***Am,"[""BREAKING: Republican Young Kim wins election to U.S. House in California's 39th Congressional District, beating incumbent Rep. Gil Cisneros. #APracecall at 5:36 p.m. PST. #Election2020 #CAelection https://***T4"", 'Who fuels the economic fire of Colorado? #BoomtownAlum @C***a was recognized as a Colorado Company to Watch in 2020. https://***tg #StartupAccelerator #ColoradoTech https://***Qa', ""excited to see the Backed by Braid projects coming to life. Check out Jack's latest video about the Wildfire Relief Photo Project here: https://***bH https://***Am"", '-']",-,content_C,post
t0978,u0742,2020-09-15 14:32:59+00:00,Wildfire,w***n,How climate change 'exacerbates' wildfires in the American West https://***qm @N***r,"[""1/ Shakespearean sonnet about the #wildfires. You might like this @P***a and @C***s: As folks moved west to California's dream its two-named city-states both drew a crowd. Love fog? SF. Love heat, beach, and sunbeam? LA. Yet both loved one thing not shared 'loud."", ""How climate change 'exacerbates' wildfires in the American West https://***qm @N***r"", 'Understand what’s fueling our global fire crisis so we can start to break the cycle! https://***Ke', '-']",-,content_B,post
t1075,u1435,2020-09-21 15:05:21+00:00,Wildfire,L***1,"Congratulations to Alyssa Stiller, this week's randomly selected #winner of a Light ‘n Go #Bonfire! Thank you to everyone that entered! The next #giveaway will start again on Friday! #campfire #outdoors #family #camping #firepit #fireplace #WINNER #BBQ https://***sR","[""Congratulations to Alyssa Stiller, this week's randomly selected #winner of a Light ‘n Go #Bonfire! Thank you to everyone that entered! The next #giveaway will start again on Friday! #campfire #outdoors #family #camping #firepit #fireplace #WINNER #BBQ https://***sR"", ""Teachers across DC noticed their students' home smoke detectors had low batteries and were chirping during virtual classes. Now, the fire dept. is working to ensure families have working smoke detectors at home. https://***Ro"", ""Artists looking for beats make sure to check out some of my beats on https://***x. Or just DM me and we i'll make some fire for you! #needbeats #ineedbeats #beats #music #musicproduction #musicproducer #trap #hiphop"", '-']",-,content_A,post
t0170,u2886,2018-11-09 01:23:35+00:00,Wildfire,R***s,Just a little visual reminder of what our neighbors are facing with the #CampFire... #CampFireJamesWoods https://***Ia,"['Just a little visual reminder of what our neighbors are facing with the #CampFire... #CampFireJamesWoods https://***Ia', 'Gang 😎 @ Los Angeles, California https://***5U', 'Thousand Oaks Police in Southern California are identifying the shooter. #Borderline #MassShooting https://***Pm', '-']",-,content_A,post
t1398,u0012,2020-11-08 02:00:55+00:00,Wildfire,h***_,"Good morning from Asia! After days of waiting, we all woke up with a start lol. Major reaction on the Chinese internet where Trump's loss is spreading like wildfire https://***GQ #USElectionResults2020 @j***5 @n***g","[""Good morning from Asia! After days of waiting, we all woke up with a start lol. Major reaction on the Chinese internet where Trump's loss is spreading like wildfire https://***GQ #USElectionResults2020 @j***5 @n***g"", ""#KamalaHarris, the Vice President-elect of the US made history as the first Black woman &amp; the first person of South Asian descent. Harris also served as San Francisco's district attorney &amp; California's attorney general. So, what else makes Harris special? #NewsMo #Vertical #RE https://***t0"", 'Remote procedure by a London-based surgeon on a Californian banana! 🍌👨⚕️ #IoT #5G #MedicalTechnology #future #AI #ML #VR #AR #innovation #SmartCity https://***8d', '-']",-,content_A,post
t0218,u1022,2018-11-12 03:10:08+00:00,Wildfire,J***n,Dume Drive. #woolseyfire #malibu #malibufire #malibustrong @ Point Dume https://***cy,"['Dume Drive. #woolseyfire #malibu #malibufire #malibustrong @ Point Dume https://***cy', '@F***t check out the voters addresses and if real voters live there, thats how they screwed the voters/election in California!!!!', 'Trying to get my mind off of this fire and snuggling with my niece. We are all safe and that’s all that matters https://***d6', '-']",-,content_A,post
t0825,u1288,2020-09-10 02:37:44+00:00,Wildfire,l***s,"Dear @n***s, this isn't a ""nuclear winter."" The term you're looking for is ""climate change."" Which you failed to mention *once* in this article. We don't need bad metaphors. We need factual reporting. Sincerely, Californians. https://***6d","['Dear @n***s, this isn\'t a ""nuclear winter."" The term you\'re looking for is ""climate change."" Which you failed to mention *once* in this article. We don\'t need bad metaphors. We need factual reporting. Sincerely, Californians. https://***6d', ""Acute problems everywhere in the world are like never before. #pandemic, #wildfires, #floods, #war, #crime, #shootings, #racism, #terrorism, #USElection2020, #Cybercrimes. Is this any indication of world's self destruction? #endoftheworld"", '8 am on Mars #fireseason #firefog @ Sausalito, California https://***cK', '-']",-,content_A,post
t1519,u2817,2020-12-06 23:03:56+00:00,Wildfire,S***c,A Special Thanks to Andy Greene and @R***e (who also did my original Traces interview) for this most recent opportunity to talk about my inspiration for stripping the “Traces” songs down to the “campfire test.” Listen while reading here: https://***JH,"['Just posted a video @ Santa Monica, California https://***JX', 'A Special Thanks to Andy Greene and @R***e (who also did my original Traces interview) for this most recent opportunity to talk about my inspiration for stripping the “Traces” songs down to the “campfire test.” Listen while reading here: https://***JH', '@P***r Thank you Pat. Lost my home (and entire neighborhood) in a wildfire in September. Sadly, this is now a ""thing"".', '-']",-,content_B,post
t0053,u1864,2018-08-23 00:18:41+00:00,Wildfire,G***F,Verizon throttled 'unlimited' data of Calif. fire department during Mendocino wildfire https://***sz,"['Richard Di Natale\'s speech in the Senate just now was straight fire ""We have kids in a catatonic state because they had given up hope, locked away in those offshore hellholes. What is the Liberal Party doing? Focusing on vengeance, on payback. Focusing on themselves."" https://***oc', ""Verizon throttled 'unlimited' data of Calif. fire department during Mendocino wildfire https://***sz"", 'There is nothing insignificant in the world. It all depends on the point of view. . #MoMaSF 📽 . . #sanfrancisco #frisco #california #cali #moma #art #goethe #pov #artgallery #quote... https://***xR', '-']",-,content_B,post
t1048,u0360,2020-09-18 16:01:23+00:00,Wildfire,E***w,"Great follow up piece today on microgrids by my colleagues @g***g and Jeff Stanfield to the wildfires/grid instability story we wrote earlier this week. In summer of darkness, distributed energy offers brighter future for US West @S***l https://***6c","['I just backed Meat Project: A Backyard Fire Cooking Zine on @K***r https://***S4', '@i***a YES. I found #fire first. New to #moneytwitter, but LOVING it so far.', 'Great follow up piece today on microgrids by my colleagues @g***g and Jeff Stanfield to the wildfires/grid instability story we wrote earlier this week. In summer of darkness, distributed energy offers brighter future for US West @S***l https://***6c', '-']",-,content_C,post
t0040,u0333,2018-08-16 02:10:33+00:00,Wildfire,d***a,"""There is a broad effort to deny the science of climate change and its links to the horrible wildfires in California, and it’s just not accurate"" https://***LC","['While California continues its push for environmental justice, renewable energy job growth is soaring in Minnesota and corporate clean energy purchases have shot through the roof! #Top3CleanEnergy H/T @M***s @U***A @E***l @c***n @c***r https://***el', '""There is a broad effort to deny the science of climate change and its links to the horrible wildfires in California, and it’s just not accurate"" https://***LC', 'It has been a horrific fire season here in California. There was a fire not too far from here, between Vacaville and Fairfield, and these heroic police officers risked their lives to save these animals from the shelter. All survived. https://***mR', '-']",-,content_B,post
t1523,u3220,2020-12-07 18:33:07+00:00,Wildfire,A***e,"With support for over 40+ data types, GeoFOCIS has multiple built-in tools to help analyze data for any natural disaster. AEVEX will be demonstrating GeoFOCIS hardware and software at the Wildfire Management Summit December 9-11. Register at https://***Tg https://***dd","['Gobernador de #BajaCalifornia da positivo #COVID19 https://***eX', '#Cancer #cancerresearch #cancerawarenessday #Health #firefighters #EMS #FIRE #FIRSTRESPONDERS https://***LP', 'With support for over 40+ data types, GeoFOCIS has multiple built-in tools to help analyze data for any natural disaster. AEVEX will be demonstrating GeoFOCIS hardware and software at the Wildfire Management Summit December 9-11. Register at https://***Tg https://***dd', '-']",-,content_C,post
t0943,u1595,2020-09-14 17:43:03+00:00,Wildfire,C***k,The entire Bay Area is suffering from Unhealthy air quality today. The forecast is similar tomorrow. Please limit outdoor activities and follow safety guidelines. #CaliforniaFires #WestCoastFires Safety tips at https://***XD https://***zs,"['The entire Bay Area is suffering from Unhealthy air quality today. The forecast is similar tomorrow. Please limit outdoor activities and follow safety guidelines. #CaliforniaFires #WestCoastFires Safety tips at https://***XD https://***zs', 'Wildfires Have Rendered Our World Unrecognizable https://***qK via @c***e', 'Stark new imagery reveals the scary extent of West Coast wildfires https://***iV', '-']",-,content_A,post
t0113,u2330,2018-10-10 12:21:58+00:00,Wildfire,n***e,-,"['The National Fire Protection Association (@N***A) is considering requiring mobile technology allowing firefighters to reach drivers directly in their vehicles. Enter stage right, #SeamlessIoT alumni startup from Chicago - @h***t. Read here for more: https://***M. https://***UU', ""California Association for Medical Laboratory Technology East Bay Chapter presents New Frontiers in Medical Laboratory Technology 2018 6 CEU's can be acquired at this event Preregistration ends Oct. 30th at noon https://***0V"", 'New @U***N report calling for a price on #carbon to the tune of $135 to $5,500 per ton by 2030. That could add as much as $45 to your average pair of shoes. Raises questions of #equity. #ClimateChange https://***bR', '-']",tweet_C,-,retweet
t1408,u2588,2020-11-10 17:54:33+00:00,Wildfire,e***7,This helps #citizenscience fight climate change in Latin America and the Caribbean! Find out more here: https://***4P #ClimateAction #ClimateActionNow #climatechange #earthcharter #international #inspiration https://***IY,"[""Good morning from Asia! After days of waiting, we all woke up with a start lol. Major reaction on the Chinese internet where Trump's loss is spreading like wildfire https://***GQ #USElectionResults2020 @j***5 @n***g"", 'This helps #citizenscience fight climate change in Latin America and the Caribbean! Find out more here: https://***4P #ClimateAction #ClimateActionNow #climatechange #earthcharter #international #inspiration https://***IY', 'That good ski season is coming back in Southern California! https://***sa', '-']",-,content_B,post
t0815,u1025,2020-09-09 20:21:45+00:00,Wildfire,T***F,-,"['Smoke filling the air again at the #ValleyFire. This hillside off of Lyons Valley Road that already burned has flared back up. The #RedFlagWarning was canceled this afternoon, but still some gusty wind in the area. @1***s https://***1u', '#bobcatfire Southwest fire front overlaid with USFS map of the area (shows Sturtevant camp, Chantry flats, Arcadia) https://***mJ https://***BX', 'Mood: Realizing the dog no longer smells like campfire or wet dog (it was a long week waiting for this moment) https://***t9', '-']",tweet_C,-,retweet
t1567,u1782,2020-12-15 21:41:22+00:00,Wildfire,M***o,A Portland restaurant owner critical of antifa’s mass vandalism on Sandy Blvd. had his business burned down shortly after making the comments. Now investigators are saying the fire was an arson attack. This is the surveillance video: https://***GO,"['If you’re an artist in UGANDA and you can’t plea to ask your so called “police” to free your fellow artists, YOU are bitter, jealous and envious. No cap. There’s something called SHOWMANSHIP. This is not the time to pour fuel to fire when peoples lives are at stake', 'A Portland restaurant owner critical of antifa’s mass vandalism on Sandy Blvd. had his business burned down shortly after making the comments. Now investigators are saying the fire was an arson attack. This is the surveillance video: https://***GO', 'Live updates: Biden secures his win over Trump as California’s electoral votes put president-elect over the top https://***kI', '-']",-,content_B,post
t1500,u1757,2020-12-02 17:46:47+00:00,Wildfire,a***f,@a***n @s***t Why do you think Slack worked where Hipchat and Campfire failed?,"['@H***E plans to move its headquarters from San Jose, #California, to Houston, #Texas. The news came amidst the company’s Q4 2020 report where it reported $7.2bn in revenue - the same as last year - and net earnings of $157m. https://***qb https://***mI', '@a***n @s***t Why do you think Slack worked where Hipchat and Campfire failed?', ""On 12/3 – Join Lynx's own Aric Perminter and Gina Mahin for Our ISE Cocktails &amp;Conversations on A Ceasefire in the War Between IT and Security Operations – RSVP Requested https://***Vb https://***P0"", '-']",tweet_C,content_B,reply
t1472,u0224,2020-11-23 23:16:57+00:00,Wildfire,I***t,Read the latest in our 20 Critical Question Series - What directors should ask about ESG Has the organisation released any statements about its commitment to tackling climate change and helping to end poverty and other deprivations? https://***eS https://***lr,"['Read the latest in our 20 Critical Question Series - What directors should ask about ESG Has the organisation released any statements about its commitment to tackling climate change and helping to end poverty and other deprivations? https://***eS https://***lr', 'New Episode of Lessons from Legends out today. Faith in the Life of Reinhard Bonnke will encourage and inspire you. Check out full episode at https://***b2 @ Redlands, California https://***Vl', 'Glad to see Germany joining California in taking this important step towards gender equality. Now Germany will also enjoy the significant progress we have made here since my SB 826 went into effect. https://***Yz', '-']",-,content_A,post
t0914,u0964,2020-09-13 07:36:50+00:00,Wildfire,a***z,Death toll rises in US as wildfires continue in West Coast states https://***ah,"['No. #WAwildfires #seattlesmoke https://***nc', 'Death toll rises in US as wildfires continue in West Coast states https://***ah', 'Let’s all stop calling them “wildfires” out West. They are CLIMATE FIRES. It’s a climate EMERGENCY.', '-']",-,content_B,post
t0072,u2816,2018-09-10 16:13:03+00:00,Wildfire,A***T,"#IoT doesn't have to be a confusing, hyper-technical field. This article is a step-by-step guide for prototyping a #smartoffice climate monitoring system with the #BME280 sensor. Learn about #IoT in a fun, simple way. Technical skills *not* required: https://***nd","['@E***a @c***7 @e***9 @D***G @s***x @D***r @s***s @B***a @S***o @R***O @w***n @R***5 @a***e @g***s @a***c @M***a @S***e https://***oI', ""#IoT doesn't have to be a confusing, hyper-technical field. This article is a step-by-step guide for prototyping a #smartoffice climate monitoring system with the #BME280 sensor. Learn about #IoT in a fun, simple way. Technical skills *not* required: https://***nd"", ""@L***s @A***l @r***w The seagulls and I will be in touch. I'll miss your spirit. At least you know you'll have a fan reading from California. 💙"", '-']",-,content_B,post
t1324,u0933,2020-10-24 00:59:30+00:00,Wildfire,e***e,-,"['@C***D We’re spending a couple weeks here anyway. And there aren’t many concerns about problems at voting sites in California (especially given that everyone was sent a mail-in ballot).', '@A***e @A***l @P***e is my Swiss Army knife. So simple. So powerful.', 'Cuéntanos sobre tu experiencia en #DSGOVirtual para ganar la posibilidad de un boleto a DSGO2021 en California o en Europa https://***ud', '-']",tweet_C,-,retweet
t1019,u1888,2020-09-16 17:33:15+00:00,Wildfire,p***y,"Thank you to all of the amazing firefighters who are battling California's wildfires. Archival Image: Dayton Street (Pasadena, CA) Firehouse, 1890s (Main Photo Collection, D5-F1-12) #Heroes #firefighters https://***4O","['Just posted a photo @ West Hollywood, California https://***3v', ""Proud to be listed among so many other folks doing great work! Meet Colorado's 2020 Inno on Fire https://***YQ via @C***o"", ""Thank you to all of the amazing firefighters who are battling California's wildfires. Archival Image: Dayton Street (Pasadena, CA) Firehouse, 1890s (Main Photo Collection, D5-F1-12) #Heroes #firefighters https://***4O"", '-']",-,content_C,post
t0189,u0869,2018-11-10 13:27:30+00:00,Wildfire,f***s,The gunman accused of opening fire at a California bar was reportedly posting to social media before and during the massacre https://***pP,"[""@L***e @L***e Hello Rob. I noticed an unusual activity on Jimmy's account. Maybe it's internal events at @T***e I also had information that says Jimmy is in the hospital ... have the opportunity to inform us. Also in PM .."", ""I'm catching smoke 270 miles SE. https://***AR"", 'The gunman accused of opening fire at a California bar was reportedly posting to social media before and during the massacre https://***pP', '-']",-,content_C,post
t0882,u0827,2020-09-11 22:00:46+00:00,Wildfire,p***s,-,"['Air quality in the Bay Area is currently ""Very Unhealthy"" due to wildfire smoke. For the latest Smoke Outlook, visit https://***hf https://***iE', 'Fire Up the Grill and Enjoy a Grilled New York Strip Steak! #grillmaster #berkotssuperfoods #stripsteak #fireupthegrill https://***c3', 'Very excited to work with @b***n again &amp; for California students to benefit from his expertise https://***YK', '-']",tweet_B,-,retweet
t1550,u0494,2020-12-12 10:04:07+00:00,Wildfire,S***t,The latest The Sick Kids Save Point week! https://***wX Thanks to @s***e #ps5 #thegameawards,"[""Strongly urge everyone in California to sign up for this. It's completely secure and could be a critical tool in the next few months as the virus continues to surge. If you use an iPhone, it's super easy. It's already built in and you just need to turn it ON in the settings. https://***SR"", 'The latest The Sick Kids Save Point week! https://***wX Thanks to @s***e #ps5 #thegameawards', ""It's an extreme honor to have co-authored California's first-ever Surgeon General's Report, published today, focusing on Adverse Childhood Experiences and life-long health impacts. Join tomorrow's webinar at noon PT to be briefed on our key findings: https://***l. https://***8O"", '-']",-,content_B,post
t1422,u3012,2020-11-12 18:09:49+00:00,Wildfire,d***m,-,"['Firefighters helping one of their own deal with tragedy: he responded to a fire at his own house and was unable to save his wife, who died inside. Stories at 4/6/7 on @N***6, and we’ll show you how you can help. @M***e https://***SR', ""#UWCSEA Dover's FIB students recently participated in an action-packed outdoor education adventure with an Amazing race and Film festival! They visited the High School roof's solar panels, did a high ropes course, kayaked in the pool, learn to start a fire and so much more! Wow! https://***7r"", 'Yeah thats definitely vape smoke. Internal electronic smoke would be thick and black.', '-']",tweet_C,-,retweet
t0241,u1208,2018-11-14 00:30:06+00:00,Wildfire,T***n,This morning I visited the #WoolseyFire command post in Camarillo with @V***E Superintendent Stan Mantooth. Thank you to the thousands of firefighters and first responders from throughout the state that are working around the clock to contain this tragic wildfire. https://***ty,"['Reporter @r***n followed Tamara and Seth Roberts as they went back to their neighborhood in Paradise, CA after it was ravaged by the #CampFire. Within the rubble, they found destruction, but also hope: https://***Zm https://***LJ', ""Updates on the wildfire in Paradise, CA affecting Mr. Kessler's school, Paradise Intermediate. https://***dN"", 'This morning I visited the #WoolseyFire command post in Camarillo with @V***E Superintendent Stan Mantooth. Thank you to the thousands of firefighters and first responders from throughout the state that are working around the clock to contain this tragic wildfire. https://***ty', '-']",-,content_C,post
t0956,u0400,2020-09-14 20:32:16+00:00,Wildfire,m***n,#bobcatfire burning up the western slope of Big Santa Anita Canyon towards Chantry Flat and Mt. Wilson this afternoon https://***q8,"['I just took the battery out of my smoke detector, because I don’t want to panic.', '#bobcatfire burning up the western slope of Big Santa Anita Canyon towards Chantry Flat and Mt. Wilson this afternoon https://***q8', 'Pandemic, Wildfires &amp; Heat Wave: Undocumented Farmworkers Face “Triple Threat” as West Coast Burns https://***xd via @d***w', '-']",-,content_B,post
t1388,u2269,2020-11-04 20:38:55+00:00,Wildfire,m***n,"@h***s That's a bold defence Huw, what with climate change emerging under liberal political orthodoxy, and continuing to happen without sufficient response. Really don't think climate change gets claimed as a win in the liberalism column.","['Just posted a photo @ Livermore, California https://***8B', ""@h***s That's a bold defence Huw, what with climate change emerging under liberal political orthodoxy, and continuing to happen without sufficient response. Really don't think climate change gets claimed as a win in the liberalism column."", 'i never wanna see y’all say texas is better than california on this app ever again. idc if the houses cost $2', '-']",tweet_A,content_B,reply
t1528,u0891,2020-12-08 08:06:12+00:00,Wildfire,c***r,The element that is common across all scenarios in the ensemble is the increase in numbers exposed to very warm heat waves. This will be the future for urban Africa unless the world embraces more dramatic changes to climate forcing activities than presented our scenarios. 7/7,"['The element that is common across all scenarios in the ensemble is the increase in numbers exposed to very warm heat waves. This will be the future for urban Africa unless the world embraces more dramatic changes to climate forcing activities than presented our scenarios. 7/7', ""It's a crazy windy day in Ventura. Trees are getting ripped out by the roots. A wildfire is burning one town away. Apparently the #CornellFire is basically contained after burning nearly 200 acres. Fire is extra scary on a windy day. https://***9W"", 'Biden Picks @X***a to Lead Health &amp; Human Services @H***v. Becerra, the California attorney general has carved out a profile on the issues of criminal justice, immigration &amp; tax policy and if confirmed will play a key role in pandemic response. https://***PY', '-']",tweet_A,content_A,reply
t0095,u3104,2018-09-25 21:07:59+00:00,Wildfire,P***r,Commissioner Jones from California Department of Insurance is increasing requirements on insurance companies to prepare for climate change: planning for transition risks; considering where they invest etc. @P***s @V***s,"['So who uses the most water in California? Cows! http://***MX', 'Plantas de energías solares con almacenamiento de energía, ubicadas en California límite con Nevada. https://***7y #energíasolar https://***FR', 'Commissioner Jones from California Department of Insurance is increasing requirements on insurance companies to prepare for climate change: planning for transition risks; considering where they invest etc. @P***s @V***s', '-']",-,content_C,post
t1134,u0026,2020-09-29 12:49:08+00:00,Wildfire,G***1,CENOGRID... ..a historical climate walk through our 66mm yr history. A window into our future. #ClimateChange #ESG #SDGs #ImpactInvesting @I***n https://***NM,"['CENOGRID... ..a historical climate walk through our 66mm yr history. A window into our future. #ClimateChange #ESG #SDGs #ImpactInvesting @I***n https://***NM', ""@S***y @S***N Yes, it is your 'last place of legal residency' with all the various rules that apply to that. I specifically spent time during the summer before moving reestablishing my U.S. residency at my parent's place in Wisconsin because I felt I had far more ties there than California."", 'California is literally burning. heart-breaking.', '-']",-,content_A,post
t0271,u1428,2018-11-17 00:53:30+00:00,Wildfire,R***w,"CALIFORNIA WILDFIRE CLAIMS (fire, smoke, soot, ash, etc.). If you and/or your family have sustained any damages as result of Woolsey Fire, Thousand Oaks Fire, Malibu Fire, or any other Fire in California, call us... https://***Jt","['This morning, Northern California has the worst air quality in the entire world. https://***fQ', 'CALIFORNIA WILDFIRE CLAIMS (fire, smoke, soot, ash, etc.). If you and/or your family have sustained any damages as result of Woolsey Fire, Thousand Oaks Fire, Malibu Fire, or any other Fire in California, call us... https://***Jt', 'Topical Q from earlier this week: In a forest fire, do the burning embers get sucked up into the sofit vents, and into the attic? CR4 argues over how wildfires spread. Read and join in here: https://***7C', '-']",-,content_B,post
t1005,u2821,2020-09-16 14:24:27+00:00,Wildfire,A***a,-,"['El uso de las mascarillas podría generar inmunidad al covid-19, según estudio de la Universidad de California https://***Kh', '@M***P You are likely seeing the William Fire. As weather conditions continue to warm and dry more smoke will be visible from the fire.', ""Join BTG next Tuesday for our virtual discussion of @D***6 and @n***l's new book, Adaptation Under Fire with @L***A, Karl Mueller, @K***e, and @J***r! https://***o3 https://***Bx"", '-']",tweet_A,-,retweet
t1477,u1250,2020-11-25 01:44:04+00:00,Wildfire,ev,"“Given the right resources, and political will to match, we could be mostly decarbonized by 2030–2035, and close to pushing the very ambitious schedule required at this point to hit a 1.5 degree C (2.7 F) climate target.” — Saul Griffith https://***eq","['Chris Lindsay explains what a Fire Weather network is, how it differs from a Meteorological network, how it can benefit wildfire/bushfire operations and what other applications there are for the data it provides. Listen now at https://***e9 #fireweather #firemanagement', '“Given the right resources, and political will to match, we could be mostly decarbonized by 2030–2035, and close to pushing the very ambitious schedule required at this point to hit a 1.5 degree C (2.7 F) climate target.” — Saul Griffith https://***eq', 'Mt. Shasta from US 97 in Northern California #trucking #mountain #california #photography https://***ZN', '-']",-,content_B,post
t0786,u1805,2020-09-09 10:02:56+00:00,Wildfire,m***n,"Escalation of devastating #wildfires, smoke &amp; surface #airpollution across entire western US with very high levels of surface PM2.5 for the coming days. @C***F Atmosphere Monitoring Service @E***F forecast initialized 9 Sept at 00 UTC visualized by @w***t https://***1w","['California is beta testing the apocalypse.', 'Escalation of devastating #wildfires, smoke &amp; surface #airpollution across entire western US with very high levels of surface PM2.5 for the coming days. @C***F Atmosphere Monitoring Service @E***F forecast initialized 9 Sept at 00 UTC visualized by @w***t https://***1w', 'September is #NationalPreparednessMonth! There are excellent tips on how to prepare for hurricanes, wildfires, and other disasters at https://***kw', '-']",-,content_B,post
t0983,u3040,2020-09-15 18:53:44+00:00,Wildfire,a***g,"Join me in our #MMCChat on 9/16 at 10AM EDT on the state of natural catastrophes, #risk and resilience featuring @S***g, @d***c, @C***3, @A***2, @T***y, @T***d and @P***y. #wildfire #naturaldisaster https://***ym","['A majestic bird in a tree filled with trash, in a creek filled with sewage, in sunlight filtered through wildfire smoke. https://***D7', 'Join me in our #MMCChat on 9/16 at 10AM EDT on the state of natural catastrophes, #risk and resilience featuring @S***g, @d***c, @C***3, @A***2, @T***y, @T***d and @P***y. #wildfire #naturaldisaster https://***ym', 'I am broadcasting a live show of my new album, MMXX from Big Sur on Sept 16th to support California wildfire relief. Come join me for a one night ambient experience this Wednesday at 8PM on Headliner. Tickets here: https://***XV https://***yD', '-']",-,content_B,post
t0822,u2882,2020-09-10 01:50:17+00:00,Wildfire,1***i,-,"['Signal boosting these resources from the State of California for tenants, landlords, and homeowners to know what protections for them are in place around the state. https://***ij', '#bobcatfire Southwest fire front overlaid with USFS map of the area (shows Sturtevant camp, Chantry flats, Arcadia) https://***mJ https://***BX', 'NEW: Major League Baseball is planning four postseason ""bubbles"" in Texas and California beginning with the divisional rounds. First round games are expected to be played at home ball parks, a source tells me. https://***Ju', '-']",tweet_C,-,retweet
t0745,u0478,2020-09-06 19:31:19+00:00,Wildfire,K***r,"California wildfires - they've always existed, but the trend is not favorable Source: Cal Fire https://***Np https://***NK","[""Professor Greg Patton was suspended by the University of Southern California for the crime of pronouncing a non-English word correctly. Have any of Patton's USC colleagues spoken up in his defence?"", 'San Francisco hit 93F by 1145am this morning, breaking the previous record of 92 set in 1904 before stopping for lunchtime! Now how hot will we be by dinner? #cawx', ""California wildfires - they've always existed, but the trend is not favorable Source: Cal Fire https://***Np https://***NK"", '-']",-,content_C,post
t1175,u1528,2020-10-05 00:04:59+00:00,Wildfire,m***4,"@m***w Political agendas should not determine mathematicians' ability to explore ways to improve the teaching of math to all people and the understanding of all math including climate science, the spread of diseases, and equitable voting.","['@d***e @N***e We will!', '🆙 @ Los Angeles, California https://***zC', ""@m***w Political agendas should not determine mathematicians' ability to explore ways to improve the teaching of math to all people and the understanding of all math including climate science, the spread of diseases, and equitable voting."", '-']",tweet_C,content_C,reply
t0871,u2976,2020-09-11 15:07:18+00:00,Wildfire,c***t,"La strategia aerea di @C***E per fronteggiare il record di incendi che hanno colpito la California, descritta dal notevole lavoro editoriale di @R***s. https://***Wz","['On 9/11, we mourn the nearly 3,000 lives lost, and honor the bravery of our first responders who rushed in to save lives. Our first responders continue to be our heroes today, fighting to save lives from deadly CA wildfires. Thank you for your service &amp; sacrifice. #NeverForget https://***E4', 'La strategia aerea di @C***E per fronteggiare il record di incendi che hanno colpito la California, descritta dal notevole lavoro editoriale di @R***s. https://***Wz', 'Dear @n***s, this isn\'t a ""nuclear winter."" The term you\'re looking for is ""climate change."" Which you failed to mention *once* in this article. We don\'t need bad metaphors. We need factual reporting. Sincerely, Californians. https://***6d', '-']",-,content_B,post
t0869,u0643,2020-09-11 14:30:49+00:00,Wildfire,P***t,"Après le #CreekFire pendant deux jours, me voici sur le #NorthComplexFire, à côté de la ville d'Oroville. 10 personnes sont mortes dans l'incendie, au moins 16 toujours portées disparues #Californie #wildfires","[""Après le #CreekFire pendant deux jours, me voici sur le #NorthComplexFire, à côté de la ville d'Oroville. 10 personnes sont mortes dans l'incendie, au moins 16 toujours portées disparues #Californie #wildfires"", ""After spending months studying air filtration for #Masks4All, unfortunately I now need that expertise again - because much of the US is on fire and the air quality is awful. 😢 If you're suffering, I explain here how you can get relief. 1/ https://***BL"", ""Don't miss today's event with Women in Technology at UCI - a virtual panel discussion with @U***T technology leaders and @U***s faculty discussing challenges and opportunities of work in our remote world. Registration: https://***eh"", '-']",-,content_A,post
t1274,u3107,2020-10-16 18:15:09+00:00,Wildfire,a***g,"Where I live there's a spectacular gradient of climate &amp; vegetation extending from tundra on the Continental Divide (13,000 ft / 4 km) to semi-arid grassland around cities (5,000 ft / 1.5 km) where 5 million people live. In the past decade, wildfire has burned the entire thing! https://***oF","['As E Don Be Now, NA FIRE FOR FIRE. #EndSARS', 'Today we welcome Sika Zheng, University of California Riverside, School of Medicine Division of Biomedical Sciences, presenting “The Curious Cases of Neural-Specific Splicing Code” at noon for our virtual seminar series. Zheng Lab: https://***3Y https://***L3', ""Where I live there's a spectacular gradient of climate &amp; vegetation extending from tundra on the Continental Divide (13,000 ft / 4 km) to semi-arid grassland around cities (5,000 ft / 1.5 km) where 5 million people live. In the past decade, wildfire has burned the entire thing! https://***oF"", '-']",-,content_C,post
t1126,u2416,2020-09-28 19:16:55+00:00,Wildfire,B***d,Logging is not the solution to wildfires or climate change https://***5a,"['Logging is not the solution to wildfires or climate change https://***5a', 'The first time I traveled to #america, I drove a car through the #california #desert to go from #losangeles to #sandiego. Today, I found this lovely image and my mind went there. https://***OA', 'It’s a BOY!!!! 💙💙💙💙 @j***o @m***r @ Los Angeles, California https://***5Z', '-']",-,content_A,post
t1268,u2963,2020-10-16 14:13:11+00:00,Wildfire,e***e,-,"['?? California #voters: Beware of unofficial illegal ballot drop boxes! #California Republicans have NOT stopped placing their unlawful, insecure boxes around the state. #Vote only at an OFFICIAL ballot drop box and avoid the insecure phonies like this one spotted in Fresno. https://***SU', 'Marines fire commander after training accident that killed 9 - ABC News - https://***jg via @A***C', '@C***O Thank you for your service ??????', '-']",tweet_B,-,retweet
t1480,u3236,2020-11-25 20:05:03+00:00,Wildfire,d***i,"Climate is one of the big focal points of the upcoming Biden presidency, though his plans don't gel well with voters in the Texas Oil Patch. Here our algorithm highlighted reporting from @c***s and @L***r as a piece worth reading today. https://***y7","['the way i literally had to train myself to speak faster when i moved from california to the east coast', ""Climate is one of the big focal points of the upcoming Biden presidency, though his plans don't gel well with voters in the Texas Oil Patch. Here our algorithm highlighted reporting from @c***s and @L***r as a piece worth reading today. https://***y7"", '@b***l This is one of those days I turn to my Dumpster Fire playlist... 😓 https://***AU', '-']",-,content_B,post
t0027,u0019,2018-08-09 20:45:20+00:00,Wildfire,I***r,Remember as you enjoy the beautiful public lands across Idaho this weekend please be safe and do your part to prevent wildfires by following fire restrictions. https://***Nr,"['Visit https://***xZ and learn how to make your home safer. #EndFamilyFire https://***MU', 'Remember as you enjoy the beautiful public lands across Idaho this weekend please be safe and do your part to prevent wildfires by following fire restrictions. https://***Nr', 'UPDATE: 2 structures have been lost in the #HilltopFire burning in Sanpete County. Fire crews say so far the fire has burned over 1,000 acres. https://***LG https://***Zg', '-']",-,content_B,post
t0280,u2555,2018-11-18 09:33:49+00:00,Wildfire,a***a,"Pray: My Father,my Father,every of my virtue used by anyone,donated by any power,I recover all by fire in Jesus name.....#ApostolicAndPropheticService @c***a @p***a","[""@i***h hahaha, there was a wildfire nearby leading to a lot of smoke in the surrounding areas, it's just temporary ;)"", 'Watch and shop the Electronics Gift Guide Live today beginning at 4p ET/1p PT! https://***u9 https://***Cx', 'Pray: My Father,my Father,every of my virtue used by anyone,donated by any power,I recover all by fire in Jesus name.....#ApostolicAndPropheticService @c***a @p***a', '-']",-,content_C,post
t1534,u2348,2020-12-08 19:00:03+00:00,Wildfire,r***3,-,"['Just posted a photo @ San Francisco, California https://***LY', '20 interesting Python 🐍 libraries that you may want to check out: - Numpy - Pandas - Pillow - Matplotlib - Requests - Fire - SQLAlchemy - BeautifulSoup - TensorFlow - Pendulum - Arrow - PyTorch - Pytest - Black - Pylint - Scikit-Learn - Scrapy - Poetry - Bokeh - Bowler', 'Coming Soon... The Eagle and The Serpent. Tune in for more... #eagle #and #serpant #blade #warrior #kshatriya #war #fight #series #animation #today #art #artwork #Graphicindia #webseries #sadhu #fire #thunder #will #Graphicindia #myth #mythology #mondaymotivation #mondaymood https://***oW', '-']",tweet_A,-,retweet
t1390,u1147,2020-11-05 03:13:04+00:00,Wildfire,U***a,"“Our work demonstrates how global-scale climate change impacts even the smallest levels of biological organization"" #UA researchers explore the effects of climate change + the domino effect of disruptions that reach the tiniest lifeforms. 🐸 #TideResearch https://***pV https://***TK","['@n***l I HATE writing laws via referendum, but Californians generally really seem to love it 🤷♂️', 'Fire department, FBI investigating fire at house of mayoral candidate John Medina https://***jX', '“Our work demonstrates how global-scale climate change impacts even the smallest levels of biological organization"" #UA researchers explore the effects of climate change + the domino effect of disruptions that reach the tiniest lifeforms. 🐸 #TideResearch https://***pV https://***TK', '-']",-,content_C,post
t1030,u1052,2020-09-17 17:47:26+00:00,Wildfire,O***t,"Please join @D***l and the West Coast @A***k stations for a ""Day of Giving"" to raise money for the @R***s Western Wildfires Relief Fund. Make a donation now at https://***Yv or by calling 866-499-GIVE (4483). https://***8j","['Happening now: Fire in #Beirut Souks, reportedly at new Aishti store &amp; Zaha Hadid building. https://***1H', '.@K***s and @G***m survey the Creek Fire damage https://***GN', 'Please join @D***l and the West Coast @A***k stations for a ""Day of Giving"" to raise money for the @R***s Western Wildfires Relief Fund. Make a donation now at https://***Yv or by calling 866-499-GIVE (4483). https://***8j', '-']",-,content_C,post
t1033,u2293,2020-09-17 19:06:46+00:00,Wildfire,c***e,-,"['@t***o Late to the game, but School on Wheels takes donations. They work with students in LA and throughout Southern California facing homelessness. Happy to connect you with the coordinators there. https://***DL', '@U***e @p***t Any word on the cause?', ""If you're getting your shit done smoke as much weed as you want."", '-']",tweet_A,-,retweet
t1224,u2320,2020-10-11 13:00:13+00:00,Wildfire,F***s,📣 CALL FOR MANUSCRIPTS 📣 @M***s's Special Issue invites papers that explore the ways local coastal residents engage in climate change adaptation and manage their exposure to climate risks. #community #resilience #adaptation Read more: https://***O8,"['Lawmakers behind new corporate board #racialdiversity laws in Illinois and California in new episode of #ESGInsider explain to me and @L***e why the move was needed plus potential broader ramifications. #ESG @S***l https://***rY', ""📣 CALL FOR MANUSCRIPTS 📣 @M***s's Special Issue invites papers that explore the ways local coastal residents engage in climate change adaptation and manage their exposure to climate risks. #community #resilience #adaptation Read more: https://***O8"", 'South Jordan City Fire Department firefighters are constantly training to stay up on the skills needed to protect the citizens of South Jordan. Our firefighters are top notch professionals that are prepared to help you with whatever emergency you may have. #FirePreventionWeek https://***Uw', '-']",-,content_B,post
t1050,u0892,2020-09-18 17:09:43+00:00,Wildfire,F***e,"Devoid of PPE or paid time off, many farmworkers in OR are torn between earning wages &amp; protecting themselves from wildfire smoke. Exec. Dir. of farmworker union PCUN &amp; FJ Board member Reyna Lopez has written to the governor asking for worker protections. https://***Me","['@N***K @N***s @P***o With regard to the wildfires, here’s what happened. Beginning Thursday, based on assessments from independent fact-checkers, we started marking this type of content false, featuring big warning labels people are forced to click through. (2/3)', 'A7. #IoT sensors can detect &amp; report on #Wildfire hazards or rising floodwaters, and #AI can automatically take protective measures to mitigate or stop the risk in its tracks. #MMCChat https://***2T', 'Devoid of PPE or paid time off, many farmworkers in OR are torn between earning wages &amp; protecting themselves from wildfire smoke. Exec. Dir. of farmworker union PCUN &amp; FJ Board member Reyna Lopez has written to the governor asking for worker protections. https://***Me', '-']",-,content_C,post
t1220,u2746,2020-10-09 20:20:18+00:00,Wildfire,U***e,"Remember to use caution with equipment while hunting or recreating on public lands. Conditions are still critically dry. When driving OHV’s, be sure to stay on designated trails and maintain spark arrestors. Fire Restrictions remain in effect, plan for campfire alternatives. https://***XV","['Remember to use caution with equipment while hunting or recreating on public lands. Conditions are still critically dry. When driving OHV’s, be sure to stay on designated trails and maintain spark arrestors. Fire Restrictions remain in effect, plan for campfire alternatives. https://***XV', '#RepublicFightsBack | Republic will fight back, Republic will take them on; Fire in your views and watch Arnab Goswami #LIVE on The Debate here - https://***ei https://***rb', '@k***i @S***k @T***i @m***y @D***n @d***l @L***s @J***D @E***s @c***p @l***m @U***s @S***e @e***y @A***w Resuscitationalist?', '-']",-,content_A,post
t0866,u2205,2020-09-11 12:32:52+00:00,Wildfire,C***n,"There are some deeply interesting articles the algorithm dug up for this week's Digest on wildfires. Local, national, niche outlets specializing in things like prisons, the Cali legislature, or tech. There's probably something you'd like to read https://***fr","[""BREAKING: Authorities say about 500,000 have been forced to evacuate due to Oregon wildfires — roughly 10% of state's population. https://***NG"", ""There are some deeply interesting articles the algorithm dug up for this week's Digest on wildfires. Local, national, niche outlets specializing in things like prisons, the Cali legislature, or tech. There's probably something you'd like to read https://***fr"", 'The immense, all over body aches from smoke inhalation was not something I was remotely prepared for', '-']",-,content_B,post
t1412,u1746,2020-11-11 16:40:40+00:00,Wildfire,I***_,"Small poor countries are never mentioned as a model for #Sustainability But in Jamaica we reuse, recycle, and find a way to repurpose ANY item. Let’s not overlook these countries for their ingenuity in the fight against climate change too","[""I hate admitting when something is wrong. I can't push my hernia back in, it's too big now and I am only able to function if I smoke enough. My partner wants me to go to the ER but I don't want stomach surgery. Any other solutions?"", 'Small poor countries are never mentioned as a model for #Sustainability But in Jamaica we reuse, recycle, and find a way to repurpose ANY item. Let’s not overlook these countries for their ingenuity in the fight against climate change too', 'Today at 18:39, an alert was sounded that a Russian helicopter had crashed in a gorge located on the route from the village of Yeraskh An operational group of the Ministry of Emergency Situations, 3 fire brigades from the fire department and rescue teams have left for the scene', '-']",-,content_B,post
t1228,u2318,2020-10-12 01:00:00+00:00,Wildfire,C***2,"He is her secret, her vice She is his weakness, his dream A wildfire tests their will &amp; exposes their secret Can they survive the HEAT? All ebooks► https://***Qh Amazon► https://***0G #newadult #contemporaryromance #booklovers https://***yh","['I can benchpress like 20 dollhouses, wbu? Also... VOTE 🗳! @ Los Angeles, California https://***BM', 'He is her secret, her vice She is his weakness, his dream A wildfire tests their will &amp; exposes their secret Can they survive the HEAT? All ebooks► https://***Qh Amazon► https://***0G #newadult #contemporaryromance #booklovers https://***yh', 'Calling all #California #STEM voters (especially @U***y)! Confused by all those propositions and measures on your ballot? Come to our @S***s Voter Information Night this Tuesday! @s***k @S***d @S***F @E***s RSVP: https://***PV https://***ow', '-']",-,content_B,post
t0879,u1595,2020-09-11 21:17:45+00:00,Wildfire,C***k,"Air quality in the Bay Area is currently ""Very Unhealthy"" due to wildfire smoke. For the latest Smoke Outlook, visit https://***hf https://***iE","['Thick wildfire smoke blocks sun, turns Bay Area sky orange https://***bc via @S***e', 'Air quality in the Bay Area is currently ""Very Unhealthy"" due to wildfire smoke. For the latest Smoke Outlook, visit https://***hf https://***iE', 'Welcome to the Peach State @j***e! We’re excited for you to fire up the team in South Georgia🔥', '-']",-,content_B,post
t0899,u2937,2020-09-12 16:14:03+00:00,Wildfire,R***r,-,"['I don’t mean to brag, but Im pretty much CRUSHING the mom game!! headed up to @n***a for a @h***n camp I streamed #seasemestreet from my phone to the 16.4” LCD screen in the back and BOOM, 45 minute drive flew by! #letsgoplaces #teamtoyota @t***a https://***bh', 'US towns destroyed as firefighters battle wildfires under orange skies #AFP https://***MV 📸 Brittany Hosea-Small 📸 Harold Postic https://***xn', 'Weather cooling down now in the Gatineau Hills. My wife captures me in the classic ""must be a fire in here somewhere"" pose. For the record, I was blowing on it. Successfully. https://***1X', '-']",tweet_C,-,retweet
t1192,u3148,2020-10-06 10:52:35+00:00,Wildfire,A***a,DO YOU KNOW? Secondhand smoke accounts for over $10 billion in medical cost annually in the US. 😷🌍 . . . #aqiindia #pollution #youreflectwhatyoubreathe #CleanAirForAll #aqi #savetheearth #airpollutants #airquality #breathe #air #smoke #smoking #healthbill #airqualityindex https://***Zk,"['Historic...Judge Martin will be the first openly gay Justice on the California Supreme Court.', 'Can #China become #carbonneutral by 2060? https://***8j #climate #GHG #coal #policy https://***VA', 'DO YOU KNOW? Secondhand smoke accounts for over $10 billion in medical cost annually in the US. 😷🌍 . . . #aqiindia #pollution #youreflectwhatyoubreathe #CleanAirForAll #aqi #savetheearth #airpollutants #airquality #breathe #air #smoke #smoking #healthbill #airqualityindex https://***Zk', '-']",-,content_C,post
t1353,u2163,2020-10-28 13:38:27+00:00,Wildfire,P***g,"Meet our finalist @m***r from Germany. They manufactured a radical new biochar-based material designed to combat climate change. Carbon negative, energy positive. Intrigued? Read more: https://***s3 #greenchallenge https://***3A","['Meet our finalist @m***r from Germany. They manufactured a radical new biochar-based material designed to combat climate change. Carbon negative, energy positive. Intrigued? Read more: https://***s3 #greenchallenge https://***3A', '@M***A Renowned UCLA climatologist Dr. Daniel Swain links California’s wildfires, in many instances, to climate change. Climate change-induced drought and the resulting dry vegetation in CA48 increase the likelihood of destructive wildfires. TRUMP’S DONE NOTHING. What would you do?', 'The night we drove out of Berkeley, we camped just east of Salem, OR. Three days later the campground was evacuated and wildfires came through almost immediately after. https://***PR', '-']",-,content_A,post
t1579,u3042,2020-12-17 16:44:02+00:00,Wildfire,M***l,'I always like to come across methods through which enthusiastic undergraduates and citizen scientists can generate data that will be meaningful to the scientific community' We asked our editor Jessica Royles for the best MEE papers on climate change: https://***Ez,"['Great time today hosting our first virtual fireside chat with world expert pediatric oncologist, Dr. Torunn Yock! Thank you to her and the @P***a team for all of the incredible work you do to improve outcomes for cancer patients. #pediatrics #radonc #cancerresearch https://***A8', '@S***o @E***t @z***l @a***s Si le metias upper class se entendia, si no, una frase que usan un MONTON los trumpers es ""coastal elites"", como la gente cheta con guita de California y New York', ""'I always like to come across methods through which enthusiastic undergraduates and citizen scientists can generate data that will be meaningful to the scientific community' We asked our editor Jessica Royles for the best MEE papers on climate change: https://***Ez"", '-']",-,content_C,post
t0193,u1397,2018-11-10 15:25:22+00:00,Wildfire,m***y,"My goodness... My heart is in pieces. In pieces for the 250,000 people evacuated. For the animals and critters. For the people of Thousand Oaks suffering this unrelenting tragedy. Deepest and most profound gratitude for our heroic firefighters risking their lives. #woosleyfires","[""13 weekly followers. 240 unfollowers. Crowdfire doesn't miss a trick - via https://***sN"", 'My goodness... My heart is in pieces. In pieces for the 250,000 people evacuated. For the animals and critters. For the people of Thousand Oaks suffering this unrelenting tragedy. Deepest and most profound gratitude for our heroic firefighters risking their lives. #woosleyfires', '@R***e @j***s @b***3 @B***K @M***e @a***e Its a tough job eh ?', '-']",-,content_B,post
t0768,u0400,2020-09-08 17:13:21+00:00,Wildfire,m***n,"#bobcatfire Question, what other remote sensing data sources are there besides VIIRS/Modis (sun-synchronous, 24hr update) and Goes-17 (geostationary, 10min update)?","['#bobcatfire Question, what other remote sensing data sources are there besides VIIRS/Modis (sun-synchronous, 24hr update) and Goes-17 (geostationary, 10min update)?', 'When California people move to Texas https://***Dz', 'Under continued fire for allegedly mocking fallen service members, the president tried to drag The Atlantic’s billionaire owner into the fight. https://***Be', '-']",-,content_A,post
t1409,u2635,2020-11-10 21:27:02+00:00,Wildfire,D***r,There's a critical connection between the health of humankind and the health of our natural environment. WRI +21 of our peers urge governments to address climate change and ecosystem destruction within COVID-19 response and recovery. #NaturePositive https://***i0 https://***Xr,"[""A sneak peek at Dashing Fire's SOUNDTRACK by @d***m ! 🤟 https://***ud https://***hu"", ""There's a critical connection between the health of humankind and the health of our natural environment. WRI +21 of our peers urge governments to address climate change and ecosystem destruction within COVID-19 response and recovery. #NaturePositive https://***i0 https://***Xr"", ""Congratulations to Alana Neville, this week's randomly selected #winner of a Light ‘n Go #Bonfire! Thank you to everyone that entered! The next #giveaway will start again on Friday! #campfire #outdoors #family #camping #firepit #fireplace #WINNER #BBQ https://***46"", '-']",-,content_B,post
t0937,u0844,2020-09-14 16:59:28+00:00,Wildfire,P***e,"🟠 #SQFComplex #wildfire🔥, #California, #USA🇺🇸 13 Sep 2020 - Near-infrared/Shortwave-infrared view 3d rendering with exaggerated elevation #Copernicus #Sentinel-2🛰️ Full-size ➡️ https://***x8 #scicomm #OpenData #CAwx #CAFires #CaliforniaFires Image is 26 km wide https://***AF","['🟠 #SQFComplex #wildfire🔥, #California, #USA🇺🇸 13 Sep 2020 - Near-infrared/Shortwave-infrared view 3d rendering with exaggerated elevation #Copernicus #Sentinel-2🛰️ Full-size ➡️ https://***x8 #scicomm #OpenData #CAwx #CAFires #CaliforniaFires Image is 26 km wide https://***AF', ""@s***m @W***s Are you serious? Some of the employees probably live in evac zones. Your area has the worst air quality in the world, threatening your kids' health. If you're unlucky the fire could reach you. And you're taking time to call the store's *responsible* management names on Twitter?"", 'Anyone studying wildfires can help? https://***dj', '-']",-,content_A,post
t1247,u2947,2020-10-14 14:47:15+00:00,Wildfire,M***0,@C***O Thank you for your service 🇺🇸💙,"['@C***O Thank you for your service 🇺🇸💙', ""@w***r Which of their 3 filter types we're you using? Does the basic filter cut smoke effectively?"", 'Carlos Correa - Trigger Trigger Fire https://***Wm via @Y***e', '-']",tweet_B,content_A,reply
t0969,u0792,2020-09-15 02:35:07+00:00,Wildfire,p***e,"Wildfires are expected to get worse due to climate change. Zoonotic diseases - like the cause of the COVID-19 pandemic - are expected to happen more often. Without addressing climate change, 2020 will be a prelude and not an aberration. https://***Bn","['@Z***s #Lebanon #beirut #fire https://***gc', '#bobcatfire Update from Mt Wilson Observatory: ""While we hope the Observatory makes it through relatively unscathed, the battle could go either way."" https://***5V', 'Wildfires are expected to get worse due to climate change. Zoonotic diseases - like the cause of the COVID-19 pandemic - are expected to happen more often. Without addressing climate change, 2020 will be a prelude and not an aberration. https://***Bn', '-']",-,content_C,post
t0064,u0268,2018-08-31 05:36:31+00:00,Wildfire,p***i,"Sporting my recently earned “Climate Reality Leader” ring and INY tee shirt, I went to say Santa Monica beach, Hello ! — at Santa Monica Beach https://***SZ","['Medical Assistant Salary in California – SalaryAverage https://***yb https://***4n', 'All I can think of when people post photos of their kids on Instagram is how many fire throwback Thursday’s they’ll have when they grow up', 'Sporting my recently earned “Climate Reality Leader” ring and INY tee shirt, I went to say Santa Monica beach, Hello ! — at Santa Monica Beach https://***SZ', '-']",-,content_C,post
t0924,u0504,2020-09-14 04:34:25+00:00,Wildfire,L***1,-,"['Oh wow - the @C***b (PI excluded, has zero dance skills) is on fire in this #MosquitoClapChallenge dance video! Thanks for organizing @K***o. @R***c @i***D. @A***y, @C***b answering your challenge! https://***Uu', 'The Mount Wilson camera view right now... #BobcatFire https://***q8', '@C***O Thank you for your service 🇺🇸stay safe', '-']",tweet_C,-,retweet
t1495,u3198,2020-11-30 17:28:43+00:00,Wildfire,m***o,"The thing about cars is, setting aside the car culture wars being fought over them, there is math - specifically, climate math. The climate math for California is, *in addition* to deploying 100% electric vehicles ASAP, we have to reduce driving by 25-30%. I can embrace EVs.","['The thing about cars is, setting aside the car culture wars being fought over them, there is math - specifically, climate math. The climate math for California is, *in addition* to deploying 100% electric vehicles ASAP, we have to reduce driving by 25-30%. I can embrace EVs.', '@S***t @A***n Cheers! We’re in bottom four so not exactly on fire so didn’t see that 6-0 coming yesterday! 😮 hoping for a big draw, need the cash! But we will probably draw Crawley or Chorley and lose! 😂', 'blessings to every real one. fire bon every fanfooler. 😉', '-']",-,content_A,post
t0232,u2039,2018-11-13 01:09:38+00:00,Wildfire,a***a,-,"['BREAKING: Northern California sheriff says 14 additional bodies recovered, bringing death toll to 23 in massive wildfire.', 'I was lucky enough to spend my weekend outside in the beautiful mountains that I love. Those mountains were not able to avoid the smoke that is all over California. I feel so lucky to be... https://***Te', ""⚡️ “'Camp Fire' has become California's most destructive wildfire in history” https://***PT"", '-']",tweet_B,-,retweet
t0751,u1719,2020-09-07 12:20:11+00:00,Wildfire,L***s,Mood: Realizing the dog no longer smells like campfire or wet dog (it was a long week waiting for this moment) https://***t9,"['Mood: Realizing the dog no longer smells like campfire or wet dog (it was a long week waiting for this moment) https://***t9', 'This is what the heat and wind do to wildfires out here in California. This is satalite imagery of the creek fire in central cal. ☀️ 🔥 💨 https://***fM', '@b***n @C***O @S***E @S***E @s***t @f***n I did', '-']",-,content_A,post
t1576,u0438,2020-12-17 07:18:10+00:00,Wildfire,S***h,Want to learn about #wildfires in the Americas and tropical Africa in 2020? Interesting article you can find here: https://***DY,"['Wait... are you telling me trickle down economics is a con?? ...and that it was used as a smoke screen to concentrate wealth and power in the hands of the privileged few??? I am... not shocked. https://***jj', 'Want to learn about #wildfires in the Americas and tropical Africa in 2020? Interesting article you can find here: https://***DY', 'Stuff I wish I had known sooner: ""Pinsker\'s inequality is cancelled,"" a thread. 🧵 If you want to relate total variation (TV) and Kullback-Leibler divergence (KL), then everyone, from textbooks to Google, will point you to Pinsker\'s inequality: TV(p,q) ≤ √(1⁄2 KL(p||q) ) 1/ https://***2f', '-']",-,content_B,post
t1438,u3062,2020-11-17 17:33:57+00:00,Wildfire,C***t,"SCOTUS agreed to review a technicality related to jurisdiction in Baltimore's climate lawsuit. Now the companies want the court to decide whether all climate suits belong in fed court, where industry wants them, or in state courts where they were filed. https://***rq https://***CD","[""SCOTUS agreed to review a technicality related to jurisdiction in Baltimore's climate lawsuit. Now the companies want the court to decide whether all climate suits belong in fed court, where industry wants them, or in state courts where they were filed. https://***rq https://***CD"", 'WOW: @G***m has just announced a new lockdown order that lockdowns every Southern California county. This closes indoor dining, gyms, etc effective immediately. https://***JK', '""This fire has treated me very unfairly"" https://***fH', '-']",-,content_A,post
t1152,u1303,2020-10-01 16:57:47+00:00,Wildfire,h***o,Learning from Wildfire Disaster Experience in California NICUs https://***Ug via @M***s,"['This is an unbelievable pool and backyard! Can you still roast marshmallows on a fire like this? https://***cR https://***vj', 'FIRE UP THE JET SKIS I’m all yours, @T***g.', 'Learning from Wildfire Disaster Experience in California NICUs https://***Ug via @M***s', '-']",-,content_C,post
t1127,u1925,2020-09-28 19:19:08+00:00,Wildfire,w***D,"Happy to have the support of @S***X’s Starlink internet as emergency responders look to help residents rebuild the town of Malden, WA that was overcome by wildfires earlier this month. #wawildfire https://***4T","['My #AB3228 has been signed into law! Thanks Gov. @G***m for ensuring the remaining for-profit private detention facilities in CA are held accountable for violations that harm the health, safety &amp; welfare of Californians, especially during #COVID19. https://***Vk https://***C4', 'Happy to have the support of @S***X’s Starlink internet as emergency responders look to help residents rebuild the town of Malden, WA that was overcome by wildfires earlier this month. #wawildfire https://***4T', '📷 Aries the Ram ♈️ Alpha females don’t run in packs. March 21 - April 19 Symbol: Ram Brightest Star in Constellation: Alpha Arietis/Hamal Element: Fire Ruling Planet: Mars Ruling House: 1st - Identity Opposite Sign: Libra Detriment: Libra... https://***yu', '-']",-,content_B,post
t0102,u1548,2018-10-02 23:16:03+00:00,Wildfire,M***g,"How can national publications tell the story of climate change in the U.S.? For @q***z, the best way to do that was to collaborate with a local news outlet on a fantastic series, ""Shallow Waters."" https://***MI https://***Wh","['Next dish is a Fire Roasted Beef, Root Vegetables, Celery Root Purée, Caramelized Onion, and Pea Tendrils https://***Ii', 'BREAKING: #NetNeutrality is now law in California. https://***PF', 'How can national publications tell the story of climate change in the U.S.? For @q***z, the best way to do that was to collaborate with a local news outlet on a fantastic series, ""Shallow Waters."" https://***MI https://***Wh', '-']",-,content_C,post
t1221,u2455,2020-10-10 16:58:57+00:00,Wildfire,J***d,"In observance of #WorldMentalHealthDay, let’s remember that natural disasters like #California wildfires and public health emergencies like #COVID19 can and have had critical impacts on mental health. @C***s @C***c @c***x @I***_ @W***y https://***Sp","['@s***e @k***k @o***n @a***n @d***o Congrats, Natasha. Honoured to be in Tending the Fire with you!', 'In observance of #WorldMentalHealthDay, let’s remember that natural disasters like #California wildfires and public health emergencies like #COVID19 can and have had critical impacts on mental health. @C***s @C***c @c***x @I***_ @W***y https://***Sp', ""No Doubt - Don't Speak (Live @ California 1997) https://***x8 via @Y***e Tragic Kingdom 25 years anniversary!"", '-']",-,content_B,post
t1013,u1532,2020-09-16 15:05:00+00:00,Wildfire,C***n,"Maybe I went to bed crying happy tears for @S***e, and maybe it was just watery eyes from the wildfire smoke. Who knows? (It was happy tears. A lot of them.) https://***3H","['Maybe I went to bed crying happy tears for @S***e, and maybe it was just watery eyes from the wildfire smoke. Who knows? (It was happy tears. A lot of them.) https://***3H', 'ENVÍO GRATIS en pedidos mayores a $1000 MXN. Visita nuestra tienda online 👉https://***l3 🌊 #CDMX #Monterrey #Sinaloa #Chiapas #Merida #Cancun #Acapulco #Veracruz #Cuernavaca #Edomex #Tamaulipas #bajacaliforniasur #Guadalajara #Chihuahua #Tepic #Hidalgo #Queretaro https://***6z', 'Just posted a photo @ Los Angeles, California https://***3J', '-']",-,content_A,post
t1332,u2318,2020-10-26 02:28:00+00:00,Wildfire,C***2,"For years, they kept their love secret...but a wildfire showed them what matters and what never did. Now the world is testing them...does their young love have what it takes to survive? https://***iH HEAT and FLICKER, a two-part #newadult #bookseries #NewRelease https://***KO","['Why does the @U***e site have 3rd-party cookies &amp; trackers? Should @P***r sell student &amp; employee data to #Facebook? Do @U***A alumni agree to captured keystrokes? #cybersecurity @A***C @k***l @d***h @U***s @U***a #privacy #hotjar #adtech https://***4Q', 'Impressive progression of the growth in area of the #smoke cloud from the #ColoradoFires: in 4 days the satellite detectable area multiplied x 8 (it is probably larger) and it traveled 10000km @c***r @h***5 @m***n @N***h https://***89 https://***QG', 'For years, they kept their love secret...but a wildfire showed them what matters and what never did. Now the world is testing them...does their young love have what it takes to survive? https://***iH HEAT and FLICKER, a two-part #newadult #bookseries #NewRelease https://***KO', '-']",-,content_C,post
t1153,u1098,2020-10-01 19:00:24+00:00,Wildfire,S***r,"#SparetheAir Alert is extended through Tue., 10/6 due to wildfire smoke from the #GlassFire and other N. Calif. fires, and smog build up from vehicles. Wood burning is banned indoors and outdoors. Stay indoors to protect your health. More at https://***s. https://***2o","['@m***e @P***2 @H***n Congratulations!! Fabulous achievement. Hope you are taking some time to celebrate', '#SparetheAir Alert is extended through Tue., 10/6 due to wildfire smoke from the #GlassFire and other N. Calif. fires, and smog build up from vehicles. Wood burning is banned indoors and outdoors. Stay indoors to protect your health. More at https://***s. https://***2o', ""Excited to watch @N***A's launch to the @S***n tomorrow? Check out a media panel hosted by @N***F &amp; @I***S abt experiments headed into orbit, featuring researchers that study everything from fire to human bone, @A***n &amp; @A***a! https://***c8"", '-']",-,content_B,post
t0816,u1238,2020-09-09 20:25:08+00:00,Wildfire,J***y,-,"['Extremely intense fire updrafts have injected vast amounts of smoke &amp; ash into upper atmosphere as high as 50,000 feet--20,000 above cruising altitude of jet airliners. Dense smoke throughout entire atmospheric column is blocking nearly all sunlight at surface. #CAwx #CAfire https://***bz', 'Was semi-successfully ignoring the orangepocolypse outside and then my 3 year old son brought his toy firetrucks downstairs and asked if we could go to the mountains to put out the fire so he could play outside again.', ""Hurray, it's finally here!🥳Check your local listings to catch episodes live, and you can also find Elinor Wonders Why on https://***zg and on the @p***s video app (for phones, tablets, and platforms like Roku, Apple TV, and Amazon Fire TV!) Let's wonder together! https://***AZ"", '-']",tweet_A,-,retweet
t0169,u0002,2018-11-09 00:13:56+00:00,Wildfire,m***4,"Check out my Gig on Fiverr: design eye catching,typography tee, any conceptual tshirt https://***Ur via @f***r #ProtectMueller #CampFire Gabrielle Union #NationalSTEMDay Tucker Carlson #HillFire Rogue One Diego Luna #NoOneIsAboveTheLaw Butte County","['Check out my Gig on Fiverr: design eye catching,typography tee, any conceptual tshirt https://***Ur via @f***r #ProtectMueller #CampFire Gabrielle Union #NationalSTEMDay Tucker Carlson #HillFire Rogue One Diego Luna #NoOneIsAboveTheLaw Butte County', 'Lifetone Technology Recalls Bedside Fire Alarm and Clocks Due to Failure to Fully Alert Consumers to a Fire https://***QY', '#like4likes #smoker #smokers #smokersonly #smokersclub #cigaroftheweek #montecristo #cigarbar #cigarsocialclub #cigar #cigarcase #cigaraficionada #cuban #cohiba #cigaroftheday #cigarsmoke #cigarsmoker #enjoycigars #cigarlover #cigarlovers #cigarian #cigarians #cigarporn https://***5A', '-']",-,content_A,post
t1574,u1159,2020-12-16 22:23:18+00:00,Wildfire,z***n,"Sweet Moses, what everyone on ML Twitter needs right now is more of @c***_'s always cute (&amp; always technical) feed of delectable theorems. These threads are more comforting than a Highwest Campfire, even when I don't know WTF he's talking about. Keep it up brother. https://***AP","[""Sweet Moses, what everyone on ML Twitter needs right now is more of @c***_'s always cute (&amp; always technical) feed of delectable theorems. These threads are more comforting than a Highwest Campfire, even when I don't know WTF he's talking about. Keep it up brother. https://***AP"", ""You can see the gig shots in my Fiverr's profile: attractive #WordPress #Websites #design using #Elementor pro. https://***qF #developer #Blog #corporate #portfolio #ecommerce #woocommerce #psd #responsive #USA #Canada #Germany #Nigeria #California https://***4t"", 'From dried-out Christmas trees to top-heavy decorations, fire experts say ’tis the season to be cautious. @k***l @N***A @C***f @S***e https://***Id', '-']",tweet_A,content_A,quote
t1441,u3037,2020-11-17 21:10:29+00:00,Wildfire,W***n,"My upcoming article on ""precision"" public health for climate change is now on SSRN. Some real opportunity here (eg w/ big data, AI) but also ethical and equity concerns. Frameworks like #healthjustice should guide tech use/dev in public &amp; private sector. https://***OW","['More details about the purple tier and Southern California from my @K***C + @L***t colleague @M***e: https://***Z7', 'My upcoming article on ""precision"" public health for climate change is now on SSRN. Some real opportunity here (eg w/ big data, AI) but also ethical and equity concerns. Frameworks like #healthjustice should guide tech use/dev in public &amp; private sector. https://***OW', 'WOW: @G***m has just announced a new lockdown order that lockdowns every Southern California county. This closes indoor dining, gyms, etc effective immediately. https://***JK', '-']",-,content_B,post
t0999,u1454,2020-09-16 14:13:00+00:00,Wildfire,T***y,"A2. The continued expansion of sprawl into wild areas inherently increase the risk of loss from #naturaldisaster. Additionally, purchasing proper coverage to cover the risk of loss is critical along with having contingency plans. #wildfire #flood #MMCChat https://***os","['A2. The continued expansion of sprawl into wild areas inherently increase the risk of loss from #naturaldisaster. Additionally, purchasing proper coverage to cover the risk of loss is critical along with having contingency plans. #wildfire #flood #MMCChat https://***os', '1900-1970s: Federally-funded sterilization programs in over 30 states 1920-1980s: ‘Mississippi Appendectomy’ 2006-2010: 150 women sterilized in California prisons 2020: Mass hysterectomies at ICE detention centers.... https://***Mm', '@A***P Gracias, Inma, pero no salgo de casa. Llevamos con incendios y aire contaminado en California un mes. No se puede estar en la calle.', '-']",-,content_A,post
t0284,u2207,2018-11-19 08:37:03+00:00,Wildfire,y***o,"Love in Paradise: Ryan married Kimberly and went on a honeymoon in 2004. They had a coin made to commemorate their love on that trip. The #CampFire destroyed their home. They returned to desperately recover it. Miraculously, they did. The coin reads: ""KIM &amp; RYAN SOULMATES 4EVER"" https://***kg","['Love in Paradise: Ryan married Kimberly and went on a honeymoon in 2004. They had a coin made to commemorate their love on that trip. The #CampFire destroyed their home. They returned to desperately recover it. Miraculously, they did. The coin reads: ""KIM &amp; RYAN SOULMATES 4EVER"" https://***kg', 'California to pass half-million electric-car mark https://***gK', '2-Can one really believe the #UnitedStatesGovernment is not able to keep a law obeying citizen @i***7 safe in #OaklandCalifornia but is worried about the safety of people in the #MiddleEast 12000 kilometers away. #ImamMusa https://***uW', '-']",-,content_A,post
t1456,u2169,2020-11-22 15:40:42+00:00,Wildfire,P***e,"I was pleased to represent @N***y at G20, and commend the Saudi #G20 Presidency under His Majesty @K***n for the Riyadh Summit's focus on Africa in the context of global cooperation on Covid-19, climate change, and more.","['Got that nu nu @b***h fire 🔥#Yabasi #PapaBenji 🙌🏾 https://***ME', ""I was pleased to represent @N***y at G20, and commend the Saudi #G20 Presidency under His Majesty @K***n for the Riyadh Summit's focus on Africa in the context of global cooperation on Covid-19, climate change, and more."", 'Make it a fun family Sunday and fire up your own masterpiece at home. Order our pizza kit on-line for Pick-Up and let the fun begin! ( choice of cheese or pepperoni ) https://***XQ 🍕 +👪 +🏠 =♥️ https://***YY', '-']",-,content_B,post
t0989,u0613,2020-09-16 10:52:04+00:00,Wildfire,s***i,-,"['@S***V @T***s @K***s @s***e @U***h How do people not know that antifa are generally environmentalists? Definitely not likely candidates for starting wildfires.', '@C***A @m***1 @r***p California’s turning red faster then We could ever imagine. 🇺🇸', 'I am broadcasting a live show of my new album, MMXX from Big Sur on Sept 16th to support California wildfire relief. Come join me for a one night ambient experience this Wednesday at 8PM on Headliner. Tickets here: https://***XV https://***yD', '-']",tweet_A,-,retweet
t0270,u1428,2018-11-17 00:48:54+00:00,Wildfire,R***w,"CALIFORNIA WILDFIRE CLAIMS (fire, smoke, soot, ash, etc.). If you and/or your family have sustained any damages as result of Woolsey Fire, Thousand Oaks Fire, Malibu Fire, or any other Fire in California, call us... https://***Zy","['Tomorrow @G***m and I will join @P***S during his visit to the state. Now is a time to pull together for the people of California. https://***4E', 'CALIFORNIA WILDFIRE CLAIMS (fire, smoke, soot, ash, etc.). If you and/or your family have sustained any damages as result of Woolsey Fire, Thousand Oaks Fire, Malibu Fire, or any other Fire in California, call us... https://***Zy', 'Brown Rust &amp; Fire Bush &amp; Mandys Pink &amp; White Linen https://***UM ❤️ https://***Uv', '-']",-,content_B,post
t0764,u0400,2020-09-08 16:48:10+00:00,Wildfire,m***n,#Bobcatfire Hit 'Play' on this link to see the highest res version yourself https://***qL,"[""Kari Nadeau and Mary Prunicki of Stanford’s Sean N. Parker Center for Allergy and Asthma Research discuss related threats, preparedness and ongoing research on CA's massive wildfires. https://***3M"", ""#Bobcatfire Hit 'Play' on this link to see the highest res version yourself https://***qL"", 'If California burns down, it’s a boy. If Arizona burns down, it’s a girl.', '-']",tweet_A,content_B,reply
t1106,u2640,2020-09-25 17:48:46+00:00,Wildfire,N***a,A Red Flag Warning is now in effect for the North Bay Mountains &amp; East Bay Hills/Interior Valleys from Saturday 9 PM - Monday 8 AM. Breezy/gusty offshore winds will combine with critically dry conditions resulting in critical fire weather conditions. #CAwx https://***FI https://***K1,"['A Red Flag Warning is now in effect for the North Bay Mountains &amp; East Bay Hills/Interior Valleys from Saturday 9 PM - Monday 8 AM. Breezy/gusty offshore winds will combine with critically dry conditions resulting in critical fire weather conditions. #CAwx https://***FI https://***K1', 'I registered to vote online in California at https://***iJ #VoteCalifornia.', 'Herb: (eg..)For Wood Element related dieseas , if we take water Element Herb (or ) other medicine , it will work without side Effect, For Wood Element dieseas , if we will take Fire Element Herb(or) other medicine , it will work fast but side Effect may come.', '-']",-,content_A,post
t1503,u2947,2020-12-03 12:55:14+00:00,Wildfire,M***0,@C***O Thank you for your service ????great job,"['The CA Governor’s Alzheimer’s Task Force recently published recommendations that forge a bold path forward for ALL Californians and the nation. @m***r @c***r #CaliforniaForAll #AlzPathForward #cognitivehealth Read the recommendations at https://***Jq https://***z8', ""Today is the 338th day of 2020. There are 28 days left in the year. TODAY'S HIGHLIGHT 1964: Police arrest some 800 students at the University of California at Berkeley, one day after the students stormed the administration building and staged a massive sit-in."", '@C***O Thank you for your service ????great job', '-']",tweet_B,content_C,reply
t0265,u0308,2018-11-16 17:50:00+00:00,Wildfire,W***s,"This Sunday, music-lovers are invited to bring their guitars to @G***C’s Urban Campfire to jam along with @a***o and get one-on-one guitar coaching from the likes of @K***g. This year's theme is Songs For Change. https://***12","[""This Sunday, music-lovers are invited to bring their guitars to @G***C’s Urban Campfire to jam along with @a***o and get one-on-one guitar coaching from the likes of @K***g. This year's theme is Songs For Change. https://***12"", 'Outstanding use of TensorFlow! The Mercury News: Getting Google’s attention: Silicon Valley teens create smart wildfire sensor. https://***rI via @G***s', '#like4likes #smoker #smokers #smokersonly #smokersclub #cigaroftheweek #montecristo #cigarbar #cigarsocialclub #cigar #cigarcase #cigaraficionada #cuban #cohiba #cigaroftheday #cigarsmoke #cigarsmoker #enjoycigars #cigarlover #cigarlovers #cigarian #cigarians #cigarporn https://***FR', '-']",-,content_A,post
t1260,u3137,2020-10-15 16:17:43+00:00,Wildfire,g***e,SEMINAR TODAY 10/15 at 3pm PST: Fundamental Wildfire Behavior Research at the Missoula Fire Sciences Lab: answers to your burning (rate) questions - https://***oo https://***qx,"['Nordic CEOs: Cost-efficient #decarbonisation of EU economy requires higher #EU2030 #climate target and reinforced #carbonpricing @F***m @S***t @V***p https://***Ls', 'SEMINAR TODAY 10/15 at 3pm PST: Fundamental Wildfire Behavior Research at the Missoula Fire Sciences Lab: answers to your burning (rate) questions - https://***oo https://***qx', ""@w***r Which of their 3 filter types we're you using? Does the basic filter cut smoke effectively?"", '-']",-,content_B,post
t1040,u0704,2020-09-18 00:03:16+00:00,Wildfire,n***s,"I'm pretty fixated and obsessed with #rain right now. As in, please rain here!! I just streamed rain king by counting crows and rain on me. Next up, under the weather by KT Tunstall. What are your favorite rain songs? @m***D #hazardousairquality #OregonWildfires2020","['Ya’ll not gonna play with me or none of my people ever again ... in Jesus name ... I want all the smoke pleeeeeeeease 🙏🏾🙏🏾🙏🏾🙏🏾', ""I'm pretty fixated and obsessed with #rain right now. As in, please rain here!! I just streamed rain king by counting crows and rain on me. Next up, under the weather by KT Tunstall. What are your favorite rain songs? @m***D #hazardousairquality #OregonWildfires2020"", 'Great to see #SB1383 become law &amp; give greater access to job-protected family leave. Thanks @G***m &amp; @S***h for ensuring Californians won’t have to risk losing their jobs in order to care for a loved one in need. https://***ed', '-']",-,content_B,post
t0973,u3004,2020-09-15 10:45:04+00:00,Wildfire,R***c,"Our co-hosted webinar with @f***e focuses on the challenges #ForestManagers &amp; owners face when salvaging timber from wildfires and looks at how #SatelliteData can help assess damage, deploy ground crews and maximise lumber values. Watch replay here: https://***uX https://***df","['Our co-hosted webinar with @f***e focuses on the challenges #ForestManagers &amp; owners face when salvaging timber from wildfires and looks at how #SatelliteData can help assess damage, deploy ground crews and maximise lumber values. Watch replay here: https://***uX https://***df', 'The entire Bay Area is suffering from Unhealthy air quality today. The forecast is similar tomorrow. Please limit outdoor activities and follow safety guidelines. #CaliforniaFires #WestCoastFires Safety tips at https://***XD https://***zs', 'Smoke from the Western fires is creating haze in Maine today https://***IW', '-']",-,content_A,post
t1379,u2744,2020-11-03 00:54:58+00:00,Wildfire,u***d,"A huge thanks to Spectrum Antimicrobials for their donation of 1,000 bottles of Vetricept, a skin and wound cleanser for animals. They were inspired by our compassionate care of animals injured in wildfires and this will go a long way to supporting that care! https://***2q","['We managed a #Samhain ‘Need Fire’ created by friction on a river island. Then we took the embers home and used them to light our own fire which according to @a***k brings good luck for the winter. It felt very special to dance around this fire under the full moon. https://***oD', 'A huge thanks to Spectrum Antimicrobials for their donation of 1,000 bottles of Vetricept, a skin and wound cleanser for animals. They were inspired by our compassionate care of animals injured in wildfires and this will go a long way to supporting that care! https://***2q', '@B***e @S***m @K***h @l***s @l***c @S***k @c***d @m***e @S***a @D***a @n***C You’re an engineer - a trained biomed engineer - counts for me!', '-']",-,content_B,post
t1326,u0892,2020-10-25 13:05:04+00:00,Wildfire,F***e,The wildfire devastation in CA has affected farmworkers through lost income &amp; health impacts. Their plight is complicated by difficulties obtaining information in their language &amp; help with preparedness/recovery. Find emergency preparedness resources at 👉https://***m0 https://***Yy,"['Texas leads the early vote count with 6,380,684 votes (both in person and absentee mail ballots) California has returned 5,802,511 ballots, (no in person voting)', 'The wildfire devastation in CA has affected farmworkers through lost income &amp; health impacts. Their plight is complicated by difficulties obtaining information in their language &amp; help with preparedness/recovery. Find emergency preparedness resources at 👉https://***m0 https://***Yy', '(1/2) Wind on the east side of #easttroublesomefire near @R***S will be strong through Saturday-day, then slowing Saturday-evening, and reversing with snow by Sunday morning. Best wishes to all involved as Saturday is going to be (and already is) a tough day.', '-']",-,content_B,post
t0044,u0240,2018-08-20 15:43:41+00:00,Wildfire,I***e,"It's a smoky day here in Seattle! California Healthline recently shared information about how wildfire smoke affects vulnerable people, including seniors. https://***Ta","['SRWP PIs Silins and Emelko on how wildfire impacts local stream quality and potentially downstream drinking water. #abwater #abfire #bcfire https://***xL', ""7 weekly followers. 25 unfollowers. Crowdfire doesn't miss a trick - via https://***Pu"", ""It's a smoky day here in Seattle! California Healthline recently shared information about how wildfire smoke affects vulnerable people, including seniors. https://***Ta"", '-']",-,content_C,post
t1057,u0415,2020-09-19 13:27:35+00:00,Wildfire,K***y,"Approximately 90% of the fires in California are human caused - accidents, arson, and idiots. Every season is fire season -be smart, keep everyone safe. For the lawn obsessed - no gas powered mowers and blowers during red flag warnings. https://***V5","['Approximately 90% of the fires in California are human caused - accidents, arson, and idiots. Every season is fire season -be smart, keep everyone safe. For the lawn obsessed - no gas powered mowers and blowers during red flag warnings. https://***V5', ""'Dual disasters: How is climate change worsening wildfires and hurricanes?' https://***rf"", '@T***5 @S***x Yes, the firing operation will establish a necessary control line between the fire &amp; values at risk including communities. The goal is to eliminate fuels so the fire cannot progress further in that direction in preparation for strong winds forecast for the fire area tomorrow.', '-']",-,content_A,post
t0881,u0985,2020-09-11 21:44:48+00:00,Wildfire,j***o,1/3 Aerosols from the fires out west—near the Pacific—have made their way across the United States and to the Atlantic. These historic fires have also broken at least two records. New story from @a***d and me: https://***K8 #CaliforniaWildFire #OregonWildfires https://***gN,"['1/3 Aerosols from the fires out west—near the Pacific—have made their way across the United States and to the Atlantic. These historic fires have also broken at least two records. New story from @a***d and me: https://***K8 #CaliforniaWildFire #OregonWildfires https://***gN', 'Kicking off a series of blog posts that explore different views and reactions on Decolonial AI: in this 1st post, through history and poetry and story, the relevance of coloniality and the landscape of power. Decolonial Foresight (1): Put the Fire Out 🔥 https://***5m https://***H7', '@c***r Hi Cade! Hope you are doing well. Fires are up 61% YoY and 42% over the 5 year trail avg https://***zg 17 of the top 20 CA wildfires have also happened in the last 20 years. This is not normal https://***lP', '-']",-,content_A,post
t1123,u1904,2020-09-28 16:42:01+00:00,Wildfire,T***i,"@O***U @b***i @w***a More and more, we see that the climate crisis is a water crisis, with direct impact on WASH in the communities where we work - the voices and views of youth experts will be crucial in shaping the world we want @w***s @w***a","['@O***U @b***i @w***a More and more, we see that the climate crisis is a water crisis, with direct impact on WASH in the communities where we work - the voices and views of youth experts will be crucial in shaping the world we want @w***s @w***a', '“... just a pile of minerals, a fire and a little water, hundreds of people and tons of stuff are flying along at breakneck speed. 👉 The simplest ingredients—which had always been there—can produce the most improbable outcome if combined in ingenious ways.” 🔥', 'Like an Ashtray perhaps? @G***e #Earth #CaliforniaFires #Amazonfires https://***HN', '-']",tweet_B,content_A,reply
t1339,u1046,2020-10-26 20:24:48+00:00,Wildfire,U***S,-,"['Impressive progression of the growth in area of the #smoke cloud from the #ColoradoFires: in 4 days the satellite detectable area multiplied x 8 (it is probably larger) and it traveled 10000km @c***r @h***5 @m***n @N***h https://***89 https://***QG', 'Justin Herbert is ON FIRE through three quarters: 💥 300 Pass Yards 💥 4 Total TDs https://***Np', '@a***n @e***m Ponyta, light of my life, fire of my loins. My sin, my soul. Po-nee-ta', '-']",tweet_C,-,retweet
t1049,u2746,2020-09-18 17:00:00+00:00,Wildfire,U***e,"Cooler weather does not mean less wildfire risk. A record dry year is why much of Utah has fire restrictions in effect. Before lighting a fire, check fire restrictions at https://***y, to put it out, drown, stir, feel, repeat until it is cold. https://***8U","[""The #smoke from U.S. #wildfire has reached record heights and travelled as far as Europe. Here's how it spread and punched into the stratosphere. https://***WJ"", '@j***a And their core principle, ""like cures like"" so, Response Prevention is impossible here, and it even make it worse when neurons that fire together wire together. CAM for mental illness is very dangerous.', 'Cooler weather does not mean less wildfire risk. A record dry year is why much of Utah has fire restrictions in effect. Before lighting a fire, check fire restrictions at https://***y, to put it out, drown, stir, feel, repeat until it is cold. https://***8U', '-']",-,content_C,post
t0970,u1516,2020-09-15 04:23:39+00:00,Wildfire,M***s,The #BOBCATFIRE is knocking on our door. Fire officials predicted that the fire would approach Mt. Wilson from Echo Rock. It looks like they are correct. Note: All observatory personnel have evacuated. https://***3w,"['The #BOBCATFIRE is knocking on our door. Fire officials predicted that the fire would approach Mt. Wilson from Echo Rock. It looks like they are correct. Note: All observatory personnel have evacuated. https://***3w', 'What a normal California September day would look like without wildfire smoke. #cawx https://***A3', '@d***e @J***n @m***i Part of the problem, IIUC, is that this is a 3D forecast problem. It can be hard to predict what the smoke level is at ground level!', '-']",-,content_A,post
t1357,u2322,2020-10-28 19:44:19+00:00,Wildfire,j***n,"How does climate fit in with Stripe? Take something hugely complex, do all of the technical work to abstract and simplify, and make it easy to access for any business. Very Stripe. https://***eJ","['FIRE : BG APARTMENTS. CLAIM CNR BANKET STR. HILLBROW. COJ. GP. 2ND FLOOR OF APARTMENT BUILDING IS ON FIRE. @C***A @J***D @C***S', '#bigcat in neighborhood! @ Sausalito, California https://***Gn', 'How does climate fit in with Stripe? Take something hugely complex, do all of the technical work to abstract and simplify, and make it easy to access for any business. Very Stripe. https://***eJ', '-']",-,content_C,post
t0907,u2554,2020-09-12 22:39:04+00:00,Wildfire,M***D,-,"['I was in Manhattan 19 years ago and witnessed extraordinary leadership, bravery, and community. Today we honor all those who sacrificed and extend our deepest gratitude to all who keep us safe including our first responders. @M***s @M***D @M***e https://***JE', '“The expectation of drier than average conditions and a higher probability of more frequent Foehn Wind events suggests that significant large fire potential will be elevated until winter sets in during December.” December!!! https://***IU', '@I***e Shit is on fire yo', '-']",tweet_C,-,retweet
t1305,u1500,2020-10-21 14:31:58+00:00,Wildfire,T***e,-,"['CLASH between angry mob and TVC resulted in a fire which has now burnt TVC. Fixed it for you.', 'Wind update: Tue AM: Gusty from W. Tue PM: Slow speeds, from E. Wed: Increasing speeds, from W. Thu: Slowing speeds, from E. Snow update: Thu night: light snow possible, colder. Sun: Possibly significant snow, very cold. This is mostly good news. #CalWoodFire #lefthandcanyonfire', 'Just negodu! And some are asking who the “thugs” are? Of course the miscreants have their “sugar daddy”; foolish “bad boys” all of them. Fire pon them &amp; their fathers and children’s children. Bastards. #EndSARS #EndPoliceBrutalityinNigera #EndBadGoveranceInNigeria #EndSARS https://***lF', '-']",tweet_A,-,retweet
t0254,u1080,2018-11-15 21:32:47+00:00,Wildfire,l***e,"To protect your lungs from wildfire smoke, the mask you wear matters https://***CP","['To protect your lungs from wildfire smoke, the mask you wear matters https://***CP', 'Managed to spitfire my 3MT speech yesterday at my first conference 😅 now to sit back and just enjoy the show on Day 2! @A***e @W***D https://***9v', ""PG&amp;E could be in big financial trouble if it's found liable for California's Camp Fire https://***D6 https://***T2"", '-']",-,content_A,post
t1517,u2640,2020-12-06 15:54:10+00:00,Wildfire,N***a,"A 🍃Wind Advisory🍃 has been issued for the entire North Bay, East Bay and SF Peninsula, along w/the Santa Cruz Mountains and Diablo Range, from 11PM Sunday Night through 11 AM PST Monday. NW of 15 to 30 mph with gusts to 50 mph. Winds will subside by late Monday morning. #CaWx https://***js https://***dD","['BLADE OF THE WARRIOR: KSHATRIYA ISSUE 1 Available on Amazon Kindle. Link - https://***uv #blade #warrior #kshatriya #war #fight #series #animation #today #art #artwork #Graphicindia #webseries #sadhu #fire #thunder #will #Graphicindia #myth #mythology https://***4t', 'A 🍃Wind Advisory🍃 has been issued for the entire North Bay, East Bay and SF Peninsula, along w/the Santa Cruz Mountains and Diablo Range, from 11PM Sunday Night through 11 AM PST Monday. NW of 15 to 30 mph with gusts to 50 mph. Winds will subside by late Monday morning. #CaWx https://***js https://***dD', 'Chasing debt and amending incorrect invoices are hardly your favourite parts of the job, are they? https://***RE #fieldservice #management #fire #security #invoicing #accounting #jobs', '-']",-,content_B,post
t0249,u0576,2018-11-15 15:17:16+00:00,Wildfire,J***R,"I saw this video about using herds of goats to clear brush, and help prevent wildfires. I wonder if there’s a fun way we could combine this idea with educational field trips for kids... I know I’d love to spend... https://***jU","['@B***3 @V***r @L***n @l***d @C***r 1000x Thank you. We have been evacuated since Friday and haven’t been able to go home. You have been invaluable source of info. Thank you for your posting day and night. 🙏🏻. You all are Heros doing public service for the community in these stressful times.', 'Israeli defense minister Avigdor Liberman resigns from his post due to the ceasefire with #Gaza. He wanted bloodshed!', 'I saw this video about using herds of goats to clear brush, and help prevent wildfires. I wonder if there’s a fun way we could combine this idea with educational field trips for kids... I know I’d love to spend... https://***jU', '-']",-,content_C,post
t1207,u0097,2020-10-08 12:56:48+00:00,Wildfire,C***K,Have you seen our Chemical Warehouse Hot Foam Fire Suppression demonstration? https://***1T via @Y***e #firesafety #FirePreventionWeek2020,"['Join us at 6 p.m. tonight, on Facebook, to learn about fire safety in the kitchen and to watch a grease fire demo: https://***11 #FirePreventionWeek https://***3x', 'Intime we pushing to show the world what we have Support the brand @B***d @L***a @m***_ @p***e @X***x @D***Z @T***t @m***i @D***Y @w***o @d***o @M***S @R***d @L***s https://***Hf', 'Have you seen our Chemical Warehouse Hot Foam Fire Suppression demonstration? https://***1T via @Y***e #firesafety #FirePreventionWeek2020', '-']",-,content_C,post
t1423,u1573,2020-11-12 22:10:01+00:00,Wildfire,s***n,"On Tuesday, I joined @_***k, @M***e &amp; more to talk with @b***d. Click the link to learn about what it was like experiencing 'Racism on the Road', touring the segregated South, and our take on the current social climate in America 👉🏽 https://***8Q https://***Xm","['On #VeteransDay we recognize the personal sacrifices American heroes have made to defend our Constitution and the freedoms it guarantees, but also to recognize the enduring respect they deserve every day. https://***tF #CaliforniaForAll https://***DC', ""On Tuesday, I joined @_***k, @M***e &amp; more to talk with @b***d. Click the link to learn about what it was like experiencing 'Racism on the Road', touring the segregated South, and our take on the current social climate in America 👉🏽 https://***8Q https://***Xm"", 'or crack smoke https://***uS', '-']",-,content_B,post
t1206,u0738,2020-10-08 04:09:23+00:00,Wildfire,H***b,"Monkey and mouse cortical circuits differ in their synaptic connection densities. Still unknown implications; cortex in the two species has some gross similarities, but we know neurons fire in pretty different ways. Nice data. fm @B***i and @d***n https://***KN","[""John Stossel claims we wrongly rated their video on Facebook Our review evaluates the misleading claim that climate change has little effect on wildfire intensity &amp; it's all about forest management To set the record straight, here is how the process works https://***nU"", 'Monkey and mouse cortical circuits differ in their synaptic connection densities. Still unknown implications; cortex in the two species has some gross similarities, but we know neurons fire in pretty different ways. Nice data. fm @B***i and @d***n https://***KN', '@K***r Congrats to your daughter! I present a California sunset to celebrate her finishing off the exam! https://***yL', '-']",tweet_A,content_B,quote
t1468,u2210,2020-11-23 17:47:02+00:00,Wildfire,j***i,-,"['One of the BEST ways to explore Baja California, Mexico is with a yacht charter! And I highly recommend visiting between December - April which is their dry season. Discover more: https://***fs #LuxuryTravel #ttot #BajaNorte #VisitMexico #MexicoLoveYouSoon https://***IO', 'On Saturday Paul &amp; I popped into @1***s. We enjoyed a glass of wine sitting in Moskoka chairs around a roaring fire. Today I pulled on the same sweater I wore for a quick run to Starbucks. The smell of the campfire embraced me like a warm hug. A Canadian moment.', 'Incredibly well-sourced and thoughtful piece on California’s enviro justice journey. Important reminder that even the leading models in climate equity can be further refined — and many lessons here for the national picture. From @1***n @y***e https://***gR', '-']",tweet_C,-,retweet
t1059,u0339,2020-09-19 21:38:59+00:00,Wildfire,C***l,psst hey kid...want to feel depressed? the pleasant “autumnal” weather in nyc rn is partly the result of traveling california wildfire smoke clouds keeping temperatures down by obscuring the sun ??,"['Fires Leave 2020 Vintage in the Balance https://***Yy from @w***r #wine #harvest #wildfires', 'California filed its brief defending its #netneutrality law SB 822 in lawsuit by the US &amp; ISPs. At stake: whether states can adopt net neutrality laws &amp; whether states can regulate any online services, including enacting online privacy laws. My thoughts: https://***yh', 'psst hey kid...want to feel depressed? the pleasant “autumnal” weather in nyc rn is partly the result of traveling california wildfire smoke clouds keeping temperatures down by obscuring the sun ??', '-']",-,content_C,post
t1167,u2225,2020-10-03 10:56:47+00:00,Wildfire,y***s,More about our work on mapping wildfires with the power of satellite data. Thanks to the first responders for their heroic work and thanks to our partners @g***e https://***Mn #CrisisResponse #ML,"['#MetroNiteOut (clubMix) with @u***k #thedarksam and @d***a #NP fire fire @r***e #DjDrellainthemix #Lagos #Clubjamz #Nigeria', 'More about our work on mapping wildfires with the power of satellite data. Thanks to the first responders for their heroic work and thanks to our partners @g***e https://***Mn #CrisisResponse #ML', 'RTF graduate Annika Horne made a film about the YouTube algorithm, which has come under fire for promoting antisocial and politically extreme content. ""I am not really sure what the solution would be,"" she says of her biggest concern making the video. https://***c5', '-']",-,content_B,post
t0046,u0638,2018-08-20 22:09:00+00:00,Wildfire,F***s,TERRIFYING: This video shows a 70-year-old man and his son trying to escape a wildfire in Glacier National Park. https://***zi https://***93,"['TERRIFYING: This video shows a 70-year-old man and his son trying to escape a wildfire in Glacier National Park. https://***zi https://***93', ""1 daily unfollower. Crowdfire doesn't miss a trick - via https://***9g"", ""5 weekly followers. 4 unfollowers. Crowdfire doesn't miss a trick - via https://***Ln"", '-']",-,content_A,post
t0078,u1576,2018-09-17 04:43:01+00:00,Wildfire,L***k,"#HackInSAS - At #AnalyticsX, teams of hackers are using #SASViya to analyze the causes and impacts of wildfire. Now that’s #Data4Good.","['#HackInSAS - At #AnalyticsX, teams of hackers are using #SASViya to analyze the causes and impacts of wildfire. Now that’s #Data4Good.', 'fire FLAMESZZZ 🔥 https://***HI', 'NOT good.. hope everyone is ok.. https://***9n Fire at Lürssen Shipyards via @s***t.news', '-']",-,content_A,post
t0885,u2554,2020-09-11 23:29:19+00:00,Wildfire,M***D,-,"['@s***e Fire on the mountain', 'Thanks to the MAPLE Business Council for the wonderful work they do to bring together the business community in Canada and Southern California. I appreciated the opportunity to speak with the group and share a bit about why Ontario is a great place to live, work and play. https://***XE', 'We’re getting current today! We are talking about the #CaliforniaWildFire in each class, and now I’m tasking my students to make a claim as to how and why this keeps happening. They are loving this! #NevadaCubPride #LearningWithLillquist #teachertwitter https://***R6', '-']",tweet_B,-,retweet
t1432,u2021,2020-11-16 19:19:33+00:00,Wildfire,e***r,"Very good roundup from @l***l &amp; @j***a of the critical role climate played in the election, the mandate that @J***n &amp; @K***s have to act, and the ways in which they already are doing so. This ain't 2008, folks. https://***dS","[""Very good roundup from @l***l &amp; @j***a of the critical role climate played in the election, the mandate that @J***n &amp; @K***s have to act, and the ways in which they already are doing so. This ain't 2008, folks. https://***dS"", 'Here, those who mourn are asked to show proof of their loss. The thunder wey go strike dem still dey fire dey boil! https://***gv', '@b***n @B***e do you see the fire looking towards Four Corners from Bozeman?', '-']",-,content_A,post
t0186,u1483,2018-11-10 07:25:44+00:00,Wildfire,t***a,Praying for everyone fighting against and impacted by the #CaliforniaFires https://***N9,"['Thousand Oaks Police in Southern California are identifying the shooter. #Borderline #MassShooting https://***Pm', 'An owl sits on the beach in Malibu as the Woolsey Fire approaches https://***L4 https://***9i', 'Praying for everyone fighting against and impacted by the #CaliforniaFires https://***N9', '-']",-,content_C,post
t1328,u0248,2020-10-25 16:54:55+00:00,Wildfire,J***e,Is this the main way out of our multiple crises? #ScienceDenial is deadly! #COVID19 #MegaFires #ClimateCrisis #Ecocide #CaliforniaFires https://***0Q,"['Is this the main way out of our multiple crises? #ScienceDenial is deadly! #COVID19 #MegaFires #ClimateCrisis #Ecocide #CaliforniaFires https://***0Q', '@Z***6 Stewart Falls is open. The other trails along the fire perimeter will remain closed through the weekend.', '“He didn’t set himself on fire like the first debate...he did lie like Pinocchio but” @j***r #Debates2020', '-']",-,content_A,post
t0975,u2678,2020-09-15 14:09:45+00:00,Wildfire,A***A,"“Cry dancing” is all the rage these days (at least for me), and this funky soulful ballad is my current 2020 theme song. “Wildfires by @S***l on #SoundCloud https://***U2 https://***WJ","['This is a surefire way to keep your kids active by @v***e @D***s #robotics #AI #Bots #ArtificialIntelligence Cc: @M***i @P***d @S***s @k***n @H***t @c***n @j***0 https://***qK', 'First glimpse of Mt Tam in a while. Grateful for a respite, however brief it may be. AQI only in the low-100s, which counts as good these days. #fireseason @ Sausalito, California https://***sb', '“Cry dancing” is all the rage these days (at least for me), and this funky soulful ballad is my current 2020 theme song. “Wildfires by @S***l on #SoundCloud https://***U2 https://***WJ', '-']",-,content_C,post
t0222,u1735,2018-11-12 15:19:28+00:00,Wildfire,J***x,-,"['The true cost of climate change will be borne by people who are physically or financially incapable of escaping the harms of unprecedented weather events. #CampFire #HurricaneMichael #HurricaneFlorence', 'Negotiations are continuing in the Forest of Compiegne. The Germans are asking for a ceasefire to enable negotiations but Field Marshal Foch for the allies is insisting on a full scale irreversible Armistice.', 'If you want to help the people of #California affected by the #wildfires, here is how. #RedCross disaster relief. I just helped by going here: tps://www.redcross.org/donate/disaster-relief.html/?donamt=20', '-']",tweet_B,-,retweet
t1380,u0861,2020-11-03 02:45:02+00:00,Wildfire,c***s,"Huge wildfires in the West and record-breaking heat this summer may have fueled Arizona voters' interest in climate change and environmental policy this election cycle, says @D***L with @C***r. Read more here: https://***Ed","['Fire department, FBI investigating fire at house of mayoral candidate John Medina https://***jX', ""Huge wildfires in the West and record-breaking heat this summer may have fueled Arizona voters' interest in climate change and environmental policy this election cycle, says @D***L with @C***r. Read more here: https://***Ed"", '@B***e @S***m @K***h @l***s @l***c @S***k @c***d @m***e @S***a @D***a @n***C You’re an engineer - a trained biomed engineer - counts for me!', '-']",-,content_B,post
t0775,u0798,2020-09-08 22:46:00+00:00,Wildfire,S***P,-,"['National #Preparedness Month Topic for 6-12: Build A Kit. https://***f3 #LA #CA #Laura #Wildfire @R***s @A***a @S***S @h***d ^KP @L***v #DAFN @R***l @R***7 @R***W @M***3 @f***a @R***v @P***S @F***S', 'Fun day hiking Angel Island and exploring SF. Happy to get out of the smoke of the Central Valley. @ InterContinental Mark Hopkins San Francisco https://***7d', 'We are assisting on a fire in Mapleton. We have closed down Bartholomew Park. Stay tuned for details. https://***dF', '-']",tweet_B,-,retweet
t1395,u2609,2020-11-07 03:42:00+00:00,Wildfire,J***y,-,"['And if you can donate please donate to the venmo below and dm me to help be a part of a large project a bunch of afghan students from various colleges in california have arranged. For more information about this fundraiser feel free to check out our insta ucsdasa . Thank you ♥️ https://***QB', 'Acabou de publicar um vídeo em San Diego , California https://***LF', '@p***e @I***e ѕo ѕweeт😊', '-']",tweet_B,-,retweet
t1531,u0417,2020-12-08 16:51:42+00:00,Wildfire,j***i,"In the worst wildfire season in history, what are some ways to help assure energy resiliency? Hydrogen gas may be able to help! Read the article here! ☝🏼","['In the worst wildfire season in history, what are some ways to help assure energy resiliency? Hydrogen gas may be able to help! Read the article here! ☝🏼', '@A***s When you become DHS director, make sure to fire Tony Phạm at ICE.', 'Two hours climbing through the snowy woods *uphill* on XC skis = lots of ibuprofen, a fire in the wood stove, and gratitude to my friend who spent the time to teach me. Onward! https://***FG', '-']",tweet_A,content_A,reply
t0079,u2607,2018-09-17 16:01:21+00:00,Wildfire,d***n,#California is on the verge of passing a rule requiring 100 percent of its #electricity to come from carbon-free sources. https://***Kj #climate #design,"['\u2066@S***e\u2069 lists 2 🇨🇦 CO2 capture and utilization techs for California to bcome CO2 Neutral by 2045. There are 10 @C***e #concrete producers in Cali already. \u2069\u2069#BuyClean \u2066@c***a\u2069 \u2066@C***r\u2069 \u2066@G***a\u2069 https://***OY', '#California is on the verge of passing a rule requiring 100 percent of its #electricity to come from carbon-free sources. https://***Kj #climate #design', '\u2066@P***O\u2069 - Chariots of Fire - PROWLER Pacers and Scrambled Legs https://***eO', '-']",-,content_B,post
t1177,u2599,2020-10-05 02:08:09+00:00,Wildfire,P***i,"Imagine being so maliciously cruel that you refuse to wear a mask so COVID spreads like wildfire through your administration, you contract it &amp; proceed with your fundraising event, take pics w/ 50 donors, visit with soldiers &amp; then ride around the block with secret service.","['@T***1 @N***e @N***d 💚❤️💙', ""What's wrong with the #Democrats? Just take a look at #California https://***lh 'California politicians... have lost touch with tens of millions who are struggling.' @G***m @R***A @C***r @G***e @C***m @T***s @l***n #CA #US 🇺🇸"", 'Imagine being so maliciously cruel that you refuse to wear a mask so COVID spreads like wildfire through your administration, you contract it &amp; proceed with your fundraising event, take pics w/ 50 donors, visit with soldiers &amp; then ride around the block with secret service.', '-']",-,content_C,post
t1347,u0713,2020-10-27 18:24:03+00:00,Wildfire,a***n,"this one is close to home! eager to collaborate with researchers at @N***A &amp; @a***o on transformational weather &amp; climate forecasting thru ML better predictions have myriad applications: renewables, extreme weather/wildfires, emissions/aq, ag, more... https://***rB","['This includes a lot of volunteer firefighters including the Rist Canyon Volunteer fire department. Donate to them here https://***ox', 'this one is close to home! eager to collaborate with researchers at @N***A &amp; @a***o on transformational weather &amp; climate forecasting thru ML better predictions have myriad applications: renewables, extreme weather/wildfires, emissions/aq, ag, more... https://***rB', 'Difference was this guy played a nailed on 90 every week. Inevitably he did fire eventually, 4 goals &amp; 2 assists from GW30 onwards. Each a dagger in the heart for GW1 backers 😂 One from memory lane? @F***k @F***e @F***l @f***z', '-']",-,content_B,post
t0840,u1938,2020-09-10 13:22:52+00:00,Wildfire,j***y,-,"['Purchase either of two prints (or, if you\'re like us and can\'t decide which you like best, be ""shell-fish"" and get one of each!) to help support the @W***e program and bring us ever closer to the restoration of this California coastal treasure. 2/4', ""Visit California remains ready to start welcoming visitor's back to CA as soon as consumer sentiment and the health crisis allow. In the meantime, continuing to promote responsible travel and provide support to CA's tourism industry are top priorities: https://***MU https://***xE"", 'As the winds weaken aloft, gravity will take over as the primary vertical transport of the smoke. Suspended smoke will descend closer to the surface and could lead to darker skies and worsening air quality today. This is beyond the scope of our models so we rely on your reports!', '-']",tweet_B,-,retweet
t1243,u3050,2020-10-13 22:55:37+00:00,Wildfire,U***h,Update: Fire activity has significantly decreased on the #LyonsFire and the fire should be contained shortly. This could have been a much different story if this fire started tomorrow or later this week in a much drier and windier airmass. #CAfire https://***eS https://***gm,"['@c***n Fire the accountants.', ""See my dialect map and make your own. This dialect quiz was kind of fun, and I can see hints of the many places in the U.S. I've lived: Hawaii, Boston, Arkansas, Minnesota, Seattle, and the California Bay . https://***bh via @n***s"", 'Update: Fire activity has significantly decreased on the #LyonsFire and the fire should be contained shortly. This could have been a much different story if this fire started tomorrow or later this week in a much drier and windier airmass. #CAfire https://***eS https://***gm', '-']",-,content_C,post
t0207,u2245,2018-11-11 11:24:30+00:00,Wildfire,a***a,Utter devastation in California. Sending my prayers and thoughts. Please don’t leave your pets behind. Stay safe everyone. #CaliforniaWildfires #dontleavebehindanimals https://***rn,"['A fire destroys your property. You make the call. And your insurance company says... https://***ej', 'Utter devastation in California. Sending my prayers and thoughts. Please don’t leave your pets behind. Stay safe everyone. #CaliforniaWildfires #dontleavebehindanimals https://***rn', 'The true cost of climate change will be borne by people who are physically or financially incapable of escaping the harms of unprecedented weather events. #CampFire #HurricaneMichael #HurricaneFlorence', '-']",-,content_B,post
t1431,u1688,2020-11-16 18:31:51+00:00,Wildfire,g***o,"A boost for 🌍and for US all. Bezos Earth Fund donates $30 mill. to Salk Institute for innovative climate change research, ""Harnessing Plants Initiative"" enhances plants to capture &amp; store carbon - Salk Institute for Biological Studies https://***3H via @s***e","['A boost for 🌍and for US all. Bezos Earth Fund donates $30 mill. to Salk Institute for innovative climate change research, ""Harnessing Plants Initiative"" enhances plants to capture &amp; store carbon - Salk Institute for Biological Studies https://***3H via @s***e', '#Assam: 11 people which includes five soldiers were killed in ceasefire violations by Pakistani troops #IndianArmy #NeelumValley #JammuAndKashmir https://***q6', '✨ Nina Hoss will join us at Berlin &amp; Beyond in Focus for the Q&amp;A of MY LITTLE SISTER on Nov. 21 1:00 PM. In collab. w/ Consulate General of Switzerland SF, as part of Swiss Film &amp; Talks. Viewable in California. Tickets: https://***J0 Photo © Geisler-Fotopress/Alamy https://***K7', '-']",-,content_A,post
t0204,u3138,2018-11-11 05:38:16+00:00,Wildfire,P***o,-,"[""@T***D @A***r The other day after the California shooting they said on CNN that EMTs were unprepared for the damage done to people? That they didn't carry tourniquets? Is that true?"", 'BREAKING: Northern California sheriff says 14 additional bodies recovered, bringing death toll to 23 in massive wildfire.', 'Evacuation order has been made for Malibu. This is from my patio. Let’s hope the winds die down @ Malibu, California https://***aC', '-']",tweet_B,-,retweet
t1308,u2744,2020-10-21 19:53:50+00:00,Wildfire,u***d,Great coverage by @k***s of the Wildlife Disaster Network. So proud of our partnership with @C***W and other area wildlife agencies to help animals burned in wildfires. https://***Vp,"[""This dumpster fire of a tweet is an example of the lesser known Occam's Cudgel, the principle whereby a man in a position of power brute forces logic (and inaccurately used jargon) into a statement that express an inappropriate position. https://***NV"", 'Great coverage by @k***s of the Wildlife Disaster Network. So proud of our partnership with @C***W and other area wildlife agencies to help animals burned in wildfires. https://***Vp', 'Orile iganmu police station is on fire 🔥🔥🔥 right now...stay safe guys 🥺#EndSARS #EndPoliceBrutalityinNigeraNOW https://***oZ', '-']",-,content_B,post
t1164,u3100,2020-10-02 19:10:18+00:00,Wildfire,j***s,"wildfires getting bumped from news broadcasts everywhere, but worth remembering there are 2500 firefighters on 24/hr shifts assigned to the glass fire alone. 60k acres burned with only 6% containment. nearly 13,000 people evacuated from their homes https://***IS","[""@K***e I would never wish COVID19 to any human being...fortunately, that's not the case of Orange troll"", 'wildfires getting bumped from news broadcasts everywhere, but worth remembering there are 2500 firefighters on 24/hr shifts assigned to the glass fire alone. 60k acres burned with only 6% containment. nearly 13,000 people evacuated from their homes https://***IS', 'At Least 1 Dead After Fire Truck, Ambulance Crash in NYC https://***PM', '-']",-,content_B,post
t0171,u1468,2018-11-09 07:32:04+00:00,Wildfire,V***s,Magic Fire Transitions (Abstract): Horizontal and vertical colorful fire and smoke animations that can be used as transitions or openers * 2 versions * resolution: 1920×1080 * video format: QuickTime PNG + Alpha Channel https://***pZ,"['A. O. Smith Recalls 30-Gallon Gas Water Heaters Due to Fire Hazard; Sold Exclusively at Lowe’s https://***yk', 'Magic Fire Transitions (Abstract): Horizontal and vertical colorful fire and smoke animations that can be used as transitions or openers * 2 versions * resolution: 1920×1080 * video format: QuickTime PNG + Alpha Channel https://***pZ', '@m***e @A***t Are these winds driving the flames katabatic?', '-']",-,content_B,post
t1047,u1438,2020-09-18 15:25:21+00:00,Wildfire,a***o,-,"['Just posted a photo @ Los Angeles, California https://***yx', 'We’re safe from the #BobcatFire thanks to the heroic efforts of the firefighters from multiple agencies. The battle is not over yet. https://***EO', '#sausalitosunsets #grateful #viewfrommyhammock @ Sausalito, California https://***5z', '-']",tweet_B,-,retweet
t0750,u0085,2020-09-07 10:28:20+00:00,Wildfire,M***m,"Amazingly, not the first wildfire caused by a gender reveal party gone awry. https://***L9","['#CameronPeakFire Ash is falling in Boulder County 50 miles away from the fire. Heavy smoke. https://***yo https://***Je', 'Amazingly, not the first wildfire caused by a gender reveal party gone awry. https://***L9', 'A powerful essay from @j***e: In defense of California https://***L2', '-']",-,content_B,post
t0115,u2849,2018-10-11 09:30:46+00:00,Wildfire,D***m,"Technical Session-III: On “Surveillance with New Technologies for Smart Policing”, moderated by Pankaj Dharkar, National President, Fire &amp; Security Association of India, at 7th International Conference &amp; Exhibition ""Homeland Security: New Challenges &amp; Technologies"" in #NewDelhi https://***dA","['fire for fire🤣🤣😆 https://***OI', 'Technical Session-III: On “Surveillance with New Technologies for Smart Policing”, moderated by Pankaj Dharkar, National President, Fire &amp; Security Association of India, at 7th International Conference &amp; Exhibition ""Homeland Security: New Challenges &amp; Technologies"" in #NewDelhi https://***dA', '.@r***p I Have No Plans to Fire Rod Rosenstein https://***kw', '-']",-,content_B,post
t1270,u1954,2020-10-16 16:24:27+00:00,Wildfire,c***0,"Turlock, CA is an agricultural powerhouse threatened by COVID-19 &amp; climate change. In a new blog, @G***r explores the opportunity of a federal stimulus package to center rural communities, like her hometown of Turlock, for a green recovery. https://***uY","['Through #GWIS and altogether with @C***U, @G***5 and @N***A, the #JRC delivers weekly analysis of #wildfires in the #Amazon region. The 🔥 monitoring includes 🇧🇷Brazil 🇧🇴Bolivia 🇨🇴Colombia 🇵🇾Paraguay 🇵🇪Peru 🇻🇪Venezuela Available here: https://***ac', '#California #Uber #vote debate is old thinking. Why not treat traditional #employment &amp; #freelance #work equally in a #tech based and growing #gig #economy with a #public, not a #business, #safety net program for the #future #technology #freelancers https://***uo', 'Turlock, CA is an agricultural powerhouse threatened by COVID-19 &amp; climate change. In a new blog, @G***r explores the opportunity of a federal stimulus package to center rural communities, like her hometown of Turlock, for a green recovery. https://***uY', '-']",-,content_C,post
t0778,u2168,2020-09-09 02:09:47+00:00,Wildfire,w***k,I grew up in Northern California in the 70s and 80s. Fires were NOT a part of our life. We didn't think about them much at all.... Now--My heart aches for the wildfire-driven stress that is gripping entire regions of the West from SoCal to Ore to Wash and further inland.,"[""I grew up in Northern California in the 70s and 80s. Fires were NOT a part of our life. We didn't think about them much at all.... Now--My heart aches for the wildfire-driven stress that is gripping entire regions of the West from SoCal to Ore to Wash and further inland."", 'California: bring your little pets inside this weekend and keep them cool. this heatwave is no joke. stay hydrated.', 'Onfire https://***QE', '-']",-,content_A,post
t0876,u2732,2020-09-11 19:58:26+00:00,Wildfire,n***s,"‘That PTSD is real, that impact on children in particular is overwhelming’ — CA Gov. Newsom recalls a heartbreaking story about children who lived through wildfires https://***E6","[""@t***e @k***o @R***t Only FED can trade against the markets, and I ain't no Manuchin with fire power of Us Treasury to sustain the draw downs. 🤡"", 'Extremely intense fire updrafts have injected vast amounts of smoke &amp; ash into upper atmosphere as high as 50,000 feet--20,000 above cruising altitude of jet airliners. Dense smoke throughout entire atmospheric column is blocking nearly all sunlight at surface. #CAwx #CAfire https://***bz', '‘That PTSD is real, that impact on children in particular is overwhelming’ — CA Gov. Newsom recalls a heartbreaking story about children who lived through wildfires https://***E6', '-']",-,content_C,post
t1266,u1193,2020-10-16 12:21:01+00:00,Wildfire,F***e,Why is it important to create &amp; maintain 5ft of noncombustible space around your home? Check out this #Wildfire Research Fact Sheet from @N***A &amp; @d***y https://***u9 #firewise #fireadapted #defensiblespace #widlfireprep #insurance https://***Wk,"['Why is it important to create &amp; maintain 5ft of noncombustible space around your home? Check out this #Wildfire Research Fact Sheet from @N***A &amp; @d***y https://***u9 #firewise #fireadapted #defensiblespace #widlfireprep #insurance https://***Wk', 'As E Don Be Now, NA FIRE FOR FIRE. #EndSARS', 'Grass fire threatening homes near South San Francisco hillside sign https://***zh', '-']",-,content_A,post
t1244,u2343,2020-10-14 13:35:29+00:00,Wildfire,H***y,Musical theatre student @b***s currently training at @t***t It was fascinating to chat with him about his studies and what drama colleges are doing to best help and nurture their students and graduates in a very tricky climate for the entertainment industry. Ba… https://***Ze,"['Just posted a photo @ Los Angeles, California https://***Kj', 'Musical theatre student @b***s currently training at @t***t It was fascinating to chat with him about his studies and what drama colleges are doing to best help and nurture their students and graduates in a very tricky climate for the entertainment industry. Ba... https://***Ze', 'Through #GWIS and altogether with @C***U, @G***5 and @N***A, the #JRC delivers weekly analysis of #wildfires in the #Amazon region. The 🔥 monitoring includes 🇧🇷Brazil 🇧🇴Bolivia 🇨🇴Colombia 🇵🇾Paraguay 🇵🇪Peru 🇻🇪Venezuela Available here: https://***ac', '-']",-,content_B,post
t1042,u2842,2020-09-18 00:45:43+00:00,Wildfire,D***L,-,"['These eco fire lighters made form rhino dung are nothing short of BRILLIANT! Get yours and definitely enter their competition to win a stay at Rockwood Conservation RhinoBalls – Saving the Rhino One Fire at a Time! https://***vK', 'Ad oggi 4 nomi diversi per il #medicane: 🇬🇷 #Ianos (Ιανός) #Janus 🇩🇪 #Udine 🇹🇷 #Tulpar 🇮🇹 #Cassilda Stavolta non diamo la colpa ai siti meteo clickbait, ma (pre)occupiamoci del #ClimateChange che manda in #TT e tra i prossimi neologismi del vocabolario gli ""uragani-mediterranei"". https://***LC', 'BREAKING! We have engaged legal counsel to file lawsuits in California &amp; Texas to challenge unconstitutional orders. If we raise enough funds, we also have counsel ready to file in New York. PLEASE consider donating to fight abusive Governors: https://***1y', '-']",tweet_C,-,retweet
t0809,u1233,2020-09-09 18:11:04+00:00,Wildfire,Q***i,SF is orange today #CaliforniaFires https://***Br,"['California’s fire season could get much worse in the coming days. Intense diablo winds are forecast for parts of Northern California this week. Santa Ana winds are expected Tuesday night in Southern California. https://***UL', 'If you are looking for Oral and Dental Supplies at the lowest prices visit our site: https://***1H #California #Dental #Dentist #dentalcare #toothwhitening #Cavities #Motivation https://***l3', 'SF is orange today #CaliforniaFires https://***Br', '-']",-,content_C,post
t1522,u1435,2020-12-07 15:39:49+00:00,Wildfire,L***1,"Congratulations to Kathy Bradberry, this week's randomly selected #winner of a Yule Log! Thank you to everyone that entered! The next #giveaway will start again on Friday! #campfire #outdoors #family #camping #firepit #fireplace #WINNER #Christmas2020 https://***aZ","[""Machinist’s Mate 1st Class Robert R. Scott. Aboard the U.S.S. California, Scott's battle station was flooded as the result of a torpedo hit. The remainder of the personnel evacuated. Scott refused “This is my station and I'll stay and give them air as long as the guns are going” https://***Kk"", ""Congratulations to Kathy Bradberry, this week's randomly selected #winner of a Yule Log! Thank you to everyone that entered! The next #giveaway will start again on Friday! #campfire #outdoors #family #camping #firepit #fireplace #WINNER #Christmas2020 https://***aZ"", 'Biden names California AG Xavier Becerra as secretary of Health and Human Services https://***G9 via @H***e', '-']",-,content_B,post
t1205,u0920,2020-10-08 01:44:50+00:00,Wildfire,P***a,Bring on the clean energy. Stop #CaliforniaWildfires care about the environment and science. More jobs in #renewableenergy Go @K***s #VPDebate2020,"['Billy Joel should do a remake of We Didn’t Start the Fire with only 2020 references.', 'Now that the smoke has cleared, here is a summary of our work with @R***r and @i***b (although the proverbial breathable air is still thin): https://***iz', 'Bring on the clean energy. Stop #CaliforniaWildfires care about the environment and science. More jobs in #renewableenergy Go @K***s #VPDebate2020', '-']",-,content_C,post
t0891,u2188,2020-09-12 11:04:04+00:00,Wildfire,I***s,-,"['Our personal favourite is The Fire Cult Sweat-jacket! #TheFireCult #FilmTwitter #Movies https://***Lw', ""Après le #CreekFire pendant deux jours, me voici sur le #NorthComplexFire, à côté de la ville d'Oroville. 10 personnes sont mortes dans l'incendie, au moins 16 toujours portées disparues #Californie #wildfires"", 'The West is on fire but in Washington DC the burn is coming from a book. Talking Woodward with Trump with Scott this a.m. @N***d', '-']",tweet_C,-,retweet
t1358,u2949,2020-10-28 20:55:39+00:00,Wildfire,M***S,"Vote. Vote early if you can. Vote for science. For Black, Brown, LGBTQAI, youth, immigrant &amp; marginalized lives. For climate change &amp; listening to epidemiologists. Vote for your communities &amp; our future. National &amp; local - for officials &amp; ballot measures. Vote. #VOTE","['Vote. Vote early if you can. Vote for science. For Black, Brown, LGBTQAI, youth, immigrant &amp; marginalized lives. For climate change &amp; listening to epidemiologists. Vote for your communities &amp; our future. National &amp; local - for officials &amp; ballot measures. Vote. #VOTE', 'Episode 3 of Mathematically Uncensored is available today. Check out what @D***s and @A***r are up to now. The full episode is on https://***XB #minoritymath #mathematicallyuncensored #MU #FIRE https://***3C', ""@p***a @S***e !!!!! Geeking out over here !!!! Can't wait!! 🖤"", '-']",-,content_A,post
t0939,u1415,2020-09-14 17:15:20+00:00,Wildfire,N***a,"My late @V***G submission for the @K***n project... Used @T***u to visualise the countries where people were displaced due to floods, storms or wildfires. @t***c https://***rZ https://***wd","['@M***P You are likely seeing the William Fire. As weather conditions continue to warm and dry more smoke will be visible from the fire.', 'Just posted a video @ Los Angeles, California https://***ez', 'My late @V***G submission for the @K***n project... Used @T***u to visualise the countries where people were displaced due to floods, storms or wildfires. @t***c https://***rZ https://***wd', '-']",-,content_C,post
t0915,u1271,2020-09-13 10:23:27+00:00,Wildfire,M***t,"This is NOT climate change. The climate already permanently changed when Wall Street &amp; Corporate America bought off much of our environmental movement, the climate deniers slowed it all down &amp; Trump came in and decimated the EPA. These are not wildfires. These are CLIMATE FIRES! https://***hG","['This is NOT climate change. The climate already permanently changed when Wall Street &amp; Corporate America bought off much of our environmental movement, the climate deniers slowed it all down &amp; Trump came in and decimated the EPA. These are not wildfires. These are CLIMATE FIRES! https://***hG', 'Fire 🌼🌼🎧🎤 https://***lM', ""@n***a I'm at the combination wildfire pandemic myself"", '-']",-,content_A,post
t0045,u2135,2018-08-20 21:55:16+00:00,Wildfire,B***r,With help from the Idaho Office of Emergency Management (@I***M) we recorded a public service announcement educating everyone on the dangers of flying drones near wildfires! Watch here: https://***lp https://***lm,"[""7 weekly followers. 25 unfollowers. Crowdfire doesn't miss a trick - via https://***Pu"", 'Aides thought Trump would take the extraordinary step of denying Obama access to intelligence briefings which are provided to former presidents. But an adviser persuaded Trump to hold his fire https://***D4', 'With help from the Idaho Office of Emergency Management (@I***M) we recorded a public service announcement educating everyone on the dangers of flying drones near wildfires! Watch here: https://***lp https://***lm', '-']",-,content_C,post
t0892,u0643,2020-09-12 14:02:25+00:00,Wildfire,P***t,"Hier, je me suis rendu à #BerryCreek, hameau de quelques dizaines d’habitants entièrement détruit par les flammes du #NorthComplexFire pour @F***r #californie #incendies #CaliforniaWildfires https://***Bp","['Hier, je me suis rendu à #BerryCreek, hameau de quelques dizaines d’habitants entièrement détruit par les flammes du #NorthComplexFire pour @F***r #californie #incendies #CaliforniaWildfires https://***Bp', 'Protect yourself and your pup from #wildfire smoke: https://***2r https://***WQ', 'Red skies at night, sailors delight. Right California...? RIGHT!?!? Stay safe, everyone! #BobcatFire #CaliforniaWildFire', '-']",-,content_A,post
t0753,u0058,2020-09-07 17:28:23+00:00,Wildfire,s***_,gender is a wildfire,"['Top view of Dana Point Beach, California @ Dana Point, California https://***SI', 'gender is a wildfire', '@L***r Every time we watch your show from California here in the city of Port Hueneme or Internet locks up 60 times last time it’s almost as if they’re doing it intentionally', '-']",-,content_B,post
t0258,u2032,2018-11-16 06:34:45+00:00,Wildfire,p***a,"Hey @T***m, been searching everywhere for your Smart Air Cannon in the US. In dire need here in NorCal due to the #CampFire. Any US models/suppliers?","['Hey @T***m, been searching everywhere for your Smart Air Cannon in the US. In dire need here in NorCal due to the #CampFire. Any US models/suppliers?', 'Right now Ex-Alta 1 is figuratively on fire (because it’s faring so well during atmospheric reentry), but any moment now will be literally on fire https://***4Z', 'To protect your lungs from wildfire smoke, the mask you wear matters https://***CP', '-']",-,content_A,post
t0935,u2293,2020-09-14 16:47:59+00:00,Wildfire,c***e,"That climate scientist is Park Williams of @C***a's @L***h, and one of our Climate and Life Fellows. #CAwx #CAfires https://***eb","[""That climate scientist is Park Williams of @C***a's @L***h, and one of our Climate and Life Fellows. #CAwx #CAfires https://***eb"", ""Congratulations to Meghan Kovachevich, this week's randomly selected #winner of a Light ‘n Go #Bonfire! Thank you to everyone that entered! The next #giveaway will start again on Friday! #campfire #outdoors #family #camping #firepit #fireplace #WINNER #BBQ https://***O6"", 'Weather cooling down now in the Gatineau Hills. My wife captures me in the classic ""must be a fire in here somewhere"" pose. For the record, I was blowing on it. Successfully. https://***1X', '-']",-,content_A,post
t1085,u1758,2020-09-22 13:18:00+00:00,Wildfire,r***s,Adaptation and resilience will play a huge role in combating climate change in Africa. The launch of @G***n Africa is a major stepping stone for improving investment in agricultural innovation across the continent. https://***lg,"['This is a really important part of the wildfire story that should be getting more attention. Plus @r***a did a fabulous job reporting on it. https://***Ej @y***e', 'Adaptation and resilience will play a huge role in combating climate change in Africa. The launch of @G***n Africa is a major stepping stone for improving investment in agricultural innovation across the continent. https://***lg', 'Check us out on Instagram dominictodd450 #420friendly #420smoke #greensmoke #weedexotics #weedflorida #weed #smokeweed #WeedAustin #Australianstoners #weedaustralian #Newyorkweed #seattle420 #Weedmiami #shrooms #Cartsusa #Cartsaustralia #CannabisCommunity https://***K7', '-']",-,content_B,post
t0109,u0222,2018-10-09 04:25:45+00:00,Wildfire,_***n,This is MY son. He graduated #1 in boot camp. He was #1 in A school. He is a gentleman who respects women. He won't go on solo dates due to the current climate of false sexual accusations by radical feminists with an axe to grind. I VOTE. #HimToo https://***e0,"[""This is MY son. He graduated #1 in boot camp. He was #1 in A school. He is a gentleman who respects women. He won't go on solo dates due to the current climate of false sexual accusations by radical feminists with an axe to grind. I VOTE. #HimToo https://***e0"", 'Beautiful and Trash. #KateBeckinsale is the Chick of the Week. #chickoftheweek #theWiilds #smoke https://***3c', '.@r***p I Have No Plans to Fire Rod Rosenstein https://***kw', '-']",-,content_A,post
t0149,u0947,2018-10-29 20:34:41+00:00,Wildfire,n***s,The IFC Center on #Yelp: I'm writing to complain about Paul W. I was there last night at wildfire and you were basi… https://***xC,"['I tried to fire a friend once and it didn’t work. We had nothing in common anymore but she wouldn’t let go. https://***tV', ""The IFC Center on #Yelp: I'm writing to complain about Paul W. I was there last night at wildfire and you were basi... https://***xC"", ""1 daily follower. 0 unfollowers. Crowdfire doesn't miss a trick -via https://***9g"", '-']",-,content_B,post
t0927,u3025,2020-09-14 07:08:08+00:00,Wildfire,S***y,-,"['The one piece everyone should read about California right now. “The California Dream has become the California Compromise.” \u2066@h***y\u2069 \u2066@R***i\u2069 \u2066@b***s\u2069 \u2066@P***n\u2069 https://***a9', ""@a***e @T***e @s***i Yes she did 'em on the dance floor on JS too."", 'Another example of incredible innovation and leadership @U***o and California! Congratulations @c***t and team! https://***U2', '-']",tweet_C,-,retweet
t0830,u0955,2020-09-10 06:31:31+00:00,Wildfire,h***a,"This is how it looked outside today, never seen something like this before #californiafires . Natural set for the Martian movie. https://***cv","['This is how it looked outside today, never seen something like this before #californiafires . Natural set for the Martian movie. https://***cv', ""@C***a Welcome to #HotelCalifornia! Just in time -- next week we're planning Armageddon and could use the help.🤯"", 'What strange ominous skies I keep waking up to are these? Smoke burns my eyes and chokes my breath. This break my heart and tells me again and again, WE must change our ways, now. #bethechange @ Los Angeles, California https://***hg', '-']",-,content_A,post
t1125,u2345,2020-09-28 18:52:53+00:00,Wildfire,j***y,@U***e Is it still 0% contained? Or 20% contained today? @M***T,"[""@C***S @f***k @M***l @N***f I'm just noting that since you get 3-4 reviews total, you only need one negative review to swing a paper from a surefire accept to a gamble. Similarly, a 10 review should have been enough to bring the paper from a gamble to a surefire accept. What was the review like?"", '@U***e Is it still 0% contained? Or 20% contained today? @M***T', ""An Cosán &amp; #Goodbody have been shortlisted in the 2020 Charity Excellence Awards in the Best Corporate Charity Partnership, please take a moment to vote in the People's Choice Award. Voting ends 11:45 pm Wed 30th September. You could win a 32GB Fire 7 Tablet! #CEA2020 @C***s https://***AT"", '-']",tweet_B,content_B,reply
t1193,u1193,2020-10-06 12:05:02+00:00,Wildfire,F***e,"Reminder! Join @N***A this Wed, Oct 7, at 4pm ET for a free webinar to learn how to work with your neighbors to create a safer community from #wildfire! #fireadapted #beready #defensiblespace https://***jF https://***2H","['Thanks everyone! Please hold fire while we catch up.', 'Reminder! Join @N***A this Wed, Oct 7, at 4pm ET for a free webinar to learn how to work with your neighbors to create a safer community from #wildfire! #fireadapted #beready #defensiblespace https://***jF https://***2H', 'During another menacing wildfire, Guy Fieri fires up his mobile kitchen once again https://***lS', '-']",-,content_B,post
t0126,u2473,2018-10-16 10:30:28+00:00,Wildfire,T***E,Join TAE Technologies CEO Michl Binderbauer for a #FacebookLive chat to learn more about how #fusionenergy can advance #climate action and the new climate economy. 10/16 11:45am Vienna local time. #science #innovation https://***kN,"[""Only Texas &amp; Florida send more Republicans to Congress than California. 😱 We're gonna need the highest possible voter turnout to win back the House. Join me in signing up to call the most important California voters. #CaliforniaCounts https://***MG"", 'Join TAE Technologies CEO Michl Binderbauer for a #FacebookLive chat to learn more about how #fusionenergy can advance #climate action and the new climate economy. 10/16 11:45am Vienna local time. #science #innovation https://***kN', 'California Academy of Sciences Museum @ San Francisco https://***Jv', '-']",-,content_B,post
t1360,u2318,2020-10-29 06:19:00+00:00,Wildfire,C***2,"A secret affair sounds like fun--until a wildfire blows into town and outs your lies. HEAT He is her secret, her vice She is his everything Amazon kindle https://***98 All ebooks https://***eR #newadult #romance #NewReleases https://***Lj","['“and the sun like your hand on my face is warm, and for a moment I think this is glorious, this is what forgiveness feels like.” - Rafael Campo, “California” https://***si https://***2Q', '@D***o They should not report there may be violence, that will incite people to do it. Fox needs to fire Juan Williams and Donna Brazille.', 'A secret affair sounds like fun--until a wildfire blows into town and outs your lies. HEAT He is her secret, her vice She is his everything Amazon kindle https://***98 All ebooks https://***eR #newadult #romance #NewReleases https://***Lj', '-']",-,content_C,post
t1131,u2405,2020-09-29 02:25:13+00:00,Wildfire,C***U,Life on the line. #ThisIsCALFIRE #2020Wildfires https://***mo,"['Embothrium coccineum often called the Chilean fire tree put on a great display earlier in the Summer fabulous display always catches attention. The secret is to plant water and leave it alone. Stunning https://***Jv', 'Looks like a house on fire in Cliftonwood. Hope that everyone is safe. 📷 by Peter Madden https://***8u', 'Life on the line. #ThisIsCALFIRE #2020Wildfires https://***mo', '-']",-,content_C,post
t0873,u2087,2020-09-11 18:20:42+00:00,Wildfire,F***d,"Reports that extremists are setting wildfires in Oregon are untrue. Help us stop the spread of misinformation by only sharing information from trusted, official sources. https://***ep","['Reports that extremists are setting wildfires in Oregon are untrue. Help us stop the spread of misinformation by only sharing information from trusted, official sources. https://***ep', 'Want to thank all firefighters especially in California right now. That is one tough &amp; dangerous job. @s***y @ California https://***kn', 'Crews working hard at the #ValleyFire https://***OA', '-']",-,content_A,post
t1537,u2360,2020-12-09 07:48:16+00:00,Wildfire,P***n,"I think there is some truth in the second explanation. I think it’s because in contrast to, say, preventing deaths from malaria, there is less of a straight line between my political donations and the political outcomes (e.g. addressing climate change) that I care about.","[""Sick! Why don't they catch all the sadhus and babajis who smoke weed openly on the streets? https://***Os"", 'MATCHY MATCHY COMFY COZY. Limited edition, while supplies last! 🔥 #tiedye #fauxcashmere #joahlove #madeintheusa @ Los Angeles, California https://***P6', 'I think there is some truth in the second explanation. I think it’s because in contrast to, say, preventing deaths from malaria, there is less of a straight line between my political donations and the political outcomes (e.g. addressing climate change) that I care about.', '-']",tweet_B,content_C,reply
t1069,u1623,2020-09-20 15:18:01+00:00,Wildfire,n***y,California wildfires produce red sunsets in Finland https://***8W https://***GC,"['@D***n will discovery app come to jio settop box? basically its an android box but u have to add it to jio store. Or else ill buy a fire stick. When can i expect it to come to jio store ?', 'Chancellor Gary S. May, University of California Davis will moderate our University Presidents’ panel! NACME SYMPOSIUM – VIRTUAL, Friday, September 25th, 2020. Join us for a national conversation with recently appointed University Presidents. Register Now! https://***RZ https://***4r', 'California wildfires produce red sunsets in Finland https://***8W https://***GC', '-']",-,content_C,post
t0099,u2624,2018-09-27 18:06:12+00:00,Wildfire,j***r,".@B***r and I made a documentary about climate migration in Sri Lanka. What we saw opened our eyes to the realities of severe climatic events, and the effects they have on local communities. Link here: https://***gc https://***Vt","['At the upcoming IDEAS Southern California Conference 2018, we are honored to have some representative speakers from well-known companies (e.g. IBM, Microsoft). More importantly, they can help deliver your resumes to their company... https://***fR', 'New @P***s survey: Economy Seen as Most Important Issue facing California Californians name JOBS and the ECONOMY (22%), IMMIGRATION (10%), and HOUSING (9%) as the most important issues today. https://***zG', '.@B***r and I made a documentary about climate migration in Sri Lanka. What we saw opened our eyes to the realities of severe climatic events, and the effects they have on local communities. Link here: https://***gc https://***Vt', '-']",-,content_C,post
t1349,u2712,2020-10-28 04:01:52+00:00,Wildfire,Z***l,Voting is the most critical thing we can do this year to fight the climate crisis. Have you found your polling place yet? https://***iV @C***r https://***Uo,"['Voting is the most critical thing we can do this year to fight the climate crisis. Have you found your polling place yet? https://***iV @C***r https://***Uo', 'So many have voted and fought for us to be seen, to be heard! As a leading fitness expert. I choose to exercise my right to vote! I hope you’ll do the same! #vote2020 #blacklivesmatter @ Los Angeles, California https://***se', 'And when Charlie Hebdo will smoke @P***S #MAGA2020 #Erdogan https://***xp', '-']",-,content_A,post
t1463,u1435,2020-11-23 16:23:53+00:00,Wildfire,L***1,"Congratulations to Jenny Shea, this week's randomly selected #winner of a Yule Log! Thank you to everyone that entered! The next #giveaway will start again on Friday! #campfire #outdoors #family #camping #firepit #fireplace #WINNER #BlackFriday2020 https://***Pk","['California to Decriminalize Magic Mushrooms https://***52', ""Congratulations to Jenny Shea, this week's randomly selected #winner of a Yule Log! Thank you to everyone that entered! The next #giveaway will start again on Friday! #campfire #outdoors #family #camping #firepit #fireplace #WINNER #BlackFriday2020 https://***Pk"", 'Horrible fire just broke out in Downtown Berkeley. First responders are on the scene https://***Pb', '-']",-,content_B,post
t0167,u1267,2018-11-08 19:20:37+00:00,Wildfire,m***y,I added a video to a @Y***e playlist https://***OD Campfire Harmonica Tablature for Beginners : Harmonicas,"['Polls are STILL open in the following states: Iowa California Utah Nevada Washington Oregon Montana Idaho https://***7L', 'I thought it was bonfire night not bonfire fucking month🤔#thinkoftheanimals 🐶🐱', 'I added a video to a @Y***e playlist https://***OD Campfire Harmonica Tablature for Beginners : Harmonicas', '-']",-,content_C,post
t0025,u2541,2018-08-08 19:08:49+00:00,Wildfire,j***8,"One home evacuated after wildfire grows to 1,8k acres near Hot Springs; fire danger moved to “extreme” in the Flathead Valley https://***4F All the latest #MTfire news for Northwest Montana #MTnews","['Sheriff: unknown how many shots fired. Suspect did not fire any. Says both deputies were wearing body cameras @r***6', 'One home evacuated after wildfire grows to 1,8k acres near Hot Springs; fire danger moved to “extreme” in the Flathead Valley https://***4F All the latest #MTfire news for Northwest Montana #MTnews', ""In the Aug. Media Guide you'll find global heat wave experts, wildfire experts and more. https://***jP https://***dh"", '-']",-,content_B,post
t0098,u2791,2018-09-27 17:25:27+00:00,Wildfire,O***s,A full room of men and women creating campfires and speaking about how #opendata is working for women. Keep up the conversation people! #IODC18 https://***JT,"['A full room of men and women creating campfires and speaking about how #opendata is working for women. Keep up the conversation people! #IODC18 https://***JT', 'Beautfiul San Francisco #alltravel #feedyoursoultheworld #travel #travelagency #vacation #journey #adventure #hotels #wander #wanderlust #SanFrancisco #NorthernCalifornia #GoldenGateBridge #iconic #beautfiul #visit https://***Rg', ""@A***s highlights #California's #stormwater advances with an article in The Water Report. Discover how to curb pollution through volume reduction with effective #compliance capture &amp; reuse approaches: #LID, infiltration to recharge groundwater &amp; more! https://***yO https://***uA"", '-']",-,content_A,post
t0061,u1211,2018-08-27 17:55:10+00:00,Wildfire,J***v,"In California, facts and science still matter. These findings are profoundly serious and will continue to guide us as we confront the apocalyptic threat of irreversible climate change. https://***sC","['In California, facts and science still matter. These findings are profoundly serious and will continue to guide us as we confront the apocalyptic threat of irreversible climate change. https://***sC', 'There is pretty nice scenery behind those clouds somewhere @ Topanga, California https://***b0', ""Happy National Dog Day to my 2 bug's 💖 #zebramermaidhairdesigns #nationaldogday @ Orange, California https://***7L"", '-']",tweet_B,content_A,quote
t0798,u1320,2020-09-09 16:23:02+00:00,Wildfire,C***O,"Over 500 firefighters will be assigned to the #ValleyFire today. As crews head out to their assignments on day shift, keep in mind the Red Flag Warning will remain in effect until 8 p.m tonight. Please stay updated through local media, alerts, websites, and social media. https://***nd","['Top view of Dana Point Beach, California @ Dana Point, California https://***SI', 'Over 500 firefighters will be assigned to the #ValleyFire today. As crews head out to their assignments on day shift, keep in mind the Red Flag Warning will remain in effect until 8 p.m tonight. Please stay updated through local media, alerts, websites, and social media. https://***nd', 'It reached a record high of 121 degrees F in LA county over the weekend. Extreme heat is fueling a longer, more intense, and more destructive wildfire season in CA. This is what an unabated climate crisis looks like. https://***Ga', '-']",-,content_B,post
t1485,u0250,2020-11-26 09:28:22+00:00,Wildfire,c***e,Have you ever been to Valencia? Our local host @e***g will tell you more about the theme 'Heritage &amp; Climate change' with a case study from this sunny city! Register now for our last session. Check the link in our bio! #thefutureisheritage #heritageonline #valencia https://***lE,"[""Have you ever been to Valencia? Our local host @e***g will tell you more about the theme 'Heritage &amp; Climate change' with a case study from this sunny city! Register now for our last session. Check the link in our bio! #thefutureisheritage #heritageonline #valencia https://***lE"", 'A number of fire records where released last week.. What’s your fave song right now? https://***fv', ""The woman that started the beginning of free smoke in 2010. In london at least. Is in big trouble with me 😤 When I see her, she'll get a knee in the ton ton. Ibiza girl. Cant just free smoke people!! Be happy be nice yall can get free smoked back. Heres me sensational today 😎 https://***zQ"", '-']",-,content_A,post
t1157,u3014,2020-10-01 22:59:21+00:00,Wildfire,A***L,It is hard to even imagine the destruction of the California fires. Thinking of all the families and communities who are still dealing with this catastrophic state of emergency. #ThankYou to all of the fire fighters working around the clock to save as much as possible. https://***vM,"['It is hard to even imagine the destruction of the California fires. Thinking of all the families and communities who are still dealing with this catastrophic state of emergency. #ThankYou to all of the fire fighters working around the clock to save as much as possible. https://***vM', '""By signing AB 1426 into law, the Governor provided an incredible affirmation and testament to the power of grassroots activism and the importance of protecting California’s 5th most visited state park for generations to come.” Stefanie Sekich-Quinn, Surfrider Foundation https://***X7', 'Smoke alarm went off due to smoke outside of our building (Napa wildfire) while Biden was pledging to rejoin the Paris Climate Accord 😳 #Debates2020 https://***5U', '-']",-,content_A,post
t1147,u2414,2020-09-30 20:53:53+00:00,Wildfire,O***V,⛑ Rescue Crews in California Come Across Lost Puppy https://***3n #California #wildfires #westcoast #goodnews #WestCoastFires,"['Just posted a video @ Los Angeles, California https://***UP', 'Watching @y***t make fire beats with loops from me and @M***m and more https://***hP', '⛑ Rescue Crews in California Come Across Lost Puppy https://***3n #California #wildfires #westcoast #goodnews #WestCoastFires', '-']",-,content_C,post
t0239,u1527,2018-11-13 18:34:30+00:00,Wildfire,V***r,"#WoolseyFire: Large spot fire behind Lake Sherwood. Spot is well over 1,000 acres and pushing hard to the south and west.","['Pennsylvania Is Gonna Get Some Fire 🔥🔥🔥💨 https://***xn', '#WoolseyFire: Large spot fire behind Lake Sherwood. Spot is well over 1,000 acres and pushing hard to the south and west.', 'Livrés à eux-mêmes, des dizaines de sinistrés du feu #CampFire vivent désormais sous des tentes, sur un parking de supermarché de #Chico parfois avec des enfants en bas âge https://***Ge', '-']",-,content_B,post
t1476,u2800,2020-11-24 19:48:27+00:00,Wildfire,L***G,"The challenges we face—a global pandemic, the global economy, the global climate crisis, mass migration and extreme poverty, social justice—are unrelenting and interconnected. But they’re not unsolvable if America is leading the way.","[""Happy Monday everyone! It's a beautiful morning here on the coast of California but the weekend sure went by fast! What are you working on this week? https://***bY"", ""#ImageSails' #California journey continues! #sail #sailinglife #sailingadventure https://***8d"", 'The challenges we face—a global pandemic, the global economy, the global climate crisis, mass migration and extreme poverty, social justice—are unrelenting and interconnected. But they’re not unsolvable if America is leading the way.', '-']",-,content_C,post
t0024,u1810,2018-08-08 05:18:37+00:00,Wildfire,A***C,"Ferocious ""firenado"" seen swirling amid the so-called Holy Fire, which has scorched thousands of acres in Southern California's Cleveland National Forest. The wildfire is one of nearly two dozen burning across the state. https://***Fb https://***1Z","['Thanks so much @v***p. You exuded so much energy and reignited the academic/research fire in many who came directly/indirectly in touch with you. I wish you fulfilling experience @C***i and @c***p. Hope we can still access you. Best wishes. https://***qH', ""I guess this is from My 4th, but i'm just encountering it now &amp; it's best description I've read to date about what it's like to live in California these days: https://***oV"", 'Ferocious ""firenado"" seen swirling amid the so-called Holy Fire, which has scorched thousands of acres in Southern California\'s Cleveland National Forest. The wildfire is one of nearly two dozen burning across the state. https://***Fb https://***1Z', '-']",-,content_C,post
t0960,u0400,2020-09-14 21:06:32+00:00,Wildfire,m***n,"#bobcatfire The fire yesterday got very close to 643 Cloverleaf Dr, a 1.5 million dollar estate in Monrovia, but it appears that the firebreak held and the fire stayed on the forest side overnight. A very close call for this homeowner https://***gG","['😞😞 Immense sadness seeing the images of wildfires in my beloved Oregon. My thoughts and heart is with my friends there with whom I was privileged to enjoy Oregon beautiful landscape. Hopefully getting under control very soon. https://***hK', '#bobcatfire The fire yesterday got very close to 643 Cloverleaf Dr, a 1.5 million dollar estate in Monrovia, but it appears that the firebreak held and the fire stayed on the forest side overnight. A very close call for this homeowner https://***gG', '#sundayscaries #SundayMotivation #moneymoves #moneytwitter #fire #finance101 #investing #wealthhealth #Wealthmindset #wealthhealthclub', '-']",tweet_B,content_B,reply
t0184,u1330,2018-11-10 07:12:08+00:00,Wildfire,k***y,There’s a lot of unknowns tonight... but what we do know is we are here for you and as a community we will help in any way possible. Immense gratitude to all the brave first responders out there putting their lives on the line for so many families. #CaliforniaFires,"['There’s a lot of unknowns tonight... but what we do know is we are here for you and as a community we will help in any way possible. Immense gratitude to all the brave first responders out there putting their lives on the line for so many families. #CaliforniaFires', ""1 weekly unfollower. Crowdfire doesn't miss a trick - via https://***TA"", 'On fire 🔥 @T***K @L***s concert de fou. https://***L4', '-']",-,content_A,post
t1148,u1783,2020-10-01 02:44:22+00:00,Wildfire,S***A,"Research led by #UWA shows climate change, degradation of land and human activity are creating a breeding ground for viruses such as COVID-19, making it imperative to understand the critical need to reduce human impacts on the environment. https://***Kw","['Research led by #UWA shows climate change, degradation of land and human activity are creating a breeding ground for viruses such as COVID-19, making it imperative to understand the critical need to reduce human impacts on the environment. https://***Kw', '@C***n Danielle DeSouza, California USA, pain researcher', 'What to do if your travels are disrupted by wildfires. Via @l***z https://***wP', '-']",-,content_A,post
t1539,u1794,2020-12-09 13:56:46+00:00,Wildfire,A***n,"Thanks for the nice commentary on our #offset paper @s***d. It's seems the current political climate means we're a long way from offsets resulting in transformational charge. I don't see that changing any time soon, but here's hoping for unexpectedly large charges soon. https://***68","[""The forbidden high five!🔥⚠️ Snorkelers from @S***d check out the famous Christ of the Abyss statue. But don't get too close to this iconic sculpture! Because, as we warn our students, this striking statue is covered in stinging fire coral! https://***wo"", ""It's a crazy windy day in Ventura. Trees are getting ripped out by the roots. A wildfire is burning one town away. Apparently the #CornellFire is basically contained after burning nearly 200 acres. Fire is extra scary on a windy day. https://***9W"", ""Thanks for the nice commentary on our #offset paper @s***d. It's seems the current political climate means we're a long way from offsets resulting in transformational charge. I don't see that changing any time soon, but here's hoping for unexpectedly large charges soon. https://***68"", '-']",-,content_C,post
t1219,u0302,2020-10-09 20:17:16+00:00,Wildfire,D***y,Just briefed the General Assembly’s 4th Committee today on the work of Special Political Missions. They play a key role in operationalizing the Secretary-General’s global ceasefire call and fostering better inclusion of women and youth in peace efforts. https://***lk https://***p1,"['Just briefed the General Assembly’s 4th Committee today on the work of Special Political Missions. They play a key role in operationalizing the Secretary-General’s global ceasefire call and fostering better inclusion of women and youth in peace efforts. https://***lk https://***p1', 'This extractive #capitalism caused our current climate crisis! We can learn much from the #regenerative characteristics of non-Western/non-capitalist economies and evaluate contemporary policy using these lessons to fight climate change/capitalism today! 5/5', 'Nigerian police fire tear gas at protest against police brutality in capital Abuja https://***5s', '-']",-,content_A,post
t1041,u3079,2020-09-18 00:36:36+00:00,Wildfire,C***r,Wildfires are burning and Pensacola got more than 2 FEET of rain from Hurricane Sally.... waiting for that question about the #ClimateCrisis. @C***N @a***r #BidenTownHall,"['A7. #IoT sensors can detect &amp; report on #Wildfire hazards or rising floodwaters, and #AI can automatically take protective measures to mitigate or stop the risk in its tracks. #MMCChat https://***2T', 'Wildfires are burning and Pensacola got more than 2 FEET of rain from Hurricane Sally.... waiting for that question about the #ClimateCrisis. @C***N @a***r #BidenTownHall', ""Hangin' out with the girls @B***e and Pamela Bjorkman at 137 Winter Creek, likely lost to the #Bobcatfire along with 60 other cabins of the Big Santa Anita Canyon. Built by hand ~1910. So much loss of California history. https://***Bb"", '-']",-,content_B,post
t1051,u1516,2020-09-18 17:21:45+00:00,Wildfire,M***s,We’re safe from the #BobcatFire thanks to the heroic efforts of the firefighters from multiple agencies. The battle is not over yet. https://***EO,"['We’re safe from the #BobcatFire thanks to the heroic efforts of the firefighters from multiple agencies. The battle is not over yet. https://***EO', ""California can't keep the lights on and they want to tell the rest of the country how to live. https://***rW"", ""California: Welfare state? Nah. Wildfire state? Yes. #covid19 has shown, though, humanity can change how it thinks, works and lives when it needs to save itself, and unlike the #ClimateCrisis that's not the end of the world as we know it. There is cause for hope. #sustainability"", '-']",-,content_A,post
t1178,u3194,2020-10-05 03:34:23+00:00,Wildfire,E***s,"During another menacing wildfire, Guy Fieri fires up his mobile kitchen once again https://***lS","['Just posted a photo @ Orange County, California https://***05', 'We were honored on Friday to have Col Jones, 432d Wing Commander come to the Fire Station to sign the #FirePreventionWeek Proclamation for @C***B https://***WV', 'During another menacing wildfire, Guy Fieri fires up his mobile kitchen once again https://***lS', '-']",-,content_C,post
t1483,u3234,2020-11-26 05:32:00+00:00,Wildfire,P***9,Surefire Tips to Improve Your Local SEO @N***g https://***ZA,"['Real women, real stories. From grief to abuse these women have faced the fire and walked right through it. Grab your copy today for just 99 cents and help Becoming Her to be a best seller! #becomingher https://***cp https://***36', 'Surefire Tips to Improve Your Local SEO @N***g https://***ZA', 'It was a pleasure to interview @E***d about her powerful film, ""Belly of The Beast,"" @B***m exploring the appalling history of forced sterilisation in California\'s prisons -- which happened only a decade ago! @j***g https://***5p', '-']",-,content_B,post
t0067,u2457,2018-09-06 10:55:03+00:00,Wildfire,F***l,"Today Dr. Diederik Liebrand from Bremen Uni gave a lunch seminar on ""Astronomical climate and cryosphere forcing during the Olugocene and early Miocene"" at #GEUS_STRATIGRAPHY invited by @P***y https://***QM","['Making a racist think during a football game is now a fire hazard #NikeJustDoIt #ColinKaepernick #NikeBoycott #TakeAKnee', 'Today Dr. Diederik Liebrand from Bremen Uni gave a lunch seminar on ""Astronomical climate and cryosphere forcing during the Olugocene and early Miocene"" at #GEUS_STRATIGRAPHY invited by @P***y https://***QM', 'USED TO SMOKE CRACK NOW I COUNT FUCKIN RACKS https://***aR', '-']",-,content_B,post
t1443,u0033,2020-11-18 00:58:00+00:00,Wildfire,L***R,"With two Category 4 hurricanes hitting nearly the same areas in Central America in as many weeks, climate change's impact on the region continues to worsen https://***bd","[""With two Category 4 hurricanes hitting nearly the same areas in Central America in as many weeks, climate change's impact on the region continues to worsen https://***bd"", 'No surprise that California Governor Gavin Newsom has a different set of rules for the citizens of California and the rules he has for himself, Gavin Newsom. #OpenSchoolsNow https://***Hr', '🔥🔥🔥 (I took the time to Google ""fire emoji"" so give @S***B a follow) https://***5a', '-']",-,content_A,post
t0895,u1271,2020-09-12 15:02:25+00:00,Wildfire,M***t,Let’s all stop calling them “wildfires” out West. They are CLIMATE FIRES. It’s a climate EMERGENCY.,"['Let’s all stop calling them “wildfires” out West. They are CLIMATE FIRES. It’s a climate EMERGENCY.', 'To all our #MSRPbio alums @A***M @N***D @e***n @g***Q @j***e @g***t @K***1 and our @M***y alums on the west coast in Cali, Oregon and Washington: We hope you are all safe and . So sad all these fires.', 'You know who’s probably thrilled about all these wildfires? Booger eaters. I bet they’re out there right now, breathing deeply and stockpiling cedar-smoked nostril nuggets so they won’t go hungry this winter', '-']",-,content_A,post
t1455,u2175,2020-11-20 23:53:55+00:00,Wildfire,B***e,-,"['The South Korean government is offering $100 worth of medical and food aid to Korean nationals, Korean American immigrants without US citizenship, residing in Southern California, Arizona, Nevada, and New Mexico. More detail link below: https://***ag https://***5c', 'Just posted a photo @ Los Angeles, California https://***EV', 'Fire In The Pulpit Amen in The Pew by PAUL B THOMAS https://***Si via @A***K', '-']",tweet_A,-,retweet
t1115,u1640,2020-09-27 19:45:29+00:00,Wildfire,m***s,"The GAO reports that there are “945 Superfund sites across the United States vulnerable to hurricanes, flooding, sea level rise, increased precipitation or wildfires, all of which are intensifying as the planet warms.” https://***uI","['Fall application closes tonight! Are you a pre-seed startup in the U.S. (outside Silicon Valley) or Canada? Join @m***r! Our programs include: - Southeast (optional free office space in Nashville) - Southern California (free office space in Santa Monica) - Remote! #MuckerLab https://***Go', 'Who says Californian wines can’t age as long as Bordeaux? These are some great examples that show how well CA Chardonnays can age for 40+ years &amp; Cabernets for 50+ years! @m***e 1978 #chardonnay &amp; #oakvillevineyard 1968 #cabernetsauvignon https://***H3', 'The GAO reports that there are “945 Superfund sites across the United States vulnerable to hurricanes, flooding, sea level rise, increased precipitation or wildfires, all of which are intensifying as the planet warms.” https://***uI', '-']",-,content_C,post
t1502,u0151,2020-12-03 10:08:53+00:00,Wildfire,g***i,https://***4R brilliant podcast on psychological impacts arising from climate crisis and the help that's out there. also doubles as a free therapy session :),"[""https://***4R brilliant podcast on psychological impacts arising from climate crisis and the help that's out there. also doubles as a free therapy session :)"", '@h***s Not necessarily. User: Explain why this fire broke out Machine: Because there was oxygen in the room. User: Why was my loan was denied? Machine: Because we used Dirichlet prior', 'Tomorrow we will have skiing and riding available in both CA and NV from the California Lodge and Heavenly Village bases. New runs opening will be California Trail, Tamarack Return, Big Dipper, Orion and Big Easy. Skyline Trail will be open for access to Nevada from Sky Express.', '-']",-,content_A,post
t0012,u0586,2018-08-01 17:47:06+00:00,Wildfire,e***3,"To support those impacted by the Northern California wildfires, the @S***s have partnered with the @R***s. The Kings will match your donation with 100% going directly to @R***s to aid devastated communities. #DoGood 916- 840-5812 or https://***Ja https://***9I","['Mr. @M***1 presenting @P***e and the @G***m connector to @B***o. https://***YZ', 'To support those impacted by the Northern California wildfires, the @S***s have partnered with the @R***s. The Kings will match your donation with 100% going directly to @R***s to aid devastated communities. #DoGood 916- 840-5812 or https://***Ja https://***9I', 'The Career Fair in Southern California Hospital at Culver City is in full force! If you\'re free today, we still have some room for Walk-Ins! Richard ""Quincy"" Packard - Lonnie Friedman - Megan Villers - Liza Smith - Darrell Gillcrese - Jenny Santiago - Mi...https://***IX', '-']",-,content_B,post
t0052,u1329,2018-08-22 15:56:03+00:00,Wildfire,r***r,"Santa Clara County Fire were using an unlimited cell data plan to fight the largest wildfire in California state history. @v***n, spotting an opportunity, choked their data speed and jacked up their price by over 100% https://***zg https://***Sx","['The Community-Based Marine Conservation in the Gulf of California course is designed to provide students with an appreciation of the role that different cultural perspectives play in the... https://***V8', 'Our thoughts and prayers are with BC, the Talhtan Nation and all those affected by the wild fires. As the smoke fills the air and rages through forests at rapid rates. Families have been... https://***Ae', 'Santa Clara County Fire were using an unlimited cell data plan to fight the largest wildfire in California state history. @v***n, spotting an opportunity, choked their data speed and jacked up their price by over 100% https://***zg https://***Sx', '-']",-,content_C,post
t1333,u1718,2020-10-26 09:20:28+00:00,Wildfire,D***t,"We believe in the power of a connected community. Our flexibility pledge helps us create a healthy environment, where we look after each other every single day. #TeamMDLZ https://***a5 https://***cB","['@C***L @K***6 @A***l @J***1 @C***i @D***n @t***g @K***j @C***a @C***L Area officer inspected Sanjay Clony and the area under SDMC but no fire was found', 'We believe in the power of a connected community. Our flexibility pledge helps us create a healthy environment, where we look after each other every single day. #TeamMDLZ https://***a5 https://***cB', 'Working on my jump shot with the big baller 🏀 NBA shooting coach @l***r @ Beverly Hills, California https://***tG', '-']",-,content_B,post
t0865,u0936,2020-09-11 11:34:05+00:00,Wildfire,M***d,Boffo new research: Mapping the co-benefits of climate change action to issues of public concern in the UK: a narrative review https://***TD @T***t @M***C @d***e @T***A @C***s @C***h @C***s @M***h @h***n,"['Boffo new research: Mapping the co-benefits of climate change action to issues of public concern in the UK: a narrative review https://***TD @T***t @M***C @d***e @T***A @C***s @C***h @C***s @M***h @h***n', 'SF is orange today #CaliforniaFires https://***Br', ""Fire to the left of me, fire to the right! This is the transformer that burned, and the smoke from CA wildfires. It's been a fun time the last few days! @D***d https://***7Z"", '-']",-,content_A,post
t0144,u2415,2018-10-26 13:34:48+00:00,Wildfire,b***d,Jamieson: economics is strongest when dealing with empirical market data. Ethics is strongest when dealing with settings where our moral intuitions are well developed. Both reach their limits when dealing climate change. #WhartonNormativeEthics,"['5. Raise floor 6. Sales $ installation of cyberogm 7.specialized in CCTV , fire alarms ,biometrics , fire extinguisher ,fm200, PABX , ups, and inverter installations 8.sales and implementation of Symantec Morton product such as Eset etc. call 08032324956/08094842710 thank you...', '@a***t @r***p *boss tries to fire me for tweeting at work* “You can’t fire me, I donate my salary”', 'Jamieson: economics is strongest when dealing with empirical market data. Ethics is strongest when dealing with settings where our moral intuitions are well developed. Both reach their limits when dealing climate change. #WhartonNormativeEthics', '-']",tweet_C,content_C,reply
t0842,u1366,2020-09-10 16:16:50+00:00,Wildfire,W***t,"Satellite imagery this morning depicts vast, dense smoke layer covering most of California, western Oregon &amp; Washington, and a large swath of the adjacent Pacific Ocean. Numerous extremely large wildfires continue to produce huge volume of smoke. (1/2) #CAwx #ORwx #WAwx #CAfire https://***Fw","['Improve operational and disaster response time with quality, real-time, localized environmental data. Our compact weather station can be fitted with the required sensor to collect crucial information to support prompt, intelligent decision making. #wildfire #firemonitoring https://***Tm', ""The sky is red on the west coast today - here's what the US is asking about #wildfires today: https://***VP"", 'Satellite imagery this morning depicts vast, dense smoke layer covering most of California, western Oregon &amp; Washington, and a large swath of the adjacent Pacific Ocean. Numerous extremely large wildfires continue to produce huge volume of smoke. (1/2) #CAwx #ORwx #WAwx #CAfire https://***Fw', '-']",-,content_C,post
t0228,u2026,2018-11-12 21:15:48+00:00,Wildfire,H***y,-,"['If you want to help the people of #California affected by the #wildfires, here is how. #RedCross disaster relief. I just helped by going here: tps://www.redcross.org/donate/disaster-relief.html/?donamt=20', 'Anchoring boat and swimming to shore, hopefully to see if we have anything left. 🙏 @ Malibu, California https://***EZ', ""Paradise, CA is devastated; razed by wildfire. One of Romance's own, @J***g, is direly affected by the blaze. She is safe, with her cat, family and laptop. Please keep her in your thoughts, and consider helping her rebuild her life. https://***Et"", '-']",tweet_C,-,retweet
t0817,u1616,2020-09-09 20:55:33+00:00,Wildfire,A***l,Believe your own eyes! #AnoushBotanical #climatechange #californiafires,"['#17 on the hip hop rap charts and #99 in all genres! Keep runnin it up on iTunes and make sure you check out the music video to headphones! whoishenryaz 📈📈📈📈 @ Los Angeles, California https://***Dg', 'Silicon Valley Leaders Sit Down With Wildfire At Investment Meeting After Being Impressed By Its Rapid Expansion https://***OD https://***G0', 'Believe your own eyes! #AnoushBotanical #climatechange #californiafires', '-']",-,content_C,post
t1021,u3023,2020-09-16 18:06:12+00:00,Wildfire,M***a,The LA Times just published an OpEd I wrote on what we can do to respond to the problem of catastrophic wildfire. https://***Tx,"['The LA Times just published an OpEd I wrote on what we can do to respond to the problem of catastrophic wildfire. https://***Tx', 'A3. Many wildfires occur on government land (national forests, national parks), so the government has the responsibility to manage that land. #MMCChat #wildfires @S***g @a***g @T***y @P***y @A***2 @C***3 @d***c @g***d @M***l https://***Xi', ""You can now download @C***C fact sheets with information about BC's wildfire smoke, its health impacts and ways to protect yourself and others. #StaySafe https://***ej"", '-']",-,content_A,post
t0215,u1968,2018-11-12 00:46:14+00:00,Wildfire,S***t,Thank you for your prayers during this time when we are dealing with the wildfires. The friars are safe. Currently Serra Retreat is unaffected but continue to pray for us as the winds have... https://***K3,"['Thank you for your prayers during this time when we are dealing with the wildfires. The friars are safe. Currently Serra Retreat is unaffected but continue to pray for us as the winds have... https://***K3', '@F***e @2***g 同意。', ""Oggi è il 12 novembre 2018, 63 anni fa un fulmine colpì la torre dell'orologio di Hill Valley, in California. Oggi è anche il giorno del mio ...esimo compleanno, un giorno reso speciale da tutti coloro che... https://***JZ"", '-']",-,content_A,post
t1113,u2025,2020-09-27 16:08:21+00:00,Wildfire,C***6,-,"['@m***z My dog has never discouraged fire escape squirrels despite me trying but after a lot of failures I’ve determined they don’t mess with mint, basil (probably oregano?) yarrow or marigolds', '“... just a pile of minerals, a fire and a little water, hundreds of people and tons of stuff are flying along at breakneck speed. 👉 The simplest ingredients—which had always been there—can produce the most improbable outcome if combined in ingenious ways.” 🔥', 'In honor of #NationalPublicLandsDay Please help @J***T and I support the National Forests of Southern California that have been devastated by wildfires by clicking on the link below 🙏🏼 @N***s @A***F @s***r https://***D9 https://***2P', '-']",tweet_A,-,retweet
t1433,u2845,2020-11-16 19:21:18+00:00,Wildfire,d***1,Iota will be beyond devastating after Eta. Please consider supporting local relief efforts led by Proyecto 505 or Operacion Sonrisa. The destructive force of climate change is in full display and is affecting Indigenous and Afro-descendant communities in the N. Caribbean hardest. https://***95,"[""@U***y affiliates can now get COVID-19 exposure alerts on iPhone and Android devices! Add your phone to California's exposure notification system: https://***ZC #StopTheSpread 🦠 https://***Tx"", 'The gender today is the smell of pipe smoke and sunblock.', 'Iota will be beyond devastating after Eta. Please consider supporting local relief efforts led by Proyecto 505 or Operacion Sonrisa. The destructive force of climate change is in full display and is affecting Indigenous and Afro-descendant communities in the N. Caribbean hardest. https://***95', '-']",-,content_C,post
t1364,u3189,2020-10-29 20:34:19+00:00,Wildfire,C***n,The Arctic: 1. fastest warming place on Earth 2. 95% of old sea ice now gone 3. ice free by 2021-2032 4. no evidence ice will recover 5. heatwaves 20°C more than usual 6. vast wildfire carbon releases 7. melting is destabilising the climate 8. permafrost collapse is irreversible https://***xK,"['B/c you’ve done so much for us? My kids aren’t in school F/T b/c of your lack of leadership on COVID. My neighbors had racist graffiti spray painted on their driveway b/c of the fuel you’ve poured on the fire of racism. Hard pass from this suburban woman, thanks, @r***p https://***Ma', 'The Arctic: 1. fastest warming place on Earth 2. 95% of old sea ice now gone 3. ice free by 2021-2032 4. no evidence ice will recover 5. heatwaves 20°C more than usual 6. vast wildfire carbon releases 7. melting is destabilising the climate 8. permafrost collapse is irreversible https://***xK', 'With more white abalone living at lab than in the wild, our seawater systems support the future of this California treasure. Please consider making a gift to the Sea Us Succeed project, &amp; help us replace a pump that brings seawater to this and other crucial research projects. 4/5 https://***5X', '-']",-,content_B,post
t0976,u2746,2020-09-15 14:12:29+00:00,Wildfire,U***e,"A record dry year is making it likely that any spark or heat source near dry vegetation will ignite a wildfire. Check fire restrictions, have a water source or fire extinguisher, choose safe targets and ammo and avoid shooting near dry vegetation. https://***6q","['My crude gif showing growth of the #BobcatFire near @M***s, and San Gabriel valley cities (and safely near me) in California using screen shots I took of LA County fire maps spanning Sept. 9 to 15th at https://***wb https://***Zf', 'A record dry year is making it likely that any spark or heat source near dry vegetation will ignite a wildfire. Check fire restrictions, have a water source or fire extinguisher, choose safe targets and ammo and avoid shooting near dry vegetation. https://***6q', 'Visit California and California’s tourism industry had a large showing at this year’s @G***t, held Aug. 31 - Sept. 3. #GWS20 Hear more about the California Caucus and key takeaways from the summit: https://***Vz', '-']",-,content_B,post
t0075,u2468,2018-09-14 13:17:14+00:00,Wildfire,m***m,This quote from Socrates describes America's political climate today perfectly. Democrats lost the debate with President Trump some time ago so all they have left is slander as the tool of losers. Amazing... #FridayFeeIing #FridayMotivation #FlashbackFriday #MAGA #tcot #FoxNews https://***Wu,"['if I say ""tinder"" I mean something you start a fire with not whatever you perverts are talking about', 'Ρατσιστικο....@A***e https://***7S', ""This quote from Socrates describes America's political climate today perfectly. Democrats lost the debate with President Trump some time ago so all they have left is slander as the tool of losers. Amazing... #FridayFeeIing #FridayMotivation #FlashbackFriday #MAGA #tcot #FoxNews https://***Wu"", '-']",-,content_C,post
t1055,u0892,2020-09-18 19:35:02+00:00,Wildfire,F***e,"Air quality is unhealthy in CA's Central Valley. Many farmworkers struggle in wildfire smoke because they haven't received the protective equipment employers are required to provide. In Oregon, employers are not even required to provide respirator masks https://***Xa","['A1.1. #urbanexpansion in wildlands causing more human caused ignition #extendedwildfireseasons due to #climatechange https://***3t #MMCChat', 'Glad to be moderating this top-notch transatlantic science, innovation &amp; policy panel on “#Climate Urgency: The Stakes are Rising &amp; Viable Solutions are Growing."" How do we scale climate solutions &amp; job creation quickly? @G***a @A***n @H***s @B***s', ""Air quality is unhealthy in CA's Central Valley. Many farmworkers struggle in wildfire smoke because they haven't received the protective equipment employers are required to provide. In Oregon, employers are not even required to provide respirator masks https://***Xa"", '-']",-,content_C,post
t1018,u1071,2020-09-16 17:06:18+00:00,Wildfire,T***r,@U***e @p***t Any word on the cause?,"['We’re praying for you, California. https://***SQ', '@U***e @p***t Any word on the cause?', ""Trump will visit California today to be briefed on the catastrophic wildfires that have killed at least 33 across the American West. Today's Daily Pnut features a must-read on Trump's Trial By Fire. Read more: https://***DQ (Photo: Josh Edelson via Getty Images) https://***Ks"", '-']",tweet_B,content_B,reply
t0019,u0044,2018-08-06 14:30:50+00:00,Wildfire,t***n,"This is a fantastic geographic visualization. Makes one realize the great strengths America has with regard to growing food, which could be crucial as the climate crisis deepens and we are forced to be more efficient. https://***Qt","[""Worship God,praise him,then you are repairing the altar.If you don't repair the altar,you cannot experience the fire of God #LetNoOneOfThemEscape #Cacnca #ApostolicAndCommunionService @p***a"", 'Photo By PublicDomainPictures | Pixabay - via @C***e #belly #body #calories #weighttraining #health&amp;fitness https://***zR', 'This is a fantastic geographic visualization. Makes one realize the great strengths America has with regard to growing food, which could be crucial as the climate crisis deepens and we are forced to be more efficient. https://***Qt', '-']",-,content_C,post
t0997,u2558,2020-09-16 14:09:04+00:00,Wildfire,C***3,A1.1. #urbanexpansion in wildlands causing more human caused ignition #extendedwildfireseasons due to #climatechange https://***3t #MMCChat,"['A3. Governments can reduce the risk of #Wildfires by leveraging #SmartCity technology to detect and report hazards, such as dead trees or underbrush. #Drones can be automatically deployed to fight fires. #MMCChat https://***XY', ""@a***r We're on it! @g***t @s***d will run this by our team. Hopefully @a***r stayed inside working on scopes this weekend and out of the Seattle smoke bomb!"", 'A1.1. #urbanexpansion in wildlands causing more human caused ignition #extendedwildfireseasons due to #climatechange https://***3t #MMCChat', '-']",-,content_C,post
t0748,u1043,2020-09-07 02:03:32+00:00,Wildfire,B***r,This is what the heat and wind do to wildfires out here in California. This is satalite imagery of the creek fire in central cal. ☀️ 🔥 💨 https://***fM,"['This is what the heat and wind do to wildfires out here in California. This is satalite imagery of the creek fire in central cal. ☀️ 🔥 💨 https://***fM', '""Elinor Wonders Why"" is a new science kids show on @P***S ! https://***3I (created by @P***s )', '#17 on the hip hop rap charts and #99 in all genres! Keep runnin it up on iTunes and make sure you check out the music video to headphones! whoishenryaz 📈📈📈📈 @ Los Angeles, California https://***Dg', '-']",-,content_A,post
t0275,u1799,2018-11-17 08:49:41+00:00,Wildfire,b***p,@s***l @l***k @m***e @m***r “Particulate matter is the principal pollutant of concern from wildfire smoke for the relatively short-term exposures (hours to weeks) often experienced by the public. “ https://***UH,"['@s***l @l***k @m***e @m***r “Particulate matter is the principal pollutant of concern from wildfire smoke for the relatively short-term exposures (hours to weeks) often experienced by the public. “ https://***UH', '@e***7 You should have plenty of jackets left behind by visitors who thought, “I’m going to California &amp; won’t need a jacket” arrived in NorCal, had to buy one &amp; left it behind.', 'Interesting work by Alysson Muotri of the University of California, ‘Mini brains’ grown in a dish produce human-like brain waves for the first time https://***Pb', '-']",tweet_C,content_A,reply
t0908,u2844,2020-09-13 00:53:02+00:00,Wildfire,_***r,Thinking about all the people affected by the wildfires. Stay safe out there. https://***eF,"['How are we re-living the California fires every year? Who’s incentivized to _not_ do anything about them? I can’t imagine the issue is so complex that it’s unsolvable. What am I missing?!', 'Thinking about all the people affected by the wildfires. Stay safe out there. https://***eF', '@a***e Sure looks like Facebook is complicit in the crime of ""yelling Fire in a crowded Theater"" Facebook and who ever is starting and knowingly spreading these false rumors should be held criminally libel.', '-']",-,content_B,post
t1492,u2235,2020-11-29 18:01:50+00:00,Wildfire,i***y,"Did you hear that @T***E 's Truverra medical #Cannabis is now available @m***s ? John Fowler, Founder &amp; then CEO talks about legalization’s risk of failure &amp; how the company worked their way to making legalization work. Watch it here! https://***l5 https://***4Q","['2. Social Media Management Platforms: BUFFER, HOOTSUITE, CROWDFIRE etc. will help you schedule post across multiple social media platforms.', ""Did you hear that @T***E 's Truverra medical #Cannabis is now available @m***s ? John Fowler, Founder &amp; then CEO talks about legalization’s risk of failure &amp; how the company worked their way to making legalization work. Watch it here! https://***l5 https://***4Q"", '@R***s fire Ep 🔥🔥🔥🔥🔥🔥👏👏👏👏', '-']",-,content_B,post
t1374,u0824,2020-11-02 19:58:32+00:00,Wildfire,s***a,"...""Fires have burned more than 3.7 million acres in California...14 times as many as burned in the entirety of 2019. Remember fire fighters in your annual giving: https://***io","['Was a pleasure to have the incredible Connor Leahy @N***e on the @M***k show this week. We discussed AI alignment, the AGI fire alarm and he thinks that GPT-3 is already smarter than humans! It was a great show! @y***r https://***6M https://***2j', '...""Fires have burned more than 3.7 million acres in California...14 times as many as burned in the entirety of 2019. Remember fire fighters in your annual giving: https://***io', ""Due to @S***D's new plan to encrypt all of their radio traffic, I will no longer be covering the Simi Valley area. The only exception to this will be large fire incidents."", '-']",-,content_B,post
t1283,u0669,2020-10-17 20:39:24+00:00,Wildfire,W***d,"Huge plume of smoke from a new wildfire that erupted today between Jamestown and Lyons, as seen from rooftop in South Boulder #CalWoodFire https://***SJ","['@W***e @W***n Fire Kitty!!!!', 'OPEN LETTER TO PRESIDENT BUHARI: FIRE THE IG OF POLICE. #EndSARS #EndPoliceBrutality', 'Huge plume of smoke from a new wildfire that erupted today between Jamestown and Lyons, as seen from rooftop in South Boulder #CalWoodFire https://***SJ', '-']",-,content_C,post
t1141,u3182,2020-09-30 03:18:29+00:00,Wildfire,A***8,@M***e @A***r Fantastic! Any post doc opportunity? I am doing research on using organic geochemical biomarkers to reconstruct modern climate and vegetation cover??,"['@H***e @N***p I was honored to share the celebration of Hispanic Heritage Month with the team and guest speakers, including Ron Gonzales, former first Latino Mayor of San Jose, California; and our own CEO George Kurian. We have a great opportunity to participate more &amp; move the needle.', '@M***e @A***r Fantastic! Any post doc opportunity? I am doing research on using organic geochemical biomarkers to reconstruct modern climate and vegetation cover??', 'Before you start dreaming of toasted marshmallows, here’s what else to consider about planning a fire pit. https://***hy', '-']",tweet_A,content_B,reply
t1170,u1586,2020-10-04 02:00:08+00:00,Wildfire,n***s,It shouldn't have taken a pandemic for San Francisco to prioritize street space for outdoor eating &amp; drinking over parking. And it shouldn't have taken devastating wildfires for California to prioritize the state's habitability over fossil fuel interests,"[""It shouldn't have taken a pandemic for San Francisco to prioritize street space for outdoor eating &amp; drinking over parking. And it shouldn't have taken devastating wildfires for California to prioritize the state's habitability over fossil fuel interests"", '@b***e It’s called age. The liquor is still the same.', 'Protect #privacy. Download now Chrome - https://***bD Firefox - https://***mq . . . #HOMEWORK #Math #Algebra @T***1 #Calculus #Statistics #econometrics #Finance #Nursing #javascript #Essay #Assignment #Onlineclass #research #dissertation #Project https://***k3', '-']",-,content_A,post
t1393,u0075,2020-11-06 15:15:11+00:00,Wildfire,r***t,Trump is reportedly preparing to fire CIA Director Gina Haspel and Defense Secretary Mark Esper today. This is a red alert kind of situation—no logical reason to do something like this in a lame duck period.,"['Trump is reportedly preparing to fire CIA Director Gina Haspel and Defense Secretary Mark Esper today. This is a red alert kind of situation—no logical reason to do something like this in a lame duck period.', ""@g***o An employee said... Sounds like: don't wear a mask if you don't want to, we can't afford to pay more money or more taxes and if it will bring us money, smoke up... We are not drop outs, but realists."", 'certain number of electoral votes which is based on population. California the most populous state has 55 electoral votes. Texas has the second most with 38 electoral votes, New York &amp; Florida tied with 29 votes each &amp; Illinois and Pennsylvania 20 each. https://***uo', '-']",-,content_A,post
t0757,u1143,2020-09-08 01:33:08+00:00,Wildfire,y***o,I’m going to let my children set their own wildfire when they’re old enough to decide for themselves,"['In the midst of a chaotic environment with frequent fires from unknown arsonists, the building that the national government is hoping to resettle those who have suffered the fire tragedy is almost done.', 'I’m going to let my children set their own wildfire when they’re old enough to decide for themselves', ""As if worrying about parents + virus, wasn’t enough, now mountain behind their house on 🔥-&gt; Bobcat fire in Angeles Forest threatens foothill cities amid California's worst fire season on record https://***nu"", '-']",-,content_B,post
t0127,u2635,2018-10-16 15:07:46+00:00,Wildfire,D***r,We need to #ActOnClimate and #AccelerateAdaptation now. The GCA will do just that. https://***YL,"['We need to #ActOnClimate and #AccelerateAdaptation now. The GCA will do just that. https://***YL', ""#CALIFORNIA: Depending on where you live, you might *already* be able to #VOTE early. Find out if you're eligible for #EarlyVoting at https://***3, and get to it! #IWillVote https://***FC"", '@C***1 I rep #Mountain of fire and miracle ministry', '-']",-,content_A,post
t0884,u2985,2020-09-11 23:25:59+00:00,Wildfire,s***i,Today's stream on Twitch is canceled due to wildfire smoke and air quality issues. I might stream later in the weekend if things clear up! #wildfiresmoke,"['Wildfire nightmare unfolding tonight in Oregon. https://***VK', ""Today's stream on Twitch is canceled due to wildfire smoke and air quality issues. I might stream later in the weekend if things clear up! #wildfiresmoke"", 'Fire 🌼🌼🎧🎤 https://***lM', '-']",-,content_B,post
t1445,u1803,2020-11-18 16:44:17+00:00,Wildfire,H***l,"Five months after protesters tore down and set fire to the Confederate general this summer, where is Albert Pike? The statue is locked in storage, the pedestal stands empty, local leaders want it gone, but it all depends on federal action. https://***O8","['Simple protest hahaha and lagos on fire https://***VV', 'Five months after protesters tore down and set fire to the Confederate general this summer, where is Albert Pike? The statue is locked in storage, the pedestal stands empty, local leaders want it gone, but it all depends on federal action. https://***O8', '@A***n Everyone’s welcome. We’ve had speakers and attendees from as far East as Pakistan and as West as California.', '-']",-,content_B,post
t1197,u2746,2020-10-06 13:39:03+00:00,Wildfire,U***e,"Fire Restrictions are still in effect across most of Utah, there is still a potential for wildfires. Activities you might normally engage in this time of year like building a campfire while out hunting may not be allowed. Know before you go, visit https://***vU https://***BS","['🤷🏻♂️Posted for a second time with the same title. The #NeffsFire is NOT “contained, controlled and out”... its 65% contained per @U***F. https://***dw', ""In all the hustle and bustle of the season, it's all-too-easy to lose track of what we're spending. In fact, you might be overspending without even realizing it! Don't miss these 6 surefire warning signs--plus what to do instead! https://***SM"", 'Fire Restrictions are still in effect across most of Utah, there is still a potential for wildfires. Activities you might normally engage in this time of year like building a campfire while out hunting may not be allowed. Know before you go, visit https://***vU https://***BS', '-']",tweet_A,content_C,quote
t0185,u1084,2018-11-10 07:23:52+00:00,Wildfire,J***A,Praying for all the families that have lost loved ones &amp; their homes in #CaliforniaFires across the state. Please be safe &amp; follow @C***E for the latest updates &amp; evacuations. https://***5q https://***dR,"['“I don’t want thoughts. I don’t want prayers. I want gun control.” Her son didn’t come home. He died in California’s mass shooting. https://***7Q', 'Praying for all the families that have lost loved ones &amp; their homes in #CaliforniaFires across the state. Please be safe &amp; follow @C***E for the latest updates &amp; evacuations. https://***5q https://***dR', 'The true cost of climate change will be borne by people who are physically or financially incapable of escaping the harms of unprecedented weather events. #CampFire #HurricaneMichael #HurricaneFlorence', '-']",-,content_B,post
t1023,u1374,2020-09-16 20:59:31+00:00,Wildfire,R***T,-,"['My COVID-19 model update: Today the model flipped and is now predicting ""Wave 3"" coming soon - perhaps in a few weeks. The dense wildfire smoke may be a mitigating factor. https://***fK', '#NHSSpitfire is coming our way tomorrow 👏👏 @S***s https://***mJ', 'California Plans to Make Ethnic Studies a Requirement for Public-School Students. Here’s the History Behind the Idea https://***lz', '-']",tweet_B,-,retweet
t1168,u2225,2020-10-03 11:03:30+00:00,Wildfire,y***s,From better fire mapping on Google to new ways of attacking from both land and air. How The U.S. Battles Wildfires And Why Innovation Is Needed https://***2w via @Y***e,"['wildfires getting bumped from news broadcasts everywhere, but worth remembering there are 2500 firefighters on 24/hr shifts assigned to the glass fire alone. 60k acres burned with only 6% containment. nearly 13,000 people evacuated from their homes https://***IS', 'From better fire mapping on Google to new ways of attacking from both land and air. How The U.S. Battles Wildfires And Why Innovation Is Needed https://***2w via @Y***e', ""@K***e I would never wish COVID19 to any human being...fortunately, that's not the case of Orange troll"", '-']",-,content_B,post
t0177,u0819,2018-11-09 17:15:05+00:00,Wildfire,l***h,"Oh the weather outside is frightful! And the fires are not delightful. And we've no place to go! And it snows, and it snows and it snows... (California fire and ash version)","['FOX NEWS ALERT: California wildfire forces at least 75,000 people from their homes #WoolseyFire https://***Op', 'I added a video to a @Y***e playlist https://***dd Campfire Harmonica Tablature for Beginners : Harmonicas', ""Oh the weather outside is frightful! And the fires are not delightful. And we've no place to go! And it snows, and it snows and it snows... (California fire and ash version)"", '-']",-,content_C,post
t1497,u0765,2020-12-01 04:43:43+00:00,Wildfire,S***h,Introduction of the Surgical Providers Assessment and Response to Climate Change (SPARC2) Tool: One Small Step Towa… https://***9b,"[""9. Fire bad customers. Bad customers will take a lot of your time and might steer your product/company in the wrong direction. As a founder letting a customer go is not an easy decision but sometimes it's just best to part ways."", 'TIL: ""There are only 1.3 native-born Nevadans for every Californian living in Nevada.""', 'Introduction of the Surgical Providers Assessment and Response to Climate Change (SPARC2) Tool: One Small Step Towa... https://***9b', '-']",-,content_C,post
t0890,u2523,2020-09-12 10:44:00+00:00,Wildfire,B***C,"#Wildfires have been burning all year in #Argentina. The destruction includes half a million acres of #wetlands. @n***y speaks to farmers and firefighters, who were faced with 800m firewalls. Rancher Ernesto Corvelini lost 2/3 of his land. https://***bG https://***Qz","['A REMINDER 📌 EVERY SOUL SHAL HAVE A TASTE OF DEATH: &amp; ONLY ON D DAY OF JUDGEMENT SHAL U B PAID UR FULL RECOMPENSE. ONLY HE WHO IS SAVED FAR FRM D FIRE &amp; ADMITTED TO D GARDEN WLL HAVE ATTAINED D OBJECT (OF LYF):FOR D LYF OF DIS WORLD IS BUT GOODS &amp; CHATTELS OF DECEPTION. {Q3:185} https://***LZ', ""After spending months studying air filtration for #Masks4All, unfortunately I now need that expertise again - because much of the US is on fire and the air quality is awful. 😢 If you're suffering, I explain here how you can get relief. 1/ https://***BL"", '#Wildfires have been burning all year in #Argentina. The destruction includes half a million acres of #wetlands. @n***y speaks to farmers and firefighters, who were faced with 800m firewalls. Rancher Ernesto Corvelini lost 2/3 of his land. https://***bG https://***Qz', '-']",-,content_C,post
t1026,u0310,2020-09-16 23:49:28+00:00,Wildfire,V***s,"The unprecedented wildfire season, layered on continued impacts from the coronavirus pandemic, present us with an immense challenge in the months and years ahead. Read more on the developing plan to prevent long-term brand tarnish: https://***8S","['The unprecedented wildfire season, layered on continued impacts from the coronavirus pandemic, present us with an immense challenge in the months and years ahead. Read more on the developing plan to prevent long-term brand tarnish: https://***8S', 'Trump on a purported antifa sympathizer who allegedly killed someone in Portland being killed by federal forces: ""This guy was a violent criminal, and the US Marshals killed him. And I\'ll tell you something -- that\'s the way it has to be. There has to be retribution."" https://***sA', '@A***g @S***t Last week, - @G***m @K***s pedophile act, SB145 was passed, legalizing sexual intercourse w/ children in California. - #Netflix“Cuties” was released. @A***g what’s your position on 1. Newman-Harris pedophile act, SB145 2. “Cuties” 3. Sex trafficking of children', '-']",-,content_A,post
t1080,u2247,2020-09-21 20:26:30+00:00,Wildfire,B***r,This is a really important part of the wildfire story that should be getting more attention. Plus @r***a did a fabulous job reporting on it. https://***Ej @y***e,"['These are the different types of Fire Weapons for the game ""Crystal Squad"" that I am making with friends. Projectile design by https://***q. https://***7u', 'This is a really important part of the wildfire story that should be getting more attention. Plus @r***a did a fabulous job reporting on it. https://***Ej @y***e', ""Artists looking for beats make sure to check out some of my beats on https://***x. Or just DM me and we i'll make some fire for you! #needbeats #ineedbeats #beats #music #musicproduction #musicproducer #trap #hiphop"", '-']",-,content_B,post
t0264,u0240,2018-11-16 17:35:31+00:00,Wildfire,I***e,"As is so often the case during disasters, the majority of victims of the most deadly fire in California history were older adults, reports the San Francisco Chronicle. https://***eJ","['As is so often the case during disasters, the majority of victims of the most deadly fire in California history were older adults, reports the San Francisco Chronicle. https://***eJ', 'Good to hear that the Woolsey Fire in Southern California is now more than 50% contained. Incredible local-state-federal partnership. https://***e5', '@C***A So Cal Strong shirt, percentage of proceeds go to our brave firefighters https://***Xd #WoolseyFire #Woolseyfires #Woolsey #MalibuFires #WestlakeVillage #SocalFires #SoCal #socalstrong #Agoura https://***eS', '-']",-,content_A,post
t0021,u2502,2018-08-07 02:27:57+00:00,Wildfire,AP,Twin blazes rapidly spreading in Northern California become the state's largest wildfire ever recorded. https://***Hi,"[""Twin blazes rapidly spreading in Northern California become the state's largest wildfire ever recorded. https://***Hi"", 'Smoke forecast through tomorrow. 😞 Expect poor air quality. #CAfires #deathvalley https://***BH', '.@A***n is #onfire with this new single 🔥 #thekidisonfire https://***QF', '-']",-,content_A,post
t0216,u0968,2018-11-12 01:06:41+00:00,Wildfire,b***s,Help support long-term recovery for low-income individuals and families affected by the #HillFire and #WoolseyFire by making a donation to the Southern California Disaster Relief Fund. Donate online at https://***nl or text ‘UWVC’ at 41444 for Ventura County ❤️ https://***Sz,"['Help support long-term recovery for low-income individuals and families affected by the #HillFire and #WoolseyFire by making a donation to the Southern California Disaster Relief Fund. Donate online at https://***nl or text ‘UWVC’ at 41444 for Ventura County ❤️ https://***Sz', 'Balandra, Baja California Sur🌴 https://***y0', '.@r***h tracks the deadly Northern California wildfire that has already claimed at least nine lives https://***0o', '-']",-,content_A,post
t0135,u2057,2018-10-21 15:31:26+00:00,Wildfire,P***h,The Organica Water Resource Reclamation Demonstration Plant won a 2nd place IMESA award in the category of Environment and Climate Change at the 2018 IMESA conference. https://***sX,"['The Organica Water Resource Reclamation Demonstration Plant won a 2nd place IMESA award in the category of Environment and Climate Change at the 2018 IMESA conference. https://***sX', ""I think anyone who is into smoke + mirrors will be into origins. there's some very self-reflective, bold themes. -platz https://***Tr"", '@l***y Na that shit fire ... im mad late 🚨🚨💯', '-']",-,content_A,post
t1114,u0283,2020-09-27 18:37:07+00:00,Wildfire,i***t,Solutions to many of the problems faced by our planet often emerge at the local level. I am very pleased to have met with @C***6 Regional Ambassador @l***w and @J***K to discuss how #Istanbul can contribute to climate action and sustainable city development. https://***ep,"['We are live with @S***l, @t***n, and @O***e talking Options for bushfire risk mitigation in the future. https://***BA', 'Solutions to many of the problems faced by our planet often emerge at the local level. I am very pleased to have met with @C***6 Regional Ambassador @l***w and @J***K to discuss how #Istanbul can contribute to climate action and sustainable city development. https://***ep', 'The brightest minds of my generation are using their talents to optimize ad-clicks. Also to destabilize the fabric of our society, causing us to descend into a fascist trash-fire hellscape.', '-']",-,content_B,post
t1447,u1382,2020-11-18 19:46:52+00:00,Wildfire,J***l,Republicans forced everyone too open prematurely by refusing to provide aid to workers and businesses. They made masks into a culture war issue. And now Covid is spreading like wildfire. We're living through a historically catastrophic failure of governance. What a nightmare.,"['Researchers at the University of California, Riverside have discovered a new way to revitalize old Domain Name System servers cache poisoning attacks called Sad DNS. #CyberSecurity #news #dataprotection', ""Republicans forced everyone too open prematurely by refusing to provide aid to workers and businesses. They made masks into a culture war issue. And now Covid is spreading like wildfire. We're living through a historically catastrophic failure of governance. What a nightmare."", 'Live from our Embarcadero COVID-19 testing site, @M***C looks at how our partnership with @S***H is addressing the increased demand as cases rise across California. https://***CD', '-']",-,content_B,post
t1088,u2247,2020-09-22 19:55:16+00:00,Wildfire,B***r,"This is about more than the president. ""Despite the hyper-partisanship at state and federal levels, local efforts to fight climate change have been highly successful and are particularly important in the 2020 election."" —Rachel Zhang #CCNow https://***0Z @y***e","['@b***y Listen, I’d had a rough day, but in order to make it up to you I’d love to offer you two comp tickets to the opening night of my new play, “Fire and Jim Stone, or How I Learned to Travel the World AND Fuck Everyone I Met”.', 'Roe v. Wade. Health care. Climate change. Dreamers. Voting. The right to join a union. This is not a political game—our basic rights and the future of our democracy are on the line.', 'This is about more than the president. ""Despite the hyper-partisanship at state and federal levels, local efforts to fight climate change have been highly successful and are particularly important in the 2020 election."" —Rachel Zhang #CCNow https://***0Z @y***e', '-']",-,content_C,post
t0242,u0525,2018-11-14 16:28:29+00:00,Wildfire,b***y,"1,300 Airbnb hosts have offered their homes for free to California fire evacuees. 300 have been housed so far.","['It’s been a heartbreaking few days. This is what’s left of my house. Love. Many people in Malibu and surrounding areas in California have lost their homes also and my heart goes out to everyone who was affected by these fires. To help: https://***ej &amp; @h***n https://***Nw', '1,300 Airbnb hosts have offered their homes for free to California fire evacuees. 300 have been housed so far.', 'Track where the #WoolseyFire is burning. Map at https://***ku https://***lD', '-']",-,content_B,post
t1073,u0254,2020-09-21 13:41:35+00:00,Wildfire,b***e,"December 2020: America is a wasteland of fire and civil war, Europe is underwater and aliens have invaded. On New Year’s Eve you go to sleep alone and lost, but then you open your eyes on New Year’s Day and I’m laying like this looking at you and I say “did you sleep well simp?” https://***MO","['New hats in the works for my new UX Training Programs - Next Level UX. #excited #swag #nextlevelux #mappingtolearn #actionplanningfordesign #designcareerdevelopment #design #productdesign @ Alameda, California https://***9C', 'December 2020: America is a wasteland of fire and civil war, Europe is underwater and aliens have invaded. On New Year’s Eve you go to sleep alone and lost, but then you open your eyes on New Year’s Day and I’m laying like this looking at you and I say “did you sleep well simp?” https://***MO', 'Herb: Fire Element Herb - Can work upto inner body Food,water,Air flow area &amp; nerve system,bone also. https://***Md', '-']",-,content_B,post
t0856,u2813,2020-09-11 01:12:40+00:00,Wildfire,r***d,"Red skies at night, sailors delight. Right California...? RIGHT!?!? Stay safe, everyone! #BobcatFire #CaliforniaWildFire","['Moria migrants: Greek camp fire sparks race to find shelter for 13,000 https://***x4', 'tbe Sounds break the heart💔💔 #syria اللهم برداً وسلاماً لسوريا الحبيبة #سوريا #PrayForSyria #حرائق_سوريا #حراج #كارث #SyriaOnFire https://***EG', 'Red skies at night, sailors delight. Right California...? RIGHT!?!? Stay safe, everyone! #BobcatFire #CaliforniaWildFire', '-']",-,content_C,post
t1529,u1728,2020-12-08 08:21:41+00:00,Wildfire,M***2,40-36: 40. @B***z 39. @c***l 38. @S***K 37. @c***s 36. @_***D https://***Zp,"['Acabou de publicar uma foto em San Diego , California https://***el', '40-36: 40. @B***z 39. @c***l 38. @S***K 37. @c***s 36. @_***D https://***Zp', ""Today was a special day: my first four-corvid day in Seattle: American crow, Common raven, Steller's jay, and California scrub jay, all at Union Bay. I didn't get great pictures of them today, so instead you get some of my better shots from the past couple of years. https://***I2"", '-']",-,content_B,post
t1263,u1422,2020-10-16 01:33:31+00:00,Wildfire,t***n,"Clean, electrified high-speed rail is necessary to meet #California's #climate laws. HSR will capture ~34% of air travel between LA/SF &amp; save &gt;5 billion vehicle miles traveled per year. HSR is a climate project + a land use and economic recovery project. @C***A @C***R @C***C https://***ey","['@g***s She\'s in California? Trying back now, even if it means waiting on hold for hours, might be good timing because with this new system supposedly EDD is shifting more people to help out with the backlog of cases and she could say ""it\'s been 6 months!"" Let me know what happens', ""Clean, electrified high-speed rail is necessary to meet #California's #climate laws. HSR will capture ~34% of air travel between LA/SF &amp; save &gt;5 billion vehicle miles traveled per year. HSR is a climate project + a land use and economic recovery project. @C***A @C***R @C***C https://***ey"", '@H***a @i***y @b***h We are awake, things will get better by fire by force', '-']",-,content_B,post
t1135,u2082,2020-09-29 16:09:31+00:00,Wildfire,a***s,Just discovered this amazing series- Older and Overlooked- that looks at the risks of fires to older adults. Two trends in CA are colliding-- the aging of the population and climate change worsening the wildfire disasters. @K***e @M***s https://***0X,"['Really excited for the part in the debate where Trump throws the smoke bomb and tries to lumber off stage in the confusion.', 'Just discovered this amazing series- Older and Overlooked- that looks at the risks of fires to older adults. Two trends in CA are colliding-- the aging of the population and climate change worsening the wildfire disasters. @K***e @M***s https://***0X', 'Union LA x Air Jordan 4 ""Off Noir"" Color: Off Noir/Brigade Blue/Dark Smoke Grey/Light Fusion Red Style Code: DC9533-001 Restock Date: Oct 16th, 2020 US Release Date: Aug 29th, 2020 Europe Release Date: Sep 30th, 2020 Price: $250 https://***lF https://***jV', '-']",-,content_B,post
t1190,u0713,2020-10-06 00:36:46+00:00,Wildfire,a***n,"Day 11/40: By 2030, electric car batteries (in your garage) along w distributed renewables could power the US grid twice over. The central utility and long-distance transmission fades. The grid will be smarter, cheaper, cleaner, resilient &amp; less likely to cause wildfires.","['Wsh l’ol je commence à détester ce club msk, des qu’il joue mon Twitter est rempli de tweets ou de rt de mon mec qui rage pcq ils perdent ça commence à suffire là', 'Hey California Voters! There are lots of Propositions on our November ballot 🤔 Check out the Details, Pros &amp; Cons for each, in a free 1 hour Virtual Cram Session w/ NPR &amp; LAist, tonight at 6:30p 🧐✏️📓 Info &amp; RSVP: https://***VH #TransformationTuesday #Vote2020', 'Day 11/40: By 2030, electric car batteries (in your garage) along w distributed renewables could power the US grid twice over. The central utility and long-distance transmission fades. The grid will be smarter, cheaper, cleaner, resilient &amp; less likely to cause wildfires.', '-']",-,content_C,post
t1110,u0945,2020-09-26 16:05:50+00:00,Wildfire,N***F,"Smart walls, wildfire cocktail, robot responders, and seismic signs. Watch “4 Awesome Discoveries You Probably Didn’t Hear About” that are standing up to Mother Nature: https://***xa Here’s one ⬇️ https://***bd","['Our song “Mooda Chainz” is in Episode 1 on @f***x Via @h***u ! Happy to be apart of this show! S/O to the Team! @k***t @m***n @m***z @d***y.tv @ Beverly Hills, California https://***40', 'Smart walls, wildfire cocktail, robot responders, and seismic signs. Watch “4 Awesome Discoveries You Probably Didn’t Hear About” that are standing up to Mother Nature: https://***xa Here’s one ⬇️ https://***bd', '@D***e The smell of Jasmine and Lavender pure aromatherapy oils, fresh cut hay, salt from the sea in the wind ( I live by the sea), turpentine polish,the smell of moorland after rain, when the sun comes out whilst walking, woodsmoke rising in winter.', '-']",-,content_B,post
t0206,u0869,2018-11-11 10:55:05+00:00,Wildfire,f***s,"California wildfire ‘destruction is catastrophic,’ Trump says, urges people to evacuate https://***Y4","[""Melinda Leigh kicks up the heat with an Amazon Fire for WHAT I'VE DONE #giveaway #win https://***zZ"", 'California wildfire ‘destruction is catastrophic,’ Trump says, urges people to evacuate https://***Y4', '#Timelapse of the 🔥👩🚒👨🚒 #MalibuFire #WoolseyFire #HillFire as seen #Sentinel2 🛰️ (10 November 2018) 🎬 @C***U https://***sf', '-']",-,content_B,post
t1563,u1481,2020-12-15 06:30:29+00:00,Wildfire,h***e,A Jamaica-sized iceberg has broken off of Antarctica and will collide with an island of 2 million penguins... climate change in action. https://***yF,"['A Jamaica-sized iceberg has broken off of Antarctica and will collide with an island of 2 million penguins... climate change in action. https://***yF', '#gaysofcalifornia #homo #love #lgbtq🌈 #gayinspeedo #gaymen #speedolad #speedogay #bear #gaysingle #gayfollow #gayhot #gayspeedodad #gaylife #grindr #speedobody #gayselfie #gaysocks #gaystagram #gaypride #speedoman #instagay #gaysantamonica #loveislove #speedobulge #gaysweet https://***Ug', 'A Portland restaurant owner critical of antifa’s mass vandalism on Sandy Blvd. had his business burned down shortly after making the comments. Now investigators are saying the fire was an arson attack. This is the surveillance video: https://***GO', '-']",-,content_A,post
t0230,u3112,2018-11-12 22:38:55+00:00,Wildfire,e***S,"Livrés à eux-mêmes, des dizaines de sinistrés du feu #CampFire vivent désormais sous des tentes, sur un parking de supermarché de #Chico parfois avec des enfants en bas âge https://***Ge","['Here is some information on how to help those affected by the fires in California. c/o @R***9 https://***F1', 'Thank you for your prayers during this time when we are dealing with the wildfires. The friars are safe. Currently Serra Retreat is unaffected but continue to pray for us as the winds have... https://***K3', 'Livrés à eux-mêmes, des dizaines de sinistrés du feu #CampFire vivent désormais sous des tentes, sur un parking de supermarché de #Chico parfois avec des enfants en bas âge https://***Ge', '-']",-,content_C,post
t0290,u1654,2018-11-21 20:04:07+00:00,Wildfire,w***s,"As #CampFire relief efforts continue, it’s up to all of us to do what we can. Here’s how you can help, #DubNation: 1. Make a monetary donation at https://***by 2. Bid on an autographed jersey at https://***Jr Proceeds for both will benefit @N***F https://***2F","['When Camp Fire smoke clears, where will 2,500 Paradise students go? https://***g3 via @P***s', 'As #CampFire relief efforts continue, it’s up to all of us to do what we can. Here’s how you can help, #DubNation: 1. Make a monetary donation at https://***by 2. Bid on an autographed jersey at https://***Jr Proceeds for both will benefit @N***F https://***2F', 'Me, rationally considering theories for the Late Bronze Age collapse: A broad economic systems collapse theory seems most plausible. My overexcited imagination: Yeah but what about the one called EARTHQUAKE STORM', '-']",-,content_B,post
t0957,u0400,2020-09-14 20:41:56+00:00,Wildfire,m***n,#bobcatfire in this video from yesterday you can see helicopters dropping water on the fire as it descends into Big Santa Anita Canyon (I believe date on video is 1 day behind) https://***pS,"['Monday, Tuesday, Wednesday, Thursday, Today, from Top to bottom here in #Portland. (Photo by Reddit user ‘thisisn0tbillgates’) #OregonWildfires2020 #OregonIsBurning https://***qH', '#bobcatfire in this video from yesterday you can see helicopters dropping water on the fire as it descends into Big Santa Anita Canyon (I believe date on video is 1 day behind) https://***pS', '#Assam: The flow of gas was diverted around 8.40 am after closing the Blowout Preventer (BoP) and flaring part of the gas which was diverted to two flare pits #BaghjangasBlowout #BaghjanFire https://***AB', '-']",tweet_B,content_B,reply
t0013,u1864,2018-08-02 05:29:17+00:00,Wildfire,G***F,"...superimposed on the right-hand side of each figure. The results show that smoke from both fires remained relatively close to the ground, leading to a greater impact on local air quality on these days https://***T4","['Thrilled to be joining a #StealthMode startup in #SanFrancisco to build AI technology! #SeniorSoftwareEngineer #WeAreJustGettingStarted @ Berkeley, California https://***sD', 'Huntington 2018 @ Huntington Beach, California https://***QP', '...superimposed on the right-hand side of each figure. The results show that smoke from both fires remained relatively close to the ground, leading to a greater impact on local air quality on these days https://***T4', '-']",-,content_C,post
t1391,u2914,2020-11-05 18:18:05+00:00,Wildfire,Q***D,"ALERTWildfire now has more than 600 high-def cameras installed across #California, aiding officials in the fight against #wildfires. QI's Falko Kuester provides support in data analysis, #fire visualization and more: https://***5. #ucsd #qualcomminstitute","['@b***s California, if this thing goes sideways we’re gonna need about 3 million of you to take one for the team and move to the rural areas of WI, MI &amp; PA. 😔', ""ALERTWildfire now has more than 600 high-def cameras installed across #California, aiding officials in the fight against #wildfires. QI's Falko Kuester provides support in data analysis, #fire visualization and more: https://***5. #ucsd #qualcomminstitute"", 'The presidential election may be a muddy mess, but one outcome is beyond dispute: Californians’ resounding rejection of racial quotas. My latest @C***l https://***Sv', '-']",-,content_B,post
t0851,u2199,2020-09-10 21:05:40+00:00,Wildfire,l***h,#SmokeAdvisory Extended Through Friday: Unhealthy Air Quality Declared due to Smoke from the #BobcatFire. View https://***YQ for more. https://***2e,"['Wildfires are raging across California. @f***r’s California #Wildfires Recovery Fund will prioritize medium- to long-term recovery, while also making targeted investments in wildfire mitigation &amp; risk reduction. Learn more &amp; donate: https://***k0 #CDP4Recovery', '#SmokeAdvisory Extended Through Friday: Unhealthy Air Quality Declared due to Smoke from the #BobcatFire. View https://***YQ for more. https://***2e', 'Absolutely massive fire raging at Beirut’s port right now. There was a smaller fire a couple days ago that civil defense said they put out. Unclear what caused this. People in the capital holding their breath, getting out of the area. No comment from authorities yet. https://***p6', '-']",-,content_B,post
t1515,u1564,2020-12-04 23:30:04+00:00,Wildfire,L***e,Watch this #drone swarm replant a burnt forest With unmanned aircraft and special seed vessels a reforestation effort at a time when wildfires are burning record amounts of land. https://***20,"['I am missing you🐾🐶🐕🐾 #dogs #Brooklyn #Dog #DogsofTwittter #doglovers #DogLover #DOGE #DogLife #doggie #Puppies #cutedog #cutedogs #British #DOGe #LosAngeles #NYC #Ohio #Chicago #USA #SaturdayMotivation #SaturdayMorning #SaturdayThoughts #California #LasVegas #Viral #NewYork https://***q3', 'Whether you opt for the Winter Brew or Fireside Roast, your Christmas unboxing experience this year will be your best one yet 🎄✨ To be enjoyed beside a roaring fire, surrounded by whatever festive cheer means to you!❤️ Shop Christmas: https://***gd #BuyIrish https://***hi', 'Watch this #drone swarm replant a burnt forest With unmanned aircraft and special seed vessels a reforestation effort at a time when wildfires are burning record amounts of land. https://***20', '-']",-,content_C,post
t1334,u1850,2020-10-26 13:30:59+00:00,Wildfire,g***s,"Calling all Campfire participants! Do you have a virtual exchange story, whether of a friendship you formed, a career goal you realized, or a perspective that’s changed? @S***t wants to hear it. Share your story: https://***su #worldclassconnection https://***L8","['(2/2) For major fires like this #easttroublesomefire there are dedicated @N***S meteorologists that work with fire officials to give them the best weather information. My forecasts are just to provide perspective for those of us following on Twitter.', 'Calling all Campfire participants! Do you have a virtual exchange story, whether of a friendship you formed, a career goal you realized, or a perspective that’s changed? @S***t wants to hear it. Share your story: https://***su #worldclassconnection https://***L8', 'SNOW STORM brings relief to Colorado after being ravaged by wildfire https://***ke', '-']",-,content_B,post
t0913,u2760,2020-09-13 07:10:29+00:00,Wildfire,N***C,The latest The Daily by Nova Vita Salon and Spa! https://***SB Thanks to @K***y #wildfires,"['@L***6 @U***x Muchas gracias Lau! Fue un verdadero placer! Te mando un fuerte abrazo desde tierras californianas! #UACHCongresoFCA', 'The immense, all over body aches from smoke inhalation was not something I was remotely prepared for', 'The latest The Daily by Nova Vita Salon and Spa! https://***SB Thanks to @K***y #wildfires', '-']",-,content_C,post
t1242,u2746,2020-10-13 21:46:14+00:00,Wildfire,U***e,Roadside wildfire starts happen every year in Utah. Learn how to prevent human caused wildfires by taking Utah's Wildfire Prevention Pledge at https://***Sh https://***GY,"['All lives matter! Even if they are living in the regions you have never heard about.. This people are dying because of massive attacks by Armenian forces despite the ceasefire agreement yesterday from 12.00 #PrayForAzerbaijan #PrayForGanja https://***s1', '@s***e Interesting. If you come across any specific links / projects / repositories that show which parts, it would be nice to know exactly.', ""Roadside wildfire starts happen every year in Utah. Learn how to prevent human caused wildfires by taking Utah's Wildfire Prevention Pledge at https://***Sh https://***GY"", '-']",-,content_C,post
t0272,u2379,2018-11-17 02:59:07+00:00,Wildfire,r***e,-,"['1300 homes listed so far - if you have space please share your home for those displaced by the fires in California https://***OL', 'Good to hear that the Woolsey Fire in Southern California is now more than 50% contained. Incredible local-state-federal partnership. https://***e5', 'Both mom &amp; dad in the Bishop family work for the @N***e. The Woolsey Fire took their home and everything in it, yet they continue to come to work every day. Their commitment to the community and the NPS is unwavering. So grateful for their service &amp; sacrifice 🐶 🐶 🐱 https://***u4', '-']",tweet_B,-,retweet
t0762,u0400,2020-09-08 16:29:24+00:00,Wildfire,m***n,#bobcatfire Last 24 hours from the Goes-17 satellite... looks like the Bobcat fire (middle bottom) burns hotter to the north at night and to the south during the day (consistent with Santa Ana winds) https://***0x,"['Crazy atmosphere with all the smoke in the air today. https://***6D', '#bobcatfire Last 24 hours from the Goes-17 satellite... looks like the Bobcat fire (middle bottom) burns hotter to the north at night and to the south during the day (consistent with Santa Ana winds) https://***0x', 'Under continued fire for allegedly mocking fallen service members, the president tried to drag The Atlantic’s billionaire owner into the fight. https://***Be', '-']",-,content_B,post
t0958,u0400,2020-09-14 20:47:06+00:00,Wildfire,m***n,#bobcatfire ... Unfortunately the fire continued to burn down and reach the bottom of Big Santa Anita Canyon last night https://***t3,"['Reports that extremists are setting wildfires in Oregon are untrue. Help us stop the spread of misinformation by only sharing information from trusted, official sources. https://***ep', 'Fire Tornadoes in California May God have mercy on the people of California 🥺🙏🏽 CLIMATE CHANGE IS REAL❗❗❗ https://***aT', '#bobcatfire ... Unfortunately the fire continued to burn down and reach the bottom of Big Santa Anita Canyon last night https://***t3', '-']",tweet_C,content_C,reply
t0105,u1449,2018-10-05 17:10:04+00:00,Wildfire,a***h,Brazil holds 1/4 of the world’s remaining tropical rainforest &amp; until recently absorbed as much CO2 every year as that produced by ALL cars. Now scientists fear that deforestation &amp; climate change are pushing the forest to a tipping point. https://***nW @p***d,"['THIS ✨💥👌🏼💪🏼 BE INSPIRED 💕💕 📷 @a***b @ Los Angeles, California https://***yk', 'Autumn sky on fire 🔥 #seoul #korea #travel #explore #sunset #autumnsky #dailylife #silhouette @ Seoul, South Korea https://***dd', 'Brazil holds 1/4 of the world’s remaining tropical rainforest &amp; until recently absorbed as much CO2 every year as that produced by ALL cars. Now scientists fear that deforestation &amp; climate change are pushing the forest to a tipping point. https://***nW @p***d', '-']",-,content_C,post
t0037,u2177,2018-08-14 20:18:53+00:00,Wildfire,_***b,"If you are struggling to tell your brands story, check out The Electric Campfire. Great insights on how you can take your storytelling to the next level! https://***c2","['Cargo ship catches fire at Bagamoyo https://***WF https://***lO', 'I probably won’t finish Forged by Fire today, but there’s nothing better than reading by the lake. So peaceful. What’s your favorite place to crack open a good book? #mrscaldwellsreads... https://***oz', 'If you are struggling to tell your brands story, check out The Electric Campfire. Great insights on how you can take your storytelling to the next level! https://***c2', '-']",-,content_C,post
t1122,u2717,2020-09-28 15:05:13+00:00,Wildfire,m***e,"These North Bay fire camera views are really something else, especially in time lapse. #ShadyFire #GlassFire #BoysenFire Also notice the last view still up from the Mount Vaca camera before it was consumed. 💔🔥 https://***Ds","['These North Bay fire camera views are really something else, especially in time lapse. #ShadyFire #GlassFire #BoysenFire Also notice the last view still up from the Mount Vaca camera before it was consumed. 💔🔥 https://***Ds', 'Our song “Mooda Chainz” is in Episode 1 on @f***x Via @h***u ! Happy to be apart of this show! S/O to the Team! @k***t @m***n @m***z @d***y.tv @ Beverly Hills, California https://***40', 'Just posted a photo @ San Francisco, California https://***td', '-']",-,content_A,post
t1291,u0207,2020-10-19 16:08:05+00:00,Wildfire,a***a,Data visualization is key to making data useful. We look at the example of the @f***e Wildfire Risk dashboard (built with @h***n) to highlight best practices for #nonprofit and government leaders when designing compelling #DataVisualization. https://***Ag https://***4b,"['@c***j @t***s Like fighting a four alarm fire with a garden hose.', 'A fun thing about ballot measures is that I just had to google whether the question asking if Congress should spend money on jobs and sustainability instead of the military is secretly asking whether we should subsidize Big Oil and set fire to puppies', 'Data visualization is key to making data useful. We look at the example of the @f***e Wildfire Risk dashboard (built with @h***n) to highlight best practices for #nonprofit and government leaders when designing compelling #DataVisualization. https://***Ag https://***4b', '-']",-,content_C,post
t1583,u1785,2020-12-18 07:23:12+00:00,Wildfire,m***s,The fallout from the SolarWinds breach is like a massive cyber wildfire whose dimensions keep expanding exponentially. It’s all hands to the pumps for CIOs and CISOs. #forbesCIO @F***h @F***s https://***ha,"['Who knew you could see amazing views like this in California 😍 https://***eq', 'Trump has also threatened to fire Chad Wolf at DHS, tho aides said he’s been talked out of that. And CIA Director Haspel was seen cleaning personal items out her office last month in anticipation of being fired. “I wouldn’t take anything off the table in coming weeks,” sao said.', 'The fallout from the SolarWinds breach is like a massive cyber wildfire whose dimensions keep expanding exponentially. It’s all hands to the pumps for CIOs and CISOs. #forbesCIO @F***h @F***s https://***ha', '-']",-,content_C,post
t1465,u2842,2020-11-23 17:29:32+00:00,Wildfire,D***L,-,"['@d***e @o***_ just a standard cell tower.. in California they are required to put fake tree branches on them so they are not so ugly.. seems some people are like Neanderthals that are seeing Fire for the first time?.. LOL', 'Couples who smoke weed together are less likely to engage in domestic violence.', ""NEWS: @S***n won't pursue the chairmanship or ranking member post at Judiciary or any other committee next year. She's come under fire from progressives and some fellow Dems for the way she led the panel during the Kavanaugh and Barrett hearings. https://***0b"", '-']",tweet_B,-,retweet
t1312,u1901,2020-10-22 14:20:07+00:00,Wildfire,m***n,What a crazy year 2020 is turning out to be. Sunset view of the smoke from wildfires raging just north of Boulder. Erie and beautiful setting for my evening run. #LefthandCanyonFire #CalWoodFire #EastTroublesomeFire https://***hH,"['Just posted a photo @ Los Angeles, California https://***gH', 'New COVID-19 Cases In O.C. And California Are Down, But Nationally The Pandemic Is Surging As We Head Into The Holiday Season https://***1U', 'What a crazy year 2020 is turning out to be. Sunset view of the smoke from wildfires raging just north of Boulder. Erie and beautiful setting for my evening run. #LefthandCanyonFire #CalWoodFire #EastTroublesomeFire https://***hH', '-']",-,content_C,post
t0138,u3058,2018-10-22 18:09:18+00:00,Wildfire,B***e,Just remember the holidays are coming up which means those awkward conversations with family members who think you play frisbee golf and talk about how they’ve gotten into the sport too at their local course. Or grandma just thinks you smoke weed cuz frisbees are for hippies https://***s5,"['Congratulations Lorena for being honored as a Massachusetts “Young Hero!” Lorena called 911 for a fire in her apartment and as a result 15 apartments were evacuated quickly and safely without injury. https://***Zl', 'Just remember the holidays are coming up which means those awkward conversations with family members who think you play frisbee golf and talk about how they’ve gotten into the sport too at their local course. Or grandma just thinks you smoke weed cuz frisbees are for hippies https://***s5', 'Stay fire safe in your home or office. Don’t overload power strips and risk an electrical fire #FireSafetyTip. Get more fire safety information here @U***e: https://***PM https://***O6', '-']",-,content_B,post
t1538,u1283,2020-12-09 12:02:10+00:00,Wildfire,t***k,"UK climate targets cannot be met without strong policy action across Scotland, Wales and Northern Ireland, tailored for national, regional and local needs. (9/12) #UKCarbonBudget https://***Vf","['UK climate targets cannot be met without strong policy action across Scotland, Wales and Northern Ireland, tailored for national, regional and local needs. (9/12) #UKCarbonBudget https://***Vf', ""I am so excited to see what @R***y will do at CDC. She is a wonderful person with real moral fiber and the fire and persuasive ability to create change. I can't think of anyone better to turn things around in the national #COVID19 response. Congratulations!"", 'A partir del 07 de diciembre, Baja California y Zacatecas permanecen en semáforo ROJO. 1/5 https://***2L', '-']",tweet_B,content_A,reply
t1536,u0364,2020-12-09 04:26:38+00:00,Wildfire,f***n,"2020 taught us to be resilient &amp; with #COVID19, wildfires, cyclones, &amp; floods, showed us why we need to build #resilience into our ecosystems. #climatechange #climate #ClimateAction https://***WL","['Captain Mervyn Bennion. For conspicuous devotion to duty, extraordinary courage, and complete disregard of his own life. As Commanding Officer of the U.S.S. West Virginia, after being mortally wounded, Capt. Bennion evidenced apparent concern only in fighting and saving his ship. https://***WS', '2020 taught us to be resilient &amp; with #COVID19, wildfires, cyclones, &amp; floods, showed us why we need to build #resilience into our ecosystems. #climatechange #climate #ClimateAction https://***WL', 'Ensign Herbert C. Jones. Organized and led a party supplying ammunition to the antiaircraft battery of the U.S.S. California. He was fatally wounded. When a rescue attempt was made he refused to go, “Leave me alone! I am done for. Get out of here before the magazines go off. ” https://***kj', '-']",-,content_B,post
t0056,u1864,2018-08-23 06:00:00+00:00,Wildfire,G***F,"California's Mendocino Complex fire is still ongoing and recently turned the 400,000 (404,532) mark for acres burned. https://***r7","['My pup is the cutest 🐶 #puppyvogue #pug #pugsofinstagram #puglife #dog #dogsofinstagram @ Los Angeles, California https://***Uo', ""California's Mendocino Complex fire is still ongoing and recently turned the 400,000 (404,532) mark for acres burned. https://***r7"", 'I liked a @Y***e video https://***OW GARDEN SECRETS TO GET 500% MORE FLOWERS | 10 Surefire Ways to Boost Blooms', '-']",-,content_B,post
t0201,u1194,2018-11-11 00:29:09+00:00,Wildfire,n***i,⚡️ “'Camp Fire' has become California's most destructive wildfire in history” https://***PT,"[""@m***f @A***r But I guess it's ok if you smoke dope and spread sexually transmitted diseases?"", ""⚡️ “'Camp Fire' has become California's most destructive wildfire in history” https://***PT"", 'Please consider donating to the @C***d - #californiafires #california #CampFire #WoolseyFire https://***tC', '-']",-,content_B,post
t0248,u0938,2018-11-15 00:37:33+00:00,Wildfire,C***s,PG&amp;E could be in big financial trouble if it's found liable for California's Camp Fire https://***D6 https://***T2,"[""PG&amp;E could be in big financial trouble if it's found liable for California's Camp Fire https://***D6 https://***T2"", 'The #CaliforniaFires have left thousands in peril. I’m supporting the efforts of the Wildfire Relief Fund here https://***ln @c***d Donate, send me a screenshot, and your name will go into a random drawing for some @r***s signed baseballs.', 'Heading to California to meet those affected by and fighting the Camp and Woolsey fires. Devastating reports. Thinking of and praying for all. Stay safe.', '-']",-,content_A,post
t1450,u1893,2020-11-19 16:30:11+00:00,Wildfire,n***r,Another #KnightGroup meeting 🦠 @N***r presented her planned PhD on modelling evolution of #AMR in #TB &amp; @g***t the new #ESPAUR report @P***k hot off the press. Usage down but bloodstream #AMR up. @Q***c @J***e &amp; YaldaJafari guest ft. #lobsterknight #WAAW,"['Mfs needa stop droppin trash songs w fire beats😒', 'More from @i***w for “Making A Portrait” @ Los Angeles, California https://***Zf', 'Another #KnightGroup meeting 🦠 @N***r presented her planned PhD on modelling evolution of #AMR in #TB &amp; @g***t the new #ESPAUR report @P***k hot off the press. Usage down but bloodstream #AMR up. @Q***c @J***e &amp; YaldaJafari guest ft. #lobsterknight #WAAW', '-']",-,content_C,post
t1304,u0162,2020-10-21 12:01:03+00:00,Wildfire,A***r,-,"['@p***e You are not honourable madam neither are you patriotic..U are nothing but an ass licker and a sycophant.. See the nature of persons we voted...tueh!!!', 'It only takes a small spark to start a wildfire because of how dry it is in Utah right now. Check and maintain the exhaust system and spark arrestors on your equipment this fall to help minimize your risk of accidentally starting a wildfire. https://***Sh https://***RM', '#EndSARS: Eyewitnesses Share Experience As Security Operatives Open Fire At Lekki https://***TT https://***Ye', '-']",tweet_B,-,retweet
t1513,u1108,2020-12-04 17:10:41+00:00,Wildfire,n***n,Great work by the team on expanding news options for our customers. Its been cool to see the engagement with our Fire TV news experience and the overall growth in usage of our news app partners on our devices! Check to see if your local channels are here. https://***xz,"['The Hilton hotel under fire for hosting a big wedding was named the 2018 ""Corporate Citizen of the Year"" by the @N***b. Less than eight months earlier, it was hit with a $23 million foreclosure suit. https://***eO @c***o', 'Great work by the team on expanding news options for our customers. Its been cool to see the engagement with our Fire TV news experience and the overall growth in usage of our news app partners on our devices! Check to see if your local channels are here. https://***xz', 'fire fire earth :) https://***3c', '-']",-,content_B,post
t1245,u2234,2020-10-14 13:37:00+00:00,Wildfire,a***y,"""Climate Politics,"" our series of essays, part of the larger effort aimed at decolonizing and shifting public narratives on the #ClimateCrisis in Africa. Edited by @g***a and supported by Africa Regional Office of @O***y. https://***bs","['""Climate Politics,"" our series of essays, part of the larger effort aimed at decolonizing and shifting public narratives on the #ClimateCrisis in Africa. Edited by @g***a and supported by Africa Regional Office of @O***y. https://***bs', ""The Sonoma Plaza is the old town square in Sonoma, CA and the largest of its kind in California. The Plaza's eight acres and the surrounding streets were laid out by General Mariano Guadelupe Vallejo in 1836. Very historic and highly recommended! (link: https://***J)"", ""Recent project: scraping 2 million property tax pages to visualize the effect of California's prop 13 https://***N8 https://***Hh"", '-']",-,content_A,post
t1558,u0740,2020-12-14 21:00:01+00:00,Wildfire,N***C,"The live session was early this morning, but you can see today's poster from #NASA GES DISC: ""IN030-08 - Natural Language Processing of User Queries using Post-Wildfire Disasters Concept Maps and Graphs to Derive Relevant Variables"". #AGU20 https://***nA https://***E8","['@r***n @j***k You guys are all bizarrely and completely out of this world crazy. Would you pen your opinion on the relationship between babies in a candy shop and let’s say, a protestor chaining themselves to an apple tree on a campus on Northern California! I’ll wait. Thanks.', 'The live session was early this morning, but you can see today\'s poster from #NASA GES DISC: ""IN030-08 - Natural Language Processing of User Queries using Post-Wildfire Disasters Concept Maps and Graphs to Derive Relevant Variables"". #AGU20 https://***nA https://***E8', ""Now that's how the Pacific is supposed to look in December! Rain returns on Sunday. I'll have the most recent specifics on timing tonight on @K***v at 5pm, 6pm &amp; 11pm. #cawx https://***gr"", '-']",-,content_B,post
t1448,u0357,2020-11-18 22:25:40+00:00,Wildfire,r***5,"Happy #LGBTQSTEMDay! I’m Rebecca a latinx vry gay geographer. I work with remote sensing and GIS, interested in food security, climate change, and drought impacts! And I here to say that higher education must be FREE. Some pics of conferences that I've attended here and in 🇧🇷 https://***3n","[""If the device had saved my life, and the metal inside me had come from a conflict minerals area (where women were kept as sex slaves or children were conscripted to work), was it worth it?” This week's alumni spotlight on @g***e is a must-read! https://***Ha"", ""Congratulations to Rachel Waddington, this week's randomly selected #winner of a Light ‘n Go #Bonfire! Thank you to everyone that entered! The next #giveaway will start again on Friday! #campfire #outdoors #family #camping #firepit #fireplace #WINNER #BBQ https://***Vd"", ""Happy #LGBTQSTEMDay! I’m Rebecca a latinx vry gay geographer. I work with remote sensing and GIS, interested in food security, climate change, and drought impacts! And I here to say that higher education must be FREE. Some pics of conferences that I've attended here and in 🇧🇷 https://***3n"", '-']",-,content_C,post
t1116,u0008,2020-09-28 03:25:05+00:00,Wildfire,C***P,What do you get whn you combine off-the-charts wildfires and citizen science? Rowley et al (https://***S) use the FrogID citizen science program to document only modest reductions in frog occurrences after severe 2019/20 bushfires in southeastern Australia. https://***uL,"['Just doing some branding work at home. Honey by Neighbor Jeff. Naming, logo design, label design, and brand story by Heirloom’s (unpaid) intern, Arthur. Awards eligible. @ Pacifica, California https://***QM', 'What do you get whn you combine off-the-charts wildfires and citizen science? Rowley et al (https://***S) use the FrogID citizen science program to document only modest reductions in frog occurrences after severe 2019/20 bushfires in southeastern Australia. https://***uL', 'Here\'s the thing about corridors: they have fire doors. Close the fire doors &amp; they aren\'t ""covid-secure"". Open them &amp; it\'s a fire hazard. https://***fH', '-']",-,content_B,post
t1212,u1815,2020-10-08 18:21:27+00:00,Wildfire,C***k,"Since publishing this post, The Daily Caller corrected their article to clarify that climate change is an important driver of wildfire behavior in the western US in addition to land management practices. https://***Q7","['#FirePreventionWeek 2020 Today we would like to remind everyone that if you have a small grease fire while cooking, put a lid over the fire to extinguish it. Do not use water as it can cause the fire to spread. @C***B https://***tF', 'Since publishing this post, The Daily Caller corrected their article to clarify that climate change is an important driver of wildfire behavior in the western US in addition to land management practices. https://***Q7', '@K***d founder Nisha Blackwell is on fire 🔥🔥🔥. She was recently featured on @C***s and was named Best Local Mask Maker by @P***r. Hear her live tomorrow night during our Panel Discussion: Making the Most of the Gift Market. https://***Yq https://***a6', '-']",tweet_A,content_B,reply
t1581,u2715,2020-12-17 20:21:19+00:00,Wildfire,M***a,➡️ @R***s Wildfire Relief: Hundreds of thousands of people have been affected by record-setting wildfires in the west and hurricanes along the Gulf Coast. The American Red Cross continues to help people affected by these disasters. (3/6),"['➡️ @R***s Wildfire Relief: Hundreds of thousands of people have been affected by record-setting wildfires in the west and hurricanes along the Gulf Coast. The American Red Cross continues to help people affected by these disasters. (3/6)', ""Even in a year of ongoing hardship, the strength of California's tourism industry continued to shine through. President &amp; CEO Caroline Beteta recaps these silver linings and provides key takeaways to keep in mind for 2021: https://***YL https://***Sf"", 'California billionaires says neighbor made him feel like a \'prisone... (East Bay Times) Billionaire investor Bill Gross on Tuesday morning described feeling like a ""prisoner"" in his oce... Add your highlights: https://***..', '-']",tweet_B,content_A,reply
t1109,u2806,2020-09-25 23:27:47+00:00,Wildfire,r***r,"Toxic smoke from recent fires may have killed up to 3k Californians, predominantly those 65 &amp; older. As a first responder &amp; public health educator, I will work hard to protect our residents from ALL types of illness, not just COVID. #NoPlanetB #Oceanside https://***Nl","['GoFundMe launched for family devastated by Richmond Hill fire https://***46 https://***aw', 'Beyond excited to share that @a***s has signed a partnership with California State Hospital system to bring rapid, FDA-cleared immune monitoring to thousands of patients within the state healthcare system. https://***7e', 'Toxic smoke from recent fires may have killed up to 3k Californians, predominantly those 65 &amp; older. As a first responder &amp; public health educator, I will work hard to protect our residents from ALL types of illness, not just COVID. #NoPlanetB #Oceanside https://***Nl', '-']",-,content_C,post
t1341,u0917,2020-10-27 04:05:15+00:00,Wildfire,N***h,"If you or someone you know is in need of accommodations due to wildfire evacuations, here is a list of Orange County resources: https://***66","['My story: How Napa Valley’s Cain winery plans a comeback after the Glass Fire https://***if Cain is a place, and it is still here. Thank you Chris Howell.', 'If you or someone you know is in need of accommodations due to wildfire evacuations, here is a list of Orange County resources: https://***66', 'SNOW STORM brings relief to Colorado after being ravaged by wildfire https://***ke', '-']",-,content_B,post
t1570,u2948,2020-12-16 15:25:29+00:00,Wildfire,A***J,"(2/2) if you are looking for an uncritical AOC stan account, go elsewhere. We are on the whole progressive, but represent the New Democratic majority. This means support for EXPERTS and SCIENCE, in health and climate as well as foreign policy and law.","['(2/2) if you are looking for an uncritical AOC stan account, go elsewhere. We are on the whole progressive, but represent the New Democratic majority. This means support for EXPERTS and SCIENCE, in health and climate as well as foreign policy and law.', '@c***i @T***a @e***k @O***e @l***n @A***b Yes, I spoke to @G***m about this. Airbnb is staying in California and I’m staying in California. This is a special place.', '.@U***a is proud to lead the statewide expansion of #CANotify! All Californians can now sign up to receive a notification if they may have been exposed to #COVID19. Identity &amp; location are kept confidential. Learn more and opt-in: https://***8g', '-']",tweet_A,content_A,reply
t0032,u1399,2018-08-13 06:49:35+00:00,Wildfire,t***e,-,"['UPDATE: @G***S officials say #HoweRidgeFire has burned 1,500-2,500 acres and destroyed “many” homes and structures on north end of Lake McDonald #MTnews #MTfire https://***Er https://***4S', 'Rave Budz - AC/DC #weed #AC/DC #miamibeach #miami #hemp #legalweed #dispensary #dank #smoke #blunt #miamirave https://***H8', '@B***g when it touches the sun,,,whats next then. why not use that resorces to touch California fires.', '-']",tweet_A,-,retweet
t1306,u2746,2020-10-21 17:16:43+00:00,Wildfire,U***e,It only takes a small spark to start a wildfire because of how dry it is in Utah right now. Check and maintain the exhaust system and spark arrestors on your equipment this fall to help minimize your risk of accidentally starting a wildfire. https://***Sh https://***RM,"['Just posted a photo @ Los Angeles, California https://***AG', 'It only takes a small spark to start a wildfire because of how dry it is in Utah right now. Check and maintain the exhaust system and spark arrestors on your equipment this fall to help minimize your risk of accidentally starting a wildfire. https://***Sh https://***RM', 'Orile iganmu police station is on fire 🔥🔥🔥 right now...stay safe guys 🥺#EndSARS #EndPoliceBrutalityinNigeraNOW https://***oZ', '-']",-,content_B,post
t1038,u2247,2020-09-17 21:41:51+00:00,Wildfire,B***r,"If you read one story on the wildfires today, let it be this inspiring piece by @r***a. She talks to the firefighters saving homes &amp; cities, only to get ""compensated"" with exploitation and discrimination. I was really moved editing it. https://***Ej @y***e","['If you read one story on the wildfires today, let it be this inspiring piece by @r***a. She talks to the firefighters saving homes &amp; cities, only to get ""compensated"" with exploitation and discrimination. I was really moved editing it. https://***Ej @y***e', 'Foto appena pubblicata @ Los Angeles, California https://***Jl', 'I got the front row 😅 OUT THE BOX @f***g @ Los Angeles, California https://***BP', '-']",-,content_A,post
t1418,u1556,2020-11-12 11:31:08+00:00,Wildfire,k***t,"There are many GIS platforms and then, there is IBM PAIRS. Here's an opportunity to show your GIS/ML wits in ""Call for Code Spot Challenge for detecting wildfires"". Please feel free to share with those interested. https://***ap","['Prevent fire in your home even if you think ""I\'ve got nothing to hide""! https://***jp', 'There are many GIS platforms and then, there is IBM PAIRS. Here\'s an opportunity to show your GIS/ML wits in ""Call for Code Spot Challenge for detecting wildfires"". Please feel free to share with those interested. https://***ap', 'Just posted a photo @ Los Angeles, California https://***GU', '-']",-,content_B,post
t0988,u2031,2020-09-16 07:12:38+00:00,Wildfire,C***F,🔥#Smoke from the unprecedented #USFires is moving back across #NorthAmerica from the #Pacific and is on its way to #Europe. Find out more about the monitoring of fires and their smoke by the #CopernicusAtmosphere Monitoring Service in our latest article➡️https://***UC https://***Kl,"['🔥#Smoke from the unprecedented #USFires is moving back across #NorthAmerica from the #Pacific and is on its way to #Europe. Find out more about the monitoring of fires and their smoke by the #CopernicusAtmosphere Monitoring Service in our latest article➡️https://***UC https://***Kl', 'BREAKING: Smoke rises again from #Lesbos, another fire feared', '@P***y Well said Patricia. Ignition is the key and all too often it is humans setting these wildfire, whether accidentally or unfortunately intentionally by some. #MMCChat', '-']",-,content_A,post
t0229,u0993,2018-11-12 22:18:57+00:00,Wildfire,p***e,"Paradise, CA is devastated; razed by wildfire. One of Romance's own, @J***g, is direly affected by the blaze. She is safe, with her cat, family and laptop. Please keep her in your thoughts, and consider helping her rebuild her life. https://***Et","[""@T***D @A***r The other day after the California shooting they said on CNN that EMTs were unprepared for the damage done to people? That they didn't carry tourniquets? Is that true?"", ""Paradise, CA is devastated; razed by wildfire. One of Romance's own, @J***g, is direly affected by the blaze. She is safe, with her cat, family and laptop. Please keep her in your thoughts, and consider helping her rebuild her life. https://***Et"", ""For all the mamas who don't have their babies in their arms tonight, and every night - #ThisISMyLane @T***e @E***L @S***5 @M***d @N***G @A***s @C***L @B***e @b***r @S***d @C***O @s***s @R***w https://***xi"", '-']",-,content_B,post
t1169,u1086,2020-10-03 23:20:18+00:00,Wildfire,K***q,"We are so happy that @J***V is our keynote speaker! As California battles uncontrollable #wildfires and abnormally high temperatures, we know #ClimateChange is real. Join us to discuss how to reduce #GHG emissions now. #renewableenergy #EnergyEfficiency #decarbonization https://***Ui","['We are so happy that @J***V is our keynote speaker! As California battles uncontrollable #wildfires and abnormally high temperatures, we know #ClimateChange is real. Join us to discuss how to reduce #GHG emissions now. #renewableenergy #EnergyEfficiency #decarbonization https://***Ui', '@t***s Hahahah honestly?? I’ll take it! https://***gz', ""I would like thank @B***1 for allowing me the opportunity to share the stage with all of the Black excellence. Don't be afraid to be the smoke and the fire - you are your biggest advocate...so go get it. #BMICPANEL #BICS3CRETCON2020 https://***Zz"", '-']",-,content_A,post
t1258,u2425,2020-10-15 15:25:59+00:00,Wildfire,C***y,"If we are going to solve the climate crisis, then we need to understand the fundamental role of energy in previous economic transformations. See my latest work in @J***l on a Biophysical Model of the Industrial Revolution. https://***hZ","['If we are going to solve the climate crisis, then we need to understand the fundamental role of energy in previous economic transformations. See my latest work in @J***l on a Biophysical Model of the Industrial Revolution. https://***hZ', 'El gobierno de López debe pedir perdón a China por el genocidio de chinos en Coahuila, Sonora y baja California...', 'Come work at NASA! Postdoctoral position in savanna fire ecology and lidar remote sensing https://***Fv', '-']",-,content_A,post
t0877,u1023,2020-09-11 19:59:52+00:00,Wildfire,d***o,MMXX is one of my favorite albums i’ve ever put together. I teamed up with @t***d and secular sabbath for a one night ambient experience this Wednesday at 8pm pt on @H***_. all proceeds going to california wildfire relief. tickets here: https://***XV https://***PO,"['Tonight OCC will light our spires teal and purple to help bring awareness to and support #WorldSuicidePreventionDay in partnership with @L***e, a regional non-profit dedicated to preventing substance abuse and suicide. To learn more, visit https://***Yk https://***KZ', 'MMXX is one of my favorite albums i’ve ever put together. I teamed up with @t***d and secular sabbath for a one night ambient experience this Wednesday at 8pm pt on @H***_. all proceeds going to california wildfire relief. tickets here: https://***XV https://***PO', ""It's time to enter our weekly #giveaway for a #free Light 'n Go #Bonfire! Simply like this post and comment where you'd like to try one! #firepit, #fireplace,#camping, #tailgating, #lake, #beach (U.S. Residents Only please) #outdoors #outdoorliving #Fall2020 #fire #BBQ #bbqlife https://***tH"", '-']",-,content_B,post
t1394,u0509,2020-11-07 01:41:45+00:00,Wildfire,M***d,"Ensure first responders, including local fire departments and Emergency Medical Services, can meet the staffing requirements needed to respond and are trained to recognize the symptoms of COVID-19. #FightForTheLiving","[""Recognizing @s***e crews for excellence is one of the best parts about my job. Though current circumstances preclude a formal ceremony, I'm glad for the opportunity to confer upon firefighters from SLC Medic Engine 11 the Meritorious Company and Distinguished Company Awards https://***Yy"", 'Ensure first responders, including local fire departments and Emergency Medical Services, can meet the staffing requirements needed to respond and are trained to recognize the symptoms of COVID-19. #FightForTheLiving', '@l***k Fire content this week. Only thing keeping me going', '-']",tweet_A,content_B,reply
t0765,u0400,2020-09-08 16:49:50+00:00,Wildfire,m***n,"#bobcatfire Southwest fire front overlaid with USFS map of the area (shows Sturtevant camp, Chantry flats, Arcadia) https://***mJ https://***BX","['Um dos incêndios foi iniciado por um dispositivo usado em um chá de revelação #IncendiosNosEua #California #brasileirosNosEua https://***oA', 'A #FlexAlert is in effect from 3 p.m. to 9 p.m. https://***nP', '#bobcatfire Southwest fire front overlaid with USFS map of the area (shows Sturtevant camp, Chantry flats, Arcadia) https://***mJ https://***BX', '-']",-,content_C,post
t1351,u2877,2020-10-28 11:12:35+00:00,Wildfire,M***i,"Our new @n***e paper with @U***t shows that the real world has high sensitivity of seasonal tropical precipitation to local sea-surface temperature 🌊🌡️⛈️ Sensitivity in climate models is lower in 43 of 47 cases, compared to observations. 📰👉https://***nd https://***pI","['Gay n*ggas when they listen to ""Dior""/by pop smoke Lmfaoooooo https://***aw', 'The “Indigenious People of Abuja” that went to the @P***G HQ to threaten PEACEFUL #endSARs protesters with violence to the pleasure of the IG has started their work oh! Now they have set Gwagwalada on fire and moved to @N***G camp in Kubwa to steal, rape and rob and kill', 'Our new @n***e paper with @U***t shows that the real world has high sensitivity of seasonal tropical precipitation to local sea-surface temperature 🌊🌡️⛈️ Sensitivity in climate models is lower in 43 of 47 cases, compared to observations. 📰👉https://***nd https://***pI', '-']",-,content_C,post
t0806,u1703,2020-09-09 17:44:04+00:00,Wildfire,d***s,"#BayArea if you need an escape from today's smoke apocalypse, grab a copy of Rewriting Stella. Three continents, ten years, dope rhymes, and not one mention of wildfires https://***Qq #writerlift","[""#BayArea if you need an escape from today's smoke apocalypse, grab a copy of Rewriting Stella. Three continents, ten years, dope rhymes, and not one mention of wildfires https://***Qq #writerlift"", 'I forgot what @c***i likes from Mex. Fire me as a friend I’m no good.', 'Just wanted to give this some more twitter air: the devastating result of 5 years of EU policy. Lesbos refugee camp fire forces thousands to evacuate https://***gW', '-']",-,content_A,post
t0902,u2065,2020-09-12 18:15:22+00:00,Wildfire,K***e,"So that's why, today more than ever, smack in the middle of election season (+ devastating wildfires + coastal flooding + heatwaves + ... ) it's more important than ever to TALK about it: why climate change matters to us and what we can do to fix it. https://***36","[""So that's why, today more than ever, smack in the middle of election season (+ devastating wildfires + coastal flooding + heatwaves + ... ) it's more important than ever to TALK about it: why climate change matters to us and what we can do to fix it. https://***36"", 'California feels like one big ashtray today.', 'Bros... Read about prophet Elijah and come back for review. The God of fire was anger prayer but everyone prays with that line today. Men of God have blood running too. https://***33', '-']",tweet_B,content_A,reply
t0758,u1939,2020-09-08 02:49:27+00:00,Wildfire,e***r,"The #BobcatFire has clearly taken off this evening just north of Los Angeles. A huge swath of the San Gabriel National Monument is under siege. Foothill communities nearby: This one is coming for us. We need to prepare now. Tomorrow night, this one could be at our doorstep. https://***uA","['The wildfire situation in California and Oregon has now escalated to the point that I can no longer keep track of the countless massive, fast-moving, and potentially very dangerous fires. The geographic scale and intensity of what is transpiring is truly jarring. #CAwx #ORwx https://***RJ', '#bobcatfire Looking above Monrovia Canyon Park, the fire is at the top of Monrovia Canyon near Rankin Peak (left), and at the top of Sawpit Canyon near White Saddle (right) (VIIRS data) https://***4m', 'The #BobcatFire has clearly taken off this evening just north of Los Angeles. A huge swath of the San Gabriel National Monument is under siege. Foothill communities nearby: This one is coming for us. We need to prepare now. Tomorrow night, this one could be at our doorstep. https://***uA', '-']",-,content_C,post
t1028,u0188,2020-09-17 04:01:59+00:00,Wildfire,b***b,-,"['Just posted a photo @ Manhattan Beach, California https://***dX', 'The @n***s also ran a piece on the troll @S***a account, citing the @D***b, and how the account was amplified by the aforementioned conservative voices and QAnon supporters. https://***xC', '@C***e very helpful! Great content👍', '-']",tweet_B,-,retweet
t1022,u2134,2020-09-16 18:34:12+00:00,Wildfire,E***t,How much will the wildfires cost? | #Environment https://***JZ,"['@U***e Was this human-caused? Or is that still under investigation?', 'How much will the wildfires cost? | #Environment https://***JZ', '@r***n First I thought it would be California 🔥😕', '-']",-,content_B,post
t0773,u2293,2020-09-08 18:52:18+00:00,Wildfire,c***e,"“This climate-change connection is straightforward: Warmer temperatures dry out fuels. In areas with abundant and very dry fuels, all you need is a spark,” @L***h's @p***a told the @n***s about California's wildfires. https://***Hk","[""“This climate-change connection is straightforward: Warmer temperatures dry out fuels. In areas with abundant and very dry fuels, all you need is a spark,” @L***h's @p***a told the @n***s about California's wildfires. https://***Hk"", 'Temperatures during this current #heatwave are expected to peak throughout California today. Do your part to #conserveenergy to prevent or limit expected rotating #poweroutages today. #EveryWattCounts Learn more: https://***z4', '@l***r Heartbreaking, too. My heart goes out to California. As if there hasn’t been enough this year, the Santa Ana winds are kicking up, too.', '-']",-,content_A,post
t1402,u1127,2020-11-08 18:59:56+00:00,Wildfire,T***D,Ford Bronco fire truck concept built to fight wildfires - https://***7S You can still order your Ford Bronco from Thoroughbred Ford. Ford is redefining how to drive the outdoors. Get your Bronco ordered from Thoroughbred today - https://***AN,"['Ford Bronco fire truck concept built to fight wildfires - https://***7S You can still order your Ford Bronco from Thoroughbred Ford. Ford is redefining how to drive the outdoors. Get your Bronco ordered from Thoroughbred today - https://***AN', 'Pizza tasted better today. @ Palo Alto, California https://***xb', ""Fall 2020 mailers went out TODAY to members.😍Are you getting yours? Come and work with us. ✅California... ✅Florida... ✅Texas. Join https://***JM online right here at Twitter. We'll connect you with a licensed agent in the comfort of your own home. #ContactFree https://***r2"", '-']",-,content_A,post
t0759,u3098,2020-09-08 14:32:02+00:00,Wildfire,L***n,Well that’s a first: just sent a delayed start notice to my students because my power is still out due to the wildfire 🥴 #SNOWDAY #virtualteaching #TeachingDuringCOVID,"['@S***2 @c***1 @s***0 @G***s @m***5 @R***e @I***r @p***l @K***I @j***v @e***k @T***a Here are some better examples to stimulate concepts you may have perceptually grounded: Remembering what a camp fire looks, sounds, and smells like on a cool summer night, or what it feels like to get a bee sting on your finger, or what it’s like to eat a rack of baby back ribs.', 'Well that’s a first: just sent a delayed start notice to my students because my power is still out due to the wildfire 🥴 #SNOWDAY #virtualteaching #TeachingDuringCOVID', ""“This climate-change connection is straightforward: Warmer temperatures dry out fuels. In areas with abundant and very dry fuels, all you need is a spark,” @L***h's @p***a told the @n***s about California's wildfires. https://***Hk"", '-']",-,content_B,post
t0934,u1908,2020-09-14 16:36:14+00:00,Wildfire,B***k,President Trump says US wildfires are caused by poor forest management. Is he right? https://***Mi,"['I was here on the Oregon coast last week...this is a picture now. These west coast fires are no joke...the homeland is on fire ?? https://***XY', 'President Trump says US wildfires are caused by poor forest management. Is he right? https://***Mi', ""Hey so @Y***m has released a new set of my very fav maps that break down US opinion by congressional district + county. Here are two things people's opinions changed a LOT on in just one year, and two where they did NOT. Any guesses on which they are? Here we go ..."", '-']",-,content_B,post
t0174,u1439,2018-11-09 15:38:35+00:00,Wildfire,s***n,"Horrified by the devastation of the #campfire in Paradise, California. My @L***i penpal is from there and I feel so terrible for everyone out there. Trying to figure out ways to help...","['Bad air quality in the Bay Area today from the wildfires. Stay indoors if you can! https://***xk', 'Horrified by the devastation of the #campfire in Paradise, California. My @L***i penpal is from there and I feel so terrible for everyone out there. Trying to figure out ways to help...', 'Grid cells in the entorhinal cortex are at least as amazing. They fire in this regular, hexagonal pattern. These cells were discovered @K***o in the lab of Edvard Moser and @M***r. @n***h and Z. Nadasdy have also recorded them in humans. Image: Wikimedia Commons https://***ja', '-']",-,content_B,post
t1044,u1891,2020-09-18 02:12:51+00:00,Wildfire,N***y,"Although a storm system will bring cooler temps this weekend and rain chances Saturday, it will also change wind directions, likely bringing in more wildfire smoke to Utah late Fri/Sat. Any rain may help knock down smoke density. We'll continue to monitor closely. #utwx https://***Yr","[""Although a storm system will bring cooler temps this weekend and rain chances Saturday, it will also change wind directions, likely bringing in more wildfire smoke to Utah late Fri/Sat. Any rain may help knock down smoke density. We'll continue to monitor closely. #utwx https://***Yr"", 'Good information here! The air quality in western Washington is expected to remain ‘unhealthy’ or ‘very unhealthy’ Wednesday as southerly winds will bring more smoke into the area. https://***6x', 'An insightful fireside chat into how food systems can become more localised at the virtual #FutureFoodTech Summit with @d***w @F***s, Björn Öste @o***y and James Rogers @a***s. https://***iQ', '-']",-,content_A,post
t0858,u1273,2020-09-11 01:47:51+00:00,Wildfire,o***c,"Clackamas County, @o***o and the @o***c are working to set up the center as an evacuee shelter for community members displaced by the Oregon wildfires. https://***jd","[""To paraphrase a saying, this isn't California's worst year in the last hundred, it's California's best year in the next thousand https://***Jp"", 'Clackamas County, @o***o and the @o***c are working to set up the center as an evacuee shelter for community members displaced by the Oregon wildfires. https://***jd', 'AZ. GA. NC. TX. 4 Swing States 5 Senate Seats $45 to Fire 45. Match me here: https://***r3 https://***8J', '-']",-,content_B,post
t0826,u2530,2020-09-10 03:06:05+00:00,Wildfire,i***x,"@B***a More unproven hype and scare tactics. Wildfires have never happened before, alarming. Wait, they have. For thousands of years. Spoken like a lifelong politician.","['Southern Oregon...gale force winds blowing this way, fire evacuation in town 4 miles over, aircraft overhead and sirens blaring. 2020 can go FUCK itself.', '@z***u Grew up in the Bay Area, and I don’t remember a time when fire season wasn’t a thing. Mt Vision Fire made an impression when it rained ash on my school and town in 1995.', '@B***a More unproven hype and scare tactics. Wildfires have never happened before, alarming. Wait, they have. For thousands of years. Spoken like a lifelong politician.', '-']",tweet_A,content_C,reply
t1172,u2700,2020-10-04 16:25:14+00:00,Wildfire,i***e,"So incredibly grateful to all of the firefighters - from 20 neighboring states and several countries - who have been battling CA’s historic wildfires. Many have have been away from their families for weeks. 17,000 remain on the lines here in the Golden State this morn. Pic: AP https://***rh","['So incredibly grateful to all of the firefighters - from 20 neighboring states and several countries - who have been battling CA’s historic wildfires. Many have have been away from their families for weeks. 17,000 remain on the lines here in the Golden State this morn. Pic: AP https://***rh', 'Seize the day! (Mood for setting stuff on fire provided by @b***h. 🔥 ) #Cyberpunk2077 https://***Ex', 'California is now the first state in the nation to ban 24 toxic chemicals from cosmetics. https://***4O', '-']",-,content_A,post
t0880,u1026,2020-09-11 21:37:46+00:00,Wildfire,a***e,This image from @N***A’s DSCOVR satellite powerfully illustrates the intensity of the #wildfires that millions of Americans are suffering from right now. The smoke is so thick that its visible from more than 1 million miles away from Earth. https://***sf,"['This image from @N***A’s DSCOVR satellite powerfully illustrates the intensity of the #wildfires that millions of Americans are suffering from right now. The smoke is so thick that its visible from more than 1 million miles away from Earth. https://***sf', 'San Francisco fire drone footage with Blade Runner music https://***lY', ""Acute problems everywhere in the world are like never before. #pandemic, #wildfires, #floods, #war, #crime, #shootings, #racism, #terrorism, #USElection2020, #Cybercrimes. Is this any indication of world's self destruction? #endoftheworld"", '-']",-,content_A,post
t0763,u0064,2020-09-08 16:42:25+00:00,Wildfire,s***o,"Kari Nadeau and Mary Prunicki of Stanford’s Sean N. Parker Center for Allergy and Asthma Research discuss related threats, preparedness and ongoing research on CA's massive wildfires. https://***3M","[""Kari Nadeau and Mary Prunicki of Stanford’s Sean N. Parker Center for Allergy and Asthma Research discuss related threats, preparedness and ongoing research on CA's massive wildfires. https://***3M"", 'teremana @t***k ❤️🔥🤙🏼 @ Malibu, California https://***0J', '@A***s: Labor Day Fire Storm Destroys Homes, Burns Thousands Of Acres Across The Northwest https://***UE', '-']",-,content_A,post
t1262,u2008,2020-10-15 20:31:05+00:00,Wildfire,N***n,"Using data from multiple @N***A Earth-observing satellites, we can explore the impacts of precipitation on the 2019 and 2020 Alaska wildfire seasons: https://***W0 https://***AK","['@w***r Awesome - thanks for the quick response. I purchased to help w wildfire smoke and was chagrined to see it didn\'t come with the ""smoke"" filter', 'Using data from multiple @N***A Earth-observing satellites, we can explore the impacts of precipitation on the 2019 and 2020 Alaska wildfire seasons: https://***W0 https://***AK', 'Participating in the discussion on the “Green Reset” at UK-based @t***t Sustainability Summit today. A great line up of speakers talking about how to get us there. #netzero #GreenNewDeal #ClimateChange #uk #SDGs #carbonfree #carbontax #innovation https://***zY', '-']",-,content_B,post
t1165,u0713,2020-10-02 21:37:56+00:00,Wildfire,a***n,"They produce 3x more heat per energy unit vs traditional heating. ""If deployed at scale in the U.S., these devices would cut another 5–7% of the total energy required."" @r***a They require upfront $ but save ~$948/year. (We need better climate finance.) @N***C 2/","['Our next speaker @S***u begins by sharing how the practice of anticipating catastrophe in Africa does important and dangerous work, politically and socially. How do we look more carefully about what happens on the ground? #HSGdecoloniseafrica #HSGafricanfutures https://***Az', 'I stand with my Armenian friends in the South Bay in condemning the military conflict between #Azerbaijan and #Armenia. We need a negotiated ceasefire and peace. https://***Wz', 'They produce 3x more heat per energy unit vs traditional heating. ""If deployed at scale in the U.S., these devices would cut another 5–7% of the total energy required."" @r***a They require upfront $ but save ~$948/year. (We need better climate finance.) @N***C 2/', '-']",tweet_C,content_C,reply
t0919,u1532,2020-09-13 21:24:58+00:00,Wildfire,C***n,-,"['Many thanks to our colleagues from @U***_ who offered their helping hand to CIVIL Defense, LAF &amp; others fighting yesterday’s fire in the #Beirut port. A bigger question remains - how is it possible that there are still highly flammable &amp; other hazardous materials in the port.', ""After spending months studying air filtration for #Masks4All, unfortunately I now need that expertise again - because much of the US is on fire and the air quality is awful. 😢 If you're suffering, I explain here how you can get relief. 1/ https://***BL"", 'My response to almost everyone this week. Catch up all weekend! @b***v @b***l @ Los Angeles, California https://***t0', '-']",tweet_A,-,retweet
t0984,u2903,2020-09-15 20:11:01+00:00,Wildfire,i***s,"Jane Fonda, America Ferrera, Janet Mock Among Stars to Narrate Climate Activism Audiobook https://***24 - Harness co-founder @A***a teaming up with @a***a and more Harness Community members!","['Jane Fonda, America Ferrera, Janet Mock Among Stars to Narrate Climate Activism Audiobook https://***24 - Harness co-founder @A***a teaming up with @a***a and more Harness Community members!', 'Smoke from the Western fires is creating haze in Maine today https://***IW', 'First glimpse of Mt Tam in a while. Grateful for a respite, however brief it may be. AQI only in the low-100s, which counts as good these days. #fireseason @ Sausalito, California https://***sb', '-']",-,content_A,post
t0805,u1301,2020-09-09 17:27:46+00:00,Wildfire,k***t,SF at 10:15am. Feels like 5am from all the wildfire smoke. https://***LK,"['Crazy atmosphere with all the smoke in the air today. https://***6D', 'SF at 10:15am. Feels like 5am from all the wildfire smoke. https://***LK', 'New toy arrived. Could it be a broadside array of endfire beverages for 160/80m (4x300m spaced 120m)? #Remoteqth #OK2ZAW https://***KA', '-']",-,content_B,post
t0141,u2333,2018-10-23 16:21:09+00:00,Wildfire,c***s,"That Arizona sky burning in your eyes You look at me and, babe, I wanna catch on fire It's buried in my soul like California gold You found the light in me that I couldn't find","[""That Arizona sky burning in your eyes You look at me and, babe, I wanna catch on fire It's buried in my soul like California gold You found the light in me that I couldn't find"", 'We had a fantastic time jumping into the LAFC v Vancouver Whitecaps FC match yesterday. Check out some of the highlights of our afternoon. — attending Los Angeles Football Club vs. Vancouver Whitecaps FC at Banc of California Stadium https://***l9', 'Friendly reminder that today is the last day to register to vote in California! Please register if you have not already! Go to https://***pm to check your registration today!', '-']",-,content_A,post
t0082,u1608,2018-09-19 14:01:50+00:00,Wildfire,N***h,"Hey @s***r, hope you tune into our #wildfire webinar tomorrow. @D***h at @C***r will present ""We bring fire with us: the role of people in changing modern U.S. fire regimes."" Sep. 20, 2-3pm Eastern. Free registration @ https://***qN #fireecology https://***SY","['Hey @s***r, hope you tune into our #wildfire webinar tomorrow. @D***h at @C***r will present ""We bring fire with us: the role of people in changing modern U.S. fire regimes."" Sep. 20, 2-3pm Eastern. Free registration @ https://***qN #fireecology https://***SY', 'Forged in Fire ❤@E***s #whataylesyou __________________________________ #poets #poetsofinstagram #poet #poemsofig #poeticheart #lover #loved #awesome #poetryofinstagram #poemporn... https://***3U', '#FACTS @ Oakland, California https://***HL', '-']",-,content_A,post
t1253,u2204,2020-10-14 18:16:10+00:00,Wildfire,p***s,The Wildfire West: Where Housing Sprawl and Wildfire-Prone Areas Collide https://***1n https://***Km,"['A fully engaged group of kids made our first #CodeWeek online workshop a huge success, creating beautifully animated fire engines. Multiple @M***e basic.forever loops proved to be optimal for controlling the LEDs. Many thanks to #meetandcode and @T***t who sponsored us https://***Kh', 'The Wildfire West: Where Housing Sprawl and Wildfire-Prone Areas Collide https://***1n https://***Km', ""@A***p Hey, it doesn't , as I am able to order the fire tablet and the fire kids case, both made by amazon and fulfilled by amazon, but when I try purchase the fire tablet in a bundle it won't let me. Can you provide some clarity here?"", '-']",-,content_B,post
t0221,u2957,2018-11-12 14:17:34+00:00,Wildfire,S***e,My thoughts and prayers go out to the families and victims of the wildfire in California. Thank you firefighters and first responders for your sacrifice and continued heroism.,"['My thoughts and prayers go out to the families and victims of the wildfire in California. Thank you firefighters and first responders for your sacrifice and continued heroism.', 'Thousands of firefighters are bravely battling 3 wildfires across California. Help support them and donate to the @C***d at https://***ig #CampFire #HillFire #WoolseyFire', '@M***6 @A***u @K***S Singapore is greater than Manhattan, Los Angeles, California, New York.', '-']",-,content_A,post
t1273,u2499,2020-10-16 18:06:50+00:00,Wildfire,A***R,The latest THE ALLIED HR DAILY PAPER! https://***gh #towns #wildfire,"['I registered to vote online in California at https://***ks #VoteCalifornia.', 'A house fire in Protea Glen, this morning has prompted a warning never to leave open flames unattended, even for a minute. On arrival neighbours were helping to put out the fire. 2 bedrooms affected, firefighters contained the fire before it could spread to the rest of the house https://***ZH https://***Jr', 'The latest THE ALLIED HR DAILY PAPER! https://***gh #towns #wildfire', '-']",-,content_C,post
t0793,u0145,2020-09-09 15:37:08+00:00,Wildfire,v***s,@e***i Palo Alto sky like dooms day. 🥺 hope the wildfire can be contained ASAP ! https://***ox,"['A good mix of topics await you for Rapid Fire Session 2 at #NNN2020 #beatNTDs@L***s @L***s @a***l @U***d @N***g @C***r @M***F @T***V https://***ah', 'A view of the Muir House at John Muir National Historic Site with the smoke from the wildfires. https://***VJ', '@e***i Palo Alto sky like dooms day. 🥺 hope the wildfire can be contained ASAP ! https://***ox', '-']",tweet_B,content_C,reply
t0893,u0643,2020-09-12 14:06:25+00:00,Wildfire,P***t,Image saisissante du petit lac de #BerryCreek en Californie où les habitants ont fui le #NorthComplexFire laissant derrière eux jouets de plage et chaises longues. #incendies #californie #CaliforniaFires https://***nS,"[""After spending months studying air filtration for #Masks4All, unfortunately I now need that expertise again - because much of the US is on fire and the air quality is awful. 😢 If you're suffering, I explain here how you can get relief. 1/ https://***BL"", ""Californian wildfires now. Just a reminder this year has seen 38 degrees in Siberia, record ice melt in the Canadian Arctic, successive days above 40 in Japan, 52 degrees in Baghdad &amp; wildfires killing 3 billion animals in Australia. Climate change isn't the future, it's here. https://***za"", 'Image saisissante du petit lac de #BerryCreek en Californie où les habitants ont fui le #NorthComplexFire laissant derrière eux jouets de plage et chaises longues. #incendies #californie #CaliforniaFires https://***nS', '-']",-,content_C,post
t0870,u0874,2020-09-11 14:57:02+00:00,Wildfire,v***y,"@m***n @F***n In recent years, doctors have been seen as political for speaking the truth about the health impact of climate change. (2/x)","[""I joked about needing a space suit a few months back. Now that California looks like Mars, I'm starting to think it wouldn't be such a bad idea..."", 'Follow these tips to protect yourself and your family from wildfire smoke: https://***Nm', '@m***n @F***n In recent years, doctors have been seen as political for speaking the truth about the health impact of climate change. (2/x)', '-']",tweet_C,content_C,reply
t1293,u2318,2020-10-19 17:37:00+00:00,Wildfire,C***2,"He is her secret, her irresistible temptation She is his weakness, his fantasy come true A wildfire exposes their secret affair Can they survive the HEAT? All ebooks► https://***Qh Amazon► https://***0G #newadult #contemporaryromance #booklovers https://***jf","['He is her secret, her irresistible temptation She is his weakness, his fantasy come true A wildfire exposes their secret affair Can they survive the HEAT? All ebooks► https://***Qh Amazon► https://***0G #newadult #contemporaryromance #booklovers https://***jf', 'The fire that is within me is greater than the fire that’s trying that’s trying to consume me. Be strong and courageous because the Lord is with you wherever you go', 'As of 315pm Sat, a weather station 6mi south of the #CalwoodFire and at similar elevation (~7,000ft) showed winds slowing and early flirting to east direction. Red line = wind speed, green pluses = wind gust. Wind gusts now 20-30mph down from 50-60mph. Still not good, but better. https://***Y1', '-']",-,content_A,post
t0245,u2957,2018-11-14 20:26:08+00:00,Wildfire,S***e,Every time I come to California I say this is the worst fire I’ve seen. Once again this is the absolute worst. Worse than any war zone I saw in Iraq. The heroism of firefighters is amazing https://***Lh,"['Balandra, Baja California Sur🌴 https://***y0', 'Every time I come to California I say this is the worst fire I’ve seen. Once again this is the absolute worst. Worse than any war zone I saw in Iraq. The heroism of firefighters is amazing https://***Lh', 'Still reeling over schoolmate’s death in mass shooting, Pepperdine students take shelter from the Woolsey fire https://***dr via @l***s', '-']",-,content_B,post
t1327,u2640,2020-10-25 15:58:54+00:00,Wildfire,N***a,Forecast wind gusts from Sunday morning through Monday evening. Offshore winds (from the north and northeast) increase from north to south across the #BayArea today and peak overnight before gradually diminishing on Monday. Red Flag Warnings and Wind Advisories in effect. #CAwx https://***HE,"['From Daily Californian’s Disability Impact Special Issue A new DSRP program will help students with disabilities create a home environment where they can foster a community, gain independent living skills... https://***Ox @d***l', 'Forecast wind gusts from Sunday morning through Monday evening. Offshore winds (from the north and northeast) increase from north to south across the #BayArea today and peak overnight before gradually diminishing on Monday. Red Flag Warnings and Wind Advisories in effect. #CAwx https://***HE', '“O Allah, let our hearts, which You occupy, not turn into rocks darkened with the fire we have inflicted!”', '-']",-,content_B,post
t0134,u2657,2018-10-21 13:03:24+00:00,Wildfire,N***N,@N***N Excom having a quick multistakholder conversation on the @I***N newcomers day presentation to be made by @j***r . @p***r https://***JO,"['Summertime South Lake Tahoe Itinerary: Where to Eat, Stay, &amp; Play in Lake Tahoe, California https://***N2', '@N***N Excom having a quick multistakholder conversation on the @I***N newcomers day presentation to be made by @j***r . @p***r https://***JO', 'MY LIL RALSTON JR FIRE PATROL!! @r***e https://***TF', '-']",tweet_B,content_B,reply
t1029,u3216,2020-09-17 12:06:54+00:00,Wildfire,m***o,"We sure were lucky that the wildfire smoke moved North at Bryce Canyon NP, I could not have asked for better star photography conditions. #nightphotography #np #landscapephotography #brycecanyon #travel https://***D6","['When you really really really wanna make that negative space between “r” and “T” to look like a knight’s helmet. @ Pacifica, California https://***WF', 'We sure were lucky that the wildfire smoke moved North at Bryce Canyon NP, I could not have asked for better star photography conditions. #nightphotography #np #landscapephotography #brycecanyon #travel https://***D6', ""@j***x @c***d @f***t Jon - totally agree, Caltopo is awesome and we're friends them. The main difference is that our smoke map is higher-res and animates 18 hours into the future. Underlying data for both maps is from the gov't (CalTopo = AirNow, OpenSummit = NOAA). https://***O4"", '-']",-,content_B,post
t1375,u1482,2020-11-02 21:52:53+00:00,Wildfire,D***r,"6/ The Centennial Light Bulb in Livermore, CA fire station has worked for over 116 years. And yes it does have a website and a live Bulbcam. https://***6N","[""RECENTLY PUBLISHED: USA, California, Napa Valley: 10 Exciting New Napa Valley Red Tastes. Absolutely LOVING the sheer variety of delicious red wine styles this region now has to offer... @L***W's full report here: https://***b6 https://***gR"", '6/ The Centennial Light Bulb in Livermore, CA fire station has worked for over 116 years. And yes it does have a website and a live Bulbcam. https://***6N', 'Airservices Australia fire fighters are set to take part in workshops across NSW aimed at attracting young women to the profession 👩🚒🔥🚒 #womeninaviation https://***gq', '-']",tweet_C,content_B,reply
t1549,u0526,2020-12-11 22:40:14+00:00,Wildfire,Z***1,"I’m excited by @i***s’ mission to use machine learning to optimize electrical grids and address climate change, and look forward to its continued success!","['Jonathan Edward set himself on this 🔥 Fire before he stood at the altar of the old country Church of Northampton, while still preaching, people ran to the altar crying ""what shall I do to be save""?Kaya!! 🔥🔥🔥 https://***jT', ""Strongly urge everyone in California to sign up for this. It's completely secure and could be a critical tool in the next few months as the virus continues to surge. If you use an iPhone, it's super easy. It's already built in and you just need to turn it ON in the settings. https://***SR"", 'I’m excited by @i***s’ mission to use machine learning to optimize electrical grids and address climate change, and look forward to its continued success!', '-']",-,content_C,post
t0034,u1865,2018-08-14 13:18:21+00:00,Wildfire,d***y,Our hearts are breaking as we announce the loss of one of Draper City's firefighters in the Mendocino Fire last night. Words cannot explain how it feels to lose a true hero. We sent five of our team members to California to battle these terrible fires. A very sad day in Draper. https://***Jt,"[""Our hearts are breaking as we announce the loss of one of Draper City's firefighters in the Mendocino Fire last night. Words cannot explain how it feels to lose a true hero. We sent five of our team members to California to battle these terrible fires. A very sad day in Draper. https://***Jt"", '@B***g when it touches the sun,,,whats next then. why not use that resorces to touch California fires.', '""How can we expect to make progress on preventing catastrophic wildfires when we have a hotter and drier boreal forest than we had 30 years ago, and fewer fire scientists working to protect it?"" https://***kQ', '-']",-,content_A,post
t0922,u1933,2020-09-14 00:34:42+00:00,Wildfire,E***s,This is a good question with a longish answer. But the short answer is no. The long answer (thread) Forest management practices (which have nothing to do with 'raking forests') have absolutely contributed to the size and intensity of wildfires over the last 100 or so years. https://***Nu,"['RAMS WIN!!️ @ Los Angeles, California https://***79', 'Just posted a photo @ Los Angeles, California https://***hN', ""This is a good question with a longish answer. But the short answer is no. The long answer (thread) Forest management practices (which have nothing to do with 'raking forests') have absolutely contributed to the size and intensity of wildfires over the last 100 or so years. https://***Nu"", '-']",-,content_C,post
t0875,u0972,2020-09-11 19:28:42+00:00,Wildfire,C***h,-,"['The fire damage is widespread in Talent. I have seen 3 different power lines fall. #AlmedaFire https://***p0', 'Children are particularly susceptible to harm from wildfire smoke. This page from @P***l has an extensive list of resources for health professionals and the general public on how to stay safe and reduce health impacts: https://***Sp https://***cq', 'Our personal favourite is The Fire Cult Sweat-jacket! #TheFireCult #FilmTwitter #Movies https://***Lw', '-']",tweet_C,-,retweet
t0998,u1828,2020-09-16 14:12:03+00:00,Wildfire,M***n,"Q2: What can individuals and businesses do to decrease their risk for catastrophic loss from a #wildfire, #flood and other catastrophes? #MMCChat #naturaldisaster https://***Ip","['A1.A A1.A (including people moving into these areas due to COVID), climate change factors like global warming and more fuel due to an abundance of underbrush and dead vegetation. #MMCChat #wildfires #DisasterPreparedness #incident @S***g @a***g @T***y https://***y6', 'Western Wildfires Smoke Creating Haze Over New England https://***S6 https://***bg', 'Q2: What can individuals and businesses do to decrease their risk for catastrophic loss from a #wildfire, #flood and other catastrophes? #MMCChat #naturaldisaster https://***Ip', '-']",-,content_C,post
t0900,u3025,2020-09-12 17:17:46+00:00,Wildfire,S***y,-,"['@k***l Smoke from the US West Coast.', 'Live chat on ig @/riot_revolt now let’s talk about Red Fawn is finally Free! Gender reveals and Wildfires in the west. https://***Ie', '""The simultaneous outbreak of fires across such a large expanse, plus the staggering speeds with which these fires advanced, have led wildfire experts to call this an unprecedented event in modern times."" https://***Ko', '-']",tweet_A,-,retweet
t0933,u2015,2020-09-14 15:50:55+00:00,Wildfire,b***r,"Very helpful context on the wildfires. Combo of: - Climate change (fluctuating rain and drought = a lot of dead trees, aka fuel) - Not enough prescribed burns to manage the fuel load and create defensible zones - Not enough density in residential areas (denser = more defensible) https://***IB","['Very helpful context on the wildfires. Combo of: - Climate change (fluctuating rain and drought = a lot of dead trees, aka fuel) - Not enough prescribed burns to manage the fuel load and create defensible zones - Not enough density in residential areas (denser = more defensible) https://***IB', 'A bunch of us are interested in you beauties who smoke IRL and do customs. If ur a regular smoker who entertains custom requests, we’d love to know what brand you regularly smoke. If you care to give us more info, how much do u smoke per day &amp; how long u been a smoker? Pls. RT', '@c***n Since 20% of this fire is considered ""contained"", fire managers are confident that 20% of the perimeter will no longer have growth (the edge closest to the community). But there is still potential on the remaining 80% of the perimeter for growth', '-']",-,content_A,post
t1424,u2438,2020-11-13 02:47:32+00:00,Wildfire,J***f,the definition of courage: listen to this young woman whose family lost everything in an Oregon wildfire https://***ql,"['Spitfire Audio’s free music-making tool lets you experiment with the sounds of the BBC Symphony Orchestra https://***SR', 'the definition of courage: listen to this young woman whose family lost everything in an Oregon wildfire https://***ql', '@s***u @W***e @W***U @U***M Well done Joe and thank you so much for all the help and support so many times over the years. Enjoy your retirement. Neil', '-']",-,content_B,post
t0231,u1690,2018-11-13 00:47:41+00:00,Wildfire,9***A,"At least 31 people are now confirmed dead in the devastating California wildfires, and the terrible toll is likely to grow, with hundreds more residents still unaccounted for. @r***d #9News https://***bu","['Thousands of firefighters are bravely battling 3 wildfires across California. Help support them and donate to the @C***d at https://***ig #CampFire #HillFire #WoolseyFire', ""⚡️ “'Camp Fire' has become California's most destructive wildfire in history” https://***PT"", 'At least 31 people are now confirmed dead in the devastating California wildfires, and the terrible toll is likely to grow, with hundreds more residents still unaccounted for. @r***d #9News https://***bu', '-']",-,content_C,post
t0828,u3261,2020-09-10 04:48:57+00:00,Wildfire,j***2,-,"['A new pinned post! Hi there! I’m Carlette! I really love Fire Emblem, but I do love other things too! I’m married to @a***d and together we do sappy cosplay under the name Raptors in Rhythm! 📸 Celica and Alm by Headphonestudios Ninian and Eliwood by @R***s https://***Lu', ""The sky is red on the west coast today - here's what the US is asking about #wildfires today: https://***VP"", '9/10 1:52pm local - Lebanon Military warning people to stay away from the huge fire at the entrance of the port..... https://***RU', '-']",tweet_B,-,retweet
t0240,u2161,2018-11-13 19:00:08+00:00,Wildfire,E***l,The status quo isn't working. Gov.-elect Gavin Newsom should call for a California Wildfires Summit the day after he is inaugurated. https://***AR https://***j5,"[""The status quo isn't working. Gov.-elect Gavin Newsom should call for a California Wildfires Summit the day after he is inaugurated. https://***AR https://***j5"", 'Help support long-term recovery for low-income individuals and families affected by the #HillFire and #WoolseyFire by making a donation to the Southern California Disaster Relief Fund. Donate online at https://***nl or text ‘UWVC’ at 41444 for Ventura County ❤️ https://***Sz', 'Pennsylvania Is Gonna Get Some Fire 🔥🔥🔥💨 https://***xn', '-']",-,content_A,post
t0041,u2283,2018-08-16 18:48:31+00:00,Wildfire,A***n,"An enormous fire tornado that reached 2,700 degrees killed a firefighter helping with evacuations in the massive Northern California wildfire. https://***Zq","['""There is a broad effort to deny the science of climate change and its links to the horrible wildfires in California, and it’s just not accurate"" https://***LC', 'I’ll have the vegan rack of lamb and a dark red Beet juice on the rocks. Shaken not stirred you animal🧐 @d***d #Crownsfortheculture @ Los Angeles, California https://***bM', 'An enormous fire tornado that reached 2,700 degrees killed a firefighter helping with evacuations in the massive Northern California wildfire. https://***Zq', '-']",-,content_C,post
t1200,u0057,2020-10-07 02:45:57+00:00,Wildfire,K***A,"Agencies release damning self-evaluation on California's rolling blackouts this summer, saying energy planners didn’t take climate change into account and didn’t line up the right power sources to keep the lights on after sundown https://***iT","[""In all the hustle and bustle of the season, it's all-too-easy to lose track of what we're spending. In fact, you might be overspending without even realizing it! Don't miss these 6 surefire warning signs--plus what to do instead! https://***SM"", 'A new pilot powered by Planet, @M***D &amp; @U***y, with support from @M***d, showed that on-the-ground sensors can trigger satellite imagery collection, helping emergency management teams better understand the extent of #wildfire. https://***K6 https://***Ls', ""Agencies release damning self-evaluation on California's rolling blackouts this summer, saying energy planners didn’t take climate change into account and didn’t line up the right power sources to keep the lights on after sundown https://***iT"", '-']",-,content_C,post
t0068,u0404,2018-09-06 22:56:23+00:00,Wildfire,t***k,-,"[""Tuesday, Gov. Jerry Brown's administration will try for a third time to secure a deal that would commit millions of California property owners to pay for the $19.9 billion Delta twin-tunnels It's an abuse of the political system that must be stopped. https://***aa https://***Yo"", 'In July (https://***r) the Franklin-Bingham and Sterling Heights Fire Departments and in August (https://***z) the Roseville and Fraser Fire Departments also were awarded SAFER grants.', 'Glacier Park fire grows to 13,000 acres https://***M9 #MTnews #MTfire #HoweRidgeFire https://***p8', '-']",tweet_B,-,retweet
t1091,u1034,2020-09-23 13:11:31+00:00,Wildfire,S***z,-,"['#California will prohibit sales of new gasoline-powered passenger cars and trucks by 2035, announces @G***m.', 'Just posted a photo @ Los Angeles, California https://***ZO', 'Science &amp; Cocktails Brussels resumes on 5 Oct with microbiologist Emmanuel André talking about the corona virus. In other words, you are invited to hear someone shout fire in a crowded theatre... https://***NZ', '-']",tweet_C,-,retweet
t1084,u0892,2020-09-22 13:05:16+00:00,Wildfire,F***e,"2020 has been an especially difficult year for farmworkers. COVID-19 has severely sickened many and endangered their livelihoods, while wildfire smoke in western states has become another serious health threat. Governments must ensure that employers keep workers protected. https://***Rk","['New sponsor announcement coming soon for Miss California USA and Miss California Teen USA .... hint hint 💎 😍😍😍 https://***lJ', '2020 has been an especially difficult year for farmworkers. COVID-19 has severely sickened many and endangered their livelihoods, while wildfire smoke in western states has become another serious health threat. Governments must ensure that employers keep workers protected. https://***Rk', 'Think early retirement and politics have nothing to do with one another? Let’s talk about how many people can still retire in the FIRE movement if the Affordable Care Act goes away.', '-']",-,content_B,post
t0110,u2605,2018-10-09 19:31:12+00:00,Wildfire,L***D,A message forwarded from our Fire Chief: We have received word of a local phone fundraising drive for firefighters. Lewiston’s Fire Chief Stockdale has clarified that this has nothing to do with the Lewiston... https://***si,"['@A***e Έχω την εντύπωση ότι ο Καρλαο φέρει μεγαλύτερη ευθύνη στο γκολ πού φάγαμε', '@U***y ranks 2nd-best #blockchain university in US. #UCIT https://***cG', 'A message forwarded from our Fire Chief: We have received word of a local phone fundraising drive for firefighters. Lewiston’s Fire Chief Stockdale has clarified that this has nothing to do with the Lewiston... https://***si', '-']",-,content_C,post
t0832,u3200,2020-09-10 09:15:43+00:00,Wildfire,e***i,"Dopo mesi, mi ritrovo (finalmente) a parlare della sfida legata alla #mitigazione del #climatechange: insieme a rappresentanti delle amministrazioni locali e regionali e filosofi. Via al #dibattito! @E***g @C***e @I***H @u***l https://***1f","['Dopo mesi, mi ritrovo (finalmente) a parlare della sfida legata alla #mitigazione del #climatechange: insieme a rappresentanti delle amministrazioni locali e regionali e filosofi. Via al #dibattito! @E***g @C***e @I***H @u***l https://***1f', 'Follow these tips to protect yourself and your family from wildfire smoke: https://***Nm', 'I forgot what @c***i likes from Mex. Fire me as a friend I’m no good.', '-']",-,content_A,post
t1146,u0713,2020-09-30 18:19:16+00:00,Wildfire,a***n,"So, Wallace sprung a climate question... A truly aggressive yet reasonable climate plan leads to: +7M jobs in solar &amp; wind +2M in grid +10M in industrial/comm./home electrification +3M decarbonizing transport +Millions more in training, R&amp;D, and financing h/t @r***a https://***ze","['George Gogh informal settlement fire has been extinguished. Disaster Management officials on scene to assist residents affected. https://***QQ', 'Just discovered this amazing series- Older and Overlooked- that looks at the risks of fires to older adults. Two trends in CA are colliding-- the aging of the population and climate change worsening the wildfire disasters. @K***e @M***s https://***0X', 'So, Wallace sprung a climate question... A truly aggressive yet reasonable climate plan leads to: +7M jobs in solar &amp; wind +2M in grid +10M in industrial/comm./home electrification +3M decarbonizing transport +Millions more in training, R&amp;D, and financing h/t @r***a https://***ze', '-']",-,content_C,post
t0959,u0400,2020-09-14 21:02:39+00:00,Wildfire,m***n,#bobcatfire it appears the fire reached Arcadia Wilderness Park last night and was maybe 100 yards from the homes on Highland Oaks Dr... (Google Earth view and webcam screenshot of same area from last night). Source video: https://***4Z https://***VH,"['How are we re-living the California fires every year? Who’s incentivized to _not_ do anything about them? I can’t imagine the issue is so complex that it’s unsolvable. What am I missing?!', ""Hey so @Y***m has released a new set of my very fav maps that break down US opinion by congressional district + county. Here are two things people's opinions changed a LOT on in just one year, and two where they did NOT. Any guesses on which they are? Here we go ..."", '#bobcatfire it appears the fire reached Arcadia Wilderness Park last night and was maybe 100 yards from the homes on Highland Oaks Dr... (Google Earth view and webcam screenshot of same area from last night). Source video: https://***4Z https://***VH', '-']",tweet_C,content_C,reply
t1065,u3184,2020-09-20 07:33:33+00:00,Wildfire,V***a,Watch this space.... this week my team received and tested our new fantastic E-Cargo bikes! These will be available for local businesses to rent at a symbolic price to help to reduce their carbon emissions and address the climate change. #ClimateChange #miltonkeynes #transport https://***6k,"[""💫We've got another VALORANT one for you. Brimstone attack smoke tips on all maps. Let us know what you think! 💨💨💨https://***34"", 'Watch this space.... this week my team received and tested our new fantastic E-Cargo bikes! These will be available for local businesses to rent at a symbolic price to help to reduce their carbon emissions and address the climate change. #ClimateChange #miltonkeynes #transport https://***6k', 'Thinking about Pop Smoke today 🕊 https://***3R', '-']",-,content_B,post
t0054,u2477,2018-08-23 00:40:21+00:00,Wildfire,b***n,-,"['Zimbabwe Online News Kigali to Host the Greater Horn of Africa Climate Outlook Forum https://***zQ', 'Excited about #HLAI2018! Artificial General Intelligence, Biologically Inspired Cognitive Architectures, Neural-Symbolic Learning and Reasoning ~ @c***n @P***z @b***l @g***e @d***y @A***a @G***v', 'A must read for California recruiting leaders https://***ED', '-']",tweet_C,-,retweet
t1006,u1797,2020-09-16 14:25:49+00:00,Wildfire,D***n,@N***l @a***s Our community mental health centers have to be seen and resourced as front line to the social and emotional damage of our accelerating climate and ecological crises. Let’s start the work of demanding that. If you see my blog w @n***l - join in the conversation!,"['@N***l @a***s Our community mental health centers have to be seen and resourced as front line to the social and emotional damage of our accelerating climate and ecological crises. Let’s start the work of demanding that. If you see my blog w @n***l - join in the conversation!', 'My late @V***G submission for the @K***n project... Used @T***u to visualise the countries where people were displaced due to floods, storms or wildfires. @t***c https://***rZ https://***wd', ""Congratulations to Meghan Kovachevich, this week's randomly selected #winner of a Light ‘n Go #Bonfire! Thank you to everyone that entered! The next #giveaway will start again on Friday! #campfire #outdoors #family #camping #firepit #fireplace #WINNER #BBQ https://***O6"", '-']",tweet_A,content_A,reply
t1163,u0697,2020-10-02 16:08:05+00:00,Wildfire,r***y,The latest Mark Crowley's Daily Update! https://***n5 Thanks to @g***1 #ウイルスクリア #campfire,"['There won’t be a taxpayer left in California within 5 years. https://***ON', 'Up close with Miss California USA Allyshia Gupta: London born, creative artist. Download the Miss USA app to vote her into the Top 16 at the 2020 Miss USA Competition. First vote FREE! https://***TY https://***Jj', ""The latest Mark Crowley's Daily Update! https://***n5 Thanks to @g***1 #ウイルスクリア #campfire"", '-']",-,content_C,post
t0226,u0988,2018-11-12 19:53:38+00:00,Wildfire,S***S,The Salvation Army is serving on both fronts as #wildfires ravage communities in Northern and Southern #California. Read about our efforts and find out how you can help at: https://***m. #WoolsleyFire #CampFire https://***DS,"['The Salvation Army is serving on both fronts as #wildfires ravage communities in Northern and Southern #California. Read about our efforts and find out how you can help at: https://***m. #WoolsleyFire #CampFire https://***DS', 'Praying for everyone in California 🙏🙏🙏🙏', 'Looking for ways to help with the fire and fallout in California? https://***56', '-']",-,content_A,post
t1420,u1504,2020-11-12 15:05:57+00:00,Wildfire,l***n,32 Best Camping Recipes: Campfire Food Ideas For Your Outdoor Adventure https://***nS https://***q3,"[""#UWCSEA Dover's FIB students recently participated in an action-packed outdoor education adventure with an Amazing race and Film festival! They visited the High School roof's solar panels, did a high ropes course, kayaked in the pool, learn to start a fire and so much more! Wow! https://***7r"", '32 Best Camping Recipes: Campfire Food Ideas For Your Outdoor Adventure https://***nS https://***q3', 'This Saturday! “Out Of This World Microbiology” SoCal ASM 2020 Virtual Student Meeting &amp; Research Poster Session https://***wT #ASMOutreach @S***s #ChooseCSU @C***o @U***a #microbiology #Jobs https://***Kk', '-']",-,content_B,post
t1411,u2762,2020-11-11 15:46:39+00:00,Wildfire,U***r,"After #wildfire, @U***S hydrologists like Sheila Murphy rapidly deploy to assess the effects to #water resources. Sheila is among the authors of a decade of research that informs our new #dataviz How Wildfires Threaten U.S. Water Supply: https://***I. #WomenInSTEM https://***wN","['BREAKING: A senior administration official confirms to NBC News that presidential personnel director John McEntee has communicated to departments that they should fire any political appointees looking for new work while Trump refuses to concede &amp; disputes the election', 'After #wildfire, @U***S hydrologists like Sheila Murphy rapidly deploy to assess the effects to #water resources. Sheila is among the authors of a decade of research that informs our new #dataviz How Wildfires Threaten U.S. Water Supply: https://***I. #WomenInSTEM https://***wN', 'California Coastal Commission: Save Open Space for Outdoor Recreation at Thornton Beach Bluff in CA - Sign the Petition! https://***MG via @C***e #thorntonbeach #petition #sign #dalycity #beach', '-']",-,content_B,post
t1526,u2801,2020-12-07 21:13:52+00:00,Wildfire,T***s,"*Radio Electrician Thomas J. Reeves. After the mechanized ammunition hoists were put out of action in the U.S.S. California, Reeves, in a burning passageway, assisted in the maintenance of an ammo supply by hand to the antiaircraft guns until he was overcome by smoke and fire. https://***zc","['*Radio Electrician Thomas J. Reeves. After the mechanized ammunition hoists were put out of action in the U.S.S. California, Reeves, in a burning passageway, assisted in the maintenance of an ammo supply by hand to the antiaircraft guns until he was overcome by smoke and fire. https://***zc', ""It's really bad in California, what they are imposing on the citizens is martial law."", 'Beautiful✊🏾#istandwithfarmers #KisaancarRally #california https://***6c', '-']",tweet_B,content_A,reply
t0819,u2681,2020-09-09 21:50:19+00:00,Wildfire,A***i,"Californian wildfires now. Just a reminder this year has seen 38 degrees in Siberia, record ice melt in the Canadian Arctic, successive days above 40 in Japan, 52 degrees in Baghdad &amp; wildfires killing 3 billion animals in Australia. Climate change isn't the future, it's here. https://***za","[""Californian wildfires now. Just a reminder this year has seen 38 degrees in Siberia, record ice melt in the Canadian Arctic, successive days above 40 in Japan, 52 degrees in Baghdad &amp; wildfires killing 3 billion animals in Australia. Climate change isn't the future, it's here. https://***za"", 'Purchase either of two prints (or, if you\'re like us and can\'t decide which you like best, be ""shell-fish"" and get one of each!) to help support the @W***e program and bring us ever closer to the restoration of this California coastal treasure. 2/4', 'Silicon Valley Leaders Sit Down With Wildfire At Investment Meeting After Being Impressed By Its Rapid Expansion https://***OD https://***G0', '-']",-,content_A,post
t0910,u2188,2020-09-13 05:27:27+00:00,Wildfire,I***s,-,"['R.I.P Pop Smoke 💨', 'AZ. GA. NC. TX. 4 Swing States 5 Senate Seats $45 to Fire 45. Match me here: https://***r3 https://***8J', 'Ar Royyaantech International build Electronic Devices which involves automation like Power Restore Alarm, Automatic Changeover Switch, Water Level Pump ,Surge Protector, Automatic Fire Alarm System, Inverter, Automatic Security Lighting System, and so on #thread 1/n https://***Y1', '-']",tweet_C,-,retweet
t0194,u2627,2018-11-10 15:47:54+00:00,Wildfire,C***a,Thankful for the firefighters risking their lives and getting people to safety during these horrendous wildfires. Show your support and donate to @C***d at https://***Y7 #CampFire #HillFire #WoolseyFire,"['Teylor Whittler describes what she witnessed at California bar shooting https://***z0 https://***YY', 'Thankful for the firefighters risking their lives and getting people to safety during these horrendous wildfires. Show your support and donate to @C***d at https://***Y7 #CampFire #HillFire #WoolseyFire', 'FOX NEWS ALERT: Authorities search for a motive in the California bar massacre | @J***7 https://***tQ', '-']",-,content_B,post
t0755,u1575,2020-09-07 19:21:58+00:00,Wildfire,g***n,"Happy Labor Day to all the hardworking men and women out there. Normally I’d be BBQing but because of the insane heat and the unhealthy smoke in the air, I decided to grab a slab of already prepared ribs from our local rib/smoke master. I hope everyone has a great Labor Day! GK https://***V0","[""California wildfires - they've always existed, but the trend is not favorable Source: Cal Fire https://***Np https://***NK"", 'After a water drop of 2,650 gallons of water at the #ValleyFire on Saturday, SkyMaverick heads back to fill up https://***Uz', 'Happy Labor Day to all the hardworking men and women out there. Normally I’d be BBQing but because of the insane heat and the unhealthy smoke in the air, I decided to grab a slab of already prepared ribs from our local rib/smoke master. I hope everyone has a great Labor Day! GK https://***V0', '-']",-,content_C,post
t0011,u1205,2018-07-31 22:59:02+00:00,Wildfire,t***w,"Praying for Redding. . Repost: @b***c: Please pray for Redding. For the brave members of Cal Fire, rain, the winds to change and peace for those who have lost their homes or have had to evacuate. Thank you for joining us in prayer! #prayforredding #carrfire https://***a1","['Vogue covered our Disneybounding preview event! Take a look at some of the details of our ""That\'s from Disneyland!"" exhibit, opening tomorrow! What Is Disneybounding? The Street Style Phenomenon Goes to California https://***6X', 'Praying for Redding. . Repost: @b***c: Please pray for Redding. For the brave members of Cal Fire, rain, the winds to change and peace for those who have lost their homes or have had to evacuate. Thank you for joining us in prayer! #prayforredding #carrfire https://***a1', 'California May Lower the Standing Threshold in Data Breach Litigation https://***nt #databreaches #cybersecurity', '-']",-,content_B,post
t0777,u0161,2020-09-09 01:53:39+00:00,Wildfire,C***a,"Today is my first official day as a postdoc at #UCSF! Struggling with visa issues, cancelled flights, general pandemic stuff, and wildfires, I'm amazed I'm actually here starting this adventure!","[""Today is my first official day as a postdoc at #UCSF! Struggling with visa issues, cancelled flights, general pandemic stuff, and wildfires, I'm amazed I'm actually here starting this adventure!"", 'I was supposed to be backpacking in @I***F this past weekend—my big socially distant pandemic adventure. Spent last week poring over wildfire maps and air-quality forecasts and then, fortunately, canceled the trip. 2020, man. https://***5M', ""Hurray, it's finally here!🥳Check your local listings to catch episodes live, and you can also find Elinor Wonders Why on https://***zg and on the @p***s video app (for phones, tablets, and platforms like Roku, Apple TV, and Amazon Fire TV!) Let's wonder together! https://***AZ"", '-']",-,content_A,post
t0995,u1454,2020-09-16 14:06:00+00:00,Wildfire,T***y,"A1. There are a lot of reasons for the increase in #wildfires, from #climatechange to insufficient management of public lands to reduce brush and dead timber. It is a multi-pronged problem. #naturaldisaster #risk #MMCChat https://***gA","[""1/ Shakespearean sonnet about the #wildfires. You might like this @P***a and @C***s: As folks moved west to California's dream its two-named city-states both drew a crowd. Love fog? SF. Love heat, beach, and sunbeam? LA. Yet both loved one thing not shared 'loud."", '@U***e @p***t Any word on the cause?', 'A1. There are a lot of reasons for the increase in #wildfires, from #climatechange to insufficient management of public lands to reduce brush and dead timber. It is a multi-pronged problem. #naturaldisaster #risk #MMCChat https://***gA', '-']",-,content_C,post
t0251,u0535,2018-11-15 19:36:34+00:00,Wildfire,b***t,Wildfire Nosebleed is the name of my next speed metal band.,"['Wildfire Nosebleed is the name of my next speed metal band.', '#like4likes #smoker #smokers #smokersonly #smokersclub #cigaroftheweek #montecristo #cigarbar #cigarsocialclub #cigar #cigarcase #cigaraficionada #cuban #cohiba #cigaroftheday #cigarsmoke #cigarsmoker #enjoycigars #cigarlover #cigarlovers #cigarian #cigarians #cigarporn https://***ZZ', 'Great guys and gals battling the fire at @S***s. We have firefighters from many different parks here to help. #teamwork 🔥 https://***yF', '-']",-,content_A,post
t1000,u2821,2020-09-16 14:14:16+00:00,Wildfire,A***a,-,"['@M***a: non si erano mai registrate temperature così alte a metà settembre in Ticino. È stata la notte più calda dal 1864. Stamattina siamo stati al Gerenpass (Val Bedretto): a 2700 m i ghiacciai fondevano. #ClimateChange #Clima #CambioClimatice https://***K3', '@c***n Since 20% of this fire is considered ""contained"", fire managers are confident that 20% of the perimeter will no longer have growth (the edge closest to the community). But there is still potential on the remaining 80% of the perimeter for growth', ""We've been asked over and over and over again when we would leave California. The answer: now. See you in Nashville, gang! https://***EM"", '-']",tweet_C,-,retweet
t1046,u0598,2020-09-18 13:55:38+00:00,Wildfire,L***o,-,"['We sure were lucky that the wildfire smoke moved North at Bryce Canyon NP, I could not have asked for better star photography conditions. #nightphotography #np #landscapephotography #brycecanyon #travel https://***D6', 'Traveling without being able to smoke is top tier mood killer 😂😭 I understand https://***xC', 'A3. Governments can reduce the risk of #Wildfires by leveraging #SmartCity technology to detect and report hazards, such as dead trees or underbrush. #Drones can be automatically deployed to fight fires. #MMCChat https://***XY', '-']",tweet_A,-,retweet
t1506,u2382,2020-12-03 18:08:39+00:00,Wildfire,T***s,"And here's another wildfire in my backyard, closing out 2020 with my 3rd wildfire and 2nd mandatory evacuation. Getting really good at completing projects and applications under moderate to severe amounts of dread and uncertainty! #professionaldevelopment #Bondfire #phdlife https://***aQ","[""And here's another wildfire in my backyard, closing out 2020 with my 3rd wildfire and 2nd mandatory evacuation. Getting really good at completing projects and applications under moderate to severe amounts of dread and uncertainty! #professionaldevelopment #Bondfire #phdlife https://***aQ"", 'After 10pm in 2020 in Los Angles, California. It is not safe. The dogs come out and... https://***eU', 'A brilliant and interesting blog from @p***r Using tech to build a better and safer future for our planet is top of the Santa wish list for us @w***i this Christmas. #climatetech #RiseUp #GreenTech #StartUp #netzerobritain #carbonoffsetting #investment https://***Sw', '-']",-,content_A,post
t0761,u1559,2020-09-08 16:25:50+00:00,Wildfire,B***l,"As if worrying about parents + virus, wasn’t enough, now mountain behind their house on 🔥-&gt; Bobcat fire in Angeles Forest threatens foothill cities amid California's worst fire season on record https://***nu","[""As if worrying about parents + virus, wasn’t enough, now mountain behind their house on 🔥-&gt; Bobcat fire in Angeles Forest threatens foothill cities amid California's worst fire season on record https://***nu"", '@l***r Heartbreaking, too. My heart goes out to California. As if there hasn’t been enough this year, the Santa Ana winds are kicking up, too.', '@a***s @d***0 Sturtevant in upper left, not in fire area yet https://***fs', '-']",-,content_A,post
t0846,u0166,2020-09-10 20:09:03+00:00,Wildfire,R***t,Live chat on ig @/riot_revolt now let’s talk about Red Fawn is finally Free! Gender reveals and Wildfires in the west. https://***Ie,"['Believe your own eyes! #AnoushBotanical #climatechange #californiafires', 'SF at 10:15am. Feels like 5am from all the wildfire smoke. https://***LK', 'Live chat on ig @/riot_revolt now let’s talk about Red Fawn is finally Free! Gender reveals and Wildfires in the west. https://***Ie', '-']",-,content_C,post
t0128,u0725,2018-10-18 04:11:32+00:00,Wildfire,c***r,"Doing a “Build your own miniature fire truck” tutorial for #samthehedgehog @ Linden, Gauteng, South Africa https://***a9","[""@s***l Artificial general intelligence carries a significant risk of serious accidents. Your metaphor is actually good. Fire can be used for good, or for evil, or you can accidentally burn your house down. That's mostly what I fear: we have reason to believe AGI is very hard to control"", 'Doing a “Build your own miniature fire truck” tutorial for #samthehedgehog @ Linden, Gauteng, South Africa https://***a9', ""I don't think I will *ever* receive a more important and inspiring email in my entire life...😢#ExpeditionVolcano #VolcanoOnFire #VolcanoOnTheBrink #BlackInSTEM #AcademicTwitter #BlackHistoryMonth #Blackademic #scicomm https://***9j"", '-']",-,content_B,post
t1016,u1620,2020-09-16 16:57:00+00:00,Wildfire,d***r,"Trump thinks that raking and logging alone can prevent wildfires out West. Scientists and timber industry officials have a different take: In this 'new era of megafire,' they say, it's going to take a lot more to adapt. By @s***8 and @e***n https://***aJ","['@t***o Late to the game, but School on Wheels takes donations. They work with students in LA and throughout Southern California facing homelessness. Happy to connect you with the coordinators there. https://***DL', 'This is NOT climate change. The climate already permanently changed when Wall Street &amp; Corporate America bought off much of our environmental movement, the climate deniers slowed it all down &amp; Trump came in and decimated the EPA. These are not wildfires. These are CLIMATE FIRES! https://***hG', ""Trump thinks that raking and logging alone can prevent wildfires out West. Scientists and timber industry officials have a different take: In this 'new era of megafire,' they say, it's going to take a lot more to adapt. By @s***8 and @e***n https://***aJ"", '-']",-,content_C,post
t0028,u1571,2018-08-10 00:05:22+00:00,Wildfire,s***r,"All the smoke has blocked out the sun @ Irvine, California https://***8V","[""Hi from Tahoe! I'll be in MIA for a week. Check stories for the fun I'm having here. #lovefromtahoe #laketahoe #southlaketahoe #vacation @ South Lake Tahoe, California https://***n6"", '@r***e We want something that represents permanence, and nothing is more perpetual than California highway construction. So I suggest this: https://***51', 'All the smoke has blocked out the sun @ Irvine, California https://***8V', '-']",-,content_C,post
t0838,u2660,2020-09-10 11:17:01+00:00,Wildfire,t***e,Check out ReportFires: your AI wildfire detection app by @R***s @r***s https://***ft on @k***r,"['Check out ReportFires: your AI wildfire detection app by @R***s @r***s https://***ft on @k***r', '#WaWildfire #Kalama #CowlitzCounty Very smokey atop Green Mountain. Looking east then south toward #Woodland at 8 am on Sept 8. Stay safe! Thank-you to all #FireFighters. https://***S9', 'The fires across the West Coast are just the latest examples of the very real ways our changing climate is changing our communities. Protecting our planet is on the ballot. Vote like your life depends on it—because it does. https://***Qu', '-']",-,content_A,post
t1516,u2640,2020-12-05 20:00:53+00:00,Wildfire,N***a,Mid/high-based clouds are starting to roll into our area ahead of the front! Here's a quick view from our handy-dandy Geocolor Sat 🛰️imagery. How are things looking on the ground where you are? Check out this shot that @g***n took a few mins ago! #CaWx #BayAreaWx https://***TL https://***P7,"['The vascular neurology fellowship match is officially open. Please consider applying to the center of stroke care in California @U***o fellowship. Team #stroke care. Revolutionary #strokescience. Next generation mentorship. @d***k @u***u @U***y https://***fL', ""@m***e @1***v There's a huge amount of useful information to extract from the P&amp;L, cash flow &amp; balance sheet. But this is only truly valuable in forming a more informed view of the the future numbers - such as operating leverage, contribution margin, capex $/unit capacity, liquidity risks etc"", ""Mid/high-based clouds are starting to roll into our area ahead of the front! Here's a quick view from our handy-dandy Geocolor Sat 🛰️imagery. How are things looking on the ground where you are? Check out this shot that @g***n took a few mins ago! #CaWx #BayAreaWx https://***TL https://***P7"", '-']",-,content_C,post
t1281,u2360,2020-10-17 18:09:51+00:00,Wildfire,P***n,America should borrow at inflation-adjusted negative interest rates and finance a global climate response https://***Q2,"['Fellow Californians, think critically when considering prop 22. Tl;Dr - app based drivers are currently considered full employees, prop 22 would relegate them to independent contractors, REMOVING protections. #VoteNoonProp22 https://***xA', 'OPEN LETTER TO PRESIDENT BUHARI: FIRE THE IG OF POLICE. #EndSARS #EndPoliceBrutality', 'America should borrow at inflation-adjusted negative interest rates and finance a global climate response https://***Q2', '-']",-,content_C,post
t1086,u2683,2020-09-22 14:02:14+00:00,Wildfire,d***x,If we could get a sample of that life form it may help us with climate change on Earth. I wrote an article on LinkedIn about exactly this in April 2019. #medical #research https://***HD,"['Think early retirement and politics have nothing to do with one another? Let’s talk about how many people can still retire in the FIRE movement if the Affordable Care Act goes away.', 'Check us out on Instagram dominictodd450 #420friendly #420smoke #greensmoke #weedexotics #weedflorida #weed #smokeweed #WeedAustin #Australianstoners #weedaustralian #Newyorkweed #seattle420 #Weedmiami #shrooms #Cartsusa #Cartsaustralia #CannabisCommunity https://***E2', 'If we could get a sample of that life form it may help us with climate change on Earth. I wrote an article on LinkedIn about exactly this in April 2019. #medical #research https://***HD', '-']",-,content_C,post
t0136,u1461,2018-10-22 15:09:33+00:00,Wildfire,f***l,"Climate explains recent population divergence, introgression and persistence in tropical mountains: phylogenomic evidence from Atlantic Forest warbling finches Our new pre-print on evolution of montane birds in S/SE Brazil! Photo by Caio Brito https://***T3 https://***eu","['Climate explains recent population divergence, introgression and persistence in tropical mountains: phylogenomic evidence from Atlantic Forest warbling finches Our new pre-print on evolution of montane birds in S/SE Brazil! Photo by Caio Brito https://***T3 https://***eu', ""First meeting of the @N***N Policy Committee is on-going in Room 134, started with introductions and updates, then going through a long agenda on what's happening right now in @I***N, chaired by @s***e, excited! #ICANN63 #policy @N***N https://***iA"", 'Commencing the second of two, two-day full exercises for #CANTF1. Team members from @V***e @V***D @B***S @C***r @C***s across all team disciplines will use a scenario to work on core skills &amp; interoperability. #rescue #USAR https://***T1', '-']",-,content_A,post
t1425,u3031,2020-11-13 19:43:02+00:00,Wildfire,L***y,"By the end of September 2020, #wildfires had burned 4.7 million acres in the United States alone https://***26 https://***9O","['After an incarcerated firefighter was nearly killed on the frontlines, California delivered him to Ice https://***Sz', 'By the end of September 2020, #wildfires had burned 4.7 million acres in the United States alone https://***26 https://***9O', 'It’s the final day of the @C***o #CamFest2020. Drop in for “Climate Change and Finance” with @M***a @K***s @c***o &amp; @S***l https://***rF https://***ZJ', '-']",-,content_B,post
t0807,u0964,2020-09-09 17:58:10+00:00,Wildfire,a***z,"Thick wildfire smoke blocks sun, turns Bay Area sky orange https://***bc via @S***e","['4️⃣ Swing States 5️⃣ Senate Seats 🔥$45 to Fire 45🔥 Match me here: https://***y9 https://***XF', 'Thick wildfire smoke blocks sun, turns Bay Area sky orange https://***bc via @S***e', '@J***c @s***s @S***s @R***h @S***v @s***e Hope you get a tree guy soon! They are amazing to watch, taking trees apart from the top down.', '-']",-,content_B,post
t0076,u2781,2018-09-14 17:48:51+00:00,Wildfire,r***c,-,"['@a***3 @A***e Εν τούτος ο λόγος που τους δίνεται Ελληνοκυπριακή υπηκοότητα 🤔🤔🤔', 'Coast Guard responds to vessel fire on Mississippi River https://***dj', '@s***y Student solo just east of DC. I saw the smoke from the Pentagon on the horizon and thought, ""huh, I remember reading about using smoke to tell which runway to use; looks like 36."" I was new enough to flying that I had no idea that was *not* a usual amount of smoke.', '-']",tweet_C,-,retweet
t0966,u2293,2020-09-15 00:48:00+00:00,Wildfire,c***e,"“As we go out in the future, in a world with this exponentially growing risk … we’re going to see fires far different than we’ve seen before,"" @L***h's Park Williams, one of our Fellows, told the @l***s. https://***0p #CAwx #CAfire","['President Trump says US wildfires are caused by poor forest management. Is he right? https://***Mi', 'No. #wildfires https://***jr', '“As we go out in the future, in a world with this exponentially growing risk ... we’re going to see fires far different than we’ve seen before,"" @L***h\'s Park Williams, one of our Fellows, told the @l***s. https://***0p #CAwx #CAfire', '-']",-,content_C,post
t0260,u2593,2018-11-16 13:51:26+00:00,Wildfire,R***Y,-,"['Happy to hear I’ll be joined by @J***v and @F***k in Northern California tomorrow. Working together to help our fellow Americans in their time of need. 🇺🇸', 'WNYC is a longtime media partner of this immersive musical experience from @G***C. Their Urban Campfire event is this Sunday 11/18, featuring the likes of @A***o, @K***g @D***e &amp; @D***a!', 'Reporter @r***n followed Tamara and Seth Roberts as they went back to their neighborhood in Paradise, CA after it was ravaged by the #CampFire. Within the rubble, they found destruction, but also hope: https://***Zm https://***LJ', '-']",tweet_A,-,retweet
t1471,u0831,2020-11-23 18:43:31+00:00,Wildfire,J***y,The work we began with the Paris Agreement is far from done. I'm returning to government to get America back on track to address the biggest challenge of this generation and those that will follow. The climate crisis demands nothing less than all hands on deck. https://***6d,"['🥰 In a random act of kindness, 25k worth of baseball cards are donated to a girl who lost her collection in a fire. https://***HN #california #baseballcards #randomactsofkindness', 'Fire in SF financial dist at 1:15am #sffires #TheGateway #sf #fire https://***Zg', ""The work we began with the Paris Agreement is far from done. I'm returning to government to get America back on track to address the biggest challenge of this generation and those that will follow. The climate crisis demands nothing less than all hands on deck. https://***6d"", '-']",-,content_C,post
t0754,u0095,2020-09-07 18:02:02+00:00,Wildfire,E***s,"Hurray, it's finally here!🥳Check your local listings to catch episodes live, and you can also find Elinor Wonders Why on https://***zg and on the @p***s video app (for phones, tablets, and platforms like Roku, Apple TV, and Amazon Fire TV!) Let's wonder together! https://***AZ","['The latest The Real Supermum Daily! https://***ww Thanks to @J***d @d***t #healingtheworld #bigcatsofcalifornia', ""Hurray, it's finally here!🥳Check your local listings to catch episodes live, and you can also find Elinor Wonders Why on https://***zg and on the @p***s video app (for phones, tablets, and platforms like Roku, Apple TV, and Amazon Fire TV!) Let's wonder together! https://***AZ"", 'Crazy... #California https://***HO', '-']",-,content_B,post
t1162,u0892,2020-10-02 15:51:43+00:00,Wildfire,F***e,"Wildfires in CA have caused great hardship among farmworkers: dangerous smoke exposure, and loss of jobs &amp; homes, all while dealing with a high incidence of COVID-19. To make matters worse, 56% of them will not get federal aid because they are undocumented https://***uu","['Wildfires in CA have caused great hardship among farmworkers: dangerous smoke exposure, and loss of jobs &amp; homes, all while dealing with a high incidence of COVID-19. To make matters worse, 56% of them will not get federal aid because they are undocumented https://***uu', 'Read the news release here: https://***Rz https://***Yk', 'A little behind, but just came across this! Such a great piece!! The luxury air business is booming — as many Californians struggle to breathe https://***kn', '-']",-,content_A,post
t1543,u3084,2020-12-10 11:57:50+00:00,Wildfire,M***k,"If you are reading this, do sajdah e shukar. There is no greater blessing than being alive. The second wave of COVID-19 is spreading like wildfire. Be considerate with whomever you interact with. No one knows what the other person is going through. Take care ❤️ https://***FS","['Tesla CEO Elon Musk has left California and is now a resident of Texas. https://***n9', 'If you are reading this, do sajdah e shukar. There is no greater blessing than being alive. The second wave of COVID-19 is spreading like wildfire. Be considerate with whomever you interact with. No one knows what the other person is going through. Take care ❤️ https://***FS', 'Battery manufacturers are taking fires caused by thermal runway incidents seriously. We’re making our batteries safer by using supercell technology that prevents fire hazards in an event of a cell failure https://***rf #energystorage #batteries #lithiumion #renewables', '-']",-,content_B,post
t1474,u1389,2020-11-24 18:08:52+00:00,Wildfire,D***r,".@J***n: ""America is back ... We're going to have a principal on the national security council whose full-time job is to fight climate change—for the first time ever that will occur.""","['Incredibly well-sourced and thoughtful piece on California’s enviro justice journey. Important reminder that even the leading models in climate equity can be further refined — and many lessons here for the national picture. From @1***n @y***e https://***gR', ""Congratulations to Jenny Shea, this week's randomly selected #winner of a Yule Log! Thank you to everyone that entered! The next #giveaway will start again on Friday! #campfire #outdoors #family #camping #firepit #fireplace #WINNER #BlackFriday2020 https://***Pk"", '.@J***n: ""America is back ... We\'re going to have a principal on the national security council whose full-time job is to fight climate change—for the first time ever that will occur.""', '-']",-,content_C,post
t1058,u3158,2020-09-19 14:46:39+00:00,Wildfire,V***r,California’s catastrophic wildfires in 3 charts https://***qM,"['Thinking about Pop Smoke today 🕊 https://***3R', 'California’s catastrophic wildfires in 3 charts https://***qM', 'Why #YesOnZ is long overdue by Don Perata, former California Senate President Pro Tem. ""Voting \'yes\' on Measure Z will help preserve the Alameda you want in your lifetime. Not the past."" https://***NB', '-']",-,content_B,post
t1118,u1173,2020-09-28 06:00:26+00:00,Wildfire,a***a,"Chilling photos show the destruction and devastation the #GlassFire has left behind in Napa County. Fire crews are working to contain the wildfire that has already burned more than 2,000 acres and forced hundreds to evacuate. (AP Photos) Latest here: https://***p0 https://***qz","['When it comes to water access in California, the devil is in the details https://***gR via @u***r', 'Chilling photos show the destruction and devastation the #GlassFire has left behind in Napa County. Fire crews are working to contain the wildfire that has already burned more than 2,000 acres and forced hundreds to evacuate. (AP Photos) Latest here: https://***p0 https://***qz', ""@Q***A Oh, my goodness, more measured approach? Does John Butler not know we're facing another catastrophic summer of bushfires due to climate heating? #QandA just discussed bushfire victims who have still not had their communities rebuilt after the devastation"", '-']",-,content_B,post
t1150,u0845,2020-10-01 15:53:09+00:00,Wildfire,B***e,"""Firefighting in the Era of COVID"", the latest episode of @w***v Out West #podcast, illustrates how wildfire suppression operations have changed in light of the ever-evolving threat of #COVID19 --&gt; https://***DN #FireYear2020 https://***0N","['Smoke ‘em if you got ‘em. https://***vk https://***K8', '""Firefighting in the Era of COVID"", the latest episode of @w***v Out West #podcast, illustrates how wildfire suppression operations have changed in light of the ever-evolving threat of #COVID19 --&gt; https://***DN #FireYear2020 https://***0N', 'Places that were considered boring before the pandemic are suddenly in high demand, with the biggest increases in places like California’s Inland Empire https://***5r via @m***s @r***e', '-']",-,content_B,post
t0889,u0138,2020-09-12 07:09:11+00:00,Wildfire,S***h,Are you striking in your local area? Organising a digital action? We can't wait for Sept 25th!! 💚🙌 #YouthStrike4Climate #ClimateStrike #FridaysForFuture https://***t6,"['Dopo mesi, mi ritrovo (finalmente) a parlare della sfida legata alla #mitigazione del #climatechange: insieme a rappresentanti delle amministrazioni locali e regionali e filosofi. Via al #dibattito! @E***g @C***e @I***H @u***l https://***1f', 'Want to thank all firefighters especially in California right now. That is one tough &amp; dangerous job. @s***y @ California https://***kn', ""Are you striking in your local area? Organising a digital action? We can't wait for Sept 25th!! 💚🙌 #YouthStrike4Climate #ClimateStrike #FridaysForFuture https://***t6"", '-']",-,content_C,post
t0916,u1958,2020-09-13 14:45:35+00:00,Wildfire,J***z,-,"[""There's a distinct and universal haze in the sky over Flagstaff tonight likely due to the fires in Southern AZ, and the larger files in California hundreds of miles away."", 'North Olmsted 911 system is presently experiencing problems and 911 calls are being answered by Westlake PD. If you need North Olmsted Police EMERGENCY please call 440-777-1234 and for Fire or EMS EMERGENCY please call 440-777-1212. We will update when issue is resolved.', 'new: russia state media, RT, was one of the first ""outlets"" to try to link antifa to wildfires in oregon, helping fuel the baseless theory that antifa starting forest fires https://***C2', '-']",tweet_B,-,retweet
t0791,u2198,2020-09-09 15:01:33+00:00,Wildfire,t***s,"Not sure Desert Tan or Dijon should be a sky color. #cafires #fire #benjaminmoore 😔 @ Menlo Park, California https://***05","['Scenes from around San Francisco where dark orange skies are still blanketing the city and region. This apocalyptic hue is due to a combination of smoke from various wildfires sitting above the marine fog layer. More here on @s***e https://***Ls https://***0y', 'Six Rivers National Forest fire from 31000 feet. I have never seen anything like it. https://***Ij', 'Not sure Desert Tan or Dijon should be a sky color. #cafires #fire #benjaminmoore 😔 @ Menlo Park, California https://***05', '-']",-,content_C,post
t0804,u3207,2020-09-09 17:22:53+00:00,Wildfire,U***b,-,"['California is in Hell. https://***Zt', '@a***s @d***0 Sturtevant in upper left, not in fire area yet https://***fs', 'Thank you @v***g 💜💜💜 Such an honor to be part of your magazine. Click on the link above. @ West Hollywood, California https://***eP', '-']",tweet_A,-,retweet
t1436,u1211,2020-11-16 21:47:59+00:00,Wildfire,J***v,"While Trump trashes the election and our planet, local governments take strong climate action. They are @J***n's true partners and will help overcome the Washington inertia. Check out this piece from @a***s: https://***Wu","['So much heartbreak &amp; beauty in this piece. Hoping the work we are doing with endangered white abalone will continue to help shift the narrative of California abalone from one of loss to one of hope &amp; resilience. https://***LF', 'fire trucks - so socialist we paint them red. https://***HU', ""While Trump trashes the election and our planet, local governments take strong climate action. They are @J***n's true partners and will help overcome the Washington inertia. Check out this piece from @a***s: https://***Wu"", '-']",-,content_C,post
t0236,u1439,2018-11-13 13:57:13+00:00,Wildfire,s***n,-,"['Livrés à eux-mêmes, des dizaines de sinistrés du feu #CampFire vivent désormais sous des tentes, sur un parking de supermarché de #Chico parfois avec des enfants en bas âge https://***Ge', ""California's Rohrabacher not conceding despite media's call of Democrat victory https://***7f"", 'Pennsylvania Is Gonna Get Some Fire 🔥🔥🔥💨 https://***xn', '-']",tweet_C,-,retweet
t1292,u2512,2020-10-19 16:44:35+00:00,Wildfire,M***n,"Good read in @q***a on rising Rift Valley lakes. Have been much higher before, but owing to natural cycles. Now rises are due to heavier rainfall - climate change? - and deforesting catchments for farms, increasing rain run-off and lakebed silting https://***pB","['Nothing like starting a day with Ube pancakes! I finally perfected this after 10 tries #veganrecipes #filipinofood #healthyfood @ Redondo Beach, California https://***GI', 'Just posted a photo @ Los Angeles, California https://***74', 'Good read in @q***a on rising Rift Valley lakes. Have been much higher before, but owing to natural cycles. Now rises are due to heavier rainfall - climate change? - and deforesting catchments for farms, increasing rain run-off and lakebed silting https://***pB', '-']",-,content_C,post
t1366,u3208,2020-10-31 11:48:40+00:00,Wildfire,t***t,"In our 🎃Halloween🎃special Marianela &amp; Ruth get round a virtual campfire and tell Tales of the Internet. Things we fell for, and things it revealed to us: strange animal stories, haunted emails, blessed tumblr posts, and the truth behind ugly fruit. 🎧 https://***OP","['Mr and Mrs. Fogelnest were married today at a private COVID-19 safe ceremony in beautiful Encino, California. We have been planning this for almost a year. No, we’re not pregnant, jerk! Yes, she’s Jewish. I am the luckiest man in the world. I love you, Deb. ❤️ https://***h9', 'In our 🎃Halloween🎃special Marianela &amp; Ruth get round a virtual campfire and tell Tales of the Internet. Things we fell for, and things it revealed to us: strange animal stories, haunted emails, blessed tumblr posts, and the truth behind ugly fruit. 🎧 https://***OP', 'When most of the vegetation is removed by fire, rainfall can cause landslides, debris flows and flash floods. Read our blog to find out what to do about post wildfire hazards https://***3W #wildfires #environmentalmonitoring Photo credit: USDA Forest Service', '-']",-,content_B,post
t0035,u2016,2018-08-14 14:01:50+00:00,Wildfire,B***A,Media is gathering at Draper City Hall where we're expecting more information about the Draper Firefighter who lost his life battling the #MendocinoComplexFire. We will livestream on the @a***h FB page. @k***n will tweet out the link. https://***mo,"[""Today is the International Youth Day. Theme: Safe Spaces for Youth. We're in this together. Let's keep the fire 🔥 of advocacy burning. https://***H6"", 'RACE AGAINST TIME: Bodycam footage shows police racing to evacuate 60 cats and dogs from SPCA building as California wildfire nears. All animals were safely placed in foster homes. https://***tH https://***05', ""Media is gathering at Draper City Hall where we're expecting more information about the Draper Firefighter who lost his life battling the #MendocinoComplexFire. We will livestream on the @a***h FB page. @k***n will tweet out the link. https://***mo"", '-']",-,content_C,post
t0202,u0127,2018-11-11 03:09:48+00:00,Wildfire,b***9,-,"['The smoke from the Butte Fire 180 miles north of San Francisco is blanketing the Bay Area. Look at the comparison to my normal view. The air is stifling but at least I have my home. God... https://***ba', 'A big thank you to firefighters from across the country who are helping California’s firefighters battle these blazes. We appreciate your work and could not be more grateful. #CaliforniaWildfires', '@C***r Would appreciate if you have any information about 6208 Tapia Dr? We believe the house across the street has not survived.', '-']",tweet_C,-,retweet
t1191,u2746,2020-10-06 00:43:05+00:00,Wildfire,U***e,It is National Fire Prevention Week. Make some time to visit https://***Sh to take Utah’s Wildfire Prevention Pledge &amp; learn more about ways you can prevent accidentally sparking a wildfire. https://***a3,"['It is National Fire Prevention Week. Make some time to visit https://***Sh to take Utah’s Wildfire Prevention Pledge &amp; learn more about ways you can prevent accidentally sparking a wildfire. https://***a3', '#Holesh Dance Challenge 🕺🏻💃🏻 @t***y چالش رقصِ هُلش، شماهم برقصيد... اشتراك ميزاريم @ Los Angeles, California https://***iJ', '@a***e Cabinet is a hopeful word for that clown show, macalin dugsi fired anyone with damiir or potential ally. Kheyre got served karma faster than any Somali politician!!', '-']",-,content_A,post
t1102,u2806,2020-09-24 21:09:53+00:00,Wildfire,r***r,"According to fire experts, the hot and dry conditions expected into early next week increase the risk of a larger fire for Southern California. Shoutout to our firefighters and first responders working hard to keep us all safe! #NorthCounty #Oceanside https://***8M","['According to fire experts, the hot and dry conditions expected into early next week increase the risk of a larger fire for Southern California. Shoutout to our firefighters and first responders working hard to keep us all safe! #NorthCounty #Oceanside https://***8M', '@b***s Not on a permanent basis, no. However, this season, there have been some smoke jumpers from Idaho here on a temporary pre-position assignment.', '@J***u @C***d Cheers @J***u! @C***d The smoke cleared just in time for #LapsForLew. https://***iA', '-']",-,content_A,post
t1532,u0739,2020-12-08 17:30:00+00:00,Wildfire,N***A,"VIDEO: Scientists say Arctic warming is causing rapid changes throughout the region -- including extreme wildfires, thawing permafrost &amp; melting sea ice. Check out NOAA’s 2020 #ArcticReportCard issued today: https://***TW @N***h @N***e https://***xA","[""I am so excited to see what @R***y will do at CDC. She is a wonderful person with real moral fiber and the fire and persuasive ability to create change. I can't think of anyone better to turn things around in the national #COVID19 response. Congratulations!"", 'VIDEO: Scientists say Arctic warming is causing rapid changes throughout the region -- including extreme wildfires, thawing permafrost &amp; melting sea ice. Check out NOAA’s 2020 #ArcticReportCard issued today: https://***TW @N***h @N***e https://***xA', '#Cancer #cancerresearch #cancerawarenessday #Health #firefighters #EMS #FIRE #FIRSTRESPONDERS https://***LP', '-']",-,content_B,post
t0930,u2969,2020-09-14 13:58:41+00:00,Wildfire,c***g,"Want to launch a new product or service? Here's some practical advice inspired by Jim Collin's ""Fire Bullets, Then Cannonballs"". https://***YS #strategy #Launches","['Just posted a photo @ West Hollywood, California https://***7u', 'Weather cooling down now in the Gatineau Hills. My wife captures me in the classic ""must be a fire in here somewhere"" pose. For the record, I was blowing on it. Successfully. https://***1X', 'Want to launch a new product or service? Here\'s some practical advice inspired by Jim Collin\'s ""Fire Bullets, Then Cannonballs"". https://***YS #strategy #Launches', '-']",-,content_C,post
t0277,u2999,2018-11-17 22:24:38+00:00,Wildfire,A***P,"You still have time to fill out an application for the 2019 APYLP Conference! Due to the statewide impacts of the state wildfires we have extended the current application deadline to Tuesday, November 27, 2018. For more information Go to https://***Gs","['Outstanding use of TensorFlow! The Mercury News: Getting Google’s attention: Silicon Valley teens create smart wildfire sensor. https://***rI via @G***s', 'This morning, Northern California has the worst air quality in the entire world. https://***fQ', 'You still have time to fill out an application for the 2019 APYLP Conference! Due to the statewide impacts of the state wildfires we have extended the current application deadline to Tuesday, November 27, 2018. For more information Go to https://***Gs', '-']",-,content_C,post
t0796,u2618,2020-09-09 16:10:40+00:00,Wildfire,b***y,"#Bobcat fire, here's a link to SCE https://***dh on the best oriented camera (Axis-Hardvard2) or (Axis-Arcadia1) INSTR: Right-side, click arrow, click icon to view. Colocated cam is reverse view. https://***Am #CaliforniaFires #CaliforniaWildFires #CAFires","['You guys are on fire 🔥 https://***Bu', 'Generally suspicious of daily weather forecasts during California heat waves - they seem to consistently underpredict max temp where I live - but this one just seems obviously inconsistent, because max of hourly forecast temps is not equal to max daily forecast temp? https://***dX', ""#Bobcat fire, here's a link to SCE https://***dh on the best oriented camera (Axis-Hardvard2) or (Axis-Arcadia1) INSTR: Right-side, click arrow, click icon to view. Colocated cam is reverse view. https://***Am #CaliforniaFires #CaliforniaWildFires #CAFires"", '-']",-,content_C,post
t1054,u1531,2020-09-18 19:32:17+00:00,Wildfire,d***d,-,"['@D***b @n***s @S***a worth noting that in our efforts to remove content attributing the wildfires to certain groups that we removed many instances on our platforms of people sharing images of that Scarsdale Antifa tweet', ""Proud to be listed among so many other folks doing great work! Meet Colorado's 2020 Inno on Fire https://***YQ via @C***o"", 'Smoke from the West Coast fires extends 4,600 miles from Canada almost all the way to HAWAII https://***4t', '-']",tweet_B,-,retweet
t0059,u2583,2018-08-24 17:44:24+00:00,Wildfire,S***m,"Announcing new paper Superintelligence Skepticism As A Political Tool In journal Information. It analyzes the prospect of skepticism about advanced future AI being politicized, just as skepticism has been politicized for other issues like climate change https://***G1 https://***UQ","['Road Trip Highlights: San Fran to LA on the PCH https://***Cs #sanfrancisco #LA #PCH #route1 #bigsur #california', 'Announcing new paper Superintelligence Skepticism As A Political Tool In journal Information. It analyzes the prospect of skepticism about advanced future AI being politicized, just as skepticism has been politicized for other issues like climate change https://***G1 https://***UQ', 'I liked a @Y***e video https://***OW GARDEN SECRETS TO GET 500% MORE FLOWERS | 10 Surefire Ways to Boost Blooms', '-']",-,content_B,post
t1105,u3170,2020-09-25 15:01:37+00:00,Wildfire,e***n,-,"[""@G***m #Newsom conflates facts, does not understand the law of unintended consequences and ignores the 'real' cost of electric power generation. New technologies are resolving our climate issues. Newsom's targets are populist and ill advised @C***r @G***e @C***m #CA 🇺🇸"", 'All the Republicans have to do to win please take videos around the state of Oregon and other states that are democratically health and show the homeless the fire devastation in these videos for the homeless these people need help now let’s take back our state', 'Hub webinar: Options for bushfire risk mitigation in the future starts in half an hour, 2.30pm AEST. @S***l @t***n @O***e @U***S @w***e @u***b https://***BA', '-']",tweet_B,-,retweet
t0007,u3209,2018-07-29 02:04:45+00:00,Wildfire,C***a,Hard to hear on the news about the damage inflicted by the multiple wildfires in my beautiful home state https://***k0,"['Hard to hear on the news about the damage inflicted by the multiple wildfires in my beautiful home state https://***k0', '@A***k RT Need a good weekend read? #DragonFire #kindledeals #Kindle #ebook is #FREE Thurs &amp; Friday! https://***b... #fantasybooks #fantasy #novels https://***ro', 'I love this story. My childhood books burned in a fire when I was 18 and in adulthood I started re-assembling my library of favorites. Themes: ballet, summer camp, boarding school, female writers. https://***qn', '-']",tweet_A,content_A,quote
t0949,u2944,2020-09-14 18:56:36+00:00,Wildfire,P***5,-,"['I bet the gender reveal party fire baby comes out as non-binary.', 'In #BerryCreek, California, people had to leave so quickly when the #NorthComplexFire came that they left behind beach toys and lounge chairs. This picture taken yesterday shows how fast wildfires can spread. #CaliforniaFires #ButteCounty https://***eN', 'Whether you die at the hands of violent paramilitary cops, in the wildfires, of Covid or just from a little good old fashioned night of too much gin and speed, remember: nobody cares and very soon no one will remember you were ever even alive. Eat Arby’s', '-']",tweet_C,-,retweet
t1236,u2300,2020-10-12 17:25:16+00:00,Wildfire,l***n,"Small businesses carry the fire of the American dream. I think about the quiet suffering of millions due to the shuttering of those businesses. The way out is not political games. The way out is competence, innovation, compassion, and bold fearless leadership.","[""California's hardest-to-count census tract confronts politics, pandemic and fear https://***YQ"", 'Small businesses carry the fire of the American dream. I think about the quiet suffering of millions due to the shuttering of those businesses. The way out is not political games. The way out is competence, innovation, compassion, and bold fearless leadership.', 'The clock ⏰ is ticking on this one! ""Right of Entry"" forms are due by October 15th. @L***v @l***g @L***D @O***M @O***n @K***9 @K***s #HolidayFarmFire #McKenzieRiverFire #McKenzieStrong! https://***BC', '-']",-,content_B,post
t0991,u1725,2020-09-16 13:04:32+00:00,Wildfire,A***s,"With continuing deforestation and wildfires becoming more likely, there is concern that already depleted Amazon soils may become less fertile, reducing the size of the Amazon’s carbon sink. @U***S By @d***4 https://***Ye","[""Join us in California! We're recruiting... https://***5u"", 'With continuing deforestation and wildfires becoming more likely, there is concern that already depleted Amazon soils may become less fertile, reducing the size of the Amazon’s carbon sink. @U***S By @d***4 https://***Ye', '@t***o Late to the game, but School on Wheels takes donations. They work with students in LA and throughout Southern California facing homelessness. Happy to connect you with the coordinators there. https://***DL', '-']",-,content_B,post
t0971,u1755,2020-09-15 04:31:29+00:00,Wildfire,S***n,-,"['Just posted a photo @ Los Angeles, California https://***3J', ""Asthma and pollution specialist Mary Prunicki of the Sean N. Parker Center for Allergy and Asthma Research discusses exposure to unhealthy air due to wildfire smoke and what's known about how it affects the human body and mind. https://***Ea"", '#ValleyFire [update] The fire remains 17,665 acres and is now 87% contained. https://***uk', '-']",tweet_A,-,retweet
t0799,u1991,2020-09-09 16:43:31+00:00,Wildfire,E***o,Stay safe out there! #wildfires #California #CaliforniaHeatWave #CaliforniaFires https://***In,"['👀did him in 🙌🏾 don’t want no smoke with lil man on da court', 'Stay safe out there! #wildfires #California #CaliforniaHeatWave #CaliforniaFires https://***In', ""SATELLITE SPOTLIGHT: It's not just California that is battling #wildfires, Oregon is ablaze too—seen here yesterday evening from @N***A's #GOES17🛰️. According to @O***M, there are at least 35 active fires, including the #BeachieCreekFire, #LionsheadFire, &amp; #AlamedaFire. #ORwx https://***5P"", '-']",-,content_B,post
t0268,u3032,2018-11-16 20:34:32+00:00,Wildfire,T***_,"@n***h The CA fires have nothing at all to do with any global warming or climate change or global cooling or anything like that. It is the far left politicians of CA in bed with the far out, far left, so called environmentalists, that refuse to let normal forest management occur.","['Topical Q from earlier this week: In a forest fire, do the burning embers get sucked up into the sofit vents, and into the attic? CR4 argues over how wildfires spread. Read and join in here: https://***7C', '@n***h The CA fires have nothing at all to do with any global warming or climate change or global cooling or anything like that. It is the far left politicians of CA in bed with the far out, far left, so called environmentalists, that refuse to let normal forest management occur.', ""ITS GONNA BE A NIGHT TO REMEMBER WITH ABUJA HIKERS @j***b Abuja... ° It's the Abuja Hikers Bonfire Night with legends promoting tourism, patriotism, unveiling breathtaking sights,... https://***2n"", '-']",tweet_C,content_B,reply
t1039,u0553,2020-09-17 23:07:59+00:00,Wildfire,R***s,The #smoke from U.S. #wildfire has reached record heights and travelled as far as Europe. Here's how it spread and punched into the stratosphere. https://***WJ,"[""D'oh! Last Guy Left In California Gets Stuck Paying The $140 Billion Tax Bill https://***ho"", ""The #smoke from U.S. #wildfire has reached record heights and travelled as far as Europe. Here's how it spread and punched into the stratosphere. https://***WJ"", 'Thinking about Pop Smoke today 🕊 https://***3R', '-']",-,content_B,post
t1414,u2342,2020-11-11 20:31:21+00:00,Wildfire,S***s,👩‍🎓 Postdoctoral researcher: Climate Change and Governance in Indonesia and the Caribbean 🗺 @N***W 🔍 Cross-disciplinary work on adaptation of social-ecological systems to human-induced climate change 📆 FT 2yr post ⏰ Apply by 4 Dec 🔗https://***VB,"[""And in my backyard. Don't for a second think racism isn't still alive and well, everywhere, even in California. https://***B1"", 'MSI Confirms Fire at PCB Factory in Bao’an, China https://***JZ https://***RX', '👩🎓 Postdoctoral researcher: Climate Change and Governance in Indonesia and the Caribbean 🗺 @N***W 🔍 Cross-disciplinary work on adaptation of social-ecological systems to human-induced climate change 📆 FT 2yr post ⏰ Apply by 4 Dec 🔗https://***VB', '-']",-,content_C,post
t0836,u2085,2020-09-10 10:53:12+00:00,Wildfire,g***z,9/10 1:52pm local - Lebanon Military warning people to stay away from the huge fire at the entrance of the port..... https://***RU,"['9/10 1:52pm local - Lebanon Military warning people to stay away from the huge fire at the entrance of the port..... https://***RU', 'We are now getting reports that parts of #Paradise -- which burned to the ground less than two years ago in the catastrophic Camp Fire -- are getting evac warnings from #BearFire. https://***gM', 'Purchase either of two prints (or, if you\'re like us and can\'t decide which you like best, be ""shell-fish"" and get one of each!) to help support the @W***e program and bring us ever closer to the restoration of this California coastal treasure. 2/4', '-']",-,content_A,post
t1203,u2746,2020-10-07 14:56:54+00:00,Wildfire,U***e,-,"['It takes a village. Shop Black Lives Matter inspired threads created by four Black designers based in California. All proceeds to the artists and a charity of their choosing. https://***tt https://***WZ', 'Introducing Dr @R***D (she/hers) a speaker at our upcoming webinar: Dismantle. Defund. Decolonise. Rhea is a pediatrician who works in California. As a physician, she actively supports &amp; speaks out against racial inequities experienced by the Black community in the US. https://***PT', '@M***d @M***n @m***0 @D***s Thank you for sharing your expertise with the #lean community! We are, of course, really looking forward to this keynote session.', '-']",tweet_B,-,retweet
t0896,u2502,2020-09-12 15:31:08+00:00,Wildfire,AP,"Wildfires are raging in California and Oregon. The Atlantic has seen a record number of tropical storms and Phoenix keeps breaking heat records. But scientists say it will get worse. In 20 years, they say we'll look back and think 2020 wasn't so bad. https://***Zd","['@m***n @F***n We lives in such polarized times that sometimes speaking the truth can be seen as political. But that doesn’t mean the truth isn’t worth standing up for and fighting for. In the early days of HIV, doctors were seen as political because they publicly urged government action. (1/x)', '#NeverForget911 #NewYork #CaliforniaWildfires #wildfires #COVID19 #RefugeesWelcome #Lebanon #beirut #COVID19 #ClimateChange #ClimateCrisis #ClimateAction #aiforgood #sdg1 #sdg13 #sdg17 #artificialintelligence #humanitarian #HumanitarianCrisis #data', ""Wildfires are raging in California and Oregon. The Atlantic has seen a record number of tropical storms and Phoenix keeps breaking heat records. But scientists say it will get worse. In 20 years, they say we'll look back and think 2020 wasn't so bad. https://***Zd"", '-']",-,content_C,post
t1111,u2547,2020-09-26 20:02:00+00:00,Wildfire,P***s,University of Alaska is Seeking Geophysical Institute - Climate Variability Post Doc Apply Now&gt;&gt; https://***tT #postdoc #postdoctoral #phd #phds #phdjobs #sciencejobs #naturejobs #medicaljobs #alaskajobs https://***Wa,"[""Just got my @m***g micro brawler in and you know it isn't complete without a campfire and @W***T . Diorama to be completed soon, and yes Tent will be painted the proper color https://***1q"", ""@A***1 Donnie has already been on, doubt he'd be on twice."", 'University of Alaska is Seeking Geophysical Institute - Climate Variability Post Doc Apply Now&gt;&gt; https://***tT #postdoc #postdoctoral #phd #phds #phdjobs #sciencejobs #naturejobs #medicaljobs #alaskajobs https://***Wa', '-']",-,content_C,post
t1541,u2580,2020-12-09 21:15:05+00:00,Wildfire,A***s,Listen to Dr. Matthew Ayre discuss mapping climate change using 200 year old ships logbooks on the Society for Nautical Research’s Mariner’s Mirror podcast @D***s and @N***y https://***wb,"['Lt. John Finn (CPO). For extraordinary heroism. Promptly manned a .50-caliber machinegun under heavy enemy machinegun strafing fire. Although painfully wounded many times, he continued to man this gun and to return the enemy’s fire vigorously and with telling effect. https://***2d', 'In California, 1 million people lack access to clean water https://***EZ via @h***s', 'Listen to Dr. Matthew Ayre discuss mapping climate change using 200 year old ships logbooks on the Society for Nautical Research’s Mariner’s Mirror podcast @D***s and @N***y https://***wb', '-']",-,content_C,post
t1434,u3264,2020-11-16 20:48:19+00:00,Wildfire,s***e,"@d***e Given how 2020 has gone so far, the answer is ""no, for reasons that have nothing to do with COVID, but some other disaster that will manifest in the remaining 1.5 months"". Record wildfires all year (something Australia and us in CA have in common)? Travel ban? Drop bears?","['@d***e Given how 2020 has gone so far, the answer is ""no, for reasons that have nothing to do with COVID, but some other disaster that will manifest in the remaining 1.5 months"". Record wildfires all year (something Australia and us in CA have in common)? Travel ban? Drop bears?', 'Today (Sat), @p***a (Project Oasis) will be presenting their project, providing insights to help sustainability execs reduce carbon emissions, at our Day of Talks Learn more/signup to attend: https://***vY #ClimateExec #CarbonEmissions', ""BREAKING: Republican Young Kim wins election to U.S. House in California's 39th Congressional District, beating incumbent Rep. Gil Cisneros. #APracecall at 5:36 p.m. PST. #Election2020 #CAelection https://***T4"", '-']",tweet_C,content_A,reply
t0901,u0524,2020-09-12 17:37:05+00:00,Wildfire,J***e,Yesterday. All up I-5 in CA and OR looked apocalyptic. #OregonWildfires2020 #CaliforniaWildfires https://***HL,"['Yesterday. All up I-5 in CA and OR looked apocalyptic. #OregonWildfires2020 #CaliforniaWildfires https://***HL', 'And now the air quality in #SanFrancisco is terrible... #sanfranciscosmoke https://***co', 'People in Silicon Valley: 🔥The world is on fire because of climate change!!!🔥 Also people in Silicon Valley: Climate change is not an immediate threat, please use our platform to convince everybody that burning coal is good https://***fV', '-']",-,content_A,post
t0243,u2673,2018-11-14 19:14:40+00:00,Wildfire,c***z,How do people normally spend smoke days? I feel like it should be comparable to WI snow days so I'm teaching my Cali-native roommate @K***n by example about the importance of working by the Netflix fire with hot cocoa and blankets,"['CAL-FIRE Firefighter from the Paradise, CA wildfire finds missing dog, helps reunite with family. https://***5i', ""How do people normally spend smoke days? I feel like it should be comparable to WI snow days so I'm teaching my Cali-native roommate @K***n by example about the importance of working by the Netflix fire with hot cocoa and blankets"", 'This handsome man was my grandpa who we affectionately called Poppy. He’s why my daughters called Sophie Poppy &amp; in California the state flower is a Poppy! Poppies also represent armistice &amp; remembrance of all those who sacrificed in war in the UK too. ❤️❤️❤️#VeteransDay https://***Xl', '-']",-,content_B,post
t1321,u2746,2020-10-23 21:09:00+00:00,Wildfire,U***e,"Weather is cooler but it is still dry. Most of Utah has fire restrictions in effect. Check restrictions at https://***U. Use a campfire alternative, fueled by petroleum or liquid propane gas with a shut-off valve, in areas clear of vegetation. https://***wb","['Weather is cooler but it is still dry. Most of Utah has fire restrictions in effect. Check restrictions at https://***U. Use a campfire alternative, fueled by petroleum or liquid propane gas with a shut-off valve, in areas clear of vegetation. https://***wb', 'If you\'re going to tell our story, please tell the truth. There was NO ""clash between Protesters and Law enforcement"". Peaceful protesters were there singing the National anthem, and military men opened fire on them, killing and injuring many. #EndSARS #CrimesAgainstHumanity https://***IX', '🚨🚨#GOESWest satellite picking up the #PopeFire 🔥near Angwin in Napa County. #cawx #cafire https://***Xq', '-']",-,content_A,post
t0788,u1555,2020-09-09 12:58:18+00:00,Wildfire,N***A,"SATELLITE SPOTLIGHT: It's not just California that is battling #wildfires, Oregon is ablaze too—seen here yesterday evening from @N***A's #GOES17🛰️. According to @O***M, there are at least 35 active fires, including the #BeachieCreekFire, #LionsheadFire, &amp; #AlamedaFire. #ORwx https://***5P","[""‘’The Fire Box’’ ke sath Beatboxing ka scene hoga Lit. Start karo apni Beatboxing journey inke saath, this week on #MTVHustleBeatbox, everyday at 7 PM LIVE only on @M***a's Facebook, Twitter &amp; YouTube. #TheMusicInYou In an association with Beatbox India - BBXINDIA https://***8o"", '3 doesn’t make a lot of sense since there’s so much smoke in the air. 🤔🤷🏻♀️', ""SATELLITE SPOTLIGHT: It's not just California that is battling #wildfires, Oregon is ablaze too—seen here yesterday evening from @N***A's #GOES17🛰️. According to @O***M, there are at least 35 active fires, including the #BeachieCreekFire, #LionsheadFire, &amp; #AlamedaFire. #ORwx https://***5P"", '-']",-,content_C,post
t0965,u0400,2020-09-15 00:26:23+00:00,Wildfire,m***n,"#BobcatFire Fire getting very, very close to Mt. Wilson and Mt. Harvard. Image source: https://***FK https://***lI","['Want to launch a new product or service? Here\'s some practical advice inspired by Jim Collin\'s ""Fire Bullets, Then Cannonballs"". https://***YS #strategy #Launches', "".@D***f has a special message for Equality California members on the day of our first-ever Golden State #EqualityAwards! 📲 If you're ready to elect @j***n &amp; @k***s, text LGBTQ to 30330. 🎟 Grab your tickets to tonight's celebration: https://***1s https://***fj"", '#BobcatFire Fire getting very, very close to Mt. Wilson and Mt. Harvard. Image source: https://***FK https://***lI', '-']",-,content_C,post
t1464,u0831,2020-11-23 17:25:46+00:00,Wildfire,J***y,"America will soon have a government that treats the climate crisis as the urgent national security threat it is. I'm proud to partner with the President-elect, our allies, and the young leaders of the climate movement to take on this crisis as the President's Climate Envoy.","['A rocket is going to space from California tomorrow! https://***tq', 'Ibn Mas’ud reported: The Messenger of Allah (صلى الله عليه وسلم) said: “Shall I not tell you for whom the Hellfire is forbidden? It is every person accessible, kind, and easy-going.” [Recorded in Sunan Tirmidhi | No. 2488]', ""America will soon have a government that treats the climate crisis as the urgent national security threat it is. I'm proud to partner with the President-elect, our allies, and the young leaders of the climate movement to take on this crisis as the President's Climate Envoy."", '-']",-,content_C,post
t1009,u1454,2020-09-16 14:48:00+00:00,Wildfire,T***y,"A7. The use of #BigData, #IoT and #AI technologies are critical to securing #infrastructure and improving planning for #naturaldisasters. #wildfire #flood #Hurricane #MMCChat https://***Sm","['@_***g That is tricky question. It all depends on the location. Each land management agency has different but similar rules and regulations. If a person is seen shooting and it starts a wildfire, call 911.', 'A7. The use of #BigData, #IoT and #AI technologies are critical to securing #infrastructure and improving planning for #naturaldisasters. #wildfire #flood #Hurricane #MMCChat https://***Sm', 'A1.1. #urbanexpansion in wildlands causing more human caused ignition #extendedwildfireseasons due to #climatechange https://***3t #MMCChat', '-']",-,content_B,post
t1560,u2434,2020-12-14 23:46:28+00:00,Wildfire,C***A,"Check out @W***t, TNC California's Climate Fellow, feature in @V***E. https://***Wr","['@D***t @D***s @A***a @d***e @y***y @m***m 🤣🤣', ""Bet you didn't think it snowed in California ! 😉 How are you finding little ways to make the holiday season fun ? ❄️ https://***Ed"", ""Check out @W***t, TNC California's Climate Fellow, feature in @V***E. https://***Wr"", '-']",-,content_C,post
t1277,u0360,2020-10-16 22:28:43+00:00,Wildfire,E***w,"Wondering what the deal is with #climatechange, #wildfires and the role of the power grid in the West. I was a guest on #TheEssentialPodcast with Nathan Hunt recently where I discussed this topic. @S***l https://***cS","['Wondering what the deal is with #climatechange, #wildfires and the role of the power grid in the West. I was a guest on #TheEssentialPodcast with Nathan Hunt recently where I discussed this topic. @S***l https://***cS', '@H***a @i***y @b***h We are awake, things will get better by fire by force', 'The PM lost the moral authority to impose lockdown when he failed to fire Cummings. That decision is one of the great-post war errors by a sitting Prime Minister: people will die who would have lived.', '-']",-,content_A,post
t1017,u1348,2020-09-16 17:01:44+00:00,Wildfire,T***T,"Twenty years ago, I gave a medical school interview. I wore my best suit. I sat up straight. I said I believed in medicine. I meant it. Some part of me once burned brightly, but that fire is down to flickering embers. Our lives mean more than this. More than this.","['🎥: @t***r @ Oceanside, California https://***SE', '#bobcatfire ... Unfortunately the fire continued to burn down and reach the bottom of Big Santa Anita Canyon last night https://***t3', 'Twenty years ago, I gave a medical school interview. I wore my best suit. I sat up straight. I said I believed in medicine. I meant it. Some part of me once burned brightly, but that fire is down to flickering embers. Our lives mean more than this. More than this.', '-']",tweet_A,content_C,reply
t1467,u1338,2020-11-23 17:34:28+00:00,Wildfire,k***3,-,"['@N***E Such a great message. I feel the same!', ""All #California and #LosAngeles reports and efforts to protect workers during the #pandemic expressly name household #domesticwork but still fall short of including those workers in protections. Important steps are being made - yes - but it's not good enough."", 'Incredibly well-sourced and thoughtful piece on California’s enviro justice journey. Important reminder that even the leading models in climate equity can be further refined — and many lessons here for the national picture. From @1***n @y***e https://***gR', '-']",tweet_B,-,retweet
t0993,u1828,2020-09-16 14:05:06+00:00,Wildfire,M***n,Q1: In recent years we have seen a significant increase in #wildfire outbreaks around the world. What is driving this increase? #MMCChat #naturaldisaster https://***nI,"['A majestic bird in a tree filled with trash, in a creek filled with sewage, in sunlight filtered through wildfire smoke. https://***D7', 'Q1: In recent years we have seen a significant increase in #wildfire outbreaks around the world. What is driving this increase? #MMCChat #naturaldisaster https://***nI', 'Portland: fire to Portland Rescue Mission NE 83/Halsey, caller reports some transients poured some sort of white powder on the ground and when the caller poured water on it to wash it away, it turned into a 6 foot x 6 foot blob, unsure what the substance was', '-']",-,content_B,post
t0234,u1735,2018-11-13 05:10:09+00:00,Wildfire,J***x,-,"['Michelle and I are heartbroken for everybody who’s lost so much in California, and grateful for the heroism of the firefighters who’ve been risking their lives around the clock to save others. Please do what you can to help our fellow Americans in need: https://***wk', 'How do you start the day? @o***i #bonfire#camping#woodsman#breakfast#bannock#coffeetime #forest #IPAs #Pilsners #Stouts #Porters #Lagers #DIPA https://***Dl', 'Pierre Bourdieu. First Erving Goffman Prize Lecture. University of California, Berkeley, 1996 https://***Rz #video https://***SY', '-']",tweet_C,-,retweet
t1158,u2861,2020-10-02 06:33:07+00:00,Wildfire,S***s,Current feelings about 2020 + the pandemic + CA wildfires + the upcoming election: https://***9X,"['Current feelings about 2020 + the pandemic + CA wildfires + the upcoming election: https://***9X', 'League of Legends x Air Jordan 1 Zoom Comfort Color: Iron Grey/Light Smoke Grey-Racer Blue-White Style Code: DD1453-001 Release Date: October 2020 https://***lF https://***2o', '@W***e Thank you, Martin. Safe and holding steady here. The firefighters have begun to contain the fire a little.', '-']",-,content_A,post
t0925,u2591,2020-09-14 04:58:19+00:00,Wildfire,S***d,Asthma and pollution specialist Mary Prunicki of the Sean N. Parker Center for Allergy and Asthma Research discusses exposure to unhealthy air due to wildfire smoke and what's known about how it affects the human body and mind. https://***Ea,"[""Asthma and pollution specialist Mary Prunicki of the Sean N. Parker Center for Allergy and Asthma Research discusses exposure to unhealthy air due to wildfire smoke and what's known about how it affects the human body and mind. https://***Ea"", ""@K***D @M***T @n***s @c***z @b***n However, given that so many are unable to run outside due to wildfires at the moment, I'll take a little humidity and rain."", 'We are grateful that our officers were not critically injured during last night’s officer involved shooting in the College Hill Neighborhood. This is the officers’ vehicle that was struck by gunfire while both officers were still inside. https://***KJ', '-']",-,content_A,post
t0039,u1964,2018-08-15 15:51:27+00:00,Wildfire,U***v,"It has been a horrific fire season here in California. There was a fire not too far from here, between Vacaville and Fairfield, and these heroic police officers risked their lives to save these animals from the shelter. All survived. https://***mR","['It has been a horrific fire season here in California. There was a fire not too far from here, between Vacaville and Fairfield, and these heroic police officers risked their lives to save these animals from the shelter. All survived. https://***mR', ""Media is gathering at Draper City Hall where we're expecting more information about the Draper Firefighter who lost his life battling the #MendocinoComplexFire. We will livestream on the @a***h FB page. @k***n will tweet out the link. https://***mo"", 'attn trash fire that is @N***y https://***mY', '-']",-,content_A,post
t0953,u0400,2020-09-14 19:10:20+00:00,Wildfire,m***n,"#bobcatfire Update from Mt Wilson Observatory: ""While we hope the Observatory makes it through relatively unscathed, the battle could go either way."" https://***5V","['#bobcatfire Update from Mt Wilson Observatory: ""While we hope the Observatory makes it through relatively unscathed, the battle could go either way."" https://***5V', 'Wildfires have rendered our world unrecognizable https://***QK via @L***L https://***yX', 'Fire Destroys Most of Europe’s Largest #Refugee Camp, on #Greek Island of Lesbos by @P***y via @n***s https://***kp https://***ok', '-']",-,content_A,post
t0883,u0196,2020-09-11 22:12:53+00:00,Wildfire,N***d,Did some patch-clamp experiments today. All of the pipettes that I pulled had black particles at the tip - even when using brand new glass capillaries. I guess that these particles come from the smokey air in the lab - I have never seen this in my 8 years of patching #wildfires,"['Did some patch-clamp experiments today. All of the pipettes that I pulled had black particles at the tip - even when using brand new glass capillaries. I guess that these particles come from the smokey air in the lab - I have never seen this in my 8 years of patching #wildfires', 'Come work with us. The @l***s is looking for a reporter to cover Black communities around Southern California. Details here: https://***Lx', 'Fire Up the Grill and Enjoy a Grilled New York Strip Steak! #grillmaster #berkotssuperfoods #stripsteak #fireupthegrill https://***c3', '-']",-,content_A,post
t0162,u0520,2018-11-07 15:33:46+00:00,Wildfire,C***J,Presenting the changes immigration policy related to Notice to Appear. So tremendous are the changes that it creates difficult choices about whether it’s worth filing immigration-related applications in the current political climate @M***w #BeyondScreenAndRefer https://***8W,"['California could flip Congress today. In CA + not registered? CA has same-day voter registration. Text WHERECA to 90975 for your polling place, and vote by provisional ballot. (It will be counted.)', 'Presenting the changes immigration policy related to Notice to Appear. So tremendous are the changes that it creates difficult choices about whether it’s worth filing immigration-related applications in the current political climate @M***w #BeyondScreenAndRefer https://***8W', '@n***n @d***x @p***g Few use? In California, the most populous state, we average 70% of all ballots are mailed in for elections: https://***Ad Also OR, WA, and CO are 100% mail in ballots: https://***DO', '-']",-,content_B,post
t1458,u1286,2020-11-23 02:16:07+00:00,Wildfire,r***n,This is horrifying and it is a tragedy our national climate has come to this. Most members of the press - especially the local press - love their communities and strive to serve them every day. We depend on them. https://***Jv,"['This is horrifying and it is a tragedy our national climate has come to this. Most members of the press - especially the local press - love their communities and strive to serve them every day. We depend on them. https://***Jv', 'A rocket is going to space from California tomorrow! https://***tq', 'The just developed forest fire detector.Thanks to our students for trying to contribute to early detection of destructive forest fires https://***nJ', '-']",-,content_A,post
t1442,u3221,2020-11-18 00:10:02+00:00,Wildfire,C***s,"Chef Tawnya Bahr joins “Perspectives” this week to talk about Australia’s response to COVID-19, her focus on sustainability and how she’s continuing to aid her adopted country in its recovery from devastating wildfires. https://***Tb","['@s***t Yes. In Southern California the Santa Ana winds are really dangerous. https://***EH', 'Chef Tawnya Bahr joins “Perspectives” this week to talk about Australia’s response to COVID-19, her focus on sustainability and how she’s continuing to aid her adopted country in its recovery from devastating wildfires. https://***Tb', 'Static fire test complete – targeting Saturday, November 21 for Falcon 9 launch of the Sentinel-6 Michael Freilich mission and landing at SLC-4 at Vandenberg Air Force Base in California', '-']",-,content_B,post
t1216,u0780,2020-10-08 22:55:21+00:00,Wildfire,i***f,Our newsletter is out with new signals from the future. One major signal we’ve seen? Engineers and firefighters are developing low-Earth-orbit satellites whose sensors can detect new wildfires before they grow out of control. Read our newsletter for more: https://***bW https://***wS,"['Showcase your state pride with the Totally Maple Wood California Cutting/Serving Board. Formed in the shape of your favorite state, this Cutting board is both functional and decorative and great for serving snacks or chopping vegetables. Shop from 👉https://***4q https://***nQ', 'Our newsletter is out with new signals from the future. One major signal we’ve seen? Engineers and firefighters are developing low-Earth-orbit satellites whose sensors can detect new wildfires before they grow out of control. Read our newsletter for more: https://***bW https://***wS', 'This is Bruce Lonie. Theres a right way and a wrong way to do a California Medical Facility (OSHPD) Connected Load Studies. Click here for my explanation https://***5y https://***KG', '-']",-,content_B,post
t1479,u3038,2020-11-25 19:29:25+00:00,Wildfire,V***i,I am defending my Master's thesis next Thursday (12/3) at 1pm EST! Come learn about the role of local adaptation and environment in marine snail climate sensitivity. DM for link #gradschool #climate https://***Xl,"[""I am defending my Master's thesis next Thursday (12/3) at 1pm EST! Come learn about the role of local adaptation and environment in marine snail climate sensitivity. DM for link #gradschool #climate https://***Xl"", 'Chalk time @ California Academy of Sciences https://***Gi', 'Our paper on the terrestrial #carbon and #greenhousegas emissions &amp; #wildfire risk impacts of #California land use policy was accepted for publication in Environmental Research Letters! #CALAND 👉🏼https://***Vw @I***g @e***l @B***b @c***s', '-']",-,content_A,post
t0911,u1907,2020-09-13 06:01:36+00:00,Wildfire,a***l,-,"['""We can\'t \'one more engine, one more hand crew\' our way out of this ... It\'s going to take some time, energy and effort to get our way out."" – Tom Harbour, former Director of Fire and Aviation at the @f***e and current Chief Fire Officer at @c***h. https://***iX', ""Some good reminder of personal preparation lessons in this story on Berry Creek. 1. If you're in a high fire threat area, situational awareness (listen to the fire/police radios) key. 2. Generator does not work w/out gas 3. Leave early! https://***CK"", 'Olive oil banana bread with walnuts, cardamom, cinnamon #nobutter #bakingfromscratch #bananabread🍌🍞😋 @ San Francisco, California https://***jW', '-']",tweet_A,-,retweet
t0276,u2957,2018-11-17 13:14:03+00:00,Wildfire,S***e,"Looks like a nice sunset until you remember this is smoke from wildfires and not regular clouds. This is TWO HOURS south of the Camp Fire. Much worse as you get closer. Point is, air quality is very bad. Stay safe! https://***AJ","['631 631 631 Number of missing people in the Northern California wildfire increases to 631', 'Looks like a nice sunset until you remember this is smoke from wildfires and not regular clouds. This is TWO HOURS south of the Camp Fire. Much worse as you get closer. Point is, air quality is very bad. Stay safe! https://***AJ', 'I saw this video about using herds of goats to clear brush, and help prevent wildfires. I wonder if there’s a fun way we could combine this idea with educational field trips for kids... I know I’d love to spend... https://***jU', '-']",-,content_B,post
t1486,u0857,2020-11-27 09:23:15+00:00,Wildfire,s***e,"@s***r Just move to California. I don't smoke it, but a friend who lost his license asked me to get him some. I walked 5 min to a dispensary, showed ID for admittance, paid $60 for what resembled a tropical fruit by name alone, then left within 10 min (there was a checkout line).","['Are you excited, cause we are! Join singer @p***c, as he is about to set the virtual stage on fire with his soulful melodies in unplugged version. #DellTechForum #India_AccelerateTransformation https://***Om', '@c***c I recently discovered that opening the shutters fully, not just the slats, increases the natural light significantly! Results may vary, remember I’m in California:)', ""@s***r Just move to California. I don't smoke it, but a friend who lost his license asked me to get him some. I walked 5 min to a dispensary, showed ID for admittance, paid $60 for what resembled a tropical fruit by name alone, then left within 10 min (there was a checkout line)."", '-']",tweet_C,content_C,reply
t0038,u0023,2018-08-15 04:20:34+00:00,Wildfire,K***k,-,"['Northern California is currently experiencing the worst forest fires on record. Learn more about our ongoing partnership with #OneTreePlanted and our mission to help save the world’s forests, one tree at a time🌱🌲#Sustainability https://***1y https://***3f', '""How can we expect to make progress on preventing catastrophic wildfires when we have a hotter and drier boreal forest than we had 30 years ago, and fewer fire scientists working to protect it?"" https://***kQ', 'We all thanked the Ranger, and the sun again broke through the clouds as the last remaining puffs of smoke cleared. Rover grabbed me by the tail excitedly, insisting that we still had time to do some sniffing around and make the most of this beautiful day. https://***SI https://***GN', '-']",tweet_C,-,retweet
t1229,u0545,2020-10-12 02:54:33+00:00,Wildfire,K***g,"Immigration policies right now, especially pertaining to refugees fleeing political violence or climate change, are a huge factor to consider with this administration and with voting on Nov 3. #drlanepolicy2020 https://***Zr","['California kept prison factories open. Inmates worked for pennies an hour as COVID-19 spread https://***el', 'Immigration policies right now, especially pertaining to refugees fleeing political violence or climate change, are a huge factor to consider with this administration and with voting on Nov 3. #drlanepolicy2020 https://***Zr', '@b***h Port Harcourt boys will most likely not throw stones back if Police fire a single round tomorrow... Neither will they likely back down.', '-']",-,content_B,post
t1400,u0132,2020-11-08 12:50:22+00:00,Wildfire,f***i,Why America Must Lead Again- might just be a boon for the climate https://***3C via @F***s,"['Why America Must Lead Again- might just be a boon for the climate https://***3C via @F***s', 'Churched and gifted is live at 4pm GH time on tv3. Tune in to see 16 hopefuls display their amazing talents. This week is fire so don’t miss out on the excitement.... https://***Fh', 'Ford Bronco fire truck concept built to fight wildfires - https://***7S You can still order your Ford Bronco from Thoroughbred Ford. Ford is redefining how to drive the outdoors. Get your Bronco ordered from Thoroughbred today - https://***AN', '-']",-,content_A,post
t0173,u1434,2018-11-09 12:42:34+00:00,Wildfire,C***o,View of camp fire taken from Chico California that just destroyed the nearby town of Paradise. Thoughts go out to our @A***s colleagues at Cal State Chico@C***e @p***k and stewart oakley. @C***s https://***3T,"['Authorities deliver an update on the shooting in Thousand Oaks, California. (Courtesy: KABC) https://***x5', 'Grid cells in the entorhinal cortex are at least as amazing. They fire in this regular, hexagonal pattern. These cells were discovered @K***o in the lab of Edvard Moser and @M***r. @n***h and Z. Nadasdy have also recorded them in humans. Image: Wikimedia Commons https://***ja', 'View of camp fire taken from Chico California that just destroyed the nearby town of Paradise. Thoughts go out to our @A***s colleagues at Cal State Chico@C***e @p***k and stewart oakley. @C***s https://***3T', '-']",-,content_C,post
t1202,u1891,2020-10-07 14:52:47+00:00,Wildfire,N***y,The haze related to smoke from western wildfires continues across portions of Utah today. Here is your smoke forecast through the day from our smoke model. #utwx https://***Ha,"[""Agencies release damning self-evaluation on California's rolling blackouts this summer, saying energy planners didn’t take climate change into account and didn’t line up the right power sources to keep the lights on after sundown https://***iT"", 'The haze related to smoke from western wildfires continues across portions of Utah today. Here is your smoke forecast through the day from our smoke model. #utwx https://***Ha', 'Historic...Judge Martin will be the first openly gay Justice on the California Supreme Court.', '-']",-,content_B,post
t1161,u0892,2020-10-02 15:13:44+00:00,Wildfire,F***e,"Farmworkers in the Salinas Valley of CA are facing economic catastrophe. First, the COVID downturn destroyed jobs while the virus sickened workers and their families, then wildfires made it impossible for many to work. https://***iJ","['Watching copper pots being made is m e s m e r i z i n g 😍 See more hypnotic object-making processes on ‘Handmade,’ now streaming on AppleTV, Amazon Fire TV, Android TV, and Roku https://***2j https://***no', '@h***s @c***h Only 173k USD? Ugh I’m just used to california prices, unless this currency converter is lying to me.', 'Farmworkers in the Salinas Valley of CA are facing economic catastrophe. First, the COVID downturn destroyed jobs while the virus sickened workers and their families, then wildfires made it impossible for many to work. https://***iJ', '-']",-,content_C,post
t0849,u0992,2020-09-10 20:42:19+00:00,Wildfire,b***s,"""The simultaneous outbreak of fires across such a large expanse, plus the staggering speeds with which these fires advanced, have led wildfire experts to call this an unprecedented event in modern times."" https://***Ko","[""The wildfire reports from OR and CA this week are absolutely staggering. I grew up in Corvallis and spent a lot of my childhood around many of the places listed here. Anxiously hoping for everyone's safety as the states work to control the fires. https://***Y1"", '""The simultaneous outbreak of fires across such a large expanse, plus the staggering speeds with which these fires advanced, have led wildfire experts to call this an unprecedented event in modern times."" https://***Ko', 'I went into the actual office today and saw actual books and actual colleagues and actual authors and it was marvellous (minus the fire alarm...)! https://***Zf', '-']",-,content_B,post
t1280,u2553,2020-10-17 15:31:12+00:00,Wildfire,E***n,Deepest gratitude to @S***e and @C***U for responding so quickly to the #DiamondFire by land and by sky! Thank you!!! 👏👏👏 https://***HO,"['Deepest gratitude to @S***e and @C***U for responding so quickly to the #DiamondFire by land and by sky! Thank you!!! 👏👏👏 https://***HO', '#108 - Rail Bikes in Fort Bragg, California https://***OI', 'The Malignant Fire EP - Coming Nov 20th. Pre order now at - https://***QL https://***Xj', '-']",-,content_A,post
t0783,u2827,2020-09-09 05:29:52+00:00,Wildfire,l***c,"But wait, now I’m actually coughing. Is this from the smoke in the sky? California? Is this your fault?","['Wildfire nightmare unfolding tonight in Oregon. https://***VK', 'But wait, now I’m actually coughing. Is this from the smoke in the sky? California? Is this your fault?', 'there’s a lot of animals fleeing due to wildfires pls help them if u see them and u can :( https://***bC', '-']",-,content_B,post
t0043,u2511,2018-08-20 00:19:39+00:00,Wildfire,S***O,SRWP PIs Silins and Emelko on how wildfire impacts local stream quality and potentially downstream drinking water. #abwater #abfire #bcfire https://***xL,"['SRWP PIs Silins and Emelko on how wildfire impacts local stream quality and potentially downstream drinking water. #abwater #abfire #bcfire https://***xL', 'Ok friends, here’s Tracy’s latest painting and she’s looking for a name. Fire away! What is the name of this painting? https://***ht https://***ne', ""1 daily unfollower. Crowdfire doesn't miss a trick - via https://***9g"", '-']",-,content_A,post
t0010,u2538,2018-07-31 20:00:52+00:00,Wildfire,B***r,-,"[""1 daily unfollower. Crowdfire doesn't miss a trick - via https://***xh"", '@a***l You could write the California version of this paper. https://***Uj https://***n7', 'Thousands joined the #GuruPurnima celebrations in San Francisco, California https://***ns', '-']",tweet_C,-,retweet
t1300,u1827,2020-10-20 14:34:57+00:00,Wildfire,E***s,Most popular ideas in America currently: 1. Another stimulus (72-21%) 2. Public option healthcare (67-25%) 3. A $2T investment in renewable energy (66%-26%) America is ready for bold climate action. We will not go back to business as usual. https://***NS,"['New COVID-19 Cases In O.C. And California Are Down, But Nationally The Pandemic Is Surging As We Head Into The Holiday Season https://***1U', 'Most popular ideas in America currently: 1. Another stimulus (72-21%) 2. Public option healthcare (67-25%) 3. A $2T investment in renewable energy (66%-26%) America is ready for bold climate action. We will not go back to business as usual. https://***NS', '@J***n @d***z Southerners are their own problem. Ask a northern muslim to open fire on his fellow muslim brothers, he will not. We are the ones with deep seated hate for ourselves. We eat our own.', '-']",-,content_B,post
t1132,u2750,2020-09-29 07:07:44+00:00,Wildfire,A***I,"We have one planet. We risk being worse off or perishing unless we pull together and turn all our passions against our common challenges – disease, climate change, inequality, ecological decline and human rights, says AKU Vice Provost Dr @a***i https://***9M","['@h***o She ain’t pretty, but tasted *chef’s kiss*. This was before I lit it on fire haha https://***jd', 'We have one planet. We risk being worse off or perishing unless we pull together and turn all our passions against our common challenges – disease, climate change, inequality, ecological decline and human rights, says AKU Vice Provost Dr @a***i https://***9M', 'Californians - you have until October 19th to register to vote - see link below. If you lag, there is the Same Day Voter Registration option Please check your voter registration status too - these are crazy days! https://***nc', '-']",-,content_B,post
t1287,u2783,2020-10-19 07:52:51+00:00,Wildfire,t***G,"Join the High-Level Launch of the State of Climate in Africa 2019 co-hosted by @W***O, @_***n and @E***L, on 26 October 2020, 14:00-16:00 CEST. More info at https://***Cs","[""My heart hurts for the Mik'maw. They've been asking for @J***u and other leaders to step in and control their white citizens who are committing acts of terrorism against them for having treaty rights. Now this fire has taken everything from them. They deserve restitution."", 'Join the High-Level Launch of the State of Climate in Africa 2019 co-hosted by @W***O, @_***n and @E***L, on 26 October 2020, 14:00-16:00 CEST. More info at https://***Cs', '@H***M Big smoke 6730', '-']",-,content_B,post
t1067,u2759,2020-09-20 09:44:44+00:00,Wildfire,a***p,"... and you can expect a vividly red or orange sunset. If happening, this will be one of the highest AOD values (thickest smoke) observed over Finland in this century (2010 Russian wildfires caused something similar). 2/2","['Win a 7"" Kindle Fire and 7 Signed Paperbacks from Carissa Andrews Check out the OFFICIAL book trailer too &gt;&gt;&gt; https://***pF https://***Yk We\'re too good to you 😛', ""Big week in the fight over California's #netneutrality law: California filed its first brief in the lawsuit brought by the US &amp; the ISPs to overturn the law. How we got here, what the court will think about, and what's at stake: https://***yh https://***Ia"", '... and you can expect a vividly red or orange sunset. If happening, this will be one of the highest AOD values (thickest smoke) observed over Finland in this century (2010 Russian wildfires caused something similar). 2/2', '-']",tweet_A,content_C,reply
t1453,u0905,2020-11-20 22:01:17+00:00,Wildfire,y***e,"Seven years after California passed landmark climate legislation, debate rages on about how the state's most famous climate policy has affected its most vulnerable residents—and how to do better. https://***6S","['Just posted a photo @ Malibu, California https://***kI', ""Seven years after California passed landmark climate legislation, debate rages on about how the state's most famous climate policy has affected its most vulnerable residents—and how to do better. https://***6S"", ""How did -Chick-fil-a beat KFC in Kentucky -KFC beat Chick-fil-A in Georgia -Denny's beat In-n-Out in California ?! https://***s8"", '-']",-,content_B,post
t0257,u1802,2018-11-16 01:57:16+00:00,Wildfire,a***n,The @A***A is on the ground in California helping with animal rescue for animals affected by the California #wildfires. Here’s how you can support their life-saving work: https://***lU,"['California: check local advisories and be sure to take precautions when exposing yourself to wildfire smoke. Follow these helpful guidelines from the @E***A and @A***w. https://***JU', 'The @A***A is on the ground in California helping with animal rescue for animals affected by the California #wildfires. Here’s how you can support their life-saving work: https://***lU', 'Tomorrow @G***m and I will join @P***S during his visit to the state. Now is a time to pull together for the people of California. https://***4E', '-']",-,content_B,post
t1196,u0982,2020-10-06 13:11:02+00:00,Wildfire,l***s,The frightening implications of California's first million-acre fire https://***F0,"[""@k***9 @N***e The shows will stay the same! We're just merging our accounts to provide you one home for all things #OneChicago. 💚❤️💙"", 'Kite flying..... @ Santa Cruz, California https://***CR', ""The frightening implications of California's first million-acre fire https://***F0"", '-']",-,content_C,post
t0192,u1321,2018-11-10 15:18:19+00:00,Wildfire,C***E,"#CampFire [update] Pulga Road at Camp Creek Road near Jarbo Gap (Butte County) is now 100,000 acres and 20% contained. Evacuations in place. Unified Command: @C***o , @B***f , Paradise P.D. https://***VZ https://***l7","['#CampFire [update] Pulga Road at Camp Creek Road near Jarbo Gap (Butte County) is now 100,000 acres and 20% contained. Evacuations in place. Unified Command: @C***o , @B***f , Paradise P.D. https://***VZ https://***l7', '#California gets a blue ribbon this year for passing assembly bill 1884 which states that full service restaurants cannot automatically give out single-use plastic straws! (you may still ask for one if you need it) Baby steps.. #plasticfree https://***Vt', 'High need children’s items needed 👇#SoCalFiresJamesWoods #CampFireJamesWoods https://***kL', '-']",-,content_A,post
t0219,u0512,2018-11-12 03:14:12+00:00,Wildfire,G***e,".@J***v on #CAFires: “I want to thank all the firefighters and first responders – everyone who has worked so hard under very, very trying conditions. Our thoughts and our prayers are with those who have lost loved ones and members of their family, neighbors and friends.” https://***nb","['California wildfire ‘destruction is catastrophic,’ Trump says, urges people to evacuate https://***Y4', 'An owl sits on the beach in Malibu as the Woolsey Fire approaches https://***L4 https://***9i', '.@J***v on #CAFires: “I want to thank all the firefighters and first responders – everyone who has worked so hard under very, very trying conditions. Our thoughts and our prayers are with those who have lost loved ones and members of their family, neighbors and friends.” https://***nb', '-']",-,content_C,post
t0794,u2640,2020-09-09 15:42:07+00:00,Wildfire,N***a,"As the winds weaken aloft, gravity will take over as the primary vertical transport of the smoke. Suspended smoke will descend closer to the surface and could lead to darker skies and worsening air quality today. This is beyond the scope of our models so we rely on your reports!","['As the winds weaken aloft, gravity will take over as the primary vertical transport of the smoke. Suspended smoke will descend closer to the surface and could lead to darker skies and worsening air quality today. This is beyond the scope of our models so we rely on your reports!', '""Elinor Wonders Why"" is a new science kids show on @P***S ! https://***3I (created by @P***s )', 'Waiting for the locusts to arrive. 🦗🦗 Each month of #2020 has not failed to terrify me yet so can’t wait to see what else is in store for us this year. 🤓 #SanFrancisco #russianhill #CaliforniaFires #wildfires #apocalypse2020 https://***Id', '-']",-,content_A,post
t1356,u1447,2020-10-28 17:42:02+00:00,Wildfire,S***S,First Responders Day: 100 firefighters die in the line of duty and 240 million 911 calls are made in the US per year. A fire dept. responds to a fire every 24 seconds. Emergency Medical Services cares for 22 million patients a year. Thanking everyone #FirstRespondersDay,"['this one is close to home! eager to collaborate with researchers at @N***A &amp; @a***o on transformational weather &amp; climate forecasting thru ML better predictions have myriad applications: renewables, extreme weather/wildfires, emissions/aq, ag, more... https://***rB', 'First Responders Day: 100 firefighters die in the line of duty and 240 million 911 calls are made in the US per year. A fire dept. responds to a fire every 24 seconds. Emergency Medical Services cares for 22 million patients a year. Thanking everyone #FirstRespondersDay', ""Hear from California's tourism workforce as they share how their businesses continue to be impacted by this crisis, but still remain optimistic for the future of this critical industry: https://***As"", '-']",-,content_B,post
t0844,u2644,2020-09-10 17:21:57+00:00,Wildfire,N***s,"Yes, that's smoke. Smoke from many wildfires along the #WestCoast is obscuring the #SoCal skies today. #CAwx https://***ON","['Well that’s a first: just sent a delayed start notice to my students because my power is still out due to the wildfire 🥴 #SNOWDAY #virtualteaching #TeachingDuringCOVID', ""Yes, that's smoke. Smoke from many wildfires along the #WestCoast is obscuring the #SoCal skies today. #CAwx https://***ON"", 'a perfect storm of several unlikely things happening all at once. 1. A dry winter 2. Unhealthy forests 3. Lightening 4. Heat waves 5. Climate change California has incarcerated firefighters containing the largest fire in record history during a global pandemic.', '-']",-,content_B,post
t0208,u2245,2018-11-11 11:26:23+00:00,Wildfire,a***a,Please read and share. #CaliforniaWildfires https://***iX,"['Please read and share. #CaliforniaWildfires https://***iX', '@M***6 @A***u @K***S Singapore is greater than Manhattan, Los Angeles, California, New York.', 'California wildfire ‘destruction is catastrophic,’ Trump says, urges people to evacuate https://***Y4', '-']",-,content_A,post
t0279,u1872,2018-11-18 06:02:42+00:00,Wildfire,M***e,@a***n please consider joining the effort to help those in #CA affected by unhealthy air quality conditions from #CampFireSmoke and who do not have logistical or financial means by distributing #N95 masks (2/2),"['Walking into the weekend with @r***l knowing a new episode of @c***a Directionally Challenged Podcast comes out on Monday like... 👯♀️ @ Los Angeles, California https://***8G', '@A***7 Compelled to design So Cal Strong shirt, percentage of proceeds go to our brave firefighters https://***Xd #WoolseyFire #Woolseyfires #Woolsey #MalibuFires #WestlakeVillage #SocalFires #SoCal #socalstrong #Agoura https://***sc', '@a***n please consider joining the effort to help those in #CA affected by unhealthy air quality conditions from #CampFireSmoke and who do not have logistical or financial means by distributing #N95 masks (2/2)', '-']",tweet_A,content_C,reply
t0029,u3222,2018-08-11 04:26:17+00:00,Wildfire,O***b,"Found a new reason to use Twitter... checked the fire map this afternoon, but my data was out of date by the time we hit the road and we ended up driving by one of Cali’s newest fires along the highway. New realities. :(","['This is fine @ Irvine, California https://***RA', "".@R***R explains why California prisoners fighting wildfires can't apply for firefighting jobs with @C***E after release: Having a criminal record disqualifies many from obtaining a required EMT license, and the training given to prisoners is not considered adequate https://***ee"", 'Found a new reason to use Twitter... checked the fire map this afternoon, but my data was out of date by the time we hit the road and we ended up driving by one of Cali’s newest fires along the highway. New realities. :(', '-']",-,content_C,post
t1404,u3031,2020-11-09 20:42:03+00:00,Wildfire,L***y,#Dogowners on the West Coast should have a #wildfire disaster plan for their dogs https://***9R https://***R5,"['The California sky is an exquisite blue today. You know, for democracy... with a capital B. https://***Hs', '#Dogowners on the West Coast should have a #wildfire disaster plan for their dogs https://***9R https://***R5', '@M***b سريال جديد:ambre.the most dangerous game.outsider.upload,falling.aftermath فيلم:platform.rocket man.never look away.bird of passage.portrait of lady on fire اينها جديدن و قشنگ', '-']",-,content_B,post
t0990,u1628,2020-09-16 11:11:12+00:00,Wildfire,m***b,Testing a Physical Hypothesis for the Relationship Between Climate Sensitivity and Double-ITCZ Bias in Climate Models. Mark Webb and Adrian Lock (JAMES) https://***fG,"['As wildfires rage in the west, I know that we can save our planet. The solutions are within reach. That’s why I’m taking part in @T***n - a free, live, global event to fight the climate crisis. Taking place on 10.10.20. Learn more: https://***lz #JoinTheCountdown', 'Testing a Physical Hypothesis for the Relationship Between Climate Sensitivity and Double-ITCZ Bias in Climate Models. Mark Webb and Adrian Lock (JAMES) https://***fG', 'The mounting economic losses due to catastrophes (including #covid, #hurricanes, #wildfires, etc.) should serve as a wake-up call to the public and policymakers alike that action must be taken now to limit future losses. #MMCChat https://***ix', '-']",-,content_B,post
t1511,u1871,2020-12-04 01:23:57+00:00,Wildfire,s***v,-,"['A large portion of the burden for reducing #greenhousegasses is being handed off to makers of #automotive chips and systems https://***g2 #carbonfootprint #ElectricVehicles #SiliconCarbide #semiconductor #V2G #CleanEnergy #climatechange', ""@P***e And now we pay 8% more for your mistakes? MarketWatch: PG&amp;E to raise customers' rates 8% to help pay for wildfire mitigation efforts. https://***LC"", '三十而立 At thirty @ Palo Alto, California https://***sZ', '-']",tweet_A,-,retweet
t0850,u2625,2020-09-10 20:43:32+00:00,Wildfire,a***r,2020 FUN QUIZ: Is my splitting headache &amp; sore throat caused by: 1) The pandemic running unchecked through our community 2) Smoke from the nearby massive wildfires 3) The record smog blanketing our city 4) The knowledge that our society is failing its most basic duties towards us,"[""Disney under fire for filming Mulan live-action remake in China's Xinjiang province https://***vT"", 'Extremely intense fire updrafts have injected vast amounts of smoke &amp; ash into upper atmosphere as high as 50,000 feet--20,000 above cruising altitude of jet airliners. Dense smoke throughout entire atmospheric column is blocking nearly all sunlight at surface. #CAwx #CAfire https://***bz', '2020 FUN QUIZ: Is my splitting headache &amp; sore throat caused by: 1) The pandemic running unchecked through our community 2) Smoke from the nearby massive wildfires 3) The record smog blanketing our city 4) The knowledge that our society is failing its most basic duties towards us', '-']",-,content_C,post
t0190,u2615,2018-11-10 15:01:17+00:00,Wildfire,M***h,The true cost of climate change will be borne by people who are physically or financially incapable of escaping the harms of unprecedented weather events. #CampFire #HurricaneMichael #HurricaneFlorence,"['Here is some information on how to help those affected by the fires in California. c/o @R***9 https://***F1', 'The true cost of climate change will be borne by people who are physically or financially incapable of escaping the harms of unprecedented weather events. #CampFire #HurricaneMichael #HurricaneFlorence', 'My goodness... My heart is in pieces. In pieces for the 250,000 people evacuated. For the animals and critters. For the people of Thousand Oaks suffering this unrelenting tragedy. Deepest and most profound gratitude for our heroic firefighters risking their lives. #woosleyfires', '-']",-,content_B,post
t1544,u1482,2020-12-10 13:05:49+00:00,Wildfire,D***r,"@j***2 As a founder you don't need to lead with the additional climate outcomes when you know they will happen as a natural part of scaling. Good intentional business design is the most important thing, often underrated.","['Static fire test complete – targeting Falcon 9 launch of SXM-7 for @S***M from SLC-40 in Florida on Friday, December 11', 'Acabou de publicar um vídeo em San Diego , California https://***tm', ""@j***2 As a founder you don't need to lead with the additional climate outcomes when you know they will happen as a natural part of scaling. Good intentional business design is the most important thing, often underrated."", '-']",tweet_A,content_C,reply
t0179,u2339,2018-11-10 05:10:32+00:00,Wildfire,e***k,"If Tesla can help people in California wildfire, please let us know. Model S &amp; X have hospital grade HEPA filters. Maybe helpful for transporting people.","['If Tesla can help people in California wildfire, please let us know. Model S &amp; X have hospital grade HEPA filters. Maybe helpful for transporting people.', 'Today in cyberpunk dystopia news: My feed is full of Californians complaining that FaceID doesn’t work with the breath masks they’re wearing to cope with the fires.', '“I don’t want thoughts. I don’t want prayers. I want gun control.” Her son didn’t come home. He died in California’s mass shooting. https://***7Q', '-']",-,content_A,post
t1561,u2093,2020-12-15 02:55:01+00:00,Wildfire,n***s,-,"[""Bryan Osorio '18 appointed Mayor of Delano, California #GoBears https://***jh"", '#GlobalWarming: 28 trillion tonnes of ice lost since 1994 ▪︎ #ice #climatechange #imageanalysis #satelliteimages #sealevel #ai #data #datascience #glaciers #carbonfree #arctic #antarctic #ecosystems #solarradiation #greenland ▪︎ https://***PS via @w***f', '@M***s I remember a sheriff showing us how to smoke meth with a beer can', '-']",tweet_B,-,retweet
t0213,u2936,2018-11-11 21:06:54+00:00,Wildfire,W***h,-,"['Horrified by the devastation of the #campfire in Paradise, California. My @L***i penpal is from there and I feel so terrible for everyone out there. Trying to figure out ways to help...', 'On fire 🔥 @T***K @L***s concert de fou. https://***L4', 'Evacuation order has been made for Malibu. This is from my patio. Let’s hope the winds die down @ Malibu, California https://***aC', '-']",tweet_C,-,retweet
t1025,u0504,2020-09-16 23:42:38+00:00,Wildfire,L***1,-,"['What will California be after the smoke clears? via @r***d https://***TY https://***Ep', '#bobcatfire The fire yesterday got very close to 643 Cloverleaf Dr, a 1.5 million dollar estate in Monrovia, but it appears that the firebreak held and the fire stayed on the forest side overnight. A very close call for this homeowner https://***gG', '@M***s @y***r Bring the beer 🍺 to California first!!', '-']",tweet_B,-,retweet
t1166,u0495,2020-10-03 10:33:30+00:00,Wildfire,m***t,-,"[""Ben Shapiro: 'Why I'm Leaving #California' (after 33 years) https://***dX 'California, where bad #governance has turned a would-be paradise into a burgeoning dystopia.' @G***m @R***A @C***r @G***e @C***m @t***m @b***o #CA #US #USA 🇺🇸"", 'How wildfires in the American west are upending life in wine country for agricultural workers, growers and vintners. https://***lB w/ @D***6', 'California right now: “it’s 100 here” “AQI or temperature?” “Both”', '-']",tweet_C,-,retweet
t1469,u3037,2020-11-23 18:32:39+00:00,Wildfire,W***n,-,"['#TestimonialGame album so fire !! 32 tracks free listen ! Purchase @y***e discography for 20$ ! 4 albums ! https://***cJ', ""#CWAE2020JMC Xiaoman Luo (@x***o) is a PhD candidate and job market candidate at the University of California, Davis (@U***E) in the Department of Agricultural and Resource Economics. Please find information on @x***o's JMP below. https://***GN https://***of"", '""I can\'t wait to show you all the carcasses outside."" - @C***t about the fire ant massacre in our front yard. #shitanthonysays', '-']",tweet_B,-,retweet
t1144,u2680,2020-09-30 05:53:46+00:00,Wildfire,c***n,-,"['@m***e @P***2 @H***n Congratulations!! Fabulous achievement. Hope you are taking some time to celebrate', ""Over the next two weeks, Visit California and all tourism businesses and DMOs have a chance to tell their pandemic stories directly to state lawmakers who are considering what they can do to expedite economic recovery. Learn more in this week's CEO update: https://***mA https://***TI"", '@C***y Frank-Lampard is not have anything to over come chelsea if he still be chesea coach it will deliver anything fire him now', '-']",tweet_B,-,retweet
